15:47:09 DEBUG : Logs will be stored at 'C:/Users/sunil/VivadoProjects/EE4218-Labs/Lab_3/integrated_coprocessor_v1/IDE.log'.
15:47:17 INFO  : Registering command handlers for Vitis TCF services
15:47:17 INFO  : Launching XSCT server: xsct.bat -n  -interactive C:\Users\sunil\VivadoProjects\EE4218-Labs\Lab_3\integrated_coprocessor_v1\temp_xsdb_launch_script.tcl
15:47:17 INFO  : Platform repository initialization has completed.
15:47:21 INFO  : XSCT server has started successfully.
15:47:25 INFO  : plnx-install-location is set to ''
15:47:25 INFO  : Successfully done setting XSCT server connection channel  
15:47:25 INFO  : Successfully done query RDI_DATADIR 
15:47:25 INFO  : Successfully done setting workspace for the tool. 
15:48:50 INFO  : Result from executing command 'getProjects': lab4_1
15:48:50 INFO  : Result from executing command 'getPlatforms': xilinx_zcu102_base_202320_1|C:/Xilinx/Vitis/2023.2/base_platforms/xilinx_zcu102_base_202320_1/xilinx_zcu102_base_202320_1.xpfm;xilinx_zcu102_base_dfx_202320_1|C:/Xilinx/Vitis/2023.2/base_platforms/xilinx_zcu102_base_dfx_202320_1/xilinx_zcu102_base_dfx_202320_1.xpfm;xilinx_zcu104_base_202320_1|C:/Xilinx/Vitis/2023.2/base_platforms/xilinx_zcu104_base_202320_1/xilinx_zcu104_base_202320_1.xpfm
16:08:52 INFO  : Result from executing command 'getProjects': lab4_1
16:08:52 INFO  : Result from executing command 'getPlatforms': lab4_1|C:/Users/sunil/VivadoProjects/EE4218-Labs/Lab_3/integrated_coprocessor_v1/lab4_1/export/lab4_1/lab4_1.xpfm;xilinx_zcu102_base_202320_1|C:/Xilinx/Vitis/2023.2/base_platforms/xilinx_zcu102_base_202320_1/xilinx_zcu102_base_202320_1.xpfm;xilinx_zcu102_base_dfx_202320_1|C:/Xilinx/Vitis/2023.2/base_platforms/xilinx_zcu102_base_dfx_202320_1/xilinx_zcu102_base_dfx_202320_1.xpfm;xilinx_zcu104_base_202320_1|C:/Xilinx/Vitis/2023.2/base_platforms/xilinx_zcu104_base_202320_1/xilinx_zcu104_base_202320_1.xpfm
16:08:53 INFO  : Checking for BSP changes to sync application flags for project 'matrix_mult'...
16:10:24 INFO  : Example project xllfifo_polling_example_1 has been created successfully.
16:12:37 INFO  : Connected to target on host '127.0.0.1' and port '3121'.
16:12:44 INFO  : Jtag cable 'Xilinx X-MLCC-01 XFL1NH42KNRVA' is selected.
16:12:44 INFO  : 'jtag frequency' command is executed.
16:12:44 INFO  : Sourcing of 'C:/Xilinx/Vitis/2023.2/scripts/vitis/util/zynqmp_utils.tcl' is done.
16:12:47 INFO  : Context for 'APU' is selected.
16:12:49 INFO  : System reset is completed.
16:12:52 INFO  : 'after 3000' command is executed.
16:12:53 INFO  : 'targets -set -filter {jtag_cable_name =~ "Xilinx X-MLCC-01 XFL1NH42KNRVA" && level==0 && jtag_device_ctx=="jsn-X-MLCC-01-XFL1NH42KNRVA-04724093-0"}' command is executed.
16:12:57 INFO  : Device configured successfully with "C:/Users/sunil/VivadoProjects/EE4218-Labs/Lab_3/integrated_coprocessor_v1/matrix_mult/_ide/bitstream/design_lab4_1_wrapper.bit"
16:12:57 INFO  : Context for 'APU' is selected.
16:12:58 INFO  : Hardware design and registers information is loaded from 'C:/Users/sunil/VivadoProjects/EE4218-Labs/Lab_3/integrated_coprocessor_v1/lab4_1/export/lab4_1/hw/design_lab4_1_wrapper.xsa'.
16:12:58 INFO  : 'configparams force-mem-access 1' command is executed.
16:12:58 INFO  : Context for 'APU' is selected.
16:12:58 INFO  : Boot mode is read from the target.
16:13:02 INFO  : Boot mode of the target is set to jtag.
16:13:02 INFO  : Context for processor 'psu_cortexa53_0' is selected.
16:13:02 INFO  : Processor reset is completed for 'psu_cortexa53_0'.
16:13:03 INFO  : The application 'C:/Users/sunil/VivadoProjects/EE4218-Labs/Lab_3/integrated_coprocessor_v1/lab4_1/export/lab4_1/sw/lab4_1/boot/fsbl.elf' is downloaded to processor 'psu_cortexa53_0'.
16:13:03 INFO  : 'set bp_13_3_fsbl_bp [bpadd -addr &XFsbl_Exit]' command is executed.
16:13:04 INFO  : 'con -block -timeout 60' command is executed.
16:13:04 INFO  : 'bpremove $bp_13_3_fsbl_bp' command is executed.
16:13:04 INFO  : Context for processor 'psu_cortexa53_0' is selected.
16:13:04 INFO  : Processor reset is completed for 'psu_cortexa53_0'.
16:13:04 ERROR : Memory write error at 0x0. Cortex-A53 #0: EDITR not ready
16:13:04 INFO  : ----------------XSDB Script----------------
connect -url tcp:127.0.0.1:3121
source C:/Xilinx/Vitis/2023.2/scripts/vitis/util/zynqmp_utils.tcl
targets -set -nocase -filter {name =~"APU*"}
rst -system
after 3000
targets -set -filter {jtag_cable_name =~ "Xilinx X-MLCC-01 XFL1NH42KNRVA" && level==0 && jtag_device_ctx=="jsn-X-MLCC-01-XFL1NH42KNRVA-04724093-0"}
fpga -file C:/Users/sunil/VivadoProjects/EE4218-Labs/Lab_3/integrated_coprocessor_v1/matrix_mult/_ide/bitstream/design_lab4_1_wrapper.bit
targets -set -nocase -filter {name =~"APU*"}
loadhw -hw C:/Users/sunil/VivadoProjects/EE4218-Labs/Lab_3/integrated_coprocessor_v1/lab4_1/export/lab4_1/hw/design_lab4_1_wrapper.xsa -mem-ranges [list {0x80000000 0xbfffffff} {0x400000000 0x5ffffffff} {0x1000000000 0x7fffffffff}] -regs
configparams force-mem-access 1
targets -set -nocase -filter {name =~"APU*"}
set mode [expr [mrd -value 0xFF5E0200] & 0xf]
mask_write 0xFF5E0200 0xf000 0
targets -set -nocase -filter {name =~ "*A53*#0"}
rst -processor
dow C:/Users/sunil/VivadoProjects/EE4218-Labs/Lab_3/integrated_coprocessor_v1/lab4_1/export/lab4_1/sw/lab4_1/boot/fsbl.elf
set bp_13_3_fsbl_bp [bpadd -addr &XFsbl_Exit]
con -block -timeout 60
bpremove $bp_13_3_fsbl_bp
targets -set -nocase -filter {name =~ "*A53*#0"}
rst -processor
dow C:/Users/sunil/VivadoProjects/EE4218-Labs/Lab_3/integrated_coprocessor_v1/matrix_mult/Debug/matrix_mult.elf
----------------End of Script----------------

16:13:04 ERROR : Memory write error at 0x0. Cortex-A53 #0: EDITR not ready
16:23:17 INFO  : Connected to target on host '127.0.0.1' and port '3121'.
16:23:18 INFO  : Jtag cable 'Xilinx X-MLCC-01 XFL1NH42KNRVA' is selected.
16:23:18 INFO  : 'jtag frequency' command is executed.
16:23:18 INFO  : Sourcing of 'C:/Xilinx/Vitis/2023.2/scripts/vitis/util/zynqmp_utils.tcl' is done.
16:23:18 INFO  : Context for 'APU' is selected.
16:23:18 INFO  : System reset is completed.
16:23:21 INFO  : 'after 3000' command is executed.
16:23:21 INFO  : 'targets -set -filter {jtag_cable_name =~ "Xilinx X-MLCC-01 XFL1NH42KNRVA" && level==0 && jtag_device_ctx=="jsn-X-MLCC-01-XFL1NH42KNRVA-04724093-0"}' command is executed.
16:23:25 INFO  : Device configured successfully with "C:/Users/sunil/VivadoProjects/EE4218-Labs/Lab_3/integrated_coprocessor_v1/matrix_mult/_ide/bitstream/design_lab4_1_wrapper.bit"
16:23:25 INFO  : Context for 'APU' is selected.
16:23:26 INFO  : Hardware design and registers information is loaded from 'C:/Users/sunil/VivadoProjects/EE4218-Labs/Lab_3/integrated_coprocessor_v1/lab4_1/export/lab4_1/hw/design_lab4_1_wrapper.xsa'.
16:23:26 INFO  : 'configparams force-mem-access 1' command is executed.
16:23:26 INFO  : Context for 'APU' is selected.
16:23:26 INFO  : Boot mode is read from the target.
16:23:26 INFO  : Context for processor 'psu_cortexa53_0' is selected.
16:23:26 INFO  : Processor reset is completed for 'psu_cortexa53_0'.
16:23:26 INFO  : The application 'C:/Users/sunil/VivadoProjects/EE4218-Labs/Lab_3/integrated_coprocessor_v1/lab4_1/export/lab4_1/sw/lab4_1/boot/fsbl.elf' is downloaded to processor 'psu_cortexa53_0'.
16:23:26 INFO  : 'set bp_23_26_fsbl_bp [bpadd -addr &XFsbl_Exit]' command is executed.
16:23:27 INFO  : 'con -block -timeout 60' command is executed.
16:23:27 INFO  : 'bpremove $bp_23_26_fsbl_bp' command is executed.
16:23:27 INFO  : Context for processor 'psu_cortexa53_0' is selected.
16:23:27 INFO  : Processor reset is completed for 'psu_cortexa53_0'.
16:23:28 INFO  : The application 'C:/Users/sunil/VivadoProjects/EE4218-Labs/Lab_3/integrated_coprocessor_v1/matrix_mult/Debug/matrix_mult.elf' is downloaded to processor 'psu_cortexa53_0'.
16:23:28 INFO  : 'configparams force-mem-access 0' command is executed.
16:23:28 INFO  : ----------------XSDB Script----------------
connect -url tcp:127.0.0.1:3121
source C:/Xilinx/Vitis/2023.2/scripts/vitis/util/zynqmp_utils.tcl
targets -set -nocase -filter {name =~"APU*"}
rst -system
after 3000
targets -set -filter {jtag_cable_name =~ "Xilinx X-MLCC-01 XFL1NH42KNRVA" && level==0 && jtag_device_ctx=="jsn-X-MLCC-01-XFL1NH42KNRVA-04724093-0"}
fpga -file C:/Users/sunil/VivadoProjects/EE4218-Labs/Lab_3/integrated_coprocessor_v1/matrix_mult/_ide/bitstream/design_lab4_1_wrapper.bit
targets -set -nocase -filter {name =~"APU*"}
loadhw -hw C:/Users/sunil/VivadoProjects/EE4218-Labs/Lab_3/integrated_coprocessor_v1/lab4_1/export/lab4_1/hw/design_lab4_1_wrapper.xsa -mem-ranges [list {0x80000000 0xbfffffff} {0x400000000 0x5ffffffff} {0x1000000000 0x7fffffffff}] -regs
configparams force-mem-access 1
targets -set -nocase -filter {name =~"APU*"}
set mode [expr [mrd -value 0xFF5E0200] & 0xf]
targets -set -nocase -filter {name =~ "*A53*#0"}
rst -processor
dow C:/Users/sunil/VivadoProjects/EE4218-Labs/Lab_3/integrated_coprocessor_v1/lab4_1/export/lab4_1/sw/lab4_1/boot/fsbl.elf
set bp_23_26_fsbl_bp [bpadd -addr &XFsbl_Exit]
con -block -timeout 60
bpremove $bp_23_26_fsbl_bp
targets -set -nocase -filter {name =~ "*A53*#0"}
rst -processor
dow C:/Users/sunil/VivadoProjects/EE4218-Labs/Lab_3/integrated_coprocessor_v1/matrix_mult/Debug/matrix_mult.elf
configparams force-mem-access 0
----------------End of Script----------------

16:23:28 INFO  : Context for processor 'psu_cortexa53_0' is selected.
16:23:28 INFO  : 'con' command is executed.
16:23:28 INFO  : ----------------XSDB Script (After Launch)----------------
targets -set -nocase -filter {name =~ "*A53*#0"}
con
----------------End of Script----------------

16:23:28 INFO  : Launch script is exported to file 'C:\Users\sunil\VivadoProjects\EE4218-Labs\Lab_3\integrated_coprocessor_v1\matrix_mult_system\_ide\scripts\debugger_matrix_mult-default.tcl'
16:33:45 INFO  : Disconnected from the channel tcfchan#2.
16:33:49 INFO  : Connected to target on host '127.0.0.1' and port '3121'.
16:33:50 INFO  : Jtag cable 'Xilinx X-MLCC-01 XFL1NH42KNRVA' is selected.
16:33:50 INFO  : 'jtag frequency' command is executed.
16:33:50 INFO  : Sourcing of 'C:/Xilinx/Vitis/2023.2/scripts/vitis/util/zynqmp_utils.tcl' is done.
16:33:50 INFO  : Context for 'APU' is selected.
16:33:51 INFO  : System reset is completed.
16:33:54 INFO  : 'after 3000' command is executed.
16:33:54 INFO  : 'targets -set -filter {jtag_cable_name =~ "Xilinx X-MLCC-01 XFL1NH42KNRVA" && level==0 && jtag_device_ctx=="jsn-X-MLCC-01-XFL1NH42KNRVA-04724093-0"}' command is executed.
16:33:58 INFO  : Device configured successfully with "C:/Users/sunil/VivadoProjects/EE4218-Labs/Lab_3/integrated_coprocessor_v1/matrix_mult/_ide/bitstream/design_lab4_1_wrapper.bit"
16:33:58 INFO  : Context for 'APU' is selected.
16:33:58 INFO  : Hardware design and registers information is loaded from 'C:/Users/sunil/VivadoProjects/EE4218-Labs/Lab_3/integrated_coprocessor_v1/lab4_1/export/lab4_1/hw/design_lab4_1_wrapper.xsa'.
16:33:58 INFO  : 'configparams force-mem-access 1' command is executed.
16:33:58 INFO  : Context for 'APU' is selected.
16:33:58 INFO  : Boot mode is read from the target.
16:33:58 INFO  : Context for processor 'psu_cortexa53_0' is selected.
16:33:58 INFO  : Processor reset is completed for 'psu_cortexa53_0'.
16:33:59 INFO  : The application 'C:/Users/sunil/VivadoProjects/EE4218-Labs/Lab_3/integrated_coprocessor_v1/lab4_1/export/lab4_1/sw/lab4_1/boot/fsbl.elf' is downloaded to processor 'psu_cortexa53_0'.
16:33:59 INFO  : 'set bp_33_59_fsbl_bp [bpadd -addr &XFsbl_Exit]' command is executed.
16:33:59 INFO  : 'con -block -timeout 60' command is executed.
16:33:59 INFO  : 'bpremove $bp_33_59_fsbl_bp' command is executed.
16:33:59 INFO  : Context for processor 'psu_cortexa53_0' is selected.
16:33:59 INFO  : Processor reset is completed for 'psu_cortexa53_0'.
16:34:00 INFO  : The application 'C:/Users/sunil/VivadoProjects/EE4218-Labs/Lab_3/integrated_coprocessor_v1/matrix_mult/Debug/matrix_mult.elf' is downloaded to processor 'psu_cortexa53_0'.
16:34:00 INFO  : 'configparams force-mem-access 0' command is executed.
16:34:00 INFO  : ----------------XSDB Script----------------
connect -url tcp:127.0.0.1:3121
source C:/Xilinx/Vitis/2023.2/scripts/vitis/util/zynqmp_utils.tcl
targets -set -nocase -filter {name =~"APU*"}
rst -system
after 3000
targets -set -filter {jtag_cable_name =~ "Xilinx X-MLCC-01 XFL1NH42KNRVA" && level==0 && jtag_device_ctx=="jsn-X-MLCC-01-XFL1NH42KNRVA-04724093-0"}
fpga -file C:/Users/sunil/VivadoProjects/EE4218-Labs/Lab_3/integrated_coprocessor_v1/matrix_mult/_ide/bitstream/design_lab4_1_wrapper.bit
targets -set -nocase -filter {name =~"APU*"}
loadhw -hw C:/Users/sunil/VivadoProjects/EE4218-Labs/Lab_3/integrated_coprocessor_v1/lab4_1/export/lab4_1/hw/design_lab4_1_wrapper.xsa -mem-ranges [list {0x80000000 0xbfffffff} {0x400000000 0x5ffffffff} {0x1000000000 0x7fffffffff}] -regs
configparams force-mem-access 1
targets -set -nocase -filter {name =~"APU*"}
set mode [expr [mrd -value 0xFF5E0200] & 0xf]
targets -set -nocase -filter {name =~ "*A53*#0"}
rst -processor
dow C:/Users/sunil/VivadoProjects/EE4218-Labs/Lab_3/integrated_coprocessor_v1/lab4_1/export/lab4_1/sw/lab4_1/boot/fsbl.elf
set bp_33_59_fsbl_bp [bpadd -addr &XFsbl_Exit]
con -block -timeout 60
bpremove $bp_33_59_fsbl_bp
targets -set -nocase -filter {name =~ "*A53*#0"}
rst -processor
dow C:/Users/sunil/VivadoProjects/EE4218-Labs/Lab_3/integrated_coprocessor_v1/matrix_mult/Debug/matrix_mult.elf
configparams force-mem-access 0
----------------End of Script----------------

16:34:00 INFO  : Context for processor 'psu_cortexa53_0' is selected.
16:34:00 INFO  : 'con' command is executed.
16:34:00 INFO  : ----------------XSDB Script (After Launch)----------------
targets -set -nocase -filter {name =~ "*A53*#0"}
con
----------------End of Script----------------

16:34:00 INFO  : Launch script is exported to file 'C:\Users\sunil\VivadoProjects\EE4218-Labs\Lab_3\integrated_coprocessor_v1\matrix_mult_system\_ide\scripts\debugger_matrix_mult-default.tcl'
16:35:33 INFO  : Disconnected from the channel tcfchan#3.
16:41:31 INFO  : Checking for BSP changes to sync application flags for project 'matrix_mult'...
16:42:05 INFO  : Checking for BSP changes to sync application flags for project 'matrix_mult'...
16:42:25 INFO  : Checking for BSP changes to sync application flags for project 'matrix_mult'...
16:42:32 INFO  : Checking for BSP changes to sync application flags for project 'matrix_mult'...
16:42:36 INFO  : Checking for BSP changes to sync application flags for project 'matrix_mult'...
16:47:05 INFO  : Checking for BSP changes to sync application flags for project 'matrix_mult'...
16:47:16 INFO  : Connected to target on host '127.0.0.1' and port '3121'.
16:47:20 INFO  : Jtag cable 'Xilinx X-MLCC-01 XFL1NH42KNRVA' is selected.
16:47:20 INFO  : 'jtag frequency' command is executed.
16:47:20 INFO  : Sourcing of 'C:/Xilinx/Vitis/2023.2/scripts/vitis/util/zynqmp_utils.tcl' is done.
16:47:22 INFO  : Context for 'APU' is selected.
16:47:22 INFO  : System reset is completed.
16:47:25 INFO  : 'after 3000' command is executed.
16:47:27 INFO  : 'targets -set -filter {jtag_cable_name =~ "Xilinx X-MLCC-01 XFL1NH42KNRVA" && level==0 && jtag_device_ctx=="jsn-X-MLCC-01-XFL1NH42KNRVA-04724093-0"}' command is executed.
16:47:31 INFO  : Device configured successfully with "C:/Users/sunil/VivadoProjects/EE4218-Labs/Lab_3/integrated_coprocessor_v1/matrix_mult/_ide/bitstream/design_lab4_1_wrapper.bit"
16:47:31 INFO  : Context for 'APU' is selected.
16:47:31 INFO  : Hardware design and registers information is loaded from 'C:/Users/sunil/VivadoProjects/EE4218-Labs/Lab_3/integrated_coprocessor_v1/lab4_1/export/lab4_1/hw/design_lab4_1_wrapper.xsa'.
16:47:31 INFO  : 'configparams force-mem-access 1' command is executed.
16:47:31 INFO  : Context for 'APU' is selected.
16:47:31 INFO  : Boot mode is read from the target.
16:47:31 INFO  : Context for processor 'psu_cortexa53_0' is selected.
16:47:31 INFO  : Processor reset is completed for 'psu_cortexa53_0'.
16:47:32 INFO  : The application 'C:/Users/sunil/VivadoProjects/EE4218-Labs/Lab_3/integrated_coprocessor_v1/lab4_1/export/lab4_1/sw/lab4_1/boot/fsbl.elf' is downloaded to processor 'psu_cortexa53_0'.
16:47:32 INFO  : 'set bp_47_32_fsbl_bp [bpadd -addr &XFsbl_Exit]' command is executed.
16:47:32 INFO  : 'con -block -timeout 60' command is executed.
16:47:32 INFO  : 'bpremove $bp_47_32_fsbl_bp' command is executed.
16:47:32 INFO  : Context for processor 'psu_cortexa53_0' is selected.
16:47:32 INFO  : Processor reset is completed for 'psu_cortexa53_0'.
16:47:33 INFO  : The application 'C:/Users/sunil/VivadoProjects/EE4218-Labs/Lab_3/integrated_coprocessor_v1/matrix_mult/Debug/matrix_mult.elf' is downloaded to processor 'psu_cortexa53_0'.
16:47:33 INFO  : 'configparams force-mem-access 0' command is executed.
16:47:33 INFO  : ----------------XSDB Script----------------
connect -url tcp:127.0.0.1:3121
source C:/Xilinx/Vitis/2023.2/scripts/vitis/util/zynqmp_utils.tcl
targets -set -nocase -filter {name =~"APU*"}
rst -system
after 3000
targets -set -filter {jtag_cable_name =~ "Xilinx X-MLCC-01 XFL1NH42KNRVA" && level==0 && jtag_device_ctx=="jsn-X-MLCC-01-XFL1NH42KNRVA-04724093-0"}
fpga -file C:/Users/sunil/VivadoProjects/EE4218-Labs/Lab_3/integrated_coprocessor_v1/matrix_mult/_ide/bitstream/design_lab4_1_wrapper.bit
targets -set -nocase -filter {name =~"APU*"}
loadhw -hw C:/Users/sunil/VivadoProjects/EE4218-Labs/Lab_3/integrated_coprocessor_v1/lab4_1/export/lab4_1/hw/design_lab4_1_wrapper.xsa -mem-ranges [list {0x80000000 0xbfffffff} {0x400000000 0x5ffffffff} {0x1000000000 0x7fffffffff}] -regs
configparams force-mem-access 1
targets -set -nocase -filter {name =~"APU*"}
set mode [expr [mrd -value 0xFF5E0200] & 0xf]
targets -set -nocase -filter {name =~ "*A53*#0"}
rst -processor
dow C:/Users/sunil/VivadoProjects/EE4218-Labs/Lab_3/integrated_coprocessor_v1/lab4_1/export/lab4_1/sw/lab4_1/boot/fsbl.elf
set bp_47_32_fsbl_bp [bpadd -addr &XFsbl_Exit]
con -block -timeout 60
bpremove $bp_47_32_fsbl_bp
targets -set -nocase -filter {name =~ "*A53*#0"}
rst -processor
dow C:/Users/sunil/VivadoProjects/EE4218-Labs/Lab_3/integrated_coprocessor_v1/matrix_mult/Debug/matrix_mult.elf
configparams force-mem-access 0
----------------End of Script----------------

16:47:33 INFO  : Context for processor 'psu_cortexa53_0' is selected.
16:47:33 INFO  : 'con' command is executed.
16:47:33 INFO  : ----------------XSDB Script (After Launch)----------------
targets -set -nocase -filter {name =~ "*A53*#0"}
con
----------------End of Script----------------

16:47:33 INFO  : Launch script is exported to file 'C:\Users\sunil\VivadoProjects\EE4218-Labs\Lab_3\integrated_coprocessor_v1\matrix_mult_system\_ide\scripts\debugger_matrix_mult-default.tcl'
16:49:50 INFO  : Disconnected from the channel tcfchan#4.
16:51:25 INFO  : Checking for BSP changes to sync application flags for project 'matrix_mult'...
16:55:21 INFO  : Checking for BSP changes to sync application flags for project 'matrix_mult'...
16:55:48 INFO  : Checking for BSP changes to sync application flags for project 'matrix_mult'...
16:56:02 INFO  : Checking for BSP changes to sync application flags for project 'matrix_mult'...
16:56:22 INFO  : Checking for BSP changes to sync application flags for project 'matrix_mult'...
16:56:46 INFO  : Checking for BSP changes to sync application flags for project 'matrix_mult'...
16:56:54 INFO  : Connected to target on host '127.0.0.1' and port '3121'.
16:56:56 INFO  : Jtag cable 'Xilinx X-MLCC-01 XFL1NH42KNRVA' is selected.
16:56:57 INFO  : 'jtag frequency' command is executed.
16:56:57 INFO  : Sourcing of 'C:/Xilinx/Vitis/2023.2/scripts/vitis/util/zynqmp_utils.tcl' is done.
16:56:59 INFO  : Context for 'APU' is selected.
16:57:00 INFO  : System reset is completed.
16:57:03 INFO  : 'after 3000' command is executed.
16:57:05 INFO  : 'targets -set -filter {jtag_cable_name =~ "Xilinx X-MLCC-01 XFL1NH42KNRVA" && level==0 && jtag_device_ctx=="jsn-X-MLCC-01-XFL1NH42KNRVA-04724093-0"}' command is executed.
16:57:09 INFO  : Device configured successfully with "C:/Users/sunil/VivadoProjects/EE4218-Labs/Lab_3/integrated_coprocessor_v1/matrix_mult/_ide/bitstream/design_lab4_1_wrapper.bit"
16:57:09 INFO  : Context for 'APU' is selected.
16:57:09 INFO  : Hardware design and registers information is loaded from 'C:/Users/sunil/VivadoProjects/EE4218-Labs/Lab_3/integrated_coprocessor_v1/lab4_1/export/lab4_1/hw/design_lab4_1_wrapper.xsa'.
16:57:09 INFO  : 'configparams force-mem-access 1' command is executed.
16:57:09 INFO  : Context for 'APU' is selected.
16:57:09 INFO  : Boot mode is read from the target.
16:57:09 INFO  : Context for processor 'psu_cortexa53_0' is selected.
16:57:09 INFO  : Processor reset is completed for 'psu_cortexa53_0'.
16:57:10 INFO  : The application 'C:/Users/sunil/VivadoProjects/EE4218-Labs/Lab_3/integrated_coprocessor_v1/lab4_1/export/lab4_1/sw/lab4_1/boot/fsbl.elf' is downloaded to processor 'psu_cortexa53_0'.
16:57:10 INFO  : 'set bp_57_10_fsbl_bp [bpadd -addr &XFsbl_Exit]' command is executed.
16:57:10 INFO  : 'con -block -timeout 60' command is executed.
16:57:10 INFO  : 'bpremove $bp_57_10_fsbl_bp' command is executed.
16:57:10 INFO  : Context for processor 'psu_cortexa53_0' is selected.
16:57:10 INFO  : Processor reset is completed for 'psu_cortexa53_0'.
16:57:11 INFO  : The application 'C:/Users/sunil/VivadoProjects/EE4218-Labs/Lab_3/integrated_coprocessor_v1/matrix_mult/Debug/matrix_mult.elf' is downloaded to processor 'psu_cortexa53_0'.
16:57:11 INFO  : 'configparams force-mem-access 0' command is executed.
16:57:11 INFO  : ----------------XSDB Script----------------
connect -url tcp:127.0.0.1:3121
source C:/Xilinx/Vitis/2023.2/scripts/vitis/util/zynqmp_utils.tcl
targets -set -nocase -filter {name =~"APU*"}
rst -system
after 3000
targets -set -filter {jtag_cable_name =~ "Xilinx X-MLCC-01 XFL1NH42KNRVA" && level==0 && jtag_device_ctx=="jsn-X-MLCC-01-XFL1NH42KNRVA-04724093-0"}
fpga -file C:/Users/sunil/VivadoProjects/EE4218-Labs/Lab_3/integrated_coprocessor_v1/matrix_mult/_ide/bitstream/design_lab4_1_wrapper.bit
targets -set -nocase -filter {name =~"APU*"}
loadhw -hw C:/Users/sunil/VivadoProjects/EE4218-Labs/Lab_3/integrated_coprocessor_v1/lab4_1/export/lab4_1/hw/design_lab4_1_wrapper.xsa -mem-ranges [list {0x80000000 0xbfffffff} {0x400000000 0x5ffffffff} {0x1000000000 0x7fffffffff}] -regs
configparams force-mem-access 1
targets -set -nocase -filter {name =~"APU*"}
set mode [expr [mrd -value 0xFF5E0200] & 0xf]
targets -set -nocase -filter {name =~ "*A53*#0"}
rst -processor
dow C:/Users/sunil/VivadoProjects/EE4218-Labs/Lab_3/integrated_coprocessor_v1/lab4_1/export/lab4_1/sw/lab4_1/boot/fsbl.elf
set bp_57_10_fsbl_bp [bpadd -addr &XFsbl_Exit]
con -block -timeout 60
bpremove $bp_57_10_fsbl_bp
targets -set -nocase -filter {name =~ "*A53*#0"}
rst -processor
dow C:/Users/sunil/VivadoProjects/EE4218-Labs/Lab_3/integrated_coprocessor_v1/matrix_mult/Debug/matrix_mult.elf
configparams force-mem-access 0
----------------End of Script----------------

16:57:11 INFO  : Context for processor 'psu_cortexa53_0' is selected.
16:57:11 INFO  : 'con' command is executed.
16:57:11 INFO  : ----------------XSDB Script (After Launch)----------------
targets -set -nocase -filter {name =~ "*A53*#0"}
con
----------------End of Script----------------

16:57:11 INFO  : Launch script is exported to file 'C:\Users\sunil\VivadoProjects\EE4218-Labs\Lab_3\integrated_coprocessor_v1\matrix_mult_system\_ide\scripts\debugger_matrix_mult-default.tcl'
16:59:05 INFO  : Disconnected from the channel tcfchan#5.
16:59:07 INFO  : Checking for BSP changes to sync application flags for project 'matrix_mult'...
16:59:11 INFO  : Connected to target on host '127.0.0.1' and port '3121'.
16:59:13 INFO  : Jtag cable 'Xilinx X-MLCC-01 XFL1NH42KNRVA' is selected.
16:59:13 INFO  : 'jtag frequency' command is executed.
16:59:13 INFO  : Sourcing of 'C:/Xilinx/Vitis/2023.2/scripts/vitis/util/zynqmp_utils.tcl' is done.
16:59:13 INFO  : Context for 'APU' is selected.
16:59:13 INFO  : System reset is completed.
16:59:16 INFO  : 'after 3000' command is executed.
16:59:16 INFO  : 'targets -set -filter {jtag_cable_name =~ "Xilinx X-MLCC-01 XFL1NH42KNRVA" && level==0 && jtag_device_ctx=="jsn-X-MLCC-01-XFL1NH42KNRVA-04724093-0"}' command is executed.
16:59:21 INFO  : Device configured successfully with "C:/Users/sunil/VivadoProjects/EE4218-Labs/Lab_3/integrated_coprocessor_v1/matrix_mult/_ide/bitstream/design_lab4_1_wrapper.bit"
16:59:21 INFO  : Context for 'APU' is selected.
16:59:21 INFO  : Hardware design and registers information is loaded from 'C:/Users/sunil/VivadoProjects/EE4218-Labs/Lab_3/integrated_coprocessor_v1/lab4_1/export/lab4_1/hw/design_lab4_1_wrapper.xsa'.
16:59:21 INFO  : 'configparams force-mem-access 1' command is executed.
16:59:21 INFO  : Context for 'APU' is selected.
16:59:21 INFO  : Boot mode is read from the target.
16:59:21 INFO  : Context for processor 'psu_cortexa53_0' is selected.
16:59:21 INFO  : Processor reset is completed for 'psu_cortexa53_0'.
16:59:21 INFO  : The application 'C:/Users/sunil/VivadoProjects/EE4218-Labs/Lab_3/integrated_coprocessor_v1/lab4_1/export/lab4_1/sw/lab4_1/boot/fsbl.elf' is downloaded to processor 'psu_cortexa53_0'.
16:59:21 INFO  : 'set bp_59_21_fsbl_bp [bpadd -addr &XFsbl_Exit]' command is executed.
16:59:22 INFO  : 'con -block -timeout 60' command is executed.
16:59:22 INFO  : 'bpremove $bp_59_21_fsbl_bp' command is executed.
16:59:22 INFO  : Context for processor 'psu_cortexa53_0' is selected.
16:59:22 INFO  : Processor reset is completed for 'psu_cortexa53_0'.
16:59:23 INFO  : The application 'C:/Users/sunil/VivadoProjects/EE4218-Labs/Lab_3/integrated_coprocessor_v1/matrix_mult/Debug/matrix_mult.elf' is downloaded to processor 'psu_cortexa53_0'.
16:59:23 INFO  : 'configparams force-mem-access 0' command is executed.
16:59:23 INFO  : ----------------XSDB Script----------------
connect -url tcp:127.0.0.1:3121
source C:/Xilinx/Vitis/2023.2/scripts/vitis/util/zynqmp_utils.tcl
targets -set -nocase -filter {name =~"APU*"}
rst -system
after 3000
targets -set -filter {jtag_cable_name =~ "Xilinx X-MLCC-01 XFL1NH42KNRVA" && level==0 && jtag_device_ctx=="jsn-X-MLCC-01-XFL1NH42KNRVA-04724093-0"}
fpga -file C:/Users/sunil/VivadoProjects/EE4218-Labs/Lab_3/integrated_coprocessor_v1/matrix_mult/_ide/bitstream/design_lab4_1_wrapper.bit
targets -set -nocase -filter {name =~"APU*"}
loadhw -hw C:/Users/sunil/VivadoProjects/EE4218-Labs/Lab_3/integrated_coprocessor_v1/lab4_1/export/lab4_1/hw/design_lab4_1_wrapper.xsa -mem-ranges [list {0x80000000 0xbfffffff} {0x400000000 0x5ffffffff} {0x1000000000 0x7fffffffff}] -regs
configparams force-mem-access 1
targets -set -nocase -filter {name =~"APU*"}
set mode [expr [mrd -value 0xFF5E0200] & 0xf]
targets -set -nocase -filter {name =~ "*A53*#0"}
rst -processor
dow C:/Users/sunil/VivadoProjects/EE4218-Labs/Lab_3/integrated_coprocessor_v1/lab4_1/export/lab4_1/sw/lab4_1/boot/fsbl.elf
set bp_59_21_fsbl_bp [bpadd -addr &XFsbl_Exit]
con -block -timeout 60
bpremove $bp_59_21_fsbl_bp
targets -set -nocase -filter {name =~ "*A53*#0"}
rst -processor
dow C:/Users/sunil/VivadoProjects/EE4218-Labs/Lab_3/integrated_coprocessor_v1/matrix_mult/Debug/matrix_mult.elf
configparams force-mem-access 0
----------------End of Script----------------

16:59:23 INFO  : Context for processor 'psu_cortexa53_0' is selected.
16:59:23 INFO  : 'con' command is executed.
16:59:23 INFO  : ----------------XSDB Script (After Launch)----------------
targets -set -nocase -filter {name =~ "*A53*#0"}
con
----------------End of Script----------------

16:59:23 INFO  : Launch script is exported to file 'C:\Users\sunil\VivadoProjects\EE4218-Labs\Lab_3\integrated_coprocessor_v1\matrix_mult_system\_ide\scripts\debugger_matrix_mult-default.tcl'
17:36:24 INFO  : Disconnected from the channel tcfchan#6.
17:38:06 INFO  : Connected to target on host '127.0.0.1' and port '3121'.
17:38:09 INFO  : Jtag cable 'Xilinx X-MLCC-01 XFL1NH42KNRVA' is selected.
17:38:09 INFO  : 'jtag frequency' command is executed.
17:38:09 INFO  : Sourcing of 'C:/Xilinx/Vitis/2023.2/scripts/vitis/util/zynqmp_utils.tcl' is done.
17:38:11 INFO  : Context for 'APU' is selected.
17:38:11 INFO  : System reset is completed.
17:38:14 INFO  : 'after 3000' command is executed.
17:38:17 INFO  : 'targets -set -filter {jtag_cable_name =~ "Xilinx X-MLCC-01 XFL1NH42KNRVA" && level==0 && jtag_device_ctx=="jsn-X-MLCC-01-XFL1NH42KNRVA-04724093-0"}' command is executed.
17:38:21 INFO  : Device configured successfully with "C:/Users/sunil/VivadoProjects/EE4218-Labs/Lab_3/integrated_coprocessor_v1/matrix_mult/_ide/bitstream/design_lab4_1_wrapper.bit"
17:38:22 INFO  : Context for 'APU' is selected.
17:38:22 INFO  : Hardware design and registers information is loaded from 'C:/Users/sunil/VivadoProjects/EE4218-Labs/Lab_3/integrated_coprocessor_v1/lab4_1/export/lab4_1/hw/design_lab4_1_wrapper.xsa'.
17:38:22 INFO  : 'configparams force-mem-access 1' command is executed.
17:38:22 INFO  : Context for 'APU' is selected.
17:38:22 INFO  : Boot mode is read from the target.
17:38:22 INFO  : Context for processor 'psu_cortexa53_0' is selected.
17:38:22 INFO  : Processor reset is completed for 'psu_cortexa53_0'.
17:38:22 INFO  : The application 'C:/Users/sunil/VivadoProjects/EE4218-Labs/Lab_3/integrated_coprocessor_v1/lab4_1/export/lab4_1/sw/lab4_1/boot/fsbl.elf' is downloaded to processor 'psu_cortexa53_0'.
17:38:23 INFO  : 'set bp_38_22_fsbl_bp [bpadd -addr &XFsbl_Exit]' command is executed.
17:38:23 INFO  : 'con -block -timeout 60' command is executed.
17:38:23 INFO  : 'bpremove $bp_38_22_fsbl_bp' command is executed.
17:38:23 INFO  : Context for processor 'psu_cortexa53_0' is selected.
17:38:23 INFO  : Processor reset is completed for 'psu_cortexa53_0'.
17:38:24 INFO  : The application 'C:/Users/sunil/VivadoProjects/EE4218-Labs/Lab_3/integrated_coprocessor_v1/matrix_mult/Debug/matrix_mult.elf' is downloaded to processor 'psu_cortexa53_0'.
17:38:24 INFO  : 'configparams force-mem-access 0' command is executed.
17:38:24 INFO  : ----------------XSDB Script----------------
connect -url tcp:127.0.0.1:3121
source C:/Xilinx/Vitis/2023.2/scripts/vitis/util/zynqmp_utils.tcl
targets -set -nocase -filter {name =~"APU*"}
rst -system
after 3000
targets -set -filter {jtag_cable_name =~ "Xilinx X-MLCC-01 XFL1NH42KNRVA" && level==0 && jtag_device_ctx=="jsn-X-MLCC-01-XFL1NH42KNRVA-04724093-0"}
fpga -file C:/Users/sunil/VivadoProjects/EE4218-Labs/Lab_3/integrated_coprocessor_v1/matrix_mult/_ide/bitstream/design_lab4_1_wrapper.bit
targets -set -nocase -filter {name =~"APU*"}
loadhw -hw C:/Users/sunil/VivadoProjects/EE4218-Labs/Lab_3/integrated_coprocessor_v1/lab4_1/export/lab4_1/hw/design_lab4_1_wrapper.xsa -mem-ranges [list {0x80000000 0xbfffffff} {0x400000000 0x5ffffffff} {0x1000000000 0x7fffffffff}] -regs
configparams force-mem-access 1
targets -set -nocase -filter {name =~"APU*"}
set mode [expr [mrd -value 0xFF5E0200] & 0xf]
targets -set -nocase -filter {name =~ "*A53*#0"}
rst -processor
dow C:/Users/sunil/VivadoProjects/EE4218-Labs/Lab_3/integrated_coprocessor_v1/lab4_1/export/lab4_1/sw/lab4_1/boot/fsbl.elf
set bp_38_22_fsbl_bp [bpadd -addr &XFsbl_Exit]
con -block -timeout 60
bpremove $bp_38_22_fsbl_bp
targets -set -nocase -filter {name =~ "*A53*#0"}
rst -processor
dow C:/Users/sunil/VivadoProjects/EE4218-Labs/Lab_3/integrated_coprocessor_v1/matrix_mult/Debug/matrix_mult.elf
configparams force-mem-access 0
----------------End of Script----------------

17:38:24 INFO  : Context for processor 'psu_cortexa53_0' is selected.
17:38:24 INFO  : 'con' command is executed.
17:38:24 INFO  : ----------------XSDB Script (After Launch)----------------
targets -set -nocase -filter {name =~ "*A53*#0"}
con
----------------End of Script----------------

17:38:24 INFO  : Launch script is exported to file 'C:\Users\sunil\VivadoProjects\EE4218-Labs\Lab_3\integrated_coprocessor_v1\matrix_mult_system\_ide\scripts\debugger_matrix_mult-default.tcl'
17:41:15 INFO  : Disconnected from the channel tcfchan#7.
17:41:32 INFO  : Checking for BSP changes to sync application flags for project 'matrix_mult'...
17:41:37 INFO  : Connected to target on host '127.0.0.1' and port '3121'.
17:41:40 INFO  : Jtag cable 'Xilinx X-MLCC-01 XFL1NH42KNRVA' is selected.
17:41:41 INFO  : 'jtag frequency' command is executed.
17:41:41 INFO  : Sourcing of 'C:/Xilinx/Vitis/2023.2/scripts/vitis/util/zynqmp_utils.tcl' is done.
17:41:42 INFO  : Context for 'APU' is selected.
17:41:43 INFO  : System reset is completed.
17:41:46 INFO  : 'after 3000' command is executed.
17:41:48 INFO  : 'targets -set -filter {jtag_cable_name =~ "Xilinx X-MLCC-01 XFL1NH42KNRVA" && level==0 && jtag_device_ctx=="jsn-X-MLCC-01-XFL1NH42KNRVA-04724093-0"}' command is executed.
17:41:52 INFO  : Device configured successfully with "C:/Users/sunil/VivadoProjects/EE4218-Labs/Lab_3/integrated_coprocessor_v1/matrix_mult/_ide/bitstream/design_lab4_1_wrapper.bit"
17:41:52 INFO  : Context for 'APU' is selected.
17:41:52 INFO  : Hardware design and registers information is loaded from 'C:/Users/sunil/VivadoProjects/EE4218-Labs/Lab_3/integrated_coprocessor_v1/lab4_1/export/lab4_1/hw/design_lab4_1_wrapper.xsa'.
17:41:52 INFO  : 'configparams force-mem-access 1' command is executed.
17:41:52 INFO  : Context for 'APU' is selected.
17:41:52 INFO  : Boot mode is read from the target.
17:41:52 INFO  : Context for processor 'psu_cortexa53_0' is selected.
17:41:53 INFO  : Processor reset is completed for 'psu_cortexa53_0'.
17:41:53 INFO  : The application 'C:/Users/sunil/VivadoProjects/EE4218-Labs/Lab_3/integrated_coprocessor_v1/lab4_1/export/lab4_1/sw/lab4_1/boot/fsbl.elf' is downloaded to processor 'psu_cortexa53_0'.
17:41:53 INFO  : 'set bp_41_53_fsbl_bp [bpadd -addr &XFsbl_Exit]' command is executed.
17:41:53 INFO  : 'con -block -timeout 60' command is executed.
17:41:53 INFO  : 'bpremove $bp_41_53_fsbl_bp' command is executed.
17:41:53 INFO  : Context for processor 'psu_cortexa53_0' is selected.
17:41:53 INFO  : Processor reset is completed for 'psu_cortexa53_0'.
17:41:54 INFO  : The application 'C:/Users/sunil/VivadoProjects/EE4218-Labs/Lab_3/integrated_coprocessor_v1/matrix_mult/Debug/matrix_mult.elf' is downloaded to processor 'psu_cortexa53_0'.
17:41:54 INFO  : 'configparams force-mem-access 0' command is executed.
17:41:54 INFO  : ----------------XSDB Script----------------
connect -url tcp:127.0.0.1:3121
source C:/Xilinx/Vitis/2023.2/scripts/vitis/util/zynqmp_utils.tcl
targets -set -nocase -filter {name =~"APU*"}
rst -system
after 3000
targets -set -filter {jtag_cable_name =~ "Xilinx X-MLCC-01 XFL1NH42KNRVA" && level==0 && jtag_device_ctx=="jsn-X-MLCC-01-XFL1NH42KNRVA-04724093-0"}
fpga -file C:/Users/sunil/VivadoProjects/EE4218-Labs/Lab_3/integrated_coprocessor_v1/matrix_mult/_ide/bitstream/design_lab4_1_wrapper.bit
targets -set -nocase -filter {name =~"APU*"}
loadhw -hw C:/Users/sunil/VivadoProjects/EE4218-Labs/Lab_3/integrated_coprocessor_v1/lab4_1/export/lab4_1/hw/design_lab4_1_wrapper.xsa -mem-ranges [list {0x80000000 0xbfffffff} {0x400000000 0x5ffffffff} {0x1000000000 0x7fffffffff}] -regs
configparams force-mem-access 1
targets -set -nocase -filter {name =~"APU*"}
set mode [expr [mrd -value 0xFF5E0200] & 0xf]
targets -set -nocase -filter {name =~ "*A53*#0"}
rst -processor
dow C:/Users/sunil/VivadoProjects/EE4218-Labs/Lab_3/integrated_coprocessor_v1/lab4_1/export/lab4_1/sw/lab4_1/boot/fsbl.elf
set bp_41_53_fsbl_bp [bpadd -addr &XFsbl_Exit]
con -block -timeout 60
bpremove $bp_41_53_fsbl_bp
targets -set -nocase -filter {name =~ "*A53*#0"}
rst -processor
dow C:/Users/sunil/VivadoProjects/EE4218-Labs/Lab_3/integrated_coprocessor_v1/matrix_mult/Debug/matrix_mult.elf
configparams force-mem-access 0
----------------End of Script----------------

17:41:54 INFO  : Context for processor 'psu_cortexa53_0' is selected.
17:41:54 INFO  : 'con' command is executed.
17:41:54 INFO  : ----------------XSDB Script (After Launch)----------------
targets -set -nocase -filter {name =~ "*A53*#0"}
con
----------------End of Script----------------

17:41:54 INFO  : Launch script is exported to file 'C:\Users\sunil\VivadoProjects\EE4218-Labs\Lab_3\integrated_coprocessor_v1\matrix_mult_system\_ide\scripts\debugger_matrix_mult-default.tcl'
17:42:48 INFO  : Disconnected from the channel tcfchan#8.
17:42:49 INFO  : Checking for BSP changes to sync application flags for project 'matrix_mult'...
17:42:51 INFO  : Connected to target on host '127.0.0.1' and port '3121'.
17:42:52 INFO  : Jtag cable 'Xilinx X-MLCC-01 XFL1NH42KNRVA' is selected.
17:42:52 INFO  : 'jtag frequency' command is executed.
17:42:52 INFO  : Sourcing of 'C:/Xilinx/Vitis/2023.2/scripts/vitis/util/zynqmp_utils.tcl' is done.
17:42:52 INFO  : Context for 'APU' is selected.
17:42:53 INFO  : System reset is completed.
17:42:56 INFO  : 'after 3000' command is executed.
17:42:56 INFO  : 'targets -set -filter {jtag_cable_name =~ "Xilinx X-MLCC-01 XFL1NH42KNRVA" && level==0 && jtag_device_ctx=="jsn-X-MLCC-01-XFL1NH42KNRVA-04724093-0"}' command is executed.
17:43:00 INFO  : Device configured successfully with "C:/Users/sunil/VivadoProjects/EE4218-Labs/Lab_3/integrated_coprocessor_v1/matrix_mult/_ide/bitstream/design_lab4_1_wrapper.bit"
17:43:00 INFO  : Context for 'APU' is selected.
17:43:00 INFO  : Hardware design and registers information is loaded from 'C:/Users/sunil/VivadoProjects/EE4218-Labs/Lab_3/integrated_coprocessor_v1/lab4_1/export/lab4_1/hw/design_lab4_1_wrapper.xsa'.
17:43:00 INFO  : 'configparams force-mem-access 1' command is executed.
17:43:00 INFO  : Context for 'APU' is selected.
17:43:00 INFO  : Boot mode is read from the target.
17:43:00 INFO  : Context for processor 'psu_cortexa53_0' is selected.
17:43:00 INFO  : Processor reset is completed for 'psu_cortexa53_0'.
17:43:01 INFO  : The application 'C:/Users/sunil/VivadoProjects/EE4218-Labs/Lab_3/integrated_coprocessor_v1/lab4_1/export/lab4_1/sw/lab4_1/boot/fsbl.elf' is downloaded to processor 'psu_cortexa53_0'.
17:43:01 INFO  : 'set bp_43_1_fsbl_bp [bpadd -addr &XFsbl_Exit]' command is executed.
17:43:01 INFO  : 'con -block -timeout 60' command is executed.
17:43:01 INFO  : 'bpremove $bp_43_1_fsbl_bp' command is executed.
17:43:01 INFO  : Context for processor 'psu_cortexa53_0' is selected.
17:43:01 INFO  : Processor reset is completed for 'psu_cortexa53_0'.
17:43:02 INFO  : The application 'C:/Users/sunil/VivadoProjects/EE4218-Labs/Lab_3/integrated_coprocessor_v1/matrix_mult/Debug/matrix_mult.elf' is downloaded to processor 'psu_cortexa53_0'.
17:43:02 INFO  : 'configparams force-mem-access 0' command is executed.
17:43:02 INFO  : ----------------XSDB Script----------------
connect -url tcp:127.0.0.1:3121
source C:/Xilinx/Vitis/2023.2/scripts/vitis/util/zynqmp_utils.tcl
targets -set -nocase -filter {name =~"APU*"}
rst -system
after 3000
targets -set -filter {jtag_cable_name =~ "Xilinx X-MLCC-01 XFL1NH42KNRVA" && level==0 && jtag_device_ctx=="jsn-X-MLCC-01-XFL1NH42KNRVA-04724093-0"}
fpga -file C:/Users/sunil/VivadoProjects/EE4218-Labs/Lab_3/integrated_coprocessor_v1/matrix_mult/_ide/bitstream/design_lab4_1_wrapper.bit
targets -set -nocase -filter {name =~"APU*"}
loadhw -hw C:/Users/sunil/VivadoProjects/EE4218-Labs/Lab_3/integrated_coprocessor_v1/lab4_1/export/lab4_1/hw/design_lab4_1_wrapper.xsa -mem-ranges [list {0x80000000 0xbfffffff} {0x400000000 0x5ffffffff} {0x1000000000 0x7fffffffff}] -regs
configparams force-mem-access 1
targets -set -nocase -filter {name =~"APU*"}
set mode [expr [mrd -value 0xFF5E0200] & 0xf]
targets -set -nocase -filter {name =~ "*A53*#0"}
rst -processor
dow C:/Users/sunil/VivadoProjects/EE4218-Labs/Lab_3/integrated_coprocessor_v1/lab4_1/export/lab4_1/sw/lab4_1/boot/fsbl.elf
set bp_43_1_fsbl_bp [bpadd -addr &XFsbl_Exit]
con -block -timeout 60
bpremove $bp_43_1_fsbl_bp
targets -set -nocase -filter {name =~ "*A53*#0"}
rst -processor
dow C:/Users/sunil/VivadoProjects/EE4218-Labs/Lab_3/integrated_coprocessor_v1/matrix_mult/Debug/matrix_mult.elf
configparams force-mem-access 0
----------------End of Script----------------

17:43:02 INFO  : Context for processor 'psu_cortexa53_0' is selected.
17:43:02 INFO  : 'con' command is executed.
17:43:02 INFO  : ----------------XSDB Script (After Launch)----------------
targets -set -nocase -filter {name =~ "*A53*#0"}
con
----------------End of Script----------------

17:43:02 INFO  : Launch script is exported to file 'C:\Users\sunil\VivadoProjects\EE4218-Labs\Lab_3\integrated_coprocessor_v1\matrix_mult_system\_ide\scripts\debugger_matrix_mult-default.tcl'
17:44:27 INFO  : Disconnected from the channel tcfchan#9.
17:44:45 INFO  : Checking for BSP changes to sync application flags for project 'matrix_mult'...
17:44:49 INFO  : Connected to target on host '127.0.0.1' and port '3121'.
17:44:51 INFO  : Jtag cable 'Xilinx X-MLCC-01 XFL1NH42KNRVA' is selected.
17:44:52 INFO  : 'jtag frequency' command is executed.
17:44:52 INFO  : Sourcing of 'C:/Xilinx/Vitis/2023.2/scripts/vitis/util/zynqmp_utils.tcl' is done.
17:44:54 INFO  : Context for 'APU' is selected.
17:44:54 INFO  : System reset is completed.
17:44:57 INFO  : 'after 3000' command is executed.
17:44:59 INFO  : 'targets -set -filter {jtag_cable_name =~ "Xilinx X-MLCC-01 XFL1NH42KNRVA" && level==0 && jtag_device_ctx=="jsn-X-MLCC-01-XFL1NH42KNRVA-04724093-0"}' command is executed.
17:45:04 INFO  : Device configured successfully with "C:/Users/sunil/VivadoProjects/EE4218-Labs/Lab_3/integrated_coprocessor_v1/matrix_mult/_ide/bitstream/design_lab4_1_wrapper.bit"
17:45:04 INFO  : Context for 'APU' is selected.
17:45:04 INFO  : Hardware design and registers information is loaded from 'C:/Users/sunil/VivadoProjects/EE4218-Labs/Lab_3/integrated_coprocessor_v1/lab4_1/export/lab4_1/hw/design_lab4_1_wrapper.xsa'.
17:45:04 INFO  : 'configparams force-mem-access 1' command is executed.
17:45:04 INFO  : Context for 'APU' is selected.
17:45:04 INFO  : Boot mode is read from the target.
17:45:04 INFO  : Context for processor 'psu_cortexa53_0' is selected.
17:45:04 INFO  : Processor reset is completed for 'psu_cortexa53_0'.
17:45:05 INFO  : The application 'C:/Users/sunil/VivadoProjects/EE4218-Labs/Lab_3/integrated_coprocessor_v1/lab4_1/export/lab4_1/sw/lab4_1/boot/fsbl.elf' is downloaded to processor 'psu_cortexa53_0'.
17:45:05 INFO  : 'set bp_45_5_fsbl_bp [bpadd -addr &XFsbl_Exit]' command is executed.
17:45:05 INFO  : 'con -block -timeout 60' command is executed.
17:45:05 INFO  : 'bpremove $bp_45_5_fsbl_bp' command is executed.
17:45:05 INFO  : Context for processor 'psu_cortexa53_0' is selected.
17:45:05 INFO  : Processor reset is completed for 'psu_cortexa53_0'.
17:45:06 INFO  : The application 'C:/Users/sunil/VivadoProjects/EE4218-Labs/Lab_3/integrated_coprocessor_v1/matrix_mult/Debug/matrix_mult.elf' is downloaded to processor 'psu_cortexa53_0'.
17:45:06 INFO  : 'configparams force-mem-access 0' command is executed.
17:45:06 INFO  : ----------------XSDB Script----------------
connect -url tcp:127.0.0.1:3121
source C:/Xilinx/Vitis/2023.2/scripts/vitis/util/zynqmp_utils.tcl
targets -set -nocase -filter {name =~"APU*"}
rst -system
after 3000
targets -set -filter {jtag_cable_name =~ "Xilinx X-MLCC-01 XFL1NH42KNRVA" && level==0 && jtag_device_ctx=="jsn-X-MLCC-01-XFL1NH42KNRVA-04724093-0"}
fpga -file C:/Users/sunil/VivadoProjects/EE4218-Labs/Lab_3/integrated_coprocessor_v1/matrix_mult/_ide/bitstream/design_lab4_1_wrapper.bit
targets -set -nocase -filter {name =~"APU*"}
loadhw -hw C:/Users/sunil/VivadoProjects/EE4218-Labs/Lab_3/integrated_coprocessor_v1/lab4_1/export/lab4_1/hw/design_lab4_1_wrapper.xsa -mem-ranges [list {0x80000000 0xbfffffff} {0x400000000 0x5ffffffff} {0x1000000000 0x7fffffffff}] -regs
configparams force-mem-access 1
targets -set -nocase -filter {name =~"APU*"}
set mode [expr [mrd -value 0xFF5E0200] & 0xf]
targets -set -nocase -filter {name =~ "*A53*#0"}
rst -processor
dow C:/Users/sunil/VivadoProjects/EE4218-Labs/Lab_3/integrated_coprocessor_v1/lab4_1/export/lab4_1/sw/lab4_1/boot/fsbl.elf
set bp_45_5_fsbl_bp [bpadd -addr &XFsbl_Exit]
con -block -timeout 60
bpremove $bp_45_5_fsbl_bp
targets -set -nocase -filter {name =~ "*A53*#0"}
rst -processor
dow C:/Users/sunil/VivadoProjects/EE4218-Labs/Lab_3/integrated_coprocessor_v1/matrix_mult/Debug/matrix_mult.elf
configparams force-mem-access 0
----------------End of Script----------------

17:45:06 INFO  : Context for processor 'psu_cortexa53_0' is selected.
17:45:06 INFO  : 'con' command is executed.
17:45:06 INFO  : ----------------XSDB Script (After Launch)----------------
targets -set -nocase -filter {name =~ "*A53*#0"}
con
----------------End of Script----------------

17:45:06 INFO  : Launch script is exported to file 'C:\Users\sunil\VivadoProjects\EE4218-Labs\Lab_3\integrated_coprocessor_v1\matrix_mult_system\_ide\scripts\debugger_matrix_mult-default.tcl'
17:48:32 INFO  : Disconnected from the channel tcfchan#10.
17:48:34 INFO  : Connected to target on host '127.0.0.1' and port '3121'.
17:48:36 INFO  : Jtag cable 'Xilinx X-MLCC-01 XFL1NH42KNRVA' is selected.
17:48:36 INFO  : 'jtag frequency' command is executed.
17:48:36 INFO  : Sourcing of 'C:/Xilinx/Vitis/2023.2/scripts/vitis/util/zynqmp_utils.tcl' is done.
17:48:36 INFO  : Context for 'APU' is selected.
17:48:36 INFO  : System reset is completed.
17:48:39 INFO  : 'after 3000' command is executed.
17:48:39 INFO  : 'targets -set -filter {jtag_cable_name =~ "Xilinx X-MLCC-01 XFL1NH42KNRVA" && level==0 && jtag_device_ctx=="jsn-X-MLCC-01-XFL1NH42KNRVA-04724093-0"}' command is executed.
17:48:44 INFO  : Device configured successfully with "C:/Users/sunil/VivadoProjects/EE4218-Labs/Lab_3/integrated_coprocessor_v1/matrix_mult/_ide/bitstream/design_lab4_1_wrapper.bit"
17:48:44 INFO  : Context for 'APU' is selected.
17:48:44 INFO  : Hardware design and registers information is loaded from 'C:/Users/sunil/VivadoProjects/EE4218-Labs/Lab_3/integrated_coprocessor_v1/lab4_1/export/lab4_1/hw/design_lab4_1_wrapper.xsa'.
17:48:44 INFO  : 'configparams force-mem-access 1' command is executed.
17:48:44 INFO  : Context for 'APU' is selected.
17:48:44 INFO  : Boot mode is read from the target.
17:48:44 INFO  : Context for processor 'psu_cortexa53_0' is selected.
17:48:44 INFO  : Processor reset is completed for 'psu_cortexa53_0'.
17:48:44 INFO  : The application 'C:/Users/sunil/VivadoProjects/EE4218-Labs/Lab_3/integrated_coprocessor_v1/lab4_1/export/lab4_1/sw/lab4_1/boot/fsbl.elf' is downloaded to processor 'psu_cortexa53_0'.
17:48:44 INFO  : 'set bp_48_44_fsbl_bp [bpadd -addr &XFsbl_Exit]' command is executed.
17:48:44 INFO  : 'con -block -timeout 60' command is executed.
17:48:44 INFO  : 'bpremove $bp_48_44_fsbl_bp' command is executed.
17:48:45 INFO  : Context for processor 'psu_cortexa53_0' is selected.
17:48:45 INFO  : Processor reset is completed for 'psu_cortexa53_0'.
17:48:45 INFO  : The application 'C:/Users/sunil/VivadoProjects/EE4218-Labs/Lab_3/integrated_coprocessor_v1/matrix_mult/Debug/matrix_mult.elf' is downloaded to processor 'psu_cortexa53_0'.
17:48:45 INFO  : 'configparams force-mem-access 0' command is executed.
17:48:45 INFO  : ----------------XSDB Script----------------
connect -url tcp:127.0.0.1:3121
source C:/Xilinx/Vitis/2023.2/scripts/vitis/util/zynqmp_utils.tcl
targets -set -nocase -filter {name =~"APU*"}
rst -system
after 3000
targets -set -filter {jtag_cable_name =~ "Xilinx X-MLCC-01 XFL1NH42KNRVA" && level==0 && jtag_device_ctx=="jsn-X-MLCC-01-XFL1NH42KNRVA-04724093-0"}
fpga -file C:/Users/sunil/VivadoProjects/EE4218-Labs/Lab_3/integrated_coprocessor_v1/matrix_mult/_ide/bitstream/design_lab4_1_wrapper.bit
targets -set -nocase -filter {name =~"APU*"}
loadhw -hw C:/Users/sunil/VivadoProjects/EE4218-Labs/Lab_3/integrated_coprocessor_v1/lab4_1/export/lab4_1/hw/design_lab4_1_wrapper.xsa -mem-ranges [list {0x80000000 0xbfffffff} {0x400000000 0x5ffffffff} {0x1000000000 0x7fffffffff}] -regs
configparams force-mem-access 1
targets -set -nocase -filter {name =~"APU*"}
set mode [expr [mrd -value 0xFF5E0200] & 0xf]
targets -set -nocase -filter {name =~ "*A53*#0"}
rst -processor
dow C:/Users/sunil/VivadoProjects/EE4218-Labs/Lab_3/integrated_coprocessor_v1/lab4_1/export/lab4_1/sw/lab4_1/boot/fsbl.elf
set bp_48_44_fsbl_bp [bpadd -addr &XFsbl_Exit]
con -block -timeout 60
bpremove $bp_48_44_fsbl_bp
targets -set -nocase -filter {name =~ "*A53*#0"}
rst -processor
dow C:/Users/sunil/VivadoProjects/EE4218-Labs/Lab_3/integrated_coprocessor_v1/matrix_mult/Debug/matrix_mult.elf
configparams force-mem-access 0
----------------End of Script----------------

17:48:46 INFO  : Context for processor 'psu_cortexa53_0' is selected.
17:48:46 INFO  : 'con' command is executed.
17:48:46 INFO  : ----------------XSDB Script (After Launch)----------------
targets -set -nocase -filter {name =~ "*A53*#0"}
con
----------------End of Script----------------

17:48:46 INFO  : Launch script is exported to file 'C:\Users\sunil\VivadoProjects\EE4218-Labs\Lab_3\integrated_coprocessor_v1\matrix_mult_system\_ide\scripts\debugger_matrix_mult-default.tcl'
17:52:54 INFO  : Disconnected from the channel tcfchan#11.
17:52:56 INFO  : Connected to target on host '127.0.0.1' and port '3121'.
17:52:58 INFO  : Jtag cable 'Xilinx X-MLCC-01 XFL1NH42KNRVA' is selected.
17:52:58 INFO  : 'jtag frequency' command is executed.
17:52:58 INFO  : Sourcing of 'C:/Xilinx/Vitis/2023.2/scripts/vitis/util/zynqmp_utils.tcl' is done.
17:52:58 INFO  : Context for 'APU' is selected.
17:52:58 INFO  : System reset is completed.
17:53:01 INFO  : 'after 3000' command is executed.
17:53:01 INFO  : 'targets -set -filter {jtag_cable_name =~ "Xilinx X-MLCC-01 XFL1NH42KNRVA" && level==0 && jtag_device_ctx=="jsn-X-MLCC-01-XFL1NH42KNRVA-04724093-0"}' command is executed.
17:53:06 INFO  : Device configured successfully with "C:/Users/sunil/VivadoProjects/EE4218-Labs/Lab_3/integrated_coprocessor_v1/matrix_mult/_ide/bitstream/design_lab4_1_wrapper.bit"
17:53:06 INFO  : Context for 'APU' is selected.
17:53:06 INFO  : Hardware design and registers information is loaded from 'C:/Users/sunil/VivadoProjects/EE4218-Labs/Lab_3/integrated_coprocessor_v1/lab4_1/export/lab4_1/hw/design_lab4_1_wrapper.xsa'.
17:53:06 INFO  : 'configparams force-mem-access 1' command is executed.
17:53:06 INFO  : Context for 'APU' is selected.
17:53:06 INFO  : Boot mode is read from the target.
17:53:06 INFO  : Context for processor 'psu_cortexa53_0' is selected.
17:53:06 INFO  : Processor reset is completed for 'psu_cortexa53_0'.
17:53:07 INFO  : The application 'C:/Users/sunil/VivadoProjects/EE4218-Labs/Lab_3/integrated_coprocessor_v1/lab4_1/export/lab4_1/sw/lab4_1/boot/fsbl.elf' is downloaded to processor 'psu_cortexa53_0'.
17:53:07 INFO  : 'set bp_53_7_fsbl_bp [bpadd -addr &XFsbl_Exit]' command is executed.
17:53:07 INFO  : 'con -block -timeout 60' command is executed.
17:53:07 INFO  : 'bpremove $bp_53_7_fsbl_bp' command is executed.
17:53:07 INFO  : Context for processor 'psu_cortexa53_0' is selected.
17:53:07 INFO  : Processor reset is completed for 'psu_cortexa53_0'.
17:53:08 INFO  : The application 'C:/Users/sunil/VivadoProjects/EE4218-Labs/Lab_3/integrated_coprocessor_v1/matrix_mult/Debug/matrix_mult.elf' is downloaded to processor 'psu_cortexa53_0'.
17:53:08 INFO  : 'configparams force-mem-access 0' command is executed.
17:53:08 INFO  : ----------------XSDB Script----------------
connect -url tcp:127.0.0.1:3121
source C:/Xilinx/Vitis/2023.2/scripts/vitis/util/zynqmp_utils.tcl
targets -set -nocase -filter {name =~"APU*"}
rst -system
after 3000
targets -set -filter {jtag_cable_name =~ "Xilinx X-MLCC-01 XFL1NH42KNRVA" && level==0 && jtag_device_ctx=="jsn-X-MLCC-01-XFL1NH42KNRVA-04724093-0"}
fpga -file C:/Users/sunil/VivadoProjects/EE4218-Labs/Lab_3/integrated_coprocessor_v1/matrix_mult/_ide/bitstream/design_lab4_1_wrapper.bit
targets -set -nocase -filter {name =~"APU*"}
loadhw -hw C:/Users/sunil/VivadoProjects/EE4218-Labs/Lab_3/integrated_coprocessor_v1/lab4_1/export/lab4_1/hw/design_lab4_1_wrapper.xsa -mem-ranges [list {0x80000000 0xbfffffff} {0x400000000 0x5ffffffff} {0x1000000000 0x7fffffffff}] -regs
configparams force-mem-access 1
targets -set -nocase -filter {name =~"APU*"}
set mode [expr [mrd -value 0xFF5E0200] & 0xf]
targets -set -nocase -filter {name =~ "*A53*#0"}
rst -processor
dow C:/Users/sunil/VivadoProjects/EE4218-Labs/Lab_3/integrated_coprocessor_v1/lab4_1/export/lab4_1/sw/lab4_1/boot/fsbl.elf
set bp_53_7_fsbl_bp [bpadd -addr &XFsbl_Exit]
con -block -timeout 60
bpremove $bp_53_7_fsbl_bp
targets -set -nocase -filter {name =~ "*A53*#0"}
rst -processor
dow C:/Users/sunil/VivadoProjects/EE4218-Labs/Lab_3/integrated_coprocessor_v1/matrix_mult/Debug/matrix_mult.elf
configparams force-mem-access 0
----------------End of Script----------------

17:53:08 INFO  : Context for processor 'psu_cortexa53_0' is selected.
17:53:08 INFO  : 'con' command is executed.
17:53:08 INFO  : ----------------XSDB Script (After Launch)----------------
targets -set -nocase -filter {name =~ "*A53*#0"}
con
----------------End of Script----------------

17:53:08 INFO  : Launch script is exported to file 'C:\Users\sunil\VivadoProjects\EE4218-Labs\Lab_3\integrated_coprocessor_v1\matrix_mult_system\_ide\scripts\debugger_matrix_mult-default.tcl'
17:55:09 INFO  : Disconnected from the channel tcfchan#12.
17:55:10 INFO  : Checking for BSP changes to sync application flags for project 'matrix_mult'...
17:55:16 INFO  : Connected to target on host '127.0.0.1' and port '3121'.
17:55:18 INFO  : Jtag cable 'Xilinx X-MLCC-01 XFL1NH42KNRVA' is selected.
17:55:18 INFO  : 'jtag frequency' command is executed.
17:55:18 INFO  : Sourcing of 'C:/Xilinx/Vitis/2023.2/scripts/vitis/util/zynqmp_utils.tcl' is done.
17:55:18 INFO  : Context for 'APU' is selected.
17:55:18 INFO  : System reset is completed.
17:55:21 INFO  : 'after 3000' command is executed.
17:55:21 INFO  : 'targets -set -filter {jtag_cable_name =~ "Xilinx X-MLCC-01 XFL1NH42KNRVA" && level==0 && jtag_device_ctx=="jsn-X-MLCC-01-XFL1NH42KNRVA-04724093-0"}' command is executed.
17:55:26 INFO  : Device configured successfully with "C:/Users/sunil/VivadoProjects/EE4218-Labs/Lab_3/integrated_coprocessor_v1/matrix_mult/_ide/bitstream/design_lab4_1_wrapper.bit"
17:55:26 INFO  : Context for 'APU' is selected.
17:55:26 INFO  : Hardware design and registers information is loaded from 'C:/Users/sunil/VivadoProjects/EE4218-Labs/Lab_3/integrated_coprocessor_v1/lab4_1/export/lab4_1/hw/design_lab4_1_wrapper.xsa'.
17:55:26 INFO  : 'configparams force-mem-access 1' command is executed.
17:55:26 INFO  : Context for 'APU' is selected.
17:55:26 INFO  : Boot mode is read from the target.
17:55:26 INFO  : Context for processor 'psu_cortexa53_0' is selected.
17:55:26 INFO  : Processor reset is completed for 'psu_cortexa53_0'.
17:55:27 INFO  : The application 'C:/Users/sunil/VivadoProjects/EE4218-Labs/Lab_3/integrated_coprocessor_v1/lab4_1/export/lab4_1/sw/lab4_1/boot/fsbl.elf' is downloaded to processor 'psu_cortexa53_0'.
17:55:27 INFO  : 'set bp_55_27_fsbl_bp [bpadd -addr &XFsbl_Exit]' command is executed.
17:55:27 INFO  : 'con -block -timeout 60' command is executed.
17:55:27 INFO  : 'bpremove $bp_55_27_fsbl_bp' command is executed.
17:55:27 INFO  : Context for processor 'psu_cortexa53_0' is selected.
17:55:27 INFO  : Processor reset is completed for 'psu_cortexa53_0'.
17:55:28 INFO  : The application 'C:/Users/sunil/VivadoProjects/EE4218-Labs/Lab_3/integrated_coprocessor_v1/matrix_mult/Debug/matrix_mult.elf' is downloaded to processor 'psu_cortexa53_0'.
17:55:28 INFO  : 'configparams force-mem-access 0' command is executed.
17:55:28 INFO  : ----------------XSDB Script----------------
connect -url tcp:127.0.0.1:3121
source C:/Xilinx/Vitis/2023.2/scripts/vitis/util/zynqmp_utils.tcl
targets -set -nocase -filter {name =~"APU*"}
rst -system
after 3000
targets -set -filter {jtag_cable_name =~ "Xilinx X-MLCC-01 XFL1NH42KNRVA" && level==0 && jtag_device_ctx=="jsn-X-MLCC-01-XFL1NH42KNRVA-04724093-0"}
fpga -file C:/Users/sunil/VivadoProjects/EE4218-Labs/Lab_3/integrated_coprocessor_v1/matrix_mult/_ide/bitstream/design_lab4_1_wrapper.bit
targets -set -nocase -filter {name =~"APU*"}
loadhw -hw C:/Users/sunil/VivadoProjects/EE4218-Labs/Lab_3/integrated_coprocessor_v1/lab4_1/export/lab4_1/hw/design_lab4_1_wrapper.xsa -mem-ranges [list {0x80000000 0xbfffffff} {0x400000000 0x5ffffffff} {0x1000000000 0x7fffffffff}] -regs
configparams force-mem-access 1
targets -set -nocase -filter {name =~"APU*"}
set mode [expr [mrd -value 0xFF5E0200] & 0xf]
targets -set -nocase -filter {name =~ "*A53*#0"}
rst -processor
dow C:/Users/sunil/VivadoProjects/EE4218-Labs/Lab_3/integrated_coprocessor_v1/lab4_1/export/lab4_1/sw/lab4_1/boot/fsbl.elf
set bp_55_27_fsbl_bp [bpadd -addr &XFsbl_Exit]
con -block -timeout 60
bpremove $bp_55_27_fsbl_bp
targets -set -nocase -filter {name =~ "*A53*#0"}
rst -processor
dow C:/Users/sunil/VivadoProjects/EE4218-Labs/Lab_3/integrated_coprocessor_v1/matrix_mult/Debug/matrix_mult.elf
configparams force-mem-access 0
----------------End of Script----------------

17:55:28 INFO  : Context for processor 'psu_cortexa53_0' is selected.
17:55:28 INFO  : 'con' command is executed.
17:55:28 INFO  : ----------------XSDB Script (After Launch)----------------
targets -set -nocase -filter {name =~ "*A53*#0"}
con
----------------End of Script----------------

17:55:28 INFO  : Launch script is exported to file 'C:\Users\sunil\VivadoProjects\EE4218-Labs\Lab_3\integrated_coprocessor_v1\matrix_mult_system\_ide\scripts\debugger_matrix_mult-default.tcl'
17:57:08 INFO  : Disconnected from the channel tcfchan#13.
17:57:09 INFO  : Checking for BSP changes to sync application flags for project 'matrix_mult'...
17:57:23 INFO  : Connected to target on host '127.0.0.1' and port '3121'.
17:57:26 INFO  : Jtag cable 'Xilinx X-MLCC-01 XFL1NH42KNRVA' is selected.
17:57:26 INFO  : 'jtag frequency' command is executed.
17:57:26 INFO  : Sourcing of 'C:/Xilinx/Vitis/2023.2/scripts/vitis/util/zynqmp_utils.tcl' is done.
17:57:28 INFO  : Context for 'APU' is selected.
17:57:28 INFO  : System reset is completed.
17:57:31 INFO  : 'after 3000' command is executed.
17:57:33 INFO  : 'targets -set -filter {jtag_cable_name =~ "Xilinx X-MLCC-01 XFL1NH42KNRVA" && level==0 && jtag_device_ctx=="jsn-X-MLCC-01-XFL1NH42KNRVA-04724093-0"}' command is executed.
17:57:39 INFO  : Device configured successfully with "C:/Users/sunil/VivadoProjects/EE4218-Labs/Lab_3/integrated_coprocessor_v1/matrix_mult/_ide/bitstream/design_lab4_1_wrapper.bit"
17:57:39 INFO  : Context for 'APU' is selected.
17:57:39 INFO  : Hardware design and registers information is loaded from 'C:/Users/sunil/VivadoProjects/EE4218-Labs/Lab_3/integrated_coprocessor_v1/lab4_1/export/lab4_1/hw/design_lab4_1_wrapper.xsa'.
17:57:39 INFO  : 'configparams force-mem-access 1' command is executed.
17:57:39 INFO  : Context for 'APU' is selected.
17:57:39 INFO  : Boot mode is read from the target.
17:57:39 INFO  : Context for processor 'psu_cortexa53_0' is selected.
17:57:39 INFO  : Processor reset is completed for 'psu_cortexa53_0'.
17:57:40 INFO  : The application 'C:/Users/sunil/VivadoProjects/EE4218-Labs/Lab_3/integrated_coprocessor_v1/lab4_1/export/lab4_1/sw/lab4_1/boot/fsbl.elf' is downloaded to processor 'psu_cortexa53_0'.
17:57:40 INFO  : 'set bp_57_40_fsbl_bp [bpadd -addr &XFsbl_Exit]' command is executed.
17:57:40 INFO  : 'con -block -timeout 60' command is executed.
17:57:40 INFO  : 'bpremove $bp_57_40_fsbl_bp' command is executed.
17:57:40 INFO  : Context for processor 'psu_cortexa53_0' is selected.
17:57:40 INFO  : Processor reset is completed for 'psu_cortexa53_0'.
17:57:41 INFO  : The application 'C:/Users/sunil/VivadoProjects/EE4218-Labs/Lab_3/integrated_coprocessor_v1/matrix_mult/Debug/matrix_mult.elf' is downloaded to processor 'psu_cortexa53_0'.
17:57:41 INFO  : 'configparams force-mem-access 0' command is executed.
17:57:41 INFO  : ----------------XSDB Script----------------
connect -url tcp:127.0.0.1:3121
source C:/Xilinx/Vitis/2023.2/scripts/vitis/util/zynqmp_utils.tcl
targets -set -nocase -filter {name =~"APU*"}
rst -system
after 3000
targets -set -filter {jtag_cable_name =~ "Xilinx X-MLCC-01 XFL1NH42KNRVA" && level==0 && jtag_device_ctx=="jsn-X-MLCC-01-XFL1NH42KNRVA-04724093-0"}
fpga -file C:/Users/sunil/VivadoProjects/EE4218-Labs/Lab_3/integrated_coprocessor_v1/matrix_mult/_ide/bitstream/design_lab4_1_wrapper.bit
targets -set -nocase -filter {name =~"APU*"}
loadhw -hw C:/Users/sunil/VivadoProjects/EE4218-Labs/Lab_3/integrated_coprocessor_v1/lab4_1/export/lab4_1/hw/design_lab4_1_wrapper.xsa -mem-ranges [list {0x80000000 0xbfffffff} {0x400000000 0x5ffffffff} {0x1000000000 0x7fffffffff}] -regs
configparams force-mem-access 1
targets -set -nocase -filter {name =~"APU*"}
set mode [expr [mrd -value 0xFF5E0200] & 0xf]
targets -set -nocase -filter {name =~ "*A53*#0"}
rst -processor
dow C:/Users/sunil/VivadoProjects/EE4218-Labs/Lab_3/integrated_coprocessor_v1/lab4_1/export/lab4_1/sw/lab4_1/boot/fsbl.elf
set bp_57_40_fsbl_bp [bpadd -addr &XFsbl_Exit]
con -block -timeout 60
bpremove $bp_57_40_fsbl_bp
targets -set -nocase -filter {name =~ "*A53*#0"}
rst -processor
dow C:/Users/sunil/VivadoProjects/EE4218-Labs/Lab_3/integrated_coprocessor_v1/matrix_mult/Debug/matrix_mult.elf
configparams force-mem-access 0
----------------End of Script----------------

17:57:41 INFO  : Context for processor 'psu_cortexa53_0' is selected.
17:57:41 INFO  : 'con' command is executed.
17:57:41 INFO  : ----------------XSDB Script (After Launch)----------------
targets -set -nocase -filter {name =~ "*A53*#0"}
con
----------------End of Script----------------

17:57:41 INFO  : Launch script is exported to file 'C:\Users\sunil\VivadoProjects\EE4218-Labs\Lab_3\integrated_coprocessor_v1\matrix_mult_system\_ide\scripts\debugger_matrix_mult-default.tcl'
17:58:51 INFO  : Disconnected from the channel tcfchan#14.
18:29:36 INFO  : Checking for BSP changes to sync application flags for project 'matrix_mult'...
23:23:39 INFO  : Result from executing command 'getProjects': lab4_1;lab4_v2
23:23:39 INFO  : Result from executing command 'getPlatforms': lab4_1|C:/Users/sunil/VivadoProjects/EE4218-Labs/Lab_3/integrated_coprocessor_v1/lab4_1/export/lab4_1/lab4_1.xpfm;xilinx_zcu102_base_202320_1|C:/Xilinx/Vitis/2023.2/base_platforms/xilinx_zcu102_base_202320_1/xilinx_zcu102_base_202320_1.xpfm;xilinx_zcu102_base_dfx_202320_1|C:/Xilinx/Vitis/2023.2/base_platforms/xilinx_zcu102_base_dfx_202320_1/xilinx_zcu102_base_dfx_202320_1.xpfm;xilinx_zcu104_base_202320_1|C:/Xilinx/Vitis/2023.2/base_platforms/xilinx_zcu104_base_202320_1/xilinx_zcu104_base_202320_1.xpfm
23:26:29 INFO  : Connected to target on host '127.0.0.1' and port '3121'.
23:26:33 INFO  : Jtag cable 'Xilinx X-MLCC-01 XFL1NH42KNRVA' is selected.
23:26:33 INFO  : 'jtag frequency' command is executed.
23:26:33 INFO  : Sourcing of 'C:/Xilinx/Vitis/2023.2/scripts/vitis/util/zynqmp_utils.tcl' is done.
23:26:35 INFO  : Context for 'APU' is selected.
23:26:35 INFO  : System reset is completed.
23:26:38 INFO  : 'after 3000' command is executed.
23:26:40 INFO  : 'targets -set -filter {jtag_cable_name =~ "Xilinx X-MLCC-01 XFL1NH42KNRVA" && level==0 && jtag_device_ctx=="jsn-X-MLCC-01-XFL1NH42KNRVA-04724093-0"}' command is executed.
23:26:44 INFO  : Device configured successfully with "C:/Users/sunil/VivadoProjects/EE4218-Labs/Lab_3/integrated_coprocessor_v1/lab4_v2/hw/design_lab4_2_wrapper.bit"
23:26:44 INFO  : Context for 'APU' is selected.
23:26:44 INFO  : Hardware design and registers information is loaded from 'C:/Users/sunil/VivadoProjects/EE4218-Labs/Lab_3/integrated_coprocessor_v1/lab4_1/export/lab4_1/hw/design_lab4_1_wrapper.xsa'.
23:26:44 INFO  : 'configparams force-mem-access 1' command is executed.
23:26:44 INFO  : Context for 'APU' is selected.
23:26:44 INFO  : Boot mode is read from the target.
23:26:44 INFO  : Context for processor 'psu_cortexa53_0' is selected.
23:26:45 INFO  : Processor reset is completed for 'psu_cortexa53_0'.
23:26:45 INFO  : The application 'C:/Users/sunil/VivadoProjects/EE4218-Labs/Lab_3/integrated_coprocessor_v1/lab4_1/export/lab4_1/sw/lab4_1/boot/fsbl.elf' is downloaded to processor 'psu_cortexa53_0'.
23:26:45 INFO  : 'set bp_26_45_fsbl_bp [bpadd -addr &XFsbl_Exit]' command is executed.
23:26:45 INFO  : 'con -block -timeout 60' command is executed.
23:26:45 INFO  : 'bpremove $bp_26_45_fsbl_bp' command is executed.
23:26:45 INFO  : Context for processor 'psu_cortexa53_0' is selected.
23:26:45 INFO  : Processor reset is completed for 'psu_cortexa53_0'.
23:26:46 INFO  : The application 'C:/Users/sunil/VivadoProjects/EE4218-Labs/Lab_3/integrated_coprocessor_v1/matrix_mult/Debug/matrix_mult.elf' is downloaded to processor 'psu_cortexa53_0'.
23:26:46 INFO  : 'configparams force-mem-access 0' command is executed.
23:26:46 INFO  : ----------------XSDB Script----------------
connect -url tcp:127.0.0.1:3121
source C:/Xilinx/Vitis/2023.2/scripts/vitis/util/zynqmp_utils.tcl
targets -set -nocase -filter {name =~"APU*"}
rst -system
after 3000
targets -set -filter {jtag_cable_name =~ "Xilinx X-MLCC-01 XFL1NH42KNRVA" && level==0 && jtag_device_ctx=="jsn-X-MLCC-01-XFL1NH42KNRVA-04724093-0"}
fpga -file C:/Users/sunil/VivadoProjects/EE4218-Labs/Lab_3/integrated_coprocessor_v1/lab4_v2/hw/design_lab4_2_wrapper.bit
targets -set -nocase -filter {name =~"APU*"}
loadhw -hw C:/Users/sunil/VivadoProjects/EE4218-Labs/Lab_3/integrated_coprocessor_v1/lab4_1/export/lab4_1/hw/design_lab4_1_wrapper.xsa -mem-ranges [list {0x80000000 0xbfffffff} {0x400000000 0x5ffffffff} {0x1000000000 0x7fffffffff}] -regs
configparams force-mem-access 1
targets -set -nocase -filter {name =~"APU*"}
set mode [expr [mrd -value 0xFF5E0200] & 0xf]
targets -set -nocase -filter {name =~ "*A53*#0"}
rst -processor
dow C:/Users/sunil/VivadoProjects/EE4218-Labs/Lab_3/integrated_coprocessor_v1/lab4_1/export/lab4_1/sw/lab4_1/boot/fsbl.elf
set bp_26_45_fsbl_bp [bpadd -addr &XFsbl_Exit]
con -block -timeout 60
bpremove $bp_26_45_fsbl_bp
targets -set -nocase -filter {name =~ "*A53*#0"}
rst -processor
dow C:/Users/sunil/VivadoProjects/EE4218-Labs/Lab_3/integrated_coprocessor_v1/matrix_mult/Debug/matrix_mult.elf
configparams force-mem-access 0
----------------End of Script----------------

23:26:46 INFO  : Context for processor 'psu_cortexa53_0' is selected.
23:26:46 INFO  : 'con' command is executed.
23:26:46 INFO  : ----------------XSDB Script (After Launch)----------------
targets -set -nocase -filter {name =~ "*A53*#0"}
con
----------------End of Script----------------

23:26:46 INFO  : Launch script is exported to file 'C:\Users\sunil\VivadoProjects\EE4218-Labs\Lab_3\integrated_coprocessor_v1\matrix_mult_system\_ide\scripts\debugger_matrix_mult-default_v2.tcl'
23:27:29 INFO  : Disconnected from the channel tcfchan#15.
23:27:34 INFO  : Checking for BSP changes to sync application flags for project 'matrix_mult'...
23:27:43 INFO  : Connected to target on host '127.0.0.1' and port '3121'.
23:27:45 INFO  : Jtag cable 'Xilinx X-MLCC-01 XFL1NH42KNRVA' is selected.
23:27:46 INFO  : 'jtag frequency' command is executed.
23:27:46 INFO  : Sourcing of 'C:/Xilinx/Vitis/2023.2/scripts/vitis/util/zynqmp_utils.tcl' is done.
23:27:47 INFO  : Context for 'APU' is selected.
23:27:48 INFO  : System reset is completed.
23:27:51 INFO  : 'after 3000' command is executed.
23:27:54 ERROR : 'targets -set -filter {jtag_cable_name =~ "Xilinx X-MLCC-01 XFL1NH42KNRVA" && level==0 && jtag_device_ctx=="jsn-X-MLCC-01-XFL1NH42KNRVA-04724093-0"}' is cancelled.
23:27:54 ERROR : Exception occured while running Program Device.
java.lang.RuntimeException: 'targets -set -filter {jtag_cable_name =~ "Xilinx X-MLCC-01 XFL1NH42KNRVA" && level==0 && jtag_device_ctx=="jsn-X-MLCC-01-XFL1NH42KNRVA-04724093-0"}' is cancelled.
23:27:54 INFO  : ----------------XSDB Script----------------
connect -url tcp:127.0.0.1:3121
source C:/Xilinx/Vitis/2023.2/scripts/vitis/util/zynqmp_utils.tcl
targets -set -nocase -filter {name =~"APU*"}
rst -system
after 3000
----------------End of Script----------------

23:27:54 ERROR : 'targets -set -filter {jtag_cable_name =~ "Xilinx X-MLCC-01 XFL1NH42KNRVA" && level==0 && jtag_device_ctx=="jsn-X-MLCC-01-XFL1NH42KNRVA-04724093-0"}' is cancelled.
23:27:57 INFO  : Connected to target on host '127.0.0.1' and port '3121'.
23:27:57 INFO  : Jtag cable 'Xilinx X-MLCC-01 XFL1NH42KNRVA' is selected.
23:27:57 INFO  : 'jtag frequency' command is executed.
23:27:57 INFO  : Sourcing of 'C:/Xilinx/Vitis/2023.2/scripts/vitis/util/zynqmp_utils.tcl' is done.
23:27:57 INFO  : Context for 'APU' is selected.
23:27:58 INFO  : System reset is completed.
23:28:01 INFO  : 'after 3000' command is executed.
23:28:01 INFO  : 'targets -set -filter {jtag_cable_name =~ "Xilinx X-MLCC-01 XFL1NH42KNRVA" && level==0 && jtag_device_ctx=="jsn-X-MLCC-01-XFL1NH42KNRVA-04724093-0"}' command is executed.
23:28:05 INFO  : Device configured successfully with "C:/Users/sunil/VivadoProjects/EE4218-Labs/Lab_3/integrated_coprocessor_v1/lab4_v2/hw/design_lab4_2_wrapper.bit"
23:28:05 INFO  : Context for 'APU' is selected.
23:28:05 INFO  : Hardware design and registers information is loaded from 'C:/Users/sunil/VivadoProjects/EE4218-Labs/Lab_3/integrated_coprocessor_v1/lab4_1/export/lab4_1/hw/design_lab4_1_wrapper.xsa'.
23:28:05 INFO  : 'configparams force-mem-access 1' command is executed.
23:28:05 INFO  : Context for 'APU' is selected.
23:28:05 INFO  : Boot mode is read from the target.
23:28:05 INFO  : Context for processor 'psu_cortexa53_0' is selected.
23:28:06 INFO  : Processor reset is completed for 'psu_cortexa53_0'.
23:28:06 INFO  : The application 'C:/Users/sunil/VivadoProjects/EE4218-Labs/Lab_3/integrated_coprocessor_v1/lab4_1/export/lab4_1/sw/lab4_1/boot/fsbl.elf' is downloaded to processor 'psu_cortexa53_0'.
23:28:06 INFO  : 'set bp_28_6_fsbl_bp [bpadd -addr &XFsbl_Exit]' command is executed.
23:28:06 INFO  : 'con -block -timeout 60' command is executed.
23:28:06 INFO  : 'bpremove $bp_28_6_fsbl_bp' command is executed.
23:28:06 INFO  : Context for processor 'psu_cortexa53_0' is selected.
23:28:06 INFO  : Processor reset is completed for 'psu_cortexa53_0'.
23:28:07 INFO  : The application 'C:/Users/sunil/VivadoProjects/EE4218-Labs/Lab_3/integrated_coprocessor_v1/matrix_mult/Debug/matrix_mult.elf' is downloaded to processor 'psu_cortexa53_0'.
23:28:07 INFO  : 'configparams force-mem-access 0' command is executed.
23:28:07 INFO  : ----------------XSDB Script----------------
connect -url tcp:127.0.0.1:3121
source C:/Xilinx/Vitis/2023.2/scripts/vitis/util/zynqmp_utils.tcl
targets -set -nocase -filter {name =~"APU*"}
rst -system
after 3000
targets -set -filter {jtag_cable_name =~ "Xilinx X-MLCC-01 XFL1NH42KNRVA" && level==0 && jtag_device_ctx=="jsn-X-MLCC-01-XFL1NH42KNRVA-04724093-0"}
fpga -file C:/Users/sunil/VivadoProjects/EE4218-Labs/Lab_3/integrated_coprocessor_v1/lab4_v2/hw/design_lab4_2_wrapper.bit
targets -set -nocase -filter {name =~"APU*"}
loadhw -hw C:/Users/sunil/VivadoProjects/EE4218-Labs/Lab_3/integrated_coprocessor_v1/lab4_1/export/lab4_1/hw/design_lab4_1_wrapper.xsa -mem-ranges [list {0x80000000 0xbfffffff} {0x400000000 0x5ffffffff} {0x1000000000 0x7fffffffff}] -regs
configparams force-mem-access 1
targets -set -nocase -filter {name =~"APU*"}
set mode [expr [mrd -value 0xFF5E0200] & 0xf]
targets -set -nocase -filter {name =~ "*A53*#0"}
rst -processor
dow C:/Users/sunil/VivadoProjects/EE4218-Labs/Lab_3/integrated_coprocessor_v1/lab4_1/export/lab4_1/sw/lab4_1/boot/fsbl.elf
set bp_28_6_fsbl_bp [bpadd -addr &XFsbl_Exit]
con -block -timeout 60
bpremove $bp_28_6_fsbl_bp
targets -set -nocase -filter {name =~ "*A53*#0"}
rst -processor
dow C:/Users/sunil/VivadoProjects/EE4218-Labs/Lab_3/integrated_coprocessor_v1/matrix_mult/Debug/matrix_mult.elf
configparams force-mem-access 0
----------------End of Script----------------

23:28:07 INFO  : Context for processor 'psu_cortexa53_0' is selected.
23:28:07 INFO  : 'con' command is executed.
23:28:07 INFO  : ----------------XSDB Script (After Launch)----------------
targets -set -nocase -filter {name =~ "*A53*#0"}
con
----------------End of Script----------------

23:28:07 INFO  : Launch script is exported to file 'C:\Users\sunil\VivadoProjects\EE4218-Labs\Lab_3\integrated_coprocessor_v1\matrix_mult_system\_ide\scripts\debugger_matrix_mult-default_v2.tcl'
23:38:41 INFO  : Disconnected from the channel tcfchan#16.
23:39:25 INFO  : Checking for BSP changes to sync application flags for project 'matrix_mult'...
23:39:25 ERROR : Failed to get platform details for the project 'matrix_mult'. Cannot sync application flags.
23:39:43 INFO  : Checking for BSP changes to sync application flags for project 'matrix_mult'...
23:39:43 ERROR : Failed to get platform details for the project 'matrix_mult'. Cannot sync application flags.
23:39:56 INFO  : Checking for BSP changes to sync application flags for project 'matrix_mult'...
23:39:56 ERROR : Failed to get platform details for the project 'matrix_mult'. Cannot sync application flags.
23:41:17 INFO  : Result from executing command 'getProjects': lab4_v2
23:41:17 INFO  : Result from executing command 'getPlatforms': lab4_v2|C:/Users/sunil/VivadoProjects/EE4218-Labs/Lab_3/integrated_coprocessor_v1/lab4_v2/export/lab4_v2/lab4_v2.xpfm;xilinx_zcu102_base_202320_1|C:/Xilinx/Vitis/2023.2/base_platforms/xilinx_zcu102_base_202320_1/xilinx_zcu102_base_202320_1.xpfm;xilinx_zcu102_base_dfx_202320_1|C:/Xilinx/Vitis/2023.2/base_platforms/xilinx_zcu102_base_dfx_202320_1/xilinx_zcu102_base_dfx_202320_1.xpfm;xilinx_zcu104_base_202320_1|C:/Xilinx/Vitis/2023.2/base_platforms/xilinx_zcu104_base_202320_1/xilinx_zcu104_base_202320_1.xpfm
23:42:01 INFO  : Checking for BSP changes to sync application flags for project 'matrix_mult'...
23:42:01 ERROR : Failed to get platform details for the project 'matrix_mult'. Cannot sync application flags.
23:42:10 ERROR : Hardware specification file is not configured properly in the launch configuration 'Debugger_matrix_mult-Default_v2'. 
Make sure that the application 'matrix_mult' is built properly for configuration 'Debug' before launching.
23:43:14 INFO  : Checking for BSP changes to sync application flags for project 'matrix_mult'...
23:43:14 ERROR : Failed to get platform details for the project 'matrix_mult'. Cannot sync application flags.
23:44:55 INFO  : Checking for BSP changes to sync application flags for project 'matrix_mult_lab4'...
23:45:22 INFO  : Connected to target on host '127.0.0.1' and port '3121'.
23:45:24 INFO  : Jtag cable 'Xilinx X-MLCC-01 XFL1NH42KNRVA' is selected.
23:45:25 INFO  : 'jtag frequency' command is executed.
23:45:25 INFO  : Sourcing of 'C:/Xilinx/Vitis/2023.2/scripts/vitis/util/zynqmp_utils.tcl' is done.
23:45:26 INFO  : Context for 'APU' is selected.
23:45:27 INFO  : System reset is completed.
23:45:30 INFO  : 'after 3000' command is executed.
23:45:32 INFO  : 'targets -set -filter {jtag_cable_name =~ "Xilinx X-MLCC-01 XFL1NH42KNRVA" && level==0 && jtag_device_ctx=="jsn-X-MLCC-01-XFL1NH42KNRVA-04724093-0"}' command is executed.
23:45:38 INFO  : Device configured successfully with "C:/Users/sunil/VivadoProjects/EE4218-Labs/Lab_3/integrated_coprocessor_v1/matrix_mult_lab4/_ide/bitstream/design_lab4_2_wrapper.bit"
23:45:38 INFO  : Context for 'APU' is selected.
23:45:39 INFO  : Hardware design and registers information is loaded from 'C:/Users/sunil/VivadoProjects/EE4218-Labs/Lab_3/integrated_coprocessor_v1/lab4_v2/export/lab4_v2/hw/design_lab4_2_wrapper.xsa'.
23:45:39 INFO  : 'configparams force-mem-access 1' command is executed.
23:45:39 INFO  : Context for 'APU' is selected.
23:45:39 INFO  : Boot mode is read from the target.
23:45:39 INFO  : Context for processor 'psu_cortexa53_0' is selected.
23:45:39 INFO  : Processor reset is completed for 'psu_cortexa53_0'.
23:45:39 INFO  : The application 'C:/Users/sunil/VivadoProjects/EE4218-Labs/Lab_3/integrated_coprocessor_v1/lab4_v2/export/lab4_v2/sw/lab4_v2/boot/fsbl.elf' is downloaded to processor 'psu_cortexa53_0'.
23:45:39 INFO  : 'set bp_45_39_fsbl_bp [bpadd -addr &XFsbl_Exit]' command is executed.
23:45:39 INFO  : 'con -block -timeout 60' command is executed.
23:45:39 INFO  : 'bpremove $bp_45_39_fsbl_bp' command is executed.
23:45:39 INFO  : Context for processor 'psu_cortexa53_0' is selected.
23:45:39 INFO  : Processor reset is completed for 'psu_cortexa53_0'.
23:45:40 INFO  : The application 'C:/Users/sunil/VivadoProjects/EE4218-Labs/Lab_3/integrated_coprocessor_v1/matrix_mult_lab4/Debug/matrix_mult_lab4.elf' is downloaded to processor 'psu_cortexa53_0'.
23:45:40 INFO  : 'configparams force-mem-access 0' command is executed.
23:45:40 INFO  : ----------------XSDB Script----------------
connect -url tcp:127.0.0.1:3121
source C:/Xilinx/Vitis/2023.2/scripts/vitis/util/zynqmp_utils.tcl
targets -set -nocase -filter {name =~"APU*"}
rst -system
after 3000
targets -set -filter {jtag_cable_name =~ "Xilinx X-MLCC-01 XFL1NH42KNRVA" && level==0 && jtag_device_ctx=="jsn-X-MLCC-01-XFL1NH42KNRVA-04724093-0"}
fpga -file C:/Users/sunil/VivadoProjects/EE4218-Labs/Lab_3/integrated_coprocessor_v1/matrix_mult_lab4/_ide/bitstream/design_lab4_2_wrapper.bit
targets -set -nocase -filter {name =~"APU*"}
loadhw -hw C:/Users/sunil/VivadoProjects/EE4218-Labs/Lab_3/integrated_coprocessor_v1/lab4_v2/export/lab4_v2/hw/design_lab4_2_wrapper.xsa -mem-ranges [list {0x80000000 0xbfffffff} {0x400000000 0x5ffffffff} {0x1000000000 0x7fffffffff}] -regs
configparams force-mem-access 1
targets -set -nocase -filter {name =~"APU*"}
set mode [expr [mrd -value 0xFF5E0200] & 0xf]
targets -set -nocase -filter {name =~ "*A53*#0"}
rst -processor
dow C:/Users/sunil/VivadoProjects/EE4218-Labs/Lab_3/integrated_coprocessor_v1/lab4_v2/export/lab4_v2/sw/lab4_v2/boot/fsbl.elf
set bp_45_39_fsbl_bp [bpadd -addr &XFsbl_Exit]
con -block -timeout 60
bpremove $bp_45_39_fsbl_bp
targets -set -nocase -filter {name =~ "*A53*#0"}
rst -processor
dow C:/Users/sunil/VivadoProjects/EE4218-Labs/Lab_3/integrated_coprocessor_v1/matrix_mult_lab4/Debug/matrix_mult_lab4.elf
configparams force-mem-access 0
----------------End of Script----------------

23:45:40 INFO  : Context for processor 'psu_cortexa53_0' is selected.
23:45:41 INFO  : 'con' command is executed.
23:45:41 INFO  : ----------------XSDB Script (After Launch)----------------
targets -set -nocase -filter {name =~ "*A53*#0"}
con
----------------End of Script----------------

23:45:41 INFO  : Launch script is exported to file 'C:\Users\sunil\VivadoProjects\EE4218-Labs\Lab_3\integrated_coprocessor_v1\matrix_mult_lab4_system\_ide\scripts\debugger_matrix_mult-default_v2.tcl'
23:46:11 INFO  : Disconnected from the channel tcfchan#18.
23:48:20 INFO  : Checking for BSP changes to sync application flags for project 'matrix_mult_lab4'...
23:49:29 INFO  : Checking for BSP changes to sync application flags for project 'matrix_mult_lab4'...
23:52:52 INFO  : Checking for BSP changes to sync application flags for project 'matrix_mult_lab4'...
23:53:04 INFO  : Checking for BSP changes to sync application flags for project 'matrix_mult_lab4'...
23:54:04 INFO  : Checking for BSP changes to sync application flags for project 'matrix_mult_lab4'...
23:55:06 INFO  : Checking for BSP changes to sync application flags for project 'matrix_mult_lab4'...
23:55:20 INFO  : Checking for BSP changes to sync application flags for project 'matrix_mult_lab4'...
23:55:24 INFO  : Connected to target on host '127.0.0.1' and port '3121'.
23:55:26 INFO  : Jtag cable 'Xilinx X-MLCC-01 XFL1NH42KNRVA' is selected.
23:55:27 INFO  : 'jtag frequency' command is executed.
23:55:27 INFO  : Sourcing of 'C:/Xilinx/Vitis/2023.2/scripts/vitis/util/zynqmp_utils.tcl' is done.
23:55:28 INFO  : Context for 'APU' is selected.
23:55:28 INFO  : System reset is completed.
23:55:31 INFO  : 'after 3000' command is executed.
23:55:33 INFO  : 'targets -set -filter {jtag_cable_name =~ "Xilinx X-MLCC-01 XFL1NH42KNRVA" && level==0 && jtag_device_ctx=="jsn-X-MLCC-01-XFL1NH42KNRVA-04724093-0"}' command is executed.
23:55:39 INFO  : Device configured successfully with "C:/Users/sunil/VivadoProjects/EE4218-Labs/Lab_3/integrated_coprocessor_v1/matrix_mult_lab4/_ide/bitstream/design_lab4_2_wrapper.bit"
23:55:39 INFO  : Context for 'APU' is selected.
23:55:39 INFO  : Hardware design and registers information is loaded from 'C:/Users/sunil/VivadoProjects/EE4218-Labs/Lab_3/integrated_coprocessor_v1/lab4_v2/export/lab4_v2/hw/design_lab4_2_wrapper.xsa'.
23:55:39 INFO  : 'configparams force-mem-access 1' command is executed.
23:55:39 INFO  : Context for 'APU' is selected.
23:55:39 INFO  : Boot mode is read from the target.
23:55:39 INFO  : Context for processor 'psu_cortexa53_0' is selected.
23:55:39 INFO  : Processor reset is completed for 'psu_cortexa53_0'.
23:55:39 INFO  : The application 'C:/Users/sunil/VivadoProjects/EE4218-Labs/Lab_3/integrated_coprocessor_v1/lab4_v2/export/lab4_v2/sw/lab4_v2/boot/fsbl.elf' is downloaded to processor 'psu_cortexa53_0'.
23:55:39 INFO  : 'set bp_55_39_fsbl_bp [bpadd -addr &XFsbl_Exit]' command is executed.
23:55:40 INFO  : 'con -block -timeout 60' command is executed.
23:55:40 INFO  : 'bpremove $bp_55_39_fsbl_bp' command is executed.
23:55:40 INFO  : Context for processor 'psu_cortexa53_0' is selected.
23:55:40 INFO  : Processor reset is completed for 'psu_cortexa53_0'.
23:55:41 INFO  : The application 'C:/Users/sunil/VivadoProjects/EE4218-Labs/Lab_3/integrated_coprocessor_v1/matrix_mult_lab4/Debug/matrix_mult_lab4.elf' is downloaded to processor 'psu_cortexa53_0'.
23:55:41 INFO  : 'configparams force-mem-access 0' command is executed.
23:55:41 INFO  : ----------------XSDB Script----------------
connect -url tcp:127.0.0.1:3121
source C:/Xilinx/Vitis/2023.2/scripts/vitis/util/zynqmp_utils.tcl
targets -set -nocase -filter {name =~"APU*"}
rst -system
after 3000
targets -set -filter {jtag_cable_name =~ "Xilinx X-MLCC-01 XFL1NH42KNRVA" && level==0 && jtag_device_ctx=="jsn-X-MLCC-01-XFL1NH42KNRVA-04724093-0"}
fpga -file C:/Users/sunil/VivadoProjects/EE4218-Labs/Lab_3/integrated_coprocessor_v1/matrix_mult_lab4/_ide/bitstream/design_lab4_2_wrapper.bit
targets -set -nocase -filter {name =~"APU*"}
loadhw -hw C:/Users/sunil/VivadoProjects/EE4218-Labs/Lab_3/integrated_coprocessor_v1/lab4_v2/export/lab4_v2/hw/design_lab4_2_wrapper.xsa -mem-ranges [list {0x80000000 0xbfffffff} {0x400000000 0x5ffffffff} {0x1000000000 0x7fffffffff}] -regs
configparams force-mem-access 1
targets -set -nocase -filter {name =~"APU*"}
set mode [expr [mrd -value 0xFF5E0200] & 0xf]
targets -set -nocase -filter {name =~ "*A53*#0"}
rst -processor
dow C:/Users/sunil/VivadoProjects/EE4218-Labs/Lab_3/integrated_coprocessor_v1/lab4_v2/export/lab4_v2/sw/lab4_v2/boot/fsbl.elf
set bp_55_39_fsbl_bp [bpadd -addr &XFsbl_Exit]
con -block -timeout 60
bpremove $bp_55_39_fsbl_bp
targets -set -nocase -filter {name =~ "*A53*#0"}
rst -processor
dow C:/Users/sunil/VivadoProjects/EE4218-Labs/Lab_3/integrated_coprocessor_v1/matrix_mult_lab4/Debug/matrix_mult_lab4.elf
configparams force-mem-access 0
----------------End of Script----------------

23:55:41 INFO  : Context for processor 'psu_cortexa53_0' is selected.
23:55:41 INFO  : 'con' command is executed.
23:55:41 INFO  : ----------------XSDB Script (After Launch)----------------
targets -set -nocase -filter {name =~ "*A53*#0"}
con
----------------End of Script----------------

23:55:41 INFO  : Launch script is exported to file 'C:\Users\sunil\VivadoProjects\EE4218-Labs\Lab_3\integrated_coprocessor_v1\matrix_mult_lab4_system\_ide\scripts\debugger_matrix_mult-default_v2.tcl'
00:01:20 INFO  : Disconnected from the channel tcfchan#19.
00:01:25 INFO  : Checking for BSP changes to sync application flags for project 'matrix_mult_lab4'...
00:02:27 ERROR : Could not connect to host '192.168.0.1' specified in the target 'Linux Agent'
00:03:50 INFO  : Connected to target on host '127.0.0.1' and port '3121'.
00:03:52 INFO  : Jtag cable 'Xilinx X-MLCC-01 XFL1NH42KNRVA' is selected.
00:03:53 INFO  : 'jtag frequency' command is executed.
00:03:53 INFO  : Sourcing of 'C:/Xilinx/Vitis/2023.2/scripts/vitis/util/zynqmp_utils.tcl' is done.
00:03:55 INFO  : Context for 'APU' is selected.
00:03:55 INFO  : System reset is completed.
00:03:59 INFO  : 'after 3000' command is executed.
00:04:01 INFO  : Context for 'APU' is selected.
00:04:01 INFO  : Cleared APU and A53 resets
00:04:01 INFO  : 'targets -set -filter {jtag_cable_name =~ "Xilinx X-MLCC-01 XFL1NH42KNRVA" && level==0 && jtag_device_ctx=="jsn-X-MLCC-01-XFL1NH42KNRVA-04724093-0"}' command is executed.
00:04:05 INFO  : Device configured successfully with "C:/Users/sunil/VivadoProjects/EE4218-Labs/Lab_3/integrated_coprocessor_v1/matrix_mult_lab4/_ide/bitstream/design_lab4_2_wrapper.bit"
00:04:05 INFO  : Context for 'APU' is selected.
00:04:06 INFO  : Hardware design and registers information is loaded from 'C:/Users/sunil/VivadoProjects/EE4218-Labs/Lab_3/integrated_coprocessor_v1/lab4_v2/export/lab4_v2/hw/design_lab4_2_wrapper.xsa'.
00:04:06 INFO  : 'configparams force-mem-access 1' command is executed.
00:04:06 INFO  : Context for 'APU' is selected.
00:04:06 INFO  : Boot mode is read from the target.
00:04:06 INFO  : Context for processor 'psu_cortexa53_0' is selected.
00:04:06 INFO  : Processor reset is completed for 'psu_cortexa53_0'.
00:04:06 INFO  : The application 'C:/Users/sunil/VivadoProjects/EE4218-Labs/Lab_3/integrated_coprocessor_v1/lab4_v2/export/lab4_v2/sw/lab4_v2/boot/fsbl.elf' is downloaded to processor 'psu_cortexa53_0'.
00:04:06 INFO  : 'set bp_4_6_fsbl_bp [bpadd -addr &XFsbl_Exit]' command is executed.
00:04:07 INFO  : 'con -block -timeout 60' command is executed.
00:04:07 INFO  : 'bpremove $bp_4_6_fsbl_bp' command is executed.
00:04:07 INFO  : Context for processor 'psu_cortexa53_0' is selected.
00:04:07 INFO  : Processor reset is completed for 'psu_cortexa53_0'.
00:04:08 INFO  : The application 'C:/Users/sunil/VivadoProjects/EE4218-Labs/Lab_3/integrated_coprocessor_v1/matrix_mult_lab4/Debug/matrix_mult_lab4.elf' is downloaded to processor 'psu_cortexa53_0'.
00:04:08 INFO  : 'configparams force-mem-access 0' command is executed.
00:04:08 INFO  : ----------------XSDB Script----------------
connect -url tcp:127.0.0.1:3121
source C:/Xilinx/Vitis/2023.2/scripts/vitis/util/zynqmp_utils.tcl
targets -set -nocase -filter {name =~"APU*"}
rst -system
after 3000
targets -set -nocase -filter {name =~"APU*"}
reset_apu
targets -set -filter {jtag_cable_name =~ "Xilinx X-MLCC-01 XFL1NH42KNRVA" && level==0 && jtag_device_ctx=="jsn-X-MLCC-01-XFL1NH42KNRVA-04724093-0"}
fpga -file C:/Users/sunil/VivadoProjects/EE4218-Labs/Lab_3/integrated_coprocessor_v1/matrix_mult_lab4/_ide/bitstream/design_lab4_2_wrapper.bit
targets -set -nocase -filter {name =~"APU*"}
loadhw -hw C:/Users/sunil/VivadoProjects/EE4218-Labs/Lab_3/integrated_coprocessor_v1/lab4_v2/export/lab4_v2/hw/design_lab4_2_wrapper.xsa -mem-ranges [list {0x80000000 0xbfffffff} {0x400000000 0x5ffffffff} {0x1000000000 0x7fffffffff}] -regs
configparams force-mem-access 1
targets -set -nocase -filter {name =~"APU*"}
set mode [expr [mrd -value 0xFF5E0200] & 0xf]
targets -set -nocase -filter {name =~ "*A53*#0"}
rst -processor
dow C:/Users/sunil/VivadoProjects/EE4218-Labs/Lab_3/integrated_coprocessor_v1/lab4_v2/export/lab4_v2/sw/lab4_v2/boot/fsbl.elf
set bp_4_6_fsbl_bp [bpadd -addr &XFsbl_Exit]
con -block -timeout 60
bpremove $bp_4_6_fsbl_bp
targets -set -nocase -filter {name =~ "*A53*#0"}
rst -processor
dow C:/Users/sunil/VivadoProjects/EE4218-Labs/Lab_3/integrated_coprocessor_v1/matrix_mult_lab4/Debug/matrix_mult_lab4.elf
configparams force-mem-access 0
----------------End of Script----------------

00:04:08 INFO  : Context for processor 'psu_cortexa53_0' is selected.
00:04:08 INFO  : 'con' command is executed.
00:04:09 INFO  : ----------------XSDB Script (After Launch)----------------
targets -set -nocase -filter {name =~ "*A53*#0"}
con
----------------End of Script----------------

00:04:09 INFO  : Launch script is exported to file 'C:\Users\sunil\VivadoProjects\EE4218-Labs\Lab_3\integrated_coprocessor_v1\matrix_mult_lab4_system\_ide\scripts\debugger_matrix_mult-default_v2.tcl'
00:04:10 INFO  : Performance data for 'PS' will be exported to the file 'C:\Users\sunil\VivadoProjects\EE4218-Labs\Lab_3\integrated_coprocessor_v1\matrix_mult_lab4_Traces\Traces\Run_Mar-18_00-04\PS_Trace_Mar-18_00-04\trace'
00:04:10 INFO  : Performance data for 'APM' will be exported to the file 'C:\Users\sunil\VivadoProjects\EE4218-Labs\Lab_3\integrated_coprocessor_v1\matrix_mult_lab4_Traces\Traces\Run_Mar-18_00-04\APM_Trace_Mar-18_00-04\trace'
00:04:11 INFO  : Created tracing project 'matrix_mult_lab4_Traces'
00:04:11 INFO  : Added tracing folder 'C:\Users\sunil\VivadoProjects\EE4218-Labs\Lab_3\integrated_coprocessor_v1\matrix_mult_lab4_Traces\Traces\Run_Mar-18_00-04\PS_Trace_Mar-18_00-04' into  'matrix_mult_lab4_Traces'
00:04:11 INFO  : Attempting to open tracing file 'PS_Trace_Mar-18_00-04'
00:04:11 INFO  : Added tracing folder 'C:\Users\sunil\VivadoProjects\EE4218-Labs\Lab_3\integrated_coprocessor_v1\matrix_mult_lab4_Traces\Traces\Run_Mar-18_00-04\APM_Trace_Mar-18_00-04' into  'matrix_mult_lab4_Traces'
00:04:12 INFO  : Attempting to open tracing file 'APM_Trace_Mar-18_00-04'
00:10:08 INFO  : Performance data for 'PS' has been exported to the file 'C:\Users\sunil\VivadoProjects\EE4218-Labs\Lab_3\integrated_coprocessor_v1\matrix_mult_lab4_Traces\Traces\Run_Mar-18_00-04\PS_Trace_Mar-18_00-04\trace'
00:10:08 INFO  : Performance data for 'APM (PS Master)' has been exported to the file 'C:\Users\sunil\VivadoProjects\EE4218-Labs\Lab_3\integrated_coprocessor_v1\matrix_mult_lab4_Traces\Traces\Run_Mar-18_00-04\APM_Trace_Mar-18_00-04\trace'
00:10:09 INFO  : Disconnected from the channel tcfchan#20.
00:10:28 INFO  : Connected to target on host '127.0.0.1' and port '3121'.
00:10:32 INFO  : Jtag cable 'Xilinx X-MLCC-01 XFL1NH42KNRVA' is selected.
00:10:32 INFO  : 'jtag frequency' command is executed.
00:10:32 INFO  : Sourcing of 'C:/Xilinx/Vitis/2023.2/scripts/vitis/util/zynqmp_utils.tcl' is done.
00:10:34 INFO  : Context for 'APU' is selected.
00:10:34 INFO  : System reset is completed.
00:10:37 INFO  : 'after 3000' command is executed.
00:10:39 INFO  : Context for 'APU' is selected.
00:10:39 INFO  : Cleared APU and A53 resets
00:10:39 INFO  : 'targets -set -filter {jtag_cable_name =~ "Xilinx X-MLCC-01 XFL1NH42KNRVA" && level==0 && jtag_device_ctx=="jsn-X-MLCC-01-XFL1NH42KNRVA-04724093-0"}' command is executed.
00:10:44 INFO  : Device configured successfully with "C:/Users/sunil/VivadoProjects/EE4218-Labs/Lab_3/integrated_coprocessor_v1/matrix_mult_lab4/_ide/bitstream/design_lab4_2_wrapper.bit"
00:10:44 INFO  : Context for 'APU' is selected.
00:10:44 INFO  : Hardware design and registers information is loaded from 'C:/Users/sunil/VivadoProjects/EE4218-Labs/Lab_3/integrated_coprocessor_v1/lab4_v2/export/lab4_v2/hw/design_lab4_2_wrapper.xsa'.
00:10:44 INFO  : 'configparams force-mem-access 1' command is executed.
00:10:44 INFO  : Context for 'APU' is selected.
00:10:44 INFO  : Boot mode is read from the target.
00:10:44 INFO  : Context for processor 'psu_cortexa53_0' is selected.
00:10:44 INFO  : Processor reset is completed for 'psu_cortexa53_0'.
00:10:45 INFO  : The application 'C:/Users/sunil/VivadoProjects/EE4218-Labs/Lab_3/integrated_coprocessor_v1/lab4_v2/export/lab4_v2/sw/lab4_v2/boot/fsbl.elf' is downloaded to processor 'psu_cortexa53_0'.
00:10:45 INFO  : 'set bp_10_45_fsbl_bp [bpadd -addr &XFsbl_Exit]' command is executed.
00:10:45 INFO  : 'con -block -timeout 60' command is executed.
00:10:45 INFO  : 'bpremove $bp_10_45_fsbl_bp' command is executed.
00:10:45 INFO  : Context for processor 'psu_cortexa53_0' is selected.
00:10:45 INFO  : Processor reset is completed for 'psu_cortexa53_0'.
00:10:46 INFO  : The application 'C:/Users/sunil/VivadoProjects/EE4218-Labs/Lab_3/integrated_coprocessor_v1/matrix_mult_lab4/Debug/matrix_mult_lab4.elf' is downloaded to processor 'psu_cortexa53_0'.
00:10:46 INFO  : 'configparams force-mem-access 0' command is executed.
00:10:46 INFO  : ----------------XSDB Script----------------
connect -url tcp:127.0.0.1:3121
source C:/Xilinx/Vitis/2023.2/scripts/vitis/util/zynqmp_utils.tcl
targets -set -nocase -filter {name =~"APU*"}
rst -system
after 3000
targets -set -nocase -filter {name =~"APU*"}
reset_apu
targets -set -filter {jtag_cable_name =~ "Xilinx X-MLCC-01 XFL1NH42KNRVA" && level==0 && jtag_device_ctx=="jsn-X-MLCC-01-XFL1NH42KNRVA-04724093-0"}
fpga -file C:/Users/sunil/VivadoProjects/EE4218-Labs/Lab_3/integrated_coprocessor_v1/matrix_mult_lab4/_ide/bitstream/design_lab4_2_wrapper.bit
targets -set -nocase -filter {name =~"APU*"}
loadhw -hw C:/Users/sunil/VivadoProjects/EE4218-Labs/Lab_3/integrated_coprocessor_v1/lab4_v2/export/lab4_v2/hw/design_lab4_2_wrapper.xsa -mem-ranges [list {0x80000000 0xbfffffff} {0x400000000 0x5ffffffff} {0x1000000000 0x7fffffffff}] -regs
configparams force-mem-access 1
targets -set -nocase -filter {name =~"APU*"}
set mode [expr [mrd -value 0xFF5E0200] & 0xf]
targets -set -nocase -filter {name =~ "*A53*#0"}
rst -processor
dow C:/Users/sunil/VivadoProjects/EE4218-Labs/Lab_3/integrated_coprocessor_v1/lab4_v2/export/lab4_v2/sw/lab4_v2/boot/fsbl.elf
set bp_10_45_fsbl_bp [bpadd -addr &XFsbl_Exit]
con -block -timeout 60
bpremove $bp_10_45_fsbl_bp
targets -set -nocase -filter {name =~ "*A53*#0"}
rst -processor
dow C:/Users/sunil/VivadoProjects/EE4218-Labs/Lab_3/integrated_coprocessor_v1/matrix_mult_lab4/Debug/matrix_mult_lab4.elf
configparams force-mem-access 0
----------------End of Script----------------

00:10:46 INFO  : Context for processor 'psu_cortexa53_0' is selected.
00:10:46 INFO  : 'con' command is executed.
00:10:46 INFO  : ----------------XSDB Script (After Launch)----------------
targets -set -nocase -filter {name =~ "*A53*#0"}
con
----------------End of Script----------------

00:10:46 INFO  : Launch script is exported to file 'C:\Users\sunil\VivadoProjects\EE4218-Labs\Lab_3\integrated_coprocessor_v1\matrix_mult_lab4_system\_ide\scripts\debugger_matrix_mult-default_v2.tcl'
00:10:55 INFO  : Performance data for 'PS' will be exported to the file 'C:\Users\sunil\VivadoProjects\EE4218-Labs\Lab_3\integrated_coprocessor_v1\matrix_mult_lab4_Traces\Traces\Run_Mar-18_00-10\PS_Trace_Mar-18_00-10\trace'
00:10:55 INFO  : Performance data for 'APM' will be exported to the file 'C:\Users\sunil\VivadoProjects\EE4218-Labs\Lab_3\integrated_coprocessor_v1\matrix_mult_lab4_Traces\Traces\Run_Mar-18_00-10\APM_Trace_Mar-18_00-10\trace'
00:10:56 INFO  : Added tracing folder 'C:\Users\sunil\VivadoProjects\EE4218-Labs\Lab_3\integrated_coprocessor_v1\matrix_mult_lab4_Traces\Traces\Run_Mar-18_00-10\PS_Trace_Mar-18_00-10' into  'matrix_mult_lab4_Traces'
00:10:56 INFO  : Attempting to open tracing file 'PS_Trace_Mar-18_00-10'
00:10:56 INFO  : Added tracing folder 'C:\Users\sunil\VivadoProjects\EE4218-Labs\Lab_3\integrated_coprocessor_v1\matrix_mult_lab4_Traces\Traces\Run_Mar-18_00-10\APM_Trace_Mar-18_00-10' into  'matrix_mult_lab4_Traces'
00:10:56 INFO  : Attempting to open tracing file 'APM_Trace_Mar-18_00-10'
00:11:13 INFO  : Performance data for 'PS' has been exported to the file 'C:\Users\sunil\VivadoProjects\EE4218-Labs\Lab_3\integrated_coprocessor_v1\matrix_mult_lab4_Traces\Traces\Run_Mar-18_00-10\PS_Trace_Mar-18_00-10\trace'
00:11:13 INFO  : Performance data for 'APM (PS Master)' has been exported to the file 'C:\Users\sunil\VivadoProjects\EE4218-Labs\Lab_3\integrated_coprocessor_v1\matrix_mult_lab4_Traces\Traces\Run_Mar-18_00-10\APM_Trace_Mar-18_00-10\trace'
00:11:13 INFO  : Performance data for 'PS' has been exported to the file 'C:\Users\sunil\VivadoProjects\EE4218-Labs\Lab_3\integrated_coprocessor_v1\matrix_mult_lab4_Traces\Traces\Run_Mar-18_00-10\PS_Trace_Mar-18_00-10\trace'
00:11:13 INFO  : Performance data for 'APM (PS Master)' has been exported to the file 'C:\Users\sunil\VivadoProjects\EE4218-Labs\Lab_3\integrated_coprocessor_v1\matrix_mult_lab4_Traces\Traces\Run_Mar-18_00-10\APM_Trace_Mar-18_00-10\trace'
00:11:13 INFO  : Disconnected from the channel tcfchan#21.
00:11:14 INFO  : Connected to target on host '127.0.0.1' and port '3121'.
00:11:23 INFO  : ----------------XSDB Script----------------
connect -url tcp:127.0.0.1:3121
----------------End of Script----------------

00:11:23 ERROR : Could not find ARM device on the board for connection 'Local'.
Check if the target is in:
1. Split JTAG - No operations are possible with ARM DAP.
2. Non JTAG bootmode - Bootrom may need time to enable DAP.
Please try again.


Troubleshooting hints:
1. Check whether board is connected to system properly.
2. In case of zynq board, check whether Digilent/Xilinx cable switch settings are correct.
3. If you are using Xilinx Platform Cable USB, ensure that status LED is green.
00:13:03 INFO  : Checking for BSP changes to sync application flags for project 'matrix_mult_lab4'...
00:13:05 INFO  : Connected to target on host '127.0.0.1' and port '3121'.
00:13:05 INFO  : Jtag cable 'Xilinx X-MLCC-01 XFL1NH42KNRVA' is selected.
00:13:05 INFO  : 'jtag frequency' command is executed.
00:13:05 INFO  : Sourcing of 'C:/Xilinx/Vitis/2023.2/scripts/vitis/util/zynqmp_utils.tcl' is done.
00:13:05 INFO  : Context for 'APU' is selected.
00:13:06 INFO  : System reset is completed.
00:13:09 INFO  : 'after 3000' command is executed.
00:13:09 INFO  : Context for 'APU' is selected.
00:13:09 INFO  : Cleared APU and A53 resets
00:13:09 INFO  : 'targets -set -filter {jtag_cable_name =~ "Xilinx X-MLCC-01 XFL1NH42KNRVA" && level==0 && jtag_device_ctx=="jsn-X-MLCC-01-XFL1NH42KNRVA-04724093-0"}' command is executed.
00:13:13 INFO  : Device configured successfully with "C:/Users/sunil/VivadoProjects/EE4218-Labs/Lab_3/integrated_coprocessor_v1/matrix_mult_lab4/_ide/bitstream/design_lab4_2_wrapper.bit"
00:13:14 INFO  : Context for 'APU' is selected.
00:13:14 INFO  : Hardware design and registers information is loaded from 'C:/Users/sunil/VivadoProjects/EE4218-Labs/Lab_3/integrated_coprocessor_v1/lab4_v2/export/lab4_v2/hw/design_lab4_2_wrapper.xsa'.
00:13:14 INFO  : 'configparams force-mem-access 1' command is executed.
00:13:14 INFO  : Context for 'APU' is selected.
00:13:14 INFO  : Boot mode is read from the target.
00:13:14 INFO  : Context for processor 'psu_cortexa53_0' is selected.
00:13:14 INFO  : Processor reset is completed for 'psu_cortexa53_0'.
00:13:14 INFO  : The application 'C:/Users/sunil/VivadoProjects/EE4218-Labs/Lab_3/integrated_coprocessor_v1/lab4_v2/export/lab4_v2/sw/lab4_v2/boot/fsbl.elf' is downloaded to processor 'psu_cortexa53_0'.
00:13:14 INFO  : 'set bp_13_14_fsbl_bp [bpadd -addr &XFsbl_Exit]' command is executed.
00:13:14 INFO  : 'con -block -timeout 60' command is executed.
00:13:15 INFO  : 'bpremove $bp_13_14_fsbl_bp' command is executed.
00:13:15 INFO  : Context for processor 'psu_cortexa53_0' is selected.
00:13:15 INFO  : Processor reset is completed for 'psu_cortexa53_0'.
00:13:16 INFO  : The application 'C:/Users/sunil/VivadoProjects/EE4218-Labs/Lab_3/integrated_coprocessor_v1/matrix_mult_lab4/Debug/matrix_mult_lab4.elf' is downloaded to processor 'psu_cortexa53_0'.
00:13:16 INFO  : 'configparams force-mem-access 0' command is executed.
00:13:16 INFO  : ----------------XSDB Script----------------
connect -url tcp:127.0.0.1:3121
source C:/Xilinx/Vitis/2023.2/scripts/vitis/util/zynqmp_utils.tcl
targets -set -nocase -filter {name =~"APU*"}
rst -system
after 3000
targets -set -nocase -filter {name =~"APU*"}
reset_apu
targets -set -filter {jtag_cable_name =~ "Xilinx X-MLCC-01 XFL1NH42KNRVA" && level==0 && jtag_device_ctx=="jsn-X-MLCC-01-XFL1NH42KNRVA-04724093-0"}
fpga -file C:/Users/sunil/VivadoProjects/EE4218-Labs/Lab_3/integrated_coprocessor_v1/matrix_mult_lab4/_ide/bitstream/design_lab4_2_wrapper.bit
targets -set -nocase -filter {name =~"APU*"}
loadhw -hw C:/Users/sunil/VivadoProjects/EE4218-Labs/Lab_3/integrated_coprocessor_v1/lab4_v2/export/lab4_v2/hw/design_lab4_2_wrapper.xsa -mem-ranges [list {0x80000000 0xbfffffff} {0x400000000 0x5ffffffff} {0x1000000000 0x7fffffffff}] -regs
configparams force-mem-access 1
targets -set -nocase -filter {name =~"APU*"}
set mode [expr [mrd -value 0xFF5E0200] & 0xf]
targets -set -nocase -filter {name =~ "*A53*#0"}
rst -processor
dow C:/Users/sunil/VivadoProjects/EE4218-Labs/Lab_3/integrated_coprocessor_v1/lab4_v2/export/lab4_v2/sw/lab4_v2/boot/fsbl.elf
set bp_13_14_fsbl_bp [bpadd -addr &XFsbl_Exit]
con -block -timeout 60
bpremove $bp_13_14_fsbl_bp
targets -set -nocase -filter {name =~ "*A53*#0"}
rst -processor
dow C:/Users/sunil/VivadoProjects/EE4218-Labs/Lab_3/integrated_coprocessor_v1/matrix_mult_lab4/Debug/matrix_mult_lab4.elf
configparams force-mem-access 0
----------------End of Script----------------

00:13:16 INFO  : Context for processor 'psu_cortexa53_0' is selected.
00:13:16 INFO  : 'con' command is executed.
00:13:16 INFO  : ----------------XSDB Script (After Launch)----------------
targets -set -nocase -filter {name =~ "*A53*#0"}
con
----------------End of Script----------------

00:13:16 INFO  : Launch script is exported to file 'C:\Users\sunil\VivadoProjects\EE4218-Labs\Lab_3\integrated_coprocessor_v1\matrix_mult_lab4_system\_ide\scripts\debugger_matrix_mult-default_v2.tcl'
00:18:04 INFO  : TCF profiler data is exported to json file 'C:\Users\sunil\VivadoProjects\EE4218-Labs\Lab_3\integrated_coprocessor_v1\.tcf-profiler\profile_data_mar-18_00-18.tcfprof'
00:18:04 INFO  : TCF profiler data is exported to html file 'C:\Users\sunil\VivadoProjects\EE4218-Labs\Lab_3\integrated_coprocessor_v1\.tcf-profiler\profile_data_mar-18_00-18.html'
00:19:41 INFO  : TCF profiler data is exported to json file 'C:\Users\sunil\VivadoProjects\EE4218-Labs\Lab_3\integrated_coprocessor_v1\.tcf-profiler\profile_data_mar-18_00-19.tcfprof'
00:19:41 INFO  : TCF profiler data is exported to html file 'C:\Users\sunil\VivadoProjects\EE4218-Labs\Lab_3\integrated_coprocessor_v1\.tcf-profiler\profile_data_mar-18_00-19.html'
00:19:43 INFO  : Disconnected from the channel tcfchan#22.
00:26:17 INFO  : Checking for BSP changes to sync application flags for project 'matrix_mult_lab4'...
00:26:26 INFO  : Checking for BSP changes to sync application flags for project 'matrix_mult_lab4'...
00:26:45 INFO  : Checking for BSP changes to sync application flags for project 'matrix_mult_lab4'...
00:26:52 INFO  : Connected to target on host '127.0.0.1' and port '3121'.
00:26:56 INFO  : Jtag cable 'Xilinx X-MLCC-01 XFL1NH42KNRVA' is selected.
00:26:56 INFO  : 'jtag frequency' command is executed.
00:26:56 INFO  : Sourcing of 'C:/Xilinx/Vitis/2023.2/scripts/vitis/util/zynqmp_utils.tcl' is done.
00:26:58 INFO  : Context for 'APU' is selected.
00:26:58 INFO  : System reset is completed.
00:27:01 INFO  : 'after 3000' command is executed.
00:27:03 INFO  : Context for 'APU' is selected.
00:27:03 INFO  : Cleared APU and A53 resets
00:27:03 INFO  : 'targets -set -filter {jtag_cable_name =~ "Xilinx X-MLCC-01 XFL1NH42KNRVA" && level==0 && jtag_device_ctx=="jsn-X-MLCC-01-XFL1NH42KNRVA-04724093-0"}' command is executed.
00:27:08 INFO  : Device configured successfully with "C:/Users/sunil/VivadoProjects/EE4218-Labs/Lab_3/integrated_coprocessor_v1/matrix_mult_lab4/_ide/bitstream/design_lab4_2_wrapper.bit"
00:27:08 INFO  : Context for 'APU' is selected.
00:27:08 INFO  : Hardware design and registers information is loaded from 'C:/Users/sunil/VivadoProjects/EE4218-Labs/Lab_3/integrated_coprocessor_v1/lab4_v2/export/lab4_v2/hw/design_lab4_2_wrapper.xsa'.
00:27:08 INFO  : 'configparams force-mem-access 1' command is executed.
00:27:08 INFO  : Context for 'APU' is selected.
00:27:08 INFO  : Boot mode is read from the target.
00:27:08 INFO  : Context for processor 'psu_cortexa53_0' is selected.
00:27:08 INFO  : Processor reset is completed for 'psu_cortexa53_0'.
00:27:08 INFO  : The application 'C:/Users/sunil/VivadoProjects/EE4218-Labs/Lab_3/integrated_coprocessor_v1/lab4_v2/export/lab4_v2/sw/lab4_v2/boot/fsbl.elf' is downloaded to processor 'psu_cortexa53_0'.
00:27:08 INFO  : 'set bp_27_8_fsbl_bp [bpadd -addr &XFsbl_Exit]' command is executed.
00:27:09 INFO  : 'con -block -timeout 60' command is executed.
00:27:09 INFO  : 'bpremove $bp_27_8_fsbl_bp' command is executed.
00:27:09 INFO  : Context for processor 'psu_cortexa53_0' is selected.
00:27:09 INFO  : Processor reset is completed for 'psu_cortexa53_0'.
00:27:09 INFO  : The application 'C:/Users/sunil/VivadoProjects/EE4218-Labs/Lab_3/integrated_coprocessor_v1/matrix_mult_lab4/Debug/matrix_mult_lab4.elf' is downloaded to processor 'psu_cortexa53_0'.
00:27:10 INFO  : 'configparams force-mem-access 0' command is executed.
00:27:10 INFO  : ----------------XSDB Script----------------
connect -url tcp:127.0.0.1:3121
source C:/Xilinx/Vitis/2023.2/scripts/vitis/util/zynqmp_utils.tcl
targets -set -nocase -filter {name =~"APU*"}
rst -system
after 3000
targets -set -nocase -filter {name =~"APU*"}
reset_apu
targets -set -filter {jtag_cable_name =~ "Xilinx X-MLCC-01 XFL1NH42KNRVA" && level==0 && jtag_device_ctx=="jsn-X-MLCC-01-XFL1NH42KNRVA-04724093-0"}
fpga -file C:/Users/sunil/VivadoProjects/EE4218-Labs/Lab_3/integrated_coprocessor_v1/matrix_mult_lab4/_ide/bitstream/design_lab4_2_wrapper.bit
targets -set -nocase -filter {name =~"APU*"}
loadhw -hw C:/Users/sunil/VivadoProjects/EE4218-Labs/Lab_3/integrated_coprocessor_v1/lab4_v2/export/lab4_v2/hw/design_lab4_2_wrapper.xsa -mem-ranges [list {0x80000000 0xbfffffff} {0x400000000 0x5ffffffff} {0x1000000000 0x7fffffffff}] -regs
configparams force-mem-access 1
targets -set -nocase -filter {name =~"APU*"}
set mode [expr [mrd -value 0xFF5E0200] & 0xf]
targets -set -nocase -filter {name =~ "*A53*#0"}
rst -processor
dow C:/Users/sunil/VivadoProjects/EE4218-Labs/Lab_3/integrated_coprocessor_v1/lab4_v2/export/lab4_v2/sw/lab4_v2/boot/fsbl.elf
set bp_27_8_fsbl_bp [bpadd -addr &XFsbl_Exit]
con -block -timeout 60
bpremove $bp_27_8_fsbl_bp
targets -set -nocase -filter {name =~ "*A53*#0"}
rst -processor
dow C:/Users/sunil/VivadoProjects/EE4218-Labs/Lab_3/integrated_coprocessor_v1/matrix_mult_lab4/Debug/matrix_mult_lab4.elf
configparams force-mem-access 0
----------------End of Script----------------

00:27:10 INFO  : Context for processor 'psu_cortexa53_0' is selected.
00:27:10 INFO  : 'con' command is executed.
00:27:10 INFO  : ----------------XSDB Script (After Launch)----------------
targets -set -nocase -filter {name =~ "*A53*#0"}
con
----------------End of Script----------------

00:27:10 INFO  : Launch script is exported to file 'C:\Users\sunil\VivadoProjects\EE4218-Labs\Lab_3\integrated_coprocessor_v1\matrix_mult_lab4_system\_ide\scripts\debugger_matrix_mult-default_v2.tcl'
00:29:21 INFO  : Disconnected from the channel tcfchan#23.
00:29:28 INFO  : Connected to target on host '127.0.0.1' and port '3121'.
00:29:30 INFO  : Jtag cable 'Xilinx X-MLCC-01 XFL1NH42KNRVA' is selected.
00:29:30 INFO  : 'jtag frequency' command is executed.
00:29:30 INFO  : Sourcing of 'C:/Xilinx/Vitis/2023.2/scripts/vitis/util/zynqmp_utils.tcl' is done.
00:29:30 INFO  : Context for 'APU' is selected.
00:29:30 INFO  : System reset is completed.
00:29:33 INFO  : 'after 3000' command is executed.
00:29:33 INFO  : Context for 'APU' is selected.
00:29:33 INFO  : Cleared APU and A53 resets
00:29:33 INFO  : 'targets -set -filter {jtag_cable_name =~ "Xilinx X-MLCC-01 XFL1NH42KNRVA" && level==0 && jtag_device_ctx=="jsn-X-MLCC-01-XFL1NH42KNRVA-04724093-0"}' command is executed.
00:29:38 INFO  : Device configured successfully with "C:/Users/sunil/VivadoProjects/EE4218-Labs/Lab_3/integrated_coprocessor_v1/matrix_mult_lab4/_ide/bitstream/design_lab4_2_wrapper.bit"
00:29:38 INFO  : Context for 'APU' is selected.
00:29:38 INFO  : Hardware design and registers information is loaded from 'C:/Users/sunil/VivadoProjects/EE4218-Labs/Lab_3/integrated_coprocessor_v1/lab4_v2/export/lab4_v2/hw/design_lab4_2_wrapper.xsa'.
00:29:38 INFO  : 'configparams force-mem-access 1' command is executed.
00:29:38 INFO  : Context for 'APU' is selected.
00:29:38 INFO  : Boot mode is read from the target.
00:29:38 INFO  : Context for processor 'psu_cortexa53_0' is selected.
00:29:38 INFO  : Processor reset is completed for 'psu_cortexa53_0'.
00:29:38 INFO  : The application 'C:/Users/sunil/VivadoProjects/EE4218-Labs/Lab_3/integrated_coprocessor_v1/lab4_v2/export/lab4_v2/sw/lab4_v2/boot/fsbl.elf' is downloaded to processor 'psu_cortexa53_0'.
00:29:38 INFO  : 'set bp_29_38_fsbl_bp [bpadd -addr &XFsbl_Exit]' command is executed.
00:29:39 INFO  : 'con -block -timeout 60' command is executed.
00:29:39 INFO  : 'bpremove $bp_29_38_fsbl_bp' command is executed.
00:29:39 INFO  : Context for processor 'psu_cortexa53_0' is selected.
00:29:39 INFO  : Processor reset is completed for 'psu_cortexa53_0'.
00:29:40 INFO  : The application 'C:/Users/sunil/VivadoProjects/EE4218-Labs/Lab_3/integrated_coprocessor_v1/matrix_mult_lab4/Debug/matrix_mult_lab4.elf' is downloaded to processor 'psu_cortexa53_0'.
00:29:40 INFO  : 'configparams force-mem-access 0' command is executed.
00:29:40 INFO  : ----------------XSDB Script----------------
connect -url tcp:127.0.0.1:3121
source C:/Xilinx/Vitis/2023.2/scripts/vitis/util/zynqmp_utils.tcl
targets -set -nocase -filter {name =~"APU*"}
rst -system
after 3000
targets -set -nocase -filter {name =~"APU*"}
reset_apu
targets -set -filter {jtag_cable_name =~ "Xilinx X-MLCC-01 XFL1NH42KNRVA" && level==0 && jtag_device_ctx=="jsn-X-MLCC-01-XFL1NH42KNRVA-04724093-0"}
fpga -file C:/Users/sunil/VivadoProjects/EE4218-Labs/Lab_3/integrated_coprocessor_v1/matrix_mult_lab4/_ide/bitstream/design_lab4_2_wrapper.bit
targets -set -nocase -filter {name =~"APU*"}
loadhw -hw C:/Users/sunil/VivadoProjects/EE4218-Labs/Lab_3/integrated_coprocessor_v1/lab4_v2/export/lab4_v2/hw/design_lab4_2_wrapper.xsa -mem-ranges [list {0x80000000 0xbfffffff} {0x400000000 0x5ffffffff} {0x1000000000 0x7fffffffff}] -regs
configparams force-mem-access 1
targets -set -nocase -filter {name =~"APU*"}
set mode [expr [mrd -value 0xFF5E0200] & 0xf]
targets -set -nocase -filter {name =~ "*A53*#0"}
rst -processor
dow C:/Users/sunil/VivadoProjects/EE4218-Labs/Lab_3/integrated_coprocessor_v1/lab4_v2/export/lab4_v2/sw/lab4_v2/boot/fsbl.elf
set bp_29_38_fsbl_bp [bpadd -addr &XFsbl_Exit]
con -block -timeout 60
bpremove $bp_29_38_fsbl_bp
targets -set -nocase -filter {name =~ "*A53*#0"}
rst -processor
dow C:/Users/sunil/VivadoProjects/EE4218-Labs/Lab_3/integrated_coprocessor_v1/matrix_mult_lab4/Debug/matrix_mult_lab4.elf
configparams force-mem-access 0
----------------End of Script----------------

00:29:40 INFO  : Context for processor 'psu_cortexa53_0' is selected.
00:29:40 INFO  : 'con' command is executed.
00:29:40 INFO  : ----------------XSDB Script (After Launch)----------------
targets -set -nocase -filter {name =~ "*A53*#0"}
con
----------------End of Script----------------

00:29:40 INFO  : Launch script is exported to file 'C:\Users\sunil\VivadoProjects\EE4218-Labs\Lab_3\integrated_coprocessor_v1\matrix_mult_lab4_system\_ide\scripts\debugger_matrix_mult-default_v2.tcl'
00:31:12 INFO  : Disconnected from the channel tcfchan#24.
00:31:19 INFO  : Checking for BSP changes to sync application flags for project 'matrix_mult_lab4'...
00:31:28 INFO  : Connected to target on host '127.0.0.1' and port '3121'.
00:31:32 INFO  : Jtag cable 'Xilinx X-MLCC-01 XFL1NH42KNRVA' is selected.
00:31:32 INFO  : 'jtag frequency' command is executed.
00:31:32 INFO  : Sourcing of 'C:/Xilinx/Vitis/2023.2/scripts/vitis/util/zynqmp_utils.tcl' is done.
00:31:34 INFO  : Context for 'APU' is selected.
00:31:34 INFO  : System reset is completed.
00:31:37 INFO  : 'after 3000' command is executed.
00:31:39 INFO  : Context for 'APU' is selected.
00:31:39 INFO  : Cleared APU and A53 resets
00:31:39 INFO  : 'targets -set -filter {jtag_cable_name =~ "Xilinx X-MLCC-01 XFL1NH42KNRVA" && level==0 && jtag_device_ctx=="jsn-X-MLCC-01-XFL1NH42KNRVA-04724093-0"}' command is executed.
00:31:44 INFO  : Device configured successfully with "C:/Users/sunil/VivadoProjects/EE4218-Labs/Lab_3/integrated_coprocessor_v1/matrix_mult_lab4/_ide/bitstream/design_lab4_2_wrapper.bit"
00:31:44 INFO  : Context for 'APU' is selected.
00:31:44 INFO  : Hardware design and registers information is loaded from 'C:/Users/sunil/VivadoProjects/EE4218-Labs/Lab_3/integrated_coprocessor_v1/lab4_v2/export/lab4_v2/hw/design_lab4_2_wrapper.xsa'.
00:31:44 INFO  : 'configparams force-mem-access 1' command is executed.
00:31:44 INFO  : Context for 'APU' is selected.
00:31:44 INFO  : Boot mode is read from the target.
00:31:44 INFO  : Context for processor 'psu_cortexa53_0' is selected.
00:31:44 INFO  : Processor reset is completed for 'psu_cortexa53_0'.
00:31:44 INFO  : The application 'C:/Users/sunil/VivadoProjects/EE4218-Labs/Lab_3/integrated_coprocessor_v1/lab4_v2/export/lab4_v2/sw/lab4_v2/boot/fsbl.elf' is downloaded to processor 'psu_cortexa53_0'.
00:31:44 INFO  : 'set bp_31_44_fsbl_bp [bpadd -addr &XFsbl_Exit]' command is executed.
00:31:45 INFO  : 'con -block -timeout 60' command is executed.
00:31:45 INFO  : 'bpremove $bp_31_44_fsbl_bp' command is executed.
00:31:45 INFO  : Context for processor 'psu_cortexa53_0' is selected.
00:31:45 INFO  : Processor reset is completed for 'psu_cortexa53_0'.
00:31:45 INFO  : The application 'C:/Users/sunil/VivadoProjects/EE4218-Labs/Lab_3/integrated_coprocessor_v1/matrix_mult_lab4/Debug/matrix_mult_lab4.elf' is downloaded to processor 'psu_cortexa53_0'.
00:31:45 INFO  : 'configparams force-mem-access 0' command is executed.
00:31:45 INFO  : ----------------XSDB Script----------------
connect -url tcp:127.0.0.1:3121
source C:/Xilinx/Vitis/2023.2/scripts/vitis/util/zynqmp_utils.tcl
targets -set -nocase -filter {name =~"APU*"}
rst -system
after 3000
targets -set -nocase -filter {name =~"APU*"}
reset_apu
targets -set -filter {jtag_cable_name =~ "Xilinx X-MLCC-01 XFL1NH42KNRVA" && level==0 && jtag_device_ctx=="jsn-X-MLCC-01-XFL1NH42KNRVA-04724093-0"}
fpga -file C:/Users/sunil/VivadoProjects/EE4218-Labs/Lab_3/integrated_coprocessor_v1/matrix_mult_lab4/_ide/bitstream/design_lab4_2_wrapper.bit
targets -set -nocase -filter {name =~"APU*"}
loadhw -hw C:/Users/sunil/VivadoProjects/EE4218-Labs/Lab_3/integrated_coprocessor_v1/lab4_v2/export/lab4_v2/hw/design_lab4_2_wrapper.xsa -mem-ranges [list {0x80000000 0xbfffffff} {0x400000000 0x5ffffffff} {0x1000000000 0x7fffffffff}] -regs
configparams force-mem-access 1
targets -set -nocase -filter {name =~"APU*"}
set mode [expr [mrd -value 0xFF5E0200] & 0xf]
targets -set -nocase -filter {name =~ "*A53*#0"}
rst -processor
dow C:/Users/sunil/VivadoProjects/EE4218-Labs/Lab_3/integrated_coprocessor_v1/lab4_v2/export/lab4_v2/sw/lab4_v2/boot/fsbl.elf
set bp_31_44_fsbl_bp [bpadd -addr &XFsbl_Exit]
con -block -timeout 60
bpremove $bp_31_44_fsbl_bp
targets -set -nocase -filter {name =~ "*A53*#0"}
rst -processor
dow C:/Users/sunil/VivadoProjects/EE4218-Labs/Lab_3/integrated_coprocessor_v1/matrix_mult_lab4/Debug/matrix_mult_lab4.elf
configparams force-mem-access 0
----------------End of Script----------------

00:31:46 INFO  : Context for processor 'psu_cortexa53_0' is selected.
00:31:46 INFO  : 'con' command is executed.
00:31:46 INFO  : ----------------XSDB Script (After Launch)----------------
targets -set -nocase -filter {name =~ "*A53*#0"}
con
----------------End of Script----------------

00:31:46 INFO  : Launch script is exported to file 'C:\Users\sunil\VivadoProjects\EE4218-Labs\Lab_3\integrated_coprocessor_v1\matrix_mult_lab4_system\_ide\scripts\debugger_matrix_mult-default_v2.tcl'
00:33:00 INFO  : Disconnected from the channel tcfchan#25.
00:35:46 INFO  : Checking for BSP changes to sync application flags for project 'matrix_mult_lab4'...
00:35:50 INFO  : Connected to target on host '127.0.0.1' and port '3121'.
00:35:54 INFO  : Jtag cable 'Xilinx X-MLCC-01 XFL1NH42KNRVA' is selected.
00:35:54 INFO  : 'jtag frequency' command is executed.
00:35:54 INFO  : Sourcing of 'C:/Xilinx/Vitis/2023.2/scripts/vitis/util/zynqmp_utils.tcl' is done.
00:35:56 INFO  : Context for 'APU' is selected.
00:35:56 INFO  : System reset is completed.
00:35:59 INFO  : 'after 3000' command is executed.
00:36:01 INFO  : Context for 'APU' is selected.
00:36:01 INFO  : Cleared APU and A53 resets
00:36:01 INFO  : 'targets -set -filter {jtag_cable_name =~ "Xilinx X-MLCC-01 XFL1NH42KNRVA" && level==0 && jtag_device_ctx=="jsn-X-MLCC-01-XFL1NH42KNRVA-04724093-0"}' command is executed.
00:36:06 INFO  : Device configured successfully with "C:/Users/sunil/VivadoProjects/EE4218-Labs/Lab_3/integrated_coprocessor_v1/matrix_mult_lab4/_ide/bitstream/design_lab4_2_wrapper.bit"
00:36:06 INFO  : Context for 'APU' is selected.
00:36:06 INFO  : Hardware design and registers information is loaded from 'C:/Users/sunil/VivadoProjects/EE4218-Labs/Lab_3/integrated_coprocessor_v1/lab4_v2/export/lab4_v2/hw/design_lab4_2_wrapper.xsa'.
00:36:06 INFO  : 'configparams force-mem-access 1' command is executed.
00:36:06 INFO  : Context for 'APU' is selected.
00:36:06 INFO  : Boot mode is read from the target.
00:36:06 INFO  : Context for processor 'psu_cortexa53_0' is selected.
00:36:06 INFO  : Processor reset is completed for 'psu_cortexa53_0'.
00:36:07 INFO  : The application 'C:/Users/sunil/VivadoProjects/EE4218-Labs/Lab_3/integrated_coprocessor_v1/lab4_v2/export/lab4_v2/sw/lab4_v2/boot/fsbl.elf' is downloaded to processor 'psu_cortexa53_0'.
00:36:07 INFO  : 'set bp_36_7_fsbl_bp [bpadd -addr &XFsbl_Exit]' command is executed.
00:36:08 INFO  : 'con -block -timeout 60' command is executed.
00:36:08 INFO  : 'bpremove $bp_36_7_fsbl_bp' command is executed.
00:36:08 INFO  : Context for processor 'psu_cortexa53_0' is selected.
00:36:08 INFO  : Processor reset is completed for 'psu_cortexa53_0'.
00:36:09 INFO  : The application 'C:/Users/sunil/VivadoProjects/EE4218-Labs/Lab_3/integrated_coprocessor_v1/matrix_mult_lab4/Debug/matrix_mult_lab4.elf' is downloaded to processor 'psu_cortexa53_0'.
00:36:09 INFO  : 'configparams force-mem-access 0' command is executed.
00:36:09 INFO  : ----------------XSDB Script----------------
connect -url tcp:127.0.0.1:3121
source C:/Xilinx/Vitis/2023.2/scripts/vitis/util/zynqmp_utils.tcl
targets -set -nocase -filter {name =~"APU*"}
rst -system
after 3000
targets -set -nocase -filter {name =~"APU*"}
reset_apu
targets -set -filter {jtag_cable_name =~ "Xilinx X-MLCC-01 XFL1NH42KNRVA" && level==0 && jtag_device_ctx=="jsn-X-MLCC-01-XFL1NH42KNRVA-04724093-0"}
fpga -file C:/Users/sunil/VivadoProjects/EE4218-Labs/Lab_3/integrated_coprocessor_v1/matrix_mult_lab4/_ide/bitstream/design_lab4_2_wrapper.bit
targets -set -nocase -filter {name =~"APU*"}
loadhw -hw C:/Users/sunil/VivadoProjects/EE4218-Labs/Lab_3/integrated_coprocessor_v1/lab4_v2/export/lab4_v2/hw/design_lab4_2_wrapper.xsa -mem-ranges [list {0x80000000 0xbfffffff} {0x400000000 0x5ffffffff} {0x1000000000 0x7fffffffff}] -regs
configparams force-mem-access 1
targets -set -nocase -filter {name =~"APU*"}
set mode [expr [mrd -value 0xFF5E0200] & 0xf]
targets -set -nocase -filter {name =~ "*A53*#0"}
rst -processor
dow C:/Users/sunil/VivadoProjects/EE4218-Labs/Lab_3/integrated_coprocessor_v1/lab4_v2/export/lab4_v2/sw/lab4_v2/boot/fsbl.elf
set bp_36_7_fsbl_bp [bpadd -addr &XFsbl_Exit]
con -block -timeout 60
bpremove $bp_36_7_fsbl_bp
targets -set -nocase -filter {name =~ "*A53*#0"}
rst -processor
dow C:/Users/sunil/VivadoProjects/EE4218-Labs/Lab_3/integrated_coprocessor_v1/matrix_mult_lab4/Debug/matrix_mult_lab4.elf
configparams force-mem-access 0
----------------End of Script----------------

00:36:09 INFO  : Context for processor 'psu_cortexa53_0' is selected.
00:36:09 INFO  : 'con' command is executed.
00:36:09 INFO  : ----------------XSDB Script (After Launch)----------------
targets -set -nocase -filter {name =~ "*A53*#0"}
con
----------------End of Script----------------

00:36:09 INFO  : Launch script is exported to file 'C:\Users\sunil\VivadoProjects\EE4218-Labs\Lab_3\integrated_coprocessor_v1\matrix_mult_lab4_system\_ide\scripts\debugger_matrix_mult-default_v2.tcl'
00:37:16 INFO  : TCF profiler data is exported to json file 'C:\Users\sunil\VivadoProjects\EE4218-Labs\Lab_3\integrated_coprocessor_v1\.tcf-profiler\profile_data_mar-18_00-37.tcfprof'
00:37:16 INFO  : TCF profiler data is exported to html file 'C:\Users\sunil\VivadoProjects\EE4218-Labs\Lab_3\integrated_coprocessor_v1\.tcf-profiler\profile_data_mar-18_00-37.html'
00:38:18 INFO  : Disconnected from the channel tcfchan#26.
00:38:24 INFO  : Connected to target on host '127.0.0.1' and port '3121'.
00:38:26 INFO  : Jtag cable 'Xilinx X-MLCC-01 XFL1NH42KNRVA' is selected.
00:38:26 INFO  : 'jtag frequency' command is executed.
00:38:26 INFO  : Sourcing of 'C:/Xilinx/Vitis/2023.2/scripts/vitis/util/zynqmp_utils.tcl' is done.
00:38:26 INFO  : Context for 'APU' is selected.
00:38:26 INFO  : System reset is completed.
00:38:29 INFO  : 'after 3000' command is executed.
00:38:29 INFO  : Context for 'APU' is selected.
00:38:30 INFO  : Cleared APU and A53 resets
00:38:30 INFO  : 'targets -set -filter {jtag_cable_name =~ "Xilinx X-MLCC-01 XFL1NH42KNRVA" && level==0 && jtag_device_ctx=="jsn-X-MLCC-01-XFL1NH42KNRVA-04724093-0"}' command is executed.
00:38:34 INFO  : Device configured successfully with "C:/Users/sunil/VivadoProjects/EE4218-Labs/Lab_3/integrated_coprocessor_v1/matrix_mult_lab4/_ide/bitstream/design_lab4_2_wrapper.bit"
00:38:34 INFO  : Context for 'APU' is selected.
00:38:34 INFO  : Hardware design and registers information is loaded from 'C:/Users/sunil/VivadoProjects/EE4218-Labs/Lab_3/integrated_coprocessor_v1/lab4_v2/export/lab4_v2/hw/design_lab4_2_wrapper.xsa'.
00:38:34 INFO  : 'configparams force-mem-access 1' command is executed.
00:38:34 INFO  : Context for 'APU' is selected.
00:38:34 INFO  : Boot mode is read from the target.
00:38:34 INFO  : Context for processor 'psu_cortexa53_0' is selected.
00:38:34 INFO  : Processor reset is completed for 'psu_cortexa53_0'.
00:38:35 INFO  : The application 'C:/Users/sunil/VivadoProjects/EE4218-Labs/Lab_3/integrated_coprocessor_v1/lab4_v2/export/lab4_v2/sw/lab4_v2/boot/fsbl.elf' is downloaded to processor 'psu_cortexa53_0'.
00:38:35 INFO  : 'set bp_38_35_fsbl_bp [bpadd -addr &XFsbl_Exit]' command is executed.
00:38:35 INFO  : 'con -block -timeout 60' command is executed.
00:38:35 INFO  : 'bpremove $bp_38_35_fsbl_bp' command is executed.
00:38:35 INFO  : Context for processor 'psu_cortexa53_0' is selected.
00:38:35 INFO  : Processor reset is completed for 'psu_cortexa53_0'.
00:38:36 INFO  : The application 'C:/Users/sunil/VivadoProjects/EE4218-Labs/Lab_3/integrated_coprocessor_v1/matrix_mult_lab4/Debug/matrix_mult_lab4.elf' is downloaded to processor 'psu_cortexa53_0'.
00:38:36 INFO  : 'configparams force-mem-access 0' command is executed.
00:38:36 INFO  : ----------------XSDB Script----------------
connect -url tcp:127.0.0.1:3121
source C:/Xilinx/Vitis/2023.2/scripts/vitis/util/zynqmp_utils.tcl
targets -set -nocase -filter {name =~"APU*"}
rst -system
after 3000
targets -set -nocase -filter {name =~"APU*"}
reset_apu
targets -set -filter {jtag_cable_name =~ "Xilinx X-MLCC-01 XFL1NH42KNRVA" && level==0 && jtag_device_ctx=="jsn-X-MLCC-01-XFL1NH42KNRVA-04724093-0"}
fpga -file C:/Users/sunil/VivadoProjects/EE4218-Labs/Lab_3/integrated_coprocessor_v1/matrix_mult_lab4/_ide/bitstream/design_lab4_2_wrapper.bit
targets -set -nocase -filter {name =~"APU*"}
loadhw -hw C:/Users/sunil/VivadoProjects/EE4218-Labs/Lab_3/integrated_coprocessor_v1/lab4_v2/export/lab4_v2/hw/design_lab4_2_wrapper.xsa -mem-ranges [list {0x80000000 0xbfffffff} {0x400000000 0x5ffffffff} {0x1000000000 0x7fffffffff}] -regs
configparams force-mem-access 1
targets -set -nocase -filter {name =~"APU*"}
set mode [expr [mrd -value 0xFF5E0200] & 0xf]
targets -set -nocase -filter {name =~ "*A53*#0"}
rst -processor
dow C:/Users/sunil/VivadoProjects/EE4218-Labs/Lab_3/integrated_coprocessor_v1/lab4_v2/export/lab4_v2/sw/lab4_v2/boot/fsbl.elf
set bp_38_35_fsbl_bp [bpadd -addr &XFsbl_Exit]
con -block -timeout 60
bpremove $bp_38_35_fsbl_bp
targets -set -nocase -filter {name =~ "*A53*#0"}
rst -processor
dow C:/Users/sunil/VivadoProjects/EE4218-Labs/Lab_3/integrated_coprocessor_v1/matrix_mult_lab4/Debug/matrix_mult_lab4.elf
configparams force-mem-access 0
----------------End of Script----------------

00:38:36 INFO  : Context for processor 'psu_cortexa53_0' is selected.
00:38:36 INFO  : 'con' command is executed.
00:38:36 INFO  : ----------------XSDB Script (After Launch)----------------
targets -set -nocase -filter {name =~ "*A53*#0"}
con
----------------End of Script----------------

00:38:36 INFO  : Launch script is exported to file 'C:\Users\sunil\VivadoProjects\EE4218-Labs\Lab_3\integrated_coprocessor_v1\matrix_mult_lab4_system\_ide\scripts\debugger_matrix_mult-default_v2.tcl'
00:40:37 INFO  : Disconnected from the channel tcfchan#27.
00:41:02 INFO  : Checking for BSP changes to sync application flags for project 'matrix_mult_lab4'...
00:41:09 INFO  : Connected to target on host '127.0.0.1' and port '3121'.
00:41:12 INFO  : Jtag cable 'Xilinx X-MLCC-01 XFL1NH42KNRVA' is selected.
00:41:13 INFO  : 'jtag frequency' command is executed.
00:41:13 INFO  : Sourcing of 'C:/Xilinx/Vitis/2023.2/scripts/vitis/util/zynqmp_utils.tcl' is done.
00:41:15 INFO  : Context for 'APU' is selected.
00:41:15 INFO  : System reset is completed.
00:41:18 INFO  : 'after 3000' command is executed.
00:41:20 INFO  : Context for 'APU' is selected.
00:41:20 INFO  : Cleared APU and A53 resets
00:41:20 INFO  : 'targets -set -filter {jtag_cable_name =~ "Xilinx X-MLCC-01 XFL1NH42KNRVA" && level==0 && jtag_device_ctx=="jsn-X-MLCC-01-XFL1NH42KNRVA-04724093-0"}' command is executed.
00:41:24 INFO  : Device configured successfully with "C:/Users/sunil/VivadoProjects/EE4218-Labs/Lab_3/integrated_coprocessor_v1/matrix_mult_lab4/_ide/bitstream/design_lab4_2_wrapper.bit"
00:41:24 INFO  : Context for 'APU' is selected.
00:41:25 INFO  : Hardware design and registers information is loaded from 'C:/Users/sunil/VivadoProjects/EE4218-Labs/Lab_3/integrated_coprocessor_v1/lab4_v2/export/lab4_v2/hw/design_lab4_2_wrapper.xsa'.
00:41:25 INFO  : 'configparams force-mem-access 1' command is executed.
00:41:25 INFO  : Context for 'APU' is selected.
00:41:25 INFO  : Boot mode is read from the target.
00:41:25 INFO  : Context for processor 'psu_cortexa53_0' is selected.
00:41:25 INFO  : Processor reset is completed for 'psu_cortexa53_0'.
00:41:25 INFO  : The application 'C:/Users/sunil/VivadoProjects/EE4218-Labs/Lab_3/integrated_coprocessor_v1/lab4_v2/export/lab4_v2/sw/lab4_v2/boot/fsbl.elf' is downloaded to processor 'psu_cortexa53_0'.
00:41:25 INFO  : 'set bp_41_25_fsbl_bp [bpadd -addr &XFsbl_Exit]' command is executed.
00:41:26 INFO  : 'con -block -timeout 60' command is executed.
00:41:26 INFO  : 'bpremove $bp_41_25_fsbl_bp' command is executed.
00:41:26 INFO  : Context for processor 'psu_cortexa53_0' is selected.
00:41:26 INFO  : Processor reset is completed for 'psu_cortexa53_0'.
00:41:27 INFO  : The application 'C:/Users/sunil/VivadoProjects/EE4218-Labs/Lab_3/integrated_coprocessor_v1/matrix_mult_lab4/Debug/matrix_mult_lab4.elf' is downloaded to processor 'psu_cortexa53_0'.
00:41:27 INFO  : 'configparams force-mem-access 0' command is executed.
00:41:27 INFO  : ----------------XSDB Script----------------
connect -url tcp:127.0.0.1:3121
source C:/Xilinx/Vitis/2023.2/scripts/vitis/util/zynqmp_utils.tcl
targets -set -nocase -filter {name =~"APU*"}
rst -system
after 3000
targets -set -nocase -filter {name =~"APU*"}
reset_apu
targets -set -filter {jtag_cable_name =~ "Xilinx X-MLCC-01 XFL1NH42KNRVA" && level==0 && jtag_device_ctx=="jsn-X-MLCC-01-XFL1NH42KNRVA-04724093-0"}
fpga -file C:/Users/sunil/VivadoProjects/EE4218-Labs/Lab_3/integrated_coprocessor_v1/matrix_mult_lab4/_ide/bitstream/design_lab4_2_wrapper.bit
targets -set -nocase -filter {name =~"APU*"}
loadhw -hw C:/Users/sunil/VivadoProjects/EE4218-Labs/Lab_3/integrated_coprocessor_v1/lab4_v2/export/lab4_v2/hw/design_lab4_2_wrapper.xsa -mem-ranges [list {0x80000000 0xbfffffff} {0x400000000 0x5ffffffff} {0x1000000000 0x7fffffffff}] -regs
configparams force-mem-access 1
targets -set -nocase -filter {name =~"APU*"}
set mode [expr [mrd -value 0xFF5E0200] & 0xf]
targets -set -nocase -filter {name =~ "*A53*#0"}
rst -processor
dow C:/Users/sunil/VivadoProjects/EE4218-Labs/Lab_3/integrated_coprocessor_v1/lab4_v2/export/lab4_v2/sw/lab4_v2/boot/fsbl.elf
set bp_41_25_fsbl_bp [bpadd -addr &XFsbl_Exit]
con -block -timeout 60
bpremove $bp_41_25_fsbl_bp
targets -set -nocase -filter {name =~ "*A53*#0"}
rst -processor
dow C:/Users/sunil/VivadoProjects/EE4218-Labs/Lab_3/integrated_coprocessor_v1/matrix_mult_lab4/Debug/matrix_mult_lab4.elf
configparams force-mem-access 0
----------------End of Script----------------

00:41:28 INFO  : Context for processor 'psu_cortexa53_0' is selected.
00:41:28 INFO  : 'con' command is executed.
00:41:28 INFO  : ----------------XSDB Script (After Launch)----------------
targets -set -nocase -filter {name =~ "*A53*#0"}
con
----------------End of Script----------------

00:41:28 INFO  : Launch script is exported to file 'C:\Users\sunil\VivadoProjects\EE4218-Labs\Lab_3\integrated_coprocessor_v1\matrix_mult_lab4_system\_ide\scripts\debugger_matrix_mult-default_v2.tcl'
00:42:05 INFO  : Disconnected from the channel tcfchan#28.
00:42:25 INFO  : Connected to target on host '127.0.0.1' and port '3121'.
00:42:28 INFO  : Jtag cable 'Xilinx X-MLCC-01 XFL1NH42KNRVA' is selected.
00:42:28 INFO  : 'jtag frequency' command is executed.
00:42:28 INFO  : Sourcing of 'C:/Xilinx/Vitis/2023.2/scripts/vitis/util/zynqmp_utils.tcl' is done.
00:42:30 INFO  : Context for 'APU' is selected.
00:42:31 INFO  : System reset is completed.
00:42:34 INFO  : 'after 3000' command is executed.
00:42:36 INFO  : 'targets -set -filter {jtag_cable_name =~ "Xilinx X-MLCC-01 XFL1NH42KNRVA" && level==0 && jtag_device_ctx=="jsn-X-MLCC-01-XFL1NH42KNRVA-04724093-0"}' command is executed.
00:42:40 INFO  : Device configured successfully with "C:/Users/sunil/VivadoProjects/EE4218-Labs/Lab_3/integrated_coprocessor_v1/matrix_mult_lab4/_ide/bitstream/design_lab4_2_wrapper.bit"
00:42:40 INFO  : Context for 'APU' is selected.
00:42:40 INFO  : Hardware design and registers information is loaded from 'C:/Users/sunil/VivadoProjects/EE4218-Labs/Lab_3/integrated_coprocessor_v1/lab4_v2/export/lab4_v2/hw/design_lab4_2_wrapper.xsa'.
00:42:40 INFO  : 'configparams force-mem-access 1' command is executed.
00:42:40 INFO  : Context for 'APU' is selected.
00:42:40 INFO  : Boot mode is read from the target.
00:42:40 INFO  : Context for processor 'psu_cortexa53_0' is selected.
00:42:41 INFO  : Processor reset is completed for 'psu_cortexa53_0'.
00:42:41 INFO  : The application 'C:/Users/sunil/VivadoProjects/EE4218-Labs/Lab_3/integrated_coprocessor_v1/lab4_v2/export/lab4_v2/sw/lab4_v2/boot/fsbl.elf' is downloaded to processor 'psu_cortexa53_0'.
00:42:41 INFO  : 'set bp_42_41_fsbl_bp [bpadd -addr &XFsbl_Exit]' command is executed.
00:42:41 INFO  : 'con -block -timeout 60' command is executed.
00:42:41 INFO  : 'bpremove $bp_42_41_fsbl_bp' command is executed.
00:42:41 INFO  : Context for processor 'psu_cortexa53_0' is selected.
00:42:41 INFO  : Processor reset is completed for 'psu_cortexa53_0'.
00:42:42 INFO  : The application 'C:/Users/sunil/VivadoProjects/EE4218-Labs/Lab_3/integrated_coprocessor_v1/matrix_mult_lab4/Debug/matrix_mult_lab4.elf' is downloaded to processor 'psu_cortexa53_0'.
00:42:42 INFO  : 'configparams force-mem-access 0' command is executed.
00:42:42 INFO  : ----------------XSDB Script----------------
connect -url tcp:127.0.0.1:3121
source C:/Xilinx/Vitis/2023.2/scripts/vitis/util/zynqmp_utils.tcl
targets -set -nocase -filter {name =~"APU*"}
rst -system
after 3000
targets -set -filter {jtag_cable_name =~ "Xilinx X-MLCC-01 XFL1NH42KNRVA" && level==0 && jtag_device_ctx=="jsn-X-MLCC-01-XFL1NH42KNRVA-04724093-0"}
fpga -file C:/Users/sunil/VivadoProjects/EE4218-Labs/Lab_3/integrated_coprocessor_v1/matrix_mult_lab4/_ide/bitstream/design_lab4_2_wrapper.bit
targets -set -nocase -filter {name =~"APU*"}
loadhw -hw C:/Users/sunil/VivadoProjects/EE4218-Labs/Lab_3/integrated_coprocessor_v1/lab4_v2/export/lab4_v2/hw/design_lab4_2_wrapper.xsa -mem-ranges [list {0x80000000 0xbfffffff} {0x400000000 0x5ffffffff} {0x1000000000 0x7fffffffff}] -regs
configparams force-mem-access 1
targets -set -nocase -filter {name =~"APU*"}
set mode [expr [mrd -value 0xFF5E0200] & 0xf]
targets -set -nocase -filter {name =~ "*A53*#0"}
rst -processor
dow C:/Users/sunil/VivadoProjects/EE4218-Labs/Lab_3/integrated_coprocessor_v1/lab4_v2/export/lab4_v2/sw/lab4_v2/boot/fsbl.elf
set bp_42_41_fsbl_bp [bpadd -addr &XFsbl_Exit]
con -block -timeout 60
bpremove $bp_42_41_fsbl_bp
targets -set -nocase -filter {name =~ "*A53*#0"}
rst -processor
dow C:/Users/sunil/VivadoProjects/EE4218-Labs/Lab_3/integrated_coprocessor_v1/matrix_mult_lab4/Debug/matrix_mult_lab4.elf
configparams force-mem-access 0
----------------End of Script----------------

00:42:42 INFO  : Context for processor 'psu_cortexa53_0' is selected.
00:42:42 INFO  : 'con' command is executed.
00:42:42 INFO  : ----------------XSDB Script (After Launch)----------------
targets -set -nocase -filter {name =~ "*A53*#0"}
con
----------------End of Script----------------

00:42:42 INFO  : Launch script is exported to file 'C:\Users\sunil\VivadoProjects\EE4218-Labs\Lab_3\integrated_coprocessor_v1\matrix_mult_lab4_system\_ide\scripts\debugger_matrix_mult_lab4-default.tcl'
00:46:59 INFO  : Disconnected from the channel tcfchan#29.
00:47:01 INFO  : Checking for BSP changes to sync application flags for project 'matrix_mult_lab4'...
00:47:05 INFO  : Connected to target on host '127.0.0.1' and port '3121'.
00:47:07 INFO  : Jtag cable 'Xilinx X-MLCC-01 XFL1NH42KNRVA' is selected.
00:47:07 INFO  : 'jtag frequency' command is executed.
00:47:07 INFO  : Sourcing of 'C:/Xilinx/Vitis/2023.2/scripts/vitis/util/zynqmp_utils.tcl' is done.
00:47:07 INFO  : Context for 'APU' is selected.
00:47:07 INFO  : System reset is completed.
00:47:10 INFO  : 'after 3000' command is executed.
00:47:10 INFO  : 'targets -set -filter {jtag_cable_name =~ "Xilinx X-MLCC-01 XFL1NH42KNRVA" && level==0 && jtag_device_ctx=="jsn-X-MLCC-01-XFL1NH42KNRVA-04724093-0"}' command is executed.
00:47:15 INFO  : Device configured successfully with "C:/Users/sunil/VivadoProjects/EE4218-Labs/Lab_3/integrated_coprocessor_v1/matrix_mult_lab4/_ide/bitstream/design_lab4_2_wrapper.bit"
00:47:15 INFO  : Context for 'APU' is selected.
00:47:15 INFO  : Hardware design and registers information is loaded from 'C:/Users/sunil/VivadoProjects/EE4218-Labs/Lab_3/integrated_coprocessor_v1/lab4_v2/export/lab4_v2/hw/design_lab4_2_wrapper.xsa'.
00:47:15 INFO  : 'configparams force-mem-access 1' command is executed.
00:47:15 INFO  : Context for 'APU' is selected.
00:47:15 INFO  : Boot mode is read from the target.
00:47:15 INFO  : Context for processor 'psu_cortexa53_0' is selected.
00:47:15 INFO  : Processor reset is completed for 'psu_cortexa53_0'.
00:47:16 INFO  : The application 'C:/Users/sunil/VivadoProjects/EE4218-Labs/Lab_3/integrated_coprocessor_v1/lab4_v2/export/lab4_v2/sw/lab4_v2/boot/fsbl.elf' is downloaded to processor 'psu_cortexa53_0'.
00:47:16 INFO  : 'set bp_47_16_fsbl_bp [bpadd -addr &XFsbl_Exit]' command is executed.
00:47:16 INFO  : 'con -block -timeout 60' command is executed.
00:47:16 INFO  : 'bpremove $bp_47_16_fsbl_bp' command is executed.
00:47:16 INFO  : Context for processor 'psu_cortexa53_0' is selected.
00:47:16 INFO  : Processor reset is completed for 'psu_cortexa53_0'.
00:47:17 INFO  : The application 'C:/Users/sunil/VivadoProjects/EE4218-Labs/Lab_3/integrated_coprocessor_v1/matrix_mult_lab4/Debug/matrix_mult_lab4.elf' is downloaded to processor 'psu_cortexa53_0'.
00:47:17 INFO  : 'configparams force-mem-access 0' command is executed.
00:47:17 INFO  : ----------------XSDB Script----------------
connect -url tcp:127.0.0.1:3121
source C:/Xilinx/Vitis/2023.2/scripts/vitis/util/zynqmp_utils.tcl
targets -set -nocase -filter {name =~"APU*"}
rst -system
after 3000
targets -set -filter {jtag_cable_name =~ "Xilinx X-MLCC-01 XFL1NH42KNRVA" && level==0 && jtag_device_ctx=="jsn-X-MLCC-01-XFL1NH42KNRVA-04724093-0"}
fpga -file C:/Users/sunil/VivadoProjects/EE4218-Labs/Lab_3/integrated_coprocessor_v1/matrix_mult_lab4/_ide/bitstream/design_lab4_2_wrapper.bit
targets -set -nocase -filter {name =~"APU*"}
loadhw -hw C:/Users/sunil/VivadoProjects/EE4218-Labs/Lab_3/integrated_coprocessor_v1/lab4_v2/export/lab4_v2/hw/design_lab4_2_wrapper.xsa -mem-ranges [list {0x80000000 0xbfffffff} {0x400000000 0x5ffffffff} {0x1000000000 0x7fffffffff}] -regs
configparams force-mem-access 1
targets -set -nocase -filter {name =~"APU*"}
set mode [expr [mrd -value 0xFF5E0200] & 0xf]
targets -set -nocase -filter {name =~ "*A53*#0"}
rst -processor
dow C:/Users/sunil/VivadoProjects/EE4218-Labs/Lab_3/integrated_coprocessor_v1/lab4_v2/export/lab4_v2/sw/lab4_v2/boot/fsbl.elf
set bp_47_16_fsbl_bp [bpadd -addr &XFsbl_Exit]
con -block -timeout 60
bpremove $bp_47_16_fsbl_bp
targets -set -nocase -filter {name =~ "*A53*#0"}
rst -processor
dow C:/Users/sunil/VivadoProjects/EE4218-Labs/Lab_3/integrated_coprocessor_v1/matrix_mult_lab4/Debug/matrix_mult_lab4.elf
configparams force-mem-access 0
----------------End of Script----------------

00:47:17 INFO  : Context for processor 'psu_cortexa53_0' is selected.
00:47:17 INFO  : 'con' command is executed.
00:47:17 INFO  : ----------------XSDB Script (After Launch)----------------
targets -set -nocase -filter {name =~ "*A53*#0"}
con
----------------End of Script----------------

00:47:17 INFO  : Launch script is exported to file 'C:\Users\sunil\VivadoProjects\EE4218-Labs\Lab_3\integrated_coprocessor_v1\matrix_mult_lab4_system\_ide\scripts\debugger_matrix_mult_lab4-default.tcl'
00:48:14 INFO  : Disconnected from the channel tcfchan#30.
00:48:26 INFO  : Checking for BSP changes to sync application flags for project 'matrix_mult_lab4'...
00:48:30 INFO  : Connected to target on host '127.0.0.1' and port '3121'.
00:48:33 INFO  : Jtag cable 'Xilinx X-MLCC-01 XFL1NH42KNRVA' is selected.
00:48:33 INFO  : 'jtag frequency' command is executed.
00:48:33 INFO  : Sourcing of 'C:/Xilinx/Vitis/2023.2/scripts/vitis/util/zynqmp_utils.tcl' is done.
00:48:35 INFO  : Context for 'APU' is selected.
00:48:35 INFO  : System reset is completed.
00:48:38 INFO  : 'after 3000' command is executed.
00:48:41 INFO  : 'targets -set -filter {jtag_cable_name =~ "Xilinx X-MLCC-01 XFL1NH42KNRVA" && level==0 && jtag_device_ctx=="jsn-X-MLCC-01-XFL1NH42KNRVA-04724093-0"}' command is executed.
00:48:46 INFO  : Device configured successfully with "C:/Users/sunil/VivadoProjects/EE4218-Labs/Lab_3/integrated_coprocessor_v1/matrix_mult_lab4/_ide/bitstream/design_lab4_2_wrapper.bit"
00:48:46 INFO  : Context for 'APU' is selected.
00:48:46 INFO  : Hardware design and registers information is loaded from 'C:/Users/sunil/VivadoProjects/EE4218-Labs/Lab_3/integrated_coprocessor_v1/lab4_v2/export/lab4_v2/hw/design_lab4_2_wrapper.xsa'.
00:48:46 INFO  : 'configparams force-mem-access 1' command is executed.
00:48:46 INFO  : Context for 'APU' is selected.
00:48:46 INFO  : Boot mode is read from the target.
00:48:46 INFO  : Context for processor 'psu_cortexa53_0' is selected.
00:48:46 INFO  : Processor reset is completed for 'psu_cortexa53_0'.
00:48:46 INFO  : The application 'C:/Users/sunil/VivadoProjects/EE4218-Labs/Lab_3/integrated_coprocessor_v1/lab4_v2/export/lab4_v2/sw/lab4_v2/boot/fsbl.elf' is downloaded to processor 'psu_cortexa53_0'.
00:48:47 INFO  : 'set bp_48_46_fsbl_bp [bpadd -addr &XFsbl_Exit]' command is executed.
00:48:47 INFO  : 'con -block -timeout 60' command is executed.
00:48:47 INFO  : 'bpremove $bp_48_46_fsbl_bp' command is executed.
00:48:47 INFO  : Context for processor 'psu_cortexa53_0' is selected.
00:48:47 INFO  : Processor reset is completed for 'psu_cortexa53_0'.
00:48:48 INFO  : The application 'C:/Users/sunil/VivadoProjects/EE4218-Labs/Lab_3/integrated_coprocessor_v1/matrix_mult_lab4/Debug/matrix_mult_lab4.elf' is downloaded to processor 'psu_cortexa53_0'.
00:48:48 INFO  : 'configparams force-mem-access 0' command is executed.
00:48:48 INFO  : ----------------XSDB Script----------------
connect -url tcp:127.0.0.1:3121
source C:/Xilinx/Vitis/2023.2/scripts/vitis/util/zynqmp_utils.tcl
targets -set -nocase -filter {name =~"APU*"}
rst -system
after 3000
targets -set -filter {jtag_cable_name =~ "Xilinx X-MLCC-01 XFL1NH42KNRVA" && level==0 && jtag_device_ctx=="jsn-X-MLCC-01-XFL1NH42KNRVA-04724093-0"}
fpga -file C:/Users/sunil/VivadoProjects/EE4218-Labs/Lab_3/integrated_coprocessor_v1/matrix_mult_lab4/_ide/bitstream/design_lab4_2_wrapper.bit
targets -set -nocase -filter {name =~"APU*"}
loadhw -hw C:/Users/sunil/VivadoProjects/EE4218-Labs/Lab_3/integrated_coprocessor_v1/lab4_v2/export/lab4_v2/hw/design_lab4_2_wrapper.xsa -mem-ranges [list {0x80000000 0xbfffffff} {0x400000000 0x5ffffffff} {0x1000000000 0x7fffffffff}] -regs
configparams force-mem-access 1
targets -set -nocase -filter {name =~"APU*"}
set mode [expr [mrd -value 0xFF5E0200] & 0xf]
targets -set -nocase -filter {name =~ "*A53*#0"}
rst -processor
dow C:/Users/sunil/VivadoProjects/EE4218-Labs/Lab_3/integrated_coprocessor_v1/lab4_v2/export/lab4_v2/sw/lab4_v2/boot/fsbl.elf
set bp_48_46_fsbl_bp [bpadd -addr &XFsbl_Exit]
con -block -timeout 60
bpremove $bp_48_46_fsbl_bp
targets -set -nocase -filter {name =~ "*A53*#0"}
rst -processor
dow C:/Users/sunil/VivadoProjects/EE4218-Labs/Lab_3/integrated_coprocessor_v1/matrix_mult_lab4/Debug/matrix_mult_lab4.elf
configparams force-mem-access 0
----------------End of Script----------------

00:48:48 INFO  : Context for processor 'psu_cortexa53_0' is selected.
00:48:48 INFO  : 'con' command is executed.
00:48:48 INFO  : ----------------XSDB Script (After Launch)----------------
targets -set -nocase -filter {name =~ "*A53*#0"}
con
----------------End of Script----------------

00:48:48 INFO  : Launch script is exported to file 'C:\Users\sunil\VivadoProjects\EE4218-Labs\Lab_3\integrated_coprocessor_v1\matrix_mult_lab4_system\_ide\scripts\debugger_matrix_mult_lab4-default.tcl'
00:51:18 INFO  : Disconnected from the channel tcfchan#31.
00:51:27 INFO  : Connected to target on host '127.0.0.1' and port '3121'.
00:51:29 INFO  : Jtag cable 'Xilinx X-MLCC-01 XFL1NH42KNRVA' is selected.
00:51:29 INFO  : 'jtag frequency' command is executed.
00:51:29 INFO  : Sourcing of 'C:/Xilinx/Vitis/2023.2/scripts/vitis/util/zynqmp_utils.tcl' is done.
00:51:29 INFO  : Context for 'APU' is selected.
00:51:29 INFO  : System reset is completed.
00:51:32 INFO  : 'after 3000' command is executed.
00:51:32 INFO  : 'targets -set -filter {jtag_cable_name =~ "Xilinx X-MLCC-01 XFL1NH42KNRVA" && level==0 && jtag_device_ctx=="jsn-X-MLCC-01-XFL1NH42KNRVA-04724093-0"}' command is executed.
00:51:37 INFO  : Device configured successfully with "C:/Users/sunil/VivadoProjects/EE4218-Labs/Lab_3/integrated_coprocessor_v1/matrix_mult_lab4/_ide/bitstream/design_lab4_2_wrapper.bit"
00:51:37 INFO  : Context for 'APU' is selected.
00:51:37 INFO  : Hardware design and registers information is loaded from 'C:/Users/sunil/VivadoProjects/EE4218-Labs/Lab_3/integrated_coprocessor_v1/lab4_v2/export/lab4_v2/hw/design_lab4_2_wrapper.xsa'.
00:51:37 INFO  : 'configparams force-mem-access 1' command is executed.
00:51:37 INFO  : Context for 'APU' is selected.
00:51:37 INFO  : Boot mode is read from the target.
00:51:37 INFO  : Context for processor 'psu_cortexa53_0' is selected.
00:51:37 INFO  : Processor reset is completed for 'psu_cortexa53_0'.
00:51:37 INFO  : The application 'C:/Users/sunil/VivadoProjects/EE4218-Labs/Lab_3/integrated_coprocessor_v1/lab4_v2/export/lab4_v2/sw/lab4_v2/boot/fsbl.elf' is downloaded to processor 'psu_cortexa53_0'.
00:51:37 INFO  : 'set bp_51_37_fsbl_bp [bpadd -addr &XFsbl_Exit]' command is executed.
00:51:38 INFO  : 'con -block -timeout 60' command is executed.
00:51:38 INFO  : 'bpremove $bp_51_37_fsbl_bp' command is executed.
00:51:38 INFO  : Context for processor 'psu_cortexa53_0' is selected.
00:51:38 INFO  : Processor reset is completed for 'psu_cortexa53_0'.
00:51:39 INFO  : The application 'C:/Users/sunil/VivadoProjects/EE4218-Labs/Lab_3/integrated_coprocessor_v1/matrix_mult_lab4/Debug/matrix_mult_lab4.elf' is downloaded to processor 'psu_cortexa53_0'.
00:51:39 INFO  : 'configparams force-mem-access 0' command is executed.
00:51:39 INFO  : ----------------XSDB Script----------------
connect -url tcp:127.0.0.1:3121
source C:/Xilinx/Vitis/2023.2/scripts/vitis/util/zynqmp_utils.tcl
targets -set -nocase -filter {name =~"APU*"}
rst -system
after 3000
targets -set -filter {jtag_cable_name =~ "Xilinx X-MLCC-01 XFL1NH42KNRVA" && level==0 && jtag_device_ctx=="jsn-X-MLCC-01-XFL1NH42KNRVA-04724093-0"}
fpga -file C:/Users/sunil/VivadoProjects/EE4218-Labs/Lab_3/integrated_coprocessor_v1/matrix_mult_lab4/_ide/bitstream/design_lab4_2_wrapper.bit
targets -set -nocase -filter {name =~"APU*"}
loadhw -hw C:/Users/sunil/VivadoProjects/EE4218-Labs/Lab_3/integrated_coprocessor_v1/lab4_v2/export/lab4_v2/hw/design_lab4_2_wrapper.xsa -mem-ranges [list {0x80000000 0xbfffffff} {0x400000000 0x5ffffffff} {0x1000000000 0x7fffffffff}] -regs
configparams force-mem-access 1
targets -set -nocase -filter {name =~"APU*"}
set mode [expr [mrd -value 0xFF5E0200] & 0xf]
targets -set -nocase -filter {name =~ "*A53*#0"}
rst -processor
dow C:/Users/sunil/VivadoProjects/EE4218-Labs/Lab_3/integrated_coprocessor_v1/lab4_v2/export/lab4_v2/sw/lab4_v2/boot/fsbl.elf
set bp_51_37_fsbl_bp [bpadd -addr &XFsbl_Exit]
con -block -timeout 60
bpremove $bp_51_37_fsbl_bp
targets -set -nocase -filter {name =~ "*A53*#0"}
rst -processor
dow C:/Users/sunil/VivadoProjects/EE4218-Labs/Lab_3/integrated_coprocessor_v1/matrix_mult_lab4/Debug/matrix_mult_lab4.elf
configparams force-mem-access 0
----------------End of Script----------------

00:51:39 INFO  : Context for processor 'psu_cortexa53_0' is selected.
00:51:39 INFO  : 'con' command is executed.
00:51:39 INFO  : ----------------XSDB Script (After Launch)----------------
targets -set -nocase -filter {name =~ "*A53*#0"}
con
----------------End of Script----------------

00:51:39 INFO  : Launch script is exported to file 'C:\Users\sunil\VivadoProjects\EE4218-Labs\Lab_3\integrated_coprocessor_v1\matrix_mult_lab4_system\_ide\scripts\debugger_matrix_mult_lab4-default.tcl'
00:54:24 INFO  : Disconnected from the channel tcfchan#32.
00:54:25 INFO  : Connected to target on host '127.0.0.1' and port '3121'.
00:54:28 INFO  : Jtag cable 'Xilinx X-MLCC-01 XFL1NH42KNRVA' is selected.
00:54:28 INFO  : 'jtag frequency' command is executed.
00:54:28 INFO  : Sourcing of 'C:/Xilinx/Vitis/2023.2/scripts/vitis/util/zynqmp_utils.tcl' is done.
00:54:28 INFO  : Context for 'APU' is selected.
00:54:28 INFO  : System reset is completed.
00:54:31 INFO  : 'after 3000' command is executed.
00:54:31 INFO  : Checking for BSP changes to sync application flags for project 'matrix_mult_lab4'...
00:54:31 INFO  : 'targets -set -filter {jtag_cable_name =~ "Xilinx X-MLCC-01 XFL1NH42KNRVA" && level==0 && jtag_device_ctx=="jsn-X-MLCC-01-XFL1NH42KNRVA-04724093-0"}' command is executed.
00:54:33 ERROR : 'fpga -file C:/Users/sunil/VivadoProjects/EE4218-Labs/Lab_3/integrated_coprocessor_v1/matrix_mult_lab4/_ide/bitstream/design_lab4_2_wrapper.bit' is cancelled.
00:54:33 ERROR : Exception occured while running Program Device.
java.lang.RuntimeException: 'fpga -file C:/Users/sunil/VivadoProjects/EE4218-Labs/Lab_3/integrated_coprocessor_v1/matrix_mult_lab4/_ide/bitstream/design_lab4_2_wrapper.bit' is cancelled.
00:54:33 INFO  : ----------------XSDB Script----------------
connect -url tcp:127.0.0.1:3121
source C:/Xilinx/Vitis/2023.2/scripts/vitis/util/zynqmp_utils.tcl
targets -set -nocase -filter {name =~"APU*"}
rst -system
after 3000
----------------End of Script----------------

00:54:33 ERROR : 'fpga -file C:/Users/sunil/VivadoProjects/EE4218-Labs/Lab_3/integrated_coprocessor_v1/matrix_mult_lab4/_ide/bitstream/design_lab4_2_wrapper.bit' is cancelled.
00:57:09 INFO  : Checking for BSP changes to sync application flags for project 'matrix_mult_lab4'...
00:57:14 INFO  : Connected to target on host '127.0.0.1' and port '3121'.
00:57:14 INFO  : Jtag cable 'Xilinx X-MLCC-01 XFL1NH42KNRVA' is selected.
00:57:14 INFO  : 'jtag frequency' command is executed.
00:57:14 INFO  : Sourcing of 'C:/Xilinx/Vitis/2023.2/scripts/vitis/util/zynqmp_utils.tcl' is done.
00:57:14 INFO  : Context for 'APU' is selected.
00:57:15 INFO  : System reset is completed.
00:57:18 INFO  : 'after 3000' command is executed.
00:57:18 INFO  : 'targets -set -filter {jtag_cable_name =~ "Xilinx X-MLCC-01 XFL1NH42KNRVA" && level==0 && jtag_device_ctx=="jsn-X-MLCC-01-XFL1NH42KNRVA-04724093-0"}' command is executed.
00:57:22 INFO  : Device configured successfully with "C:/Users/sunil/VivadoProjects/EE4218-Labs/Lab_3/integrated_coprocessor_v1/matrix_mult_lab4/_ide/bitstream/design_lab4_2_wrapper.bit"
00:57:22 INFO  : Context for 'APU' is selected.
00:57:22 INFO  : Hardware design and registers information is loaded from 'C:/Users/sunil/VivadoProjects/EE4218-Labs/Lab_3/integrated_coprocessor_v1/lab4_v2/export/lab4_v2/hw/design_lab4_2_wrapper.xsa'.
00:57:22 INFO  : 'configparams force-mem-access 1' command is executed.
00:57:22 INFO  : Context for 'APU' is selected.
00:57:22 INFO  : Boot mode is read from the target.
00:57:22 INFO  : Context for processor 'psu_cortexa53_0' is selected.
00:57:22 INFO  : Processor reset is completed for 'psu_cortexa53_0'.
00:57:23 INFO  : The application 'C:/Users/sunil/VivadoProjects/EE4218-Labs/Lab_3/integrated_coprocessor_v1/lab4_v2/export/lab4_v2/sw/lab4_v2/boot/fsbl.elf' is downloaded to processor 'psu_cortexa53_0'.
00:57:23 INFO  : 'set bp_57_23_fsbl_bp [bpadd -addr &XFsbl_Exit]' command is executed.
00:57:23 INFO  : 'con -block -timeout 60' command is executed.
00:57:23 INFO  : 'bpremove $bp_57_23_fsbl_bp' command is executed.
00:57:23 INFO  : Context for processor 'psu_cortexa53_0' is selected.
00:57:23 INFO  : Processor reset is completed for 'psu_cortexa53_0'.
00:57:24 INFO  : The application 'C:/Users/sunil/VivadoProjects/EE4218-Labs/Lab_3/integrated_coprocessor_v1/matrix_mult_lab4/Debug/matrix_mult_lab4.elf' is downloaded to processor 'psu_cortexa53_0'.
00:57:24 INFO  : 'configparams force-mem-access 0' command is executed.
00:57:24 INFO  : ----------------XSDB Script----------------
connect -url tcp:127.0.0.1:3121
source C:/Xilinx/Vitis/2023.2/scripts/vitis/util/zynqmp_utils.tcl
targets -set -nocase -filter {name =~"APU*"}
rst -system
after 3000
targets -set -filter {jtag_cable_name =~ "Xilinx X-MLCC-01 XFL1NH42KNRVA" && level==0 && jtag_device_ctx=="jsn-X-MLCC-01-XFL1NH42KNRVA-04724093-0"}
fpga -file C:/Users/sunil/VivadoProjects/EE4218-Labs/Lab_3/integrated_coprocessor_v1/matrix_mult_lab4/_ide/bitstream/design_lab4_2_wrapper.bit
targets -set -nocase -filter {name =~"APU*"}
loadhw -hw C:/Users/sunil/VivadoProjects/EE4218-Labs/Lab_3/integrated_coprocessor_v1/lab4_v2/export/lab4_v2/hw/design_lab4_2_wrapper.xsa -mem-ranges [list {0x80000000 0xbfffffff} {0x400000000 0x5ffffffff} {0x1000000000 0x7fffffffff}] -regs
configparams force-mem-access 1
targets -set -nocase -filter {name =~"APU*"}
set mode [expr [mrd -value 0xFF5E0200] & 0xf]
targets -set -nocase -filter {name =~ "*A53*#0"}
rst -processor
dow C:/Users/sunil/VivadoProjects/EE4218-Labs/Lab_3/integrated_coprocessor_v1/lab4_v2/export/lab4_v2/sw/lab4_v2/boot/fsbl.elf
set bp_57_23_fsbl_bp [bpadd -addr &XFsbl_Exit]
con -block -timeout 60
bpremove $bp_57_23_fsbl_bp
targets -set -nocase -filter {name =~ "*A53*#0"}
rst -processor
dow C:/Users/sunil/VivadoProjects/EE4218-Labs/Lab_3/integrated_coprocessor_v1/matrix_mult_lab4/Debug/matrix_mult_lab4.elf
configparams force-mem-access 0
----------------End of Script----------------

00:57:24 INFO  : Context for processor 'psu_cortexa53_0' is selected.
00:57:24 INFO  : 'con' command is executed.
00:57:24 INFO  : ----------------XSDB Script (After Launch)----------------
targets -set -nocase -filter {name =~ "*A53*#0"}
con
----------------End of Script----------------

00:57:24 INFO  : Launch script is exported to file 'C:\Users\sunil\VivadoProjects\EE4218-Labs\Lab_3\integrated_coprocessor_v1\matrix_mult_lab4_system\_ide\scripts\debugger_matrix_mult_lab4-default.tcl'
00:58:22 INFO  : TCF profiler data is exported to json file 'C:\Users\sunil\VivadoProjects\EE4218-Labs\Lab_3\integrated_coprocessor_v1\.tcf-profiler\profile_data_mar-18_00-58.tcfprof'
00:58:22 INFO  : TCF profiler data is exported to html file 'C:\Users\sunil\VivadoProjects\EE4218-Labs\Lab_3\integrated_coprocessor_v1\.tcf-profiler\profile_data_mar-18_00-58.html'
00:58:28 INFO  : TCF profiler data is exported to json file 'C:\Users\sunil\VivadoProjects\EE4218-Labs\Lab_3\integrated_coprocessor_v1\.tcf-profiler\profile_data_mar-18_00-58.tcfprof'
00:58:28 INFO  : TCF profiler data is exported to html file 'C:\Users\sunil\VivadoProjects\EE4218-Labs\Lab_3\integrated_coprocessor_v1\.tcf-profiler\profile_data_mar-18_00-58.html'
00:58:39 INFO  : Disconnected from the channel tcfchan#33.
00:58:45 INFO  : Connected to target on host '127.0.0.1' and port '3121'.
00:58:47 INFO  : Jtag cable 'Xilinx X-MLCC-01 XFL1NH42KNRVA' is selected.
00:58:47 INFO  : 'jtag frequency' command is executed.
00:58:47 INFO  : Sourcing of 'C:/Xilinx/Vitis/2023.2/scripts/vitis/util/zynqmp_utils.tcl' is done.
00:58:47 INFO  : Context for 'APU' is selected.
00:58:47 INFO  : System reset is completed.
00:58:50 INFO  : 'after 3000' command is executed.
00:58:50 INFO  : 'targets -set -filter {jtag_cable_name =~ "Xilinx X-MLCC-01 XFL1NH42KNRVA" && level==0 && jtag_device_ctx=="jsn-X-MLCC-01-XFL1NH42KNRVA-04724093-0"}' command is executed.
00:58:55 INFO  : Device configured successfully with "C:/Users/sunil/VivadoProjects/EE4218-Labs/Lab_3/integrated_coprocessor_v1/matrix_mult_lab4/_ide/bitstream/design_lab4_2_wrapper.bit"
00:58:55 INFO  : Context for 'APU' is selected.
00:58:55 INFO  : Hardware design and registers information is loaded from 'C:/Users/sunil/VivadoProjects/EE4218-Labs/Lab_3/integrated_coprocessor_v1/lab4_v2/export/lab4_v2/hw/design_lab4_2_wrapper.xsa'.
00:58:55 INFO  : 'configparams force-mem-access 1' command is executed.
00:58:55 INFO  : Context for 'APU' is selected.
00:58:55 INFO  : Boot mode is read from the target.
00:58:55 INFO  : Context for processor 'psu_cortexa53_0' is selected.
00:58:55 INFO  : Processor reset is completed for 'psu_cortexa53_0'.
00:58:55 INFO  : The application 'C:/Users/sunil/VivadoProjects/EE4218-Labs/Lab_3/integrated_coprocessor_v1/lab4_v2/export/lab4_v2/sw/lab4_v2/boot/fsbl.elf' is downloaded to processor 'psu_cortexa53_0'.
00:58:56 INFO  : 'set bp_58_55_fsbl_bp [bpadd -addr &XFsbl_Exit]' command is executed.
00:58:56 INFO  : 'con -block -timeout 60' command is executed.
00:58:56 INFO  : 'bpremove $bp_58_55_fsbl_bp' command is executed.
00:58:56 INFO  : Context for processor 'psu_cortexa53_0' is selected.
00:58:56 INFO  : Processor reset is completed for 'psu_cortexa53_0'.
00:58:57 INFO  : The application 'C:/Users/sunil/VivadoProjects/EE4218-Labs/Lab_3/integrated_coprocessor_v1/matrix_mult_lab4/Debug/matrix_mult_lab4.elf' is downloaded to processor 'psu_cortexa53_0'.
00:58:57 INFO  : 'configparams force-mem-access 0' command is executed.
00:58:57 INFO  : ----------------XSDB Script----------------
connect -url tcp:127.0.0.1:3121
source C:/Xilinx/Vitis/2023.2/scripts/vitis/util/zynqmp_utils.tcl
targets -set -nocase -filter {name =~"APU*"}
rst -system
after 3000
targets -set -filter {jtag_cable_name =~ "Xilinx X-MLCC-01 XFL1NH42KNRVA" && level==0 && jtag_device_ctx=="jsn-X-MLCC-01-XFL1NH42KNRVA-04724093-0"}
fpga -file C:/Users/sunil/VivadoProjects/EE4218-Labs/Lab_3/integrated_coprocessor_v1/matrix_mult_lab4/_ide/bitstream/design_lab4_2_wrapper.bit
targets -set -nocase -filter {name =~"APU*"}
loadhw -hw C:/Users/sunil/VivadoProjects/EE4218-Labs/Lab_3/integrated_coprocessor_v1/lab4_v2/export/lab4_v2/hw/design_lab4_2_wrapper.xsa -mem-ranges [list {0x80000000 0xbfffffff} {0x400000000 0x5ffffffff} {0x1000000000 0x7fffffffff}] -regs
configparams force-mem-access 1
targets -set -nocase -filter {name =~"APU*"}
set mode [expr [mrd -value 0xFF5E0200] & 0xf]
targets -set -nocase -filter {name =~ "*A53*#0"}
rst -processor
dow C:/Users/sunil/VivadoProjects/EE4218-Labs/Lab_3/integrated_coprocessor_v1/lab4_v2/export/lab4_v2/sw/lab4_v2/boot/fsbl.elf
set bp_58_55_fsbl_bp [bpadd -addr &XFsbl_Exit]
con -block -timeout 60
bpremove $bp_58_55_fsbl_bp
targets -set -nocase -filter {name =~ "*A53*#0"}
rst -processor
dow C:/Users/sunil/VivadoProjects/EE4218-Labs/Lab_3/integrated_coprocessor_v1/matrix_mult_lab4/Debug/matrix_mult_lab4.elf
configparams force-mem-access 0
----------------End of Script----------------

00:58:57 INFO  : Context for processor 'psu_cortexa53_0' is selected.
00:58:57 INFO  : 'con' command is executed.
00:58:57 INFO  : ----------------XSDB Script (After Launch)----------------
targets -set -nocase -filter {name =~ "*A53*#0"}
con
----------------End of Script----------------

00:58:57 INFO  : Launch script is exported to file 'C:\Users\sunil\VivadoProjects\EE4218-Labs\Lab_3\integrated_coprocessor_v1\matrix_mult_lab4_system\_ide\scripts\debugger_matrix_mult_lab4-default.tcl'
01:00:06 INFO  : Disconnected from the channel tcfchan#34.
01:00:08 INFO  : Connected to target on host '127.0.0.1' and port '3121'.
01:00:10 INFO  : Jtag cable 'Xilinx X-MLCC-01 XFL1NH42KNRVA' is selected.
01:00:10 INFO  : 'jtag frequency' command is executed.
01:00:10 INFO  : Sourcing of 'C:/Xilinx/Vitis/2023.2/scripts/vitis/util/zynqmp_utils.tcl' is done.
01:00:10 INFO  : Context for 'APU' is selected.
01:00:10 INFO  : System reset is completed.
01:00:13 INFO  : 'after 3000' command is executed.
01:00:13 INFO  : 'targets -set -filter {jtag_cable_name =~ "Xilinx X-MLCC-01 XFL1NH42KNRVA" && level==0 && jtag_device_ctx=="jsn-X-MLCC-01-XFL1NH42KNRVA-04724093-0"}' command is executed.
01:00:18 INFO  : Device configured successfully with "C:/Users/sunil/VivadoProjects/EE4218-Labs/Lab_3/integrated_coprocessor_v1/matrix_mult_lab4/_ide/bitstream/design_lab4_2_wrapper.bit"
01:00:18 INFO  : Context for 'APU' is selected.
01:00:18 INFO  : Hardware design and registers information is loaded from 'C:/Users/sunil/VivadoProjects/EE4218-Labs/Lab_3/integrated_coprocessor_v1/lab4_v2/export/lab4_v2/hw/design_lab4_2_wrapper.xsa'.
01:00:18 INFO  : 'configparams force-mem-access 1' command is executed.
01:00:18 INFO  : Context for 'APU' is selected.
01:00:18 INFO  : Boot mode is read from the target.
01:00:18 INFO  : Context for processor 'psu_cortexa53_0' is selected.
01:00:18 INFO  : Processor reset is completed for 'psu_cortexa53_0'.
01:00:19 INFO  : The application 'C:/Users/sunil/VivadoProjects/EE4218-Labs/Lab_3/integrated_coprocessor_v1/lab4_v2/export/lab4_v2/sw/lab4_v2/boot/fsbl.elf' is downloaded to processor 'psu_cortexa53_0'.
01:00:19 INFO  : 'set bp_0_19_fsbl_bp [bpadd -addr &XFsbl_Exit]' command is executed.
01:00:19 INFO  : 'con -block -timeout 60' command is executed.
01:00:19 INFO  : 'bpremove $bp_0_19_fsbl_bp' command is executed.
01:00:19 INFO  : Context for processor 'psu_cortexa53_0' is selected.
01:00:19 INFO  : Processor reset is completed for 'psu_cortexa53_0'.
01:00:20 INFO  : The application 'C:/Users/sunil/VivadoProjects/EE4218-Labs/Lab_3/integrated_coprocessor_v1/matrix_mult_lab4/Debug/matrix_mult_lab4.elf' is downloaded to processor 'psu_cortexa53_0'.
01:00:20 INFO  : 'configparams force-mem-access 0' command is executed.
01:00:20 INFO  : ----------------XSDB Script----------------
connect -url tcp:127.0.0.1:3121
source C:/Xilinx/Vitis/2023.2/scripts/vitis/util/zynqmp_utils.tcl
targets -set -nocase -filter {name =~"APU*"}
rst -system
after 3000
targets -set -filter {jtag_cable_name =~ "Xilinx X-MLCC-01 XFL1NH42KNRVA" && level==0 && jtag_device_ctx=="jsn-X-MLCC-01-XFL1NH42KNRVA-04724093-0"}
fpga -file C:/Users/sunil/VivadoProjects/EE4218-Labs/Lab_3/integrated_coprocessor_v1/matrix_mult_lab4/_ide/bitstream/design_lab4_2_wrapper.bit
targets -set -nocase -filter {name =~"APU*"}
loadhw -hw C:/Users/sunil/VivadoProjects/EE4218-Labs/Lab_3/integrated_coprocessor_v1/lab4_v2/export/lab4_v2/hw/design_lab4_2_wrapper.xsa -mem-ranges [list {0x80000000 0xbfffffff} {0x400000000 0x5ffffffff} {0x1000000000 0x7fffffffff}] -regs
configparams force-mem-access 1
targets -set -nocase -filter {name =~"APU*"}
set mode [expr [mrd -value 0xFF5E0200] & 0xf]
targets -set -nocase -filter {name =~ "*A53*#0"}
rst -processor
dow C:/Users/sunil/VivadoProjects/EE4218-Labs/Lab_3/integrated_coprocessor_v1/lab4_v2/export/lab4_v2/sw/lab4_v2/boot/fsbl.elf
set bp_0_19_fsbl_bp [bpadd -addr &XFsbl_Exit]
con -block -timeout 60
bpremove $bp_0_19_fsbl_bp
targets -set -nocase -filter {name =~ "*A53*#0"}
rst -processor
dow C:/Users/sunil/VivadoProjects/EE4218-Labs/Lab_3/integrated_coprocessor_v1/matrix_mult_lab4/Debug/matrix_mult_lab4.elf
configparams force-mem-access 0
----------------End of Script----------------

01:00:20 INFO  : Context for processor 'psu_cortexa53_0' is selected.
01:00:20 INFO  : 'con' command is executed.
01:00:20 INFO  : ----------------XSDB Script (After Launch)----------------
targets -set -nocase -filter {name =~ "*A53*#0"}
con
----------------End of Script----------------

01:00:20 INFO  : Launch script is exported to file 'C:\Users\sunil\VivadoProjects\EE4218-Labs\Lab_3\integrated_coprocessor_v1\matrix_mult_lab4_system\_ide\scripts\debugger_matrix_mult_lab4-default.tcl'
01:05:00 INFO  : Disconnected from the channel tcfchan#35.
01:05:04 INFO  : Checking for BSP changes to sync application flags for project 'matrix_mult_lab4'...
01:05:05 INFO  : Connected to target on host '127.0.0.1' and port '3121'.
01:05:07 INFO  : Jtag cable 'Xilinx X-MLCC-01 XFL1NH42KNRVA' is selected.
01:05:07 INFO  : 'jtag frequency' command is executed.
01:05:07 INFO  : Sourcing of 'C:/Xilinx/Vitis/2023.2/scripts/vitis/util/zynqmp_utils.tcl' is done.
01:05:07 INFO  : Context for 'APU' is selected.
01:05:07 INFO  : System reset is completed.
01:05:10 INFO  : 'after 3000' command is executed.
01:05:10 INFO  : 'targets -set -filter {jtag_cable_name =~ "Xilinx X-MLCC-01 XFL1NH42KNRVA" && level==0 && jtag_device_ctx=="jsn-X-MLCC-01-XFL1NH42KNRVA-04724093-0"}' command is executed.
01:05:15 INFO  : Device configured successfully with "C:/Users/sunil/VivadoProjects/EE4218-Labs/Lab_3/integrated_coprocessor_v1/matrix_mult_lab4/_ide/bitstream/design_lab4_2_wrapper.bit"
01:05:15 INFO  : Context for 'APU' is selected.
01:05:15 INFO  : Hardware design and registers information is loaded from 'C:/Users/sunil/VivadoProjects/EE4218-Labs/Lab_3/integrated_coprocessor_v1/lab4_v2/export/lab4_v2/hw/design_lab4_2_wrapper.xsa'.
01:05:15 INFO  : 'configparams force-mem-access 1' command is executed.
01:05:15 INFO  : Context for 'APU' is selected.
01:05:15 INFO  : Boot mode is read from the target.
01:05:15 INFO  : Context for processor 'psu_cortexa53_0' is selected.
01:05:15 INFO  : Processor reset is completed for 'psu_cortexa53_0'.
01:05:15 INFO  : The application 'C:/Users/sunil/VivadoProjects/EE4218-Labs/Lab_3/integrated_coprocessor_v1/lab4_v2/export/lab4_v2/sw/lab4_v2/boot/fsbl.elf' is downloaded to processor 'psu_cortexa53_0'.
01:05:15 INFO  : 'set bp_5_15_fsbl_bp [bpadd -addr &XFsbl_Exit]' command is executed.
01:05:16 INFO  : 'con -block -timeout 60' command is executed.
01:05:16 INFO  : 'bpremove $bp_5_15_fsbl_bp' command is executed.
01:05:16 INFO  : Context for processor 'psu_cortexa53_0' is selected.
01:05:16 INFO  : Processor reset is completed for 'psu_cortexa53_0'.
01:05:17 INFO  : The application 'C:/Users/sunil/VivadoProjects/EE4218-Labs/Lab_3/integrated_coprocessor_v1/matrix_mult_lab4/Debug/matrix_mult_lab4.elf' is downloaded to processor 'psu_cortexa53_0'.
01:05:17 INFO  : 'configparams force-mem-access 0' command is executed.
01:05:17 INFO  : ----------------XSDB Script----------------
connect -url tcp:127.0.0.1:3121
source C:/Xilinx/Vitis/2023.2/scripts/vitis/util/zynqmp_utils.tcl
targets -set -nocase -filter {name =~"APU*"}
rst -system
after 3000
targets -set -filter {jtag_cable_name =~ "Xilinx X-MLCC-01 XFL1NH42KNRVA" && level==0 && jtag_device_ctx=="jsn-X-MLCC-01-XFL1NH42KNRVA-04724093-0"}
fpga -file C:/Users/sunil/VivadoProjects/EE4218-Labs/Lab_3/integrated_coprocessor_v1/matrix_mult_lab4/_ide/bitstream/design_lab4_2_wrapper.bit
targets -set -nocase -filter {name =~"APU*"}
loadhw -hw C:/Users/sunil/VivadoProjects/EE4218-Labs/Lab_3/integrated_coprocessor_v1/lab4_v2/export/lab4_v2/hw/design_lab4_2_wrapper.xsa -mem-ranges [list {0x80000000 0xbfffffff} {0x400000000 0x5ffffffff} {0x1000000000 0x7fffffffff}] -regs
configparams force-mem-access 1
targets -set -nocase -filter {name =~"APU*"}
set mode [expr [mrd -value 0xFF5E0200] & 0xf]
targets -set -nocase -filter {name =~ "*A53*#0"}
rst -processor
dow C:/Users/sunil/VivadoProjects/EE4218-Labs/Lab_3/integrated_coprocessor_v1/lab4_v2/export/lab4_v2/sw/lab4_v2/boot/fsbl.elf
set bp_5_15_fsbl_bp [bpadd -addr &XFsbl_Exit]
con -block -timeout 60
bpremove $bp_5_15_fsbl_bp
targets -set -nocase -filter {name =~ "*A53*#0"}
rst -processor
dow C:/Users/sunil/VivadoProjects/EE4218-Labs/Lab_3/integrated_coprocessor_v1/matrix_mult_lab4/Debug/matrix_mult_lab4.elf
configparams force-mem-access 0
----------------End of Script----------------

01:05:17 INFO  : Context for processor 'psu_cortexa53_0' is selected.
01:05:17 INFO  : 'con' command is executed.
01:05:17 INFO  : ----------------XSDB Script (After Launch)----------------
targets -set -nocase -filter {name =~ "*A53*#0"}
con
----------------End of Script----------------

01:05:17 INFO  : Launch script is exported to file 'C:\Users\sunil\VivadoProjects\EE4218-Labs\Lab_3\integrated_coprocessor_v1\matrix_mult_lab4_system\_ide\scripts\debugger_matrix_mult_lab4-default.tcl'
01:06:25 INFO  : Disconnected from the channel tcfchan#36.
01:06:27 INFO  : Connected to target on host '127.0.0.1' and port '3121'.
01:06:28 INFO  : Jtag cable 'Xilinx X-MLCC-01 XFL1NH42KNRVA' is selected.
01:06:29 INFO  : 'jtag frequency' command is executed.
01:06:29 INFO  : Sourcing of 'C:/Xilinx/Vitis/2023.2/scripts/vitis/util/zynqmp_utils.tcl' is done.
01:06:29 INFO  : Context for 'APU' is selected.
01:06:29 INFO  : System reset is completed.
01:06:32 INFO  : 'after 3000' command is executed.
01:06:32 INFO  : 'targets -set -filter {jtag_cable_name =~ "Xilinx X-MLCC-01 XFL1NH42KNRVA" && level==0 && jtag_device_ctx=="jsn-X-MLCC-01-XFL1NH42KNRVA-04724093-0"}' command is executed.
01:06:36 INFO  : Device configured successfully with "C:/Users/sunil/VivadoProjects/EE4218-Labs/Lab_3/integrated_coprocessor_v1/matrix_mult_lab4/_ide/bitstream/design_lab4_2_wrapper.bit"
01:06:36 INFO  : Context for 'APU' is selected.
01:06:36 INFO  : Hardware design and registers information is loaded from 'C:/Users/sunil/VivadoProjects/EE4218-Labs/Lab_3/integrated_coprocessor_v1/lab4_v2/export/lab4_v2/hw/design_lab4_2_wrapper.xsa'.
01:06:36 INFO  : 'configparams force-mem-access 1' command is executed.
01:06:36 INFO  : Context for 'APU' is selected.
01:06:36 INFO  : Boot mode is read from the target.
01:06:36 INFO  : Context for processor 'psu_cortexa53_0' is selected.
01:06:37 INFO  : Processor reset is completed for 'psu_cortexa53_0'.
01:06:37 INFO  : The application 'C:/Users/sunil/VivadoProjects/EE4218-Labs/Lab_3/integrated_coprocessor_v1/lab4_v2/export/lab4_v2/sw/lab4_v2/boot/fsbl.elf' is downloaded to processor 'psu_cortexa53_0'.
01:06:37 INFO  : 'set bp_6_37_fsbl_bp [bpadd -addr &XFsbl_Exit]' command is executed.
01:06:37 INFO  : 'con -block -timeout 60' command is executed.
01:06:37 INFO  : 'bpremove $bp_6_37_fsbl_bp' command is executed.
01:06:37 INFO  : Context for processor 'psu_cortexa53_0' is selected.
01:06:37 INFO  : Processor reset is completed for 'psu_cortexa53_0'.
01:06:38 INFO  : The application 'C:/Users/sunil/VivadoProjects/EE4218-Labs/Lab_3/integrated_coprocessor_v1/matrix_mult_lab4/Debug/matrix_mult_lab4.elf' is downloaded to processor 'psu_cortexa53_0'.
01:06:38 INFO  : 'configparams force-mem-access 0' command is executed.
01:06:38 INFO  : ----------------XSDB Script----------------
connect -url tcp:127.0.0.1:3121
source C:/Xilinx/Vitis/2023.2/scripts/vitis/util/zynqmp_utils.tcl
targets -set -nocase -filter {name =~"APU*"}
rst -system
after 3000
targets -set -filter {jtag_cable_name =~ "Xilinx X-MLCC-01 XFL1NH42KNRVA" && level==0 && jtag_device_ctx=="jsn-X-MLCC-01-XFL1NH42KNRVA-04724093-0"}
fpga -file C:/Users/sunil/VivadoProjects/EE4218-Labs/Lab_3/integrated_coprocessor_v1/matrix_mult_lab4/_ide/bitstream/design_lab4_2_wrapper.bit
targets -set -nocase -filter {name =~"APU*"}
loadhw -hw C:/Users/sunil/VivadoProjects/EE4218-Labs/Lab_3/integrated_coprocessor_v1/lab4_v2/export/lab4_v2/hw/design_lab4_2_wrapper.xsa -mem-ranges [list {0x80000000 0xbfffffff} {0x400000000 0x5ffffffff} {0x1000000000 0x7fffffffff}] -regs
configparams force-mem-access 1
targets -set -nocase -filter {name =~"APU*"}
set mode [expr [mrd -value 0xFF5E0200] & 0xf]
targets -set -nocase -filter {name =~ "*A53*#0"}
rst -processor
dow C:/Users/sunil/VivadoProjects/EE4218-Labs/Lab_3/integrated_coprocessor_v1/lab4_v2/export/lab4_v2/sw/lab4_v2/boot/fsbl.elf
set bp_6_37_fsbl_bp [bpadd -addr &XFsbl_Exit]
con -block -timeout 60
bpremove $bp_6_37_fsbl_bp
targets -set -nocase -filter {name =~ "*A53*#0"}
rst -processor
dow C:/Users/sunil/VivadoProjects/EE4218-Labs/Lab_3/integrated_coprocessor_v1/matrix_mult_lab4/Debug/matrix_mult_lab4.elf
configparams force-mem-access 0
----------------End of Script----------------

01:06:38 INFO  : Context for processor 'psu_cortexa53_0' is selected.
01:06:38 INFO  : 'con' command is executed.
01:06:38 INFO  : ----------------XSDB Script (After Launch)----------------
targets -set -nocase -filter {name =~ "*A53*#0"}
con
----------------End of Script----------------

01:06:38 INFO  : Launch script is exported to file 'C:\Users\sunil\VivadoProjects\EE4218-Labs\Lab_3\integrated_coprocessor_v1\matrix_mult_lab4_system\_ide\scripts\debugger_matrix_mult_lab4-default.tcl'
01:07:24 INFO  : Disconnected from the channel tcfchan#37.
01:07:35 INFO  : Connected to target on host '127.0.0.1' and port '3121'.
01:07:37 INFO  : Jtag cable 'Xilinx X-MLCC-01 XFL1NH42KNRVA' is selected.
01:07:37 INFO  : 'jtag frequency' command is executed.
01:07:37 INFO  : Sourcing of 'C:/Xilinx/Vitis/2023.2/scripts/vitis/util/zynqmp_utils.tcl' is done.
01:07:37 INFO  : Context for 'APU' is selected.
01:07:37 INFO  : System reset is completed.
01:07:40 INFO  : 'after 3000' command is executed.
01:07:40 INFO  : 'targets -set -filter {jtag_cable_name =~ "Xilinx X-MLCC-01 XFL1NH42KNRVA" && level==0 && jtag_device_ctx=="jsn-X-MLCC-01-XFL1NH42KNRVA-04724093-0"}' command is executed.
01:07:44 INFO  : Device configured successfully with "C:/Users/sunil/VivadoProjects/EE4218-Labs/Lab_3/integrated_coprocessor_v1/matrix_mult_lab4/_ide/bitstream/design_lab4_2_wrapper.bit"
01:07:44 INFO  : Context for 'APU' is selected.
01:07:44 INFO  : Hardware design and registers information is loaded from 'C:/Users/sunil/VivadoProjects/EE4218-Labs/Lab_3/integrated_coprocessor_v1/lab4_v2/export/lab4_v2/hw/design_lab4_2_wrapper.xsa'.
01:07:44 INFO  : 'configparams force-mem-access 1' command is executed.
01:07:45 INFO  : Context for 'APU' is selected.
01:07:45 INFO  : Boot mode is read from the target.
01:07:45 INFO  : Context for processor 'psu_cortexa53_0' is selected.
01:07:45 INFO  : Processor reset is completed for 'psu_cortexa53_0'.
01:07:45 INFO  : The application 'C:/Users/sunil/VivadoProjects/EE4218-Labs/Lab_3/integrated_coprocessor_v1/lab4_v2/export/lab4_v2/sw/lab4_v2/boot/fsbl.elf' is downloaded to processor 'psu_cortexa53_0'.
01:07:45 INFO  : 'set bp_7_45_fsbl_bp [bpadd -addr &XFsbl_Exit]' command is executed.
01:07:45 INFO  : 'con -block -timeout 60' command is executed.
01:07:45 INFO  : 'bpremove $bp_7_45_fsbl_bp' command is executed.
01:07:45 INFO  : Context for processor 'psu_cortexa53_0' is selected.
01:07:45 INFO  : Processor reset is completed for 'psu_cortexa53_0'.
01:07:46 INFO  : The application 'C:/Users/sunil/VivadoProjects/EE4218-Labs/Lab_3/integrated_coprocessor_v1/matrix_mult_lab4/Debug/matrix_mult_lab4.elf' is downloaded to processor 'psu_cortexa53_0'.
01:07:46 INFO  : 'configparams force-mem-access 0' command is executed.
01:07:46 INFO  : ----------------XSDB Script----------------
connect -url tcp:127.0.0.1:3121
source C:/Xilinx/Vitis/2023.2/scripts/vitis/util/zynqmp_utils.tcl
targets -set -nocase -filter {name =~"APU*"}
rst -system
after 3000
targets -set -filter {jtag_cable_name =~ "Xilinx X-MLCC-01 XFL1NH42KNRVA" && level==0 && jtag_device_ctx=="jsn-X-MLCC-01-XFL1NH42KNRVA-04724093-0"}
fpga -file C:/Users/sunil/VivadoProjects/EE4218-Labs/Lab_3/integrated_coprocessor_v1/matrix_mult_lab4/_ide/bitstream/design_lab4_2_wrapper.bit
targets -set -nocase -filter {name =~"APU*"}
loadhw -hw C:/Users/sunil/VivadoProjects/EE4218-Labs/Lab_3/integrated_coprocessor_v1/lab4_v2/export/lab4_v2/hw/design_lab4_2_wrapper.xsa -mem-ranges [list {0x80000000 0xbfffffff} {0x400000000 0x5ffffffff} {0x1000000000 0x7fffffffff}] -regs
configparams force-mem-access 1
targets -set -nocase -filter {name =~"APU*"}
set mode [expr [mrd -value 0xFF5E0200] & 0xf]
targets -set -nocase -filter {name =~ "*A53*#0"}
rst -processor
dow C:/Users/sunil/VivadoProjects/EE4218-Labs/Lab_3/integrated_coprocessor_v1/lab4_v2/export/lab4_v2/sw/lab4_v2/boot/fsbl.elf
set bp_7_45_fsbl_bp [bpadd -addr &XFsbl_Exit]
con -block -timeout 60
bpremove $bp_7_45_fsbl_bp
targets -set -nocase -filter {name =~ "*A53*#0"}
rst -processor
dow C:/Users/sunil/VivadoProjects/EE4218-Labs/Lab_3/integrated_coprocessor_v1/matrix_mult_lab4/Debug/matrix_mult_lab4.elf
configparams force-mem-access 0
----------------End of Script----------------

01:07:46 INFO  : Context for processor 'psu_cortexa53_0' is selected.
01:07:46 INFO  : 'con' command is executed.
01:07:46 INFO  : ----------------XSDB Script (After Launch)----------------
targets -set -nocase -filter {name =~ "*A53*#0"}
con
----------------End of Script----------------

01:07:46 INFO  : Launch script is exported to file 'C:\Users\sunil\VivadoProjects\EE4218-Labs\Lab_3\integrated_coprocessor_v1\matrix_mult_lab4_system\_ide\scripts\debugger_matrix_mult_lab4-default.tcl'
01:09:06 INFO  : Disconnected from the channel tcfchan#38.
01:09:09 INFO  : Checking for BSP changes to sync application flags for project 'matrix_mult_lab4'...
01:09:12 INFO  : Connected to target on host '127.0.0.1' and port '3121'.
01:09:13 INFO  : Jtag cable 'Xilinx X-MLCC-01 XFL1NH42KNRVA' is selected.
01:09:13 INFO  : 'jtag frequency' command is executed.
01:09:13 INFO  : Sourcing of 'C:/Xilinx/Vitis/2023.2/scripts/vitis/util/zynqmp_utils.tcl' is done.
01:09:13 INFO  : Context for 'APU' is selected.
01:09:14 INFO  : System reset is completed.
01:09:17 INFO  : 'after 3000' command is executed.
01:09:17 INFO  : 'targets -set -filter {jtag_cable_name =~ "Xilinx X-MLCC-01 XFL1NH42KNRVA" && level==0 && jtag_device_ctx=="jsn-X-MLCC-01-XFL1NH42KNRVA-04724093-0"}' command is executed.
01:09:21 INFO  : Device configured successfully with "C:/Users/sunil/VivadoProjects/EE4218-Labs/Lab_3/integrated_coprocessor_v1/matrix_mult_lab4/_ide/bitstream/design_lab4_2_wrapper.bit"
01:09:21 INFO  : Context for 'APU' is selected.
01:09:21 INFO  : Hardware design and registers information is loaded from 'C:/Users/sunil/VivadoProjects/EE4218-Labs/Lab_3/integrated_coprocessor_v1/lab4_v2/export/lab4_v2/hw/design_lab4_2_wrapper.xsa'.
01:09:21 INFO  : 'configparams force-mem-access 1' command is executed.
01:09:21 INFO  : Context for 'APU' is selected.
01:09:21 INFO  : Boot mode is read from the target.
01:09:21 INFO  : Context for processor 'psu_cortexa53_0' is selected.
01:09:21 INFO  : Processor reset is completed for 'psu_cortexa53_0'.
01:09:22 INFO  : The application 'C:/Users/sunil/VivadoProjects/EE4218-Labs/Lab_3/integrated_coprocessor_v1/lab4_v2/export/lab4_v2/sw/lab4_v2/boot/fsbl.elf' is downloaded to processor 'psu_cortexa53_0'.
01:09:22 INFO  : 'set bp_9_22_fsbl_bp [bpadd -addr &XFsbl_Exit]' command is executed.
01:09:22 INFO  : 'con -block -timeout 60' command is executed.
01:09:22 INFO  : 'bpremove $bp_9_22_fsbl_bp' command is executed.
01:09:22 INFO  : Context for processor 'psu_cortexa53_0' is selected.
01:09:22 INFO  : Processor reset is completed for 'psu_cortexa53_0'.
01:09:23 INFO  : The application 'C:/Users/sunil/VivadoProjects/EE4218-Labs/Lab_3/integrated_coprocessor_v1/matrix_mult_lab4/Debug/matrix_mult_lab4.elf' is downloaded to processor 'psu_cortexa53_0'.
01:09:23 INFO  : 'configparams force-mem-access 0' command is executed.
01:09:23 INFO  : ----------------XSDB Script----------------
connect -url tcp:127.0.0.1:3121
source C:/Xilinx/Vitis/2023.2/scripts/vitis/util/zynqmp_utils.tcl
targets -set -nocase -filter {name =~"APU*"}
rst -system
after 3000
targets -set -filter {jtag_cable_name =~ "Xilinx X-MLCC-01 XFL1NH42KNRVA" && level==0 && jtag_device_ctx=="jsn-X-MLCC-01-XFL1NH42KNRVA-04724093-0"}
fpga -file C:/Users/sunil/VivadoProjects/EE4218-Labs/Lab_3/integrated_coprocessor_v1/matrix_mult_lab4/_ide/bitstream/design_lab4_2_wrapper.bit
targets -set -nocase -filter {name =~"APU*"}
loadhw -hw C:/Users/sunil/VivadoProjects/EE4218-Labs/Lab_3/integrated_coprocessor_v1/lab4_v2/export/lab4_v2/hw/design_lab4_2_wrapper.xsa -mem-ranges [list {0x80000000 0xbfffffff} {0x400000000 0x5ffffffff} {0x1000000000 0x7fffffffff}] -regs
configparams force-mem-access 1
targets -set -nocase -filter {name =~"APU*"}
set mode [expr [mrd -value 0xFF5E0200] & 0xf]
targets -set -nocase -filter {name =~ "*A53*#0"}
rst -processor
dow C:/Users/sunil/VivadoProjects/EE4218-Labs/Lab_3/integrated_coprocessor_v1/lab4_v2/export/lab4_v2/sw/lab4_v2/boot/fsbl.elf
set bp_9_22_fsbl_bp [bpadd -addr &XFsbl_Exit]
con -block -timeout 60
bpremove $bp_9_22_fsbl_bp
targets -set -nocase -filter {name =~ "*A53*#0"}
rst -processor
dow C:/Users/sunil/VivadoProjects/EE4218-Labs/Lab_3/integrated_coprocessor_v1/matrix_mult_lab4/Debug/matrix_mult_lab4.elf
configparams force-mem-access 0
----------------End of Script----------------

01:09:23 INFO  : Context for processor 'psu_cortexa53_0' is selected.
01:09:23 INFO  : 'con' command is executed.
01:09:23 INFO  : ----------------XSDB Script (After Launch)----------------
targets -set -nocase -filter {name =~ "*A53*#0"}
con
----------------End of Script----------------

01:09:23 INFO  : Launch script is exported to file 'C:\Users\sunil\VivadoProjects\EE4218-Labs\Lab_3\integrated_coprocessor_v1\matrix_mult_lab4_system\_ide\scripts\debugger_matrix_mult_lab4-default.tcl'
01:10:31 INFO  : Disconnected from the channel tcfchan#39.
00:22:38 DEBUG : Logs will be stored at 'C:/Users/sunil/VivadoProjects/EE4218Labs/Lab4/lab4_hw_platform/integrated_coprocessor_v1/IDE.log'.
00:22:39 INFO  : Launching XSCT server: xsct.bat -n  -interactive C:\Users\sunil\VivadoProjects\EE4218Labs\Lab4\lab4_hw_platform\integrated_coprocessor_v1\temp_xsdb_launch_script.tcl
00:22:42 INFO  : XSCT server has started successfully.
00:22:42 INFO  : Successfully done setting XSCT server connection channel  
00:22:42 INFO  : plnx-install-location is set to ''
00:22:42 INFO  : Successfully done setting workspace for the tool. 
00:25:56 INFO  : Registering command handlers for Vitis TCF services
00:25:56 INFO  : Successfully done query RDI_DATADIR 
00:25:57 INFO  : Platform repository initialization has completed.
00:29:12 INFO  : Checking for BSP changes to sync application flags for project 'matrix_mult_lab4'...
00:29:23 INFO  : Checking for BSP changes to sync application flags for project 'matrix_mult_lab4'...
00:29:28 INFO  : Checking for BSP changes to sync application flags for project 'matrix_mult_lab4'...
00:30:04 INFO  : Connected to target on host '127.0.0.1' and port '3121'.
00:30:08 INFO  : Jtag cable 'Xilinx X-MLCC-01 XFL1NH42KNRVA' is selected.
00:30:08 INFO  : 'jtag frequency' command is executed.
00:30:08 INFO  : Sourcing of 'C:/Xilinx/Vitis/2023.2/scripts/vitis/util/zynqmp_utils.tcl' is done.
00:30:10 INFO  : Context for 'APU' is selected.
00:30:11 INFO  : System reset is completed.
00:30:14 INFO  : 'after 3000' command is executed.
00:30:15 INFO  : 'targets -set -filter {jtag_cable_name =~ "Xilinx X-MLCC-01 XFL1NH42KNRVA" && level==0 && jtag_device_ctx=="jsn-X-MLCC-01-XFL1NH42KNRVA-04724093-0"}' command is executed.
00:30:20 INFO  : Device configured successfully with "C:/Users/sunil/VivadoProjects/EE4218Labs/Lab4/lab4_hw_platform/integrated_coprocessor_v1/matrix_mult_lab4/_ide/bitstream/design_lab4_2_wrapper.bit"
00:30:20 INFO  : Context for 'APU' is selected.
00:30:21 INFO  : Hardware design and registers information is loaded from 'C:/Users/sunil/VivadoProjects/EE4218Labs/Lab4/lab4_hw_platform/integrated_coprocessor_v1/lab4_v2/export/lab4_v2/hw/design_lab4_2_wrapper.xsa'.
00:30:21 INFO  : 'configparams force-mem-access 1' command is executed.
00:30:21 INFO  : Context for 'APU' is selected.
00:30:21 INFO  : Boot mode is read from the target.
00:30:25 INFO  : Boot mode of the target is set to jtag.
00:30:25 INFO  : Context for processor 'psu_cortexa53_0' is selected.
00:30:25 INFO  : Processor reset is completed for 'psu_cortexa53_0'.
00:30:25 INFO  : The application 'C:/Users/sunil/VivadoProjects/EE4218Labs/Lab4/lab4_hw_platform/integrated_coprocessor_v1/lab4_v2/export/lab4_v2/sw/lab4_v2/boot/fsbl.elf' is downloaded to processor 'psu_cortexa53_0'.
00:30:25 INFO  : 'set bp_30_25_fsbl_bp [bpadd -addr &XFsbl_Exit]' command is executed.
00:30:26 INFO  : 'con -block -timeout 60' command is executed.
00:30:27 INFO  : 'bpremove $bp_30_25_fsbl_bp' command is executed.
00:30:27 INFO  : Context for processor 'psu_cortexa53_0' is selected.
00:30:27 INFO  : Processor reset is completed for 'psu_cortexa53_0'.
00:30:27 ERROR : Memory write error at 0x0. Cortex-A53 #0: EDITR not ready
00:30:27 INFO  : ----------------XSDB Script----------------
connect -url tcp:127.0.0.1:3121
source C:/Xilinx/Vitis/2023.2/scripts/vitis/util/zynqmp_utils.tcl
targets -set -nocase -filter {name =~"APU*"}
rst -system
after 3000
targets -set -filter {jtag_cable_name =~ "Xilinx X-MLCC-01 XFL1NH42KNRVA" && level==0 && jtag_device_ctx=="jsn-X-MLCC-01-XFL1NH42KNRVA-04724093-0"}
fpga -file C:/Users/sunil/VivadoProjects/EE4218Labs/Lab4/lab4_hw_platform/integrated_coprocessor_v1/matrix_mult_lab4/_ide/bitstream/design_lab4_2_wrapper.bit
targets -set -nocase -filter {name =~"APU*"}
loadhw -hw C:/Users/sunil/VivadoProjects/EE4218Labs/Lab4/lab4_hw_platform/integrated_coprocessor_v1/lab4_v2/export/lab4_v2/hw/design_lab4_2_wrapper.xsa -mem-ranges [list {0x80000000 0xbfffffff} {0x400000000 0x5ffffffff} {0x1000000000 0x7fffffffff}] -regs
configparams force-mem-access 1
targets -set -nocase -filter {name =~"APU*"}
set mode [expr [mrd -value 0xFF5E0200] & 0xf]
mask_write 0xFF5E0200 0xf000 0
targets -set -nocase -filter {name =~ "*A53*#0"}
rst -processor
dow C:/Users/sunil/VivadoProjects/EE4218Labs/Lab4/lab4_hw_platform/integrated_coprocessor_v1/lab4_v2/export/lab4_v2/sw/lab4_v2/boot/fsbl.elf
set bp_30_25_fsbl_bp [bpadd -addr &XFsbl_Exit]
con -block -timeout 60
bpremove $bp_30_25_fsbl_bp
targets -set -nocase -filter {name =~ "*A53*#0"}
rst -processor
dow C:/Users/sunil/VivadoProjects/EE4218Labs/Lab4/lab4_hw_platform/integrated_coprocessor_v1/matrix_mult_lab4/Debug/matrix_mult_lab4.elf
----------------End of Script----------------

00:30:27 ERROR : Memory write error at 0x0. Cortex-A53 #0: EDITR not ready
00:32:26 INFO  : Connected to target on host '127.0.0.1' and port '3121'.
00:32:27 INFO  : Jtag cable 'Xilinx X-MLCC-01 XFL1NH42KNRVA' is selected.
00:32:27 INFO  : 'jtag frequency' command is executed.
00:32:27 INFO  : Sourcing of 'C:/Xilinx/Vitis/2023.2/scripts/vitis/util/zynqmp_utils.tcl' is done.
00:32:27 INFO  : Context for 'APU' is selected.
00:32:27 INFO  : System reset is completed.
00:32:30 INFO  : 'after 3000' command is executed.
00:32:30 INFO  : 'targets -set -filter {jtag_cable_name =~ "Xilinx X-MLCC-01 XFL1NH42KNRVA" && level==0 && jtag_device_ctx=="jsn-X-MLCC-01-XFL1NH42KNRVA-04724093-0"}' command is executed.
00:32:34 INFO  : Device configured successfully with "C:/Users/sunil/VivadoProjects/EE4218Labs/Lab4/lab4_hw_platform/integrated_coprocessor_v1/matrix_mult_lab4/_ide/bitstream/design_lab4_2_wrapper.bit"
00:32:34 INFO  : Context for 'APU' is selected.
00:32:34 INFO  : Hardware design and registers information is loaded from 'C:/Users/sunil/VivadoProjects/EE4218Labs/Lab4/lab4_hw_platform/integrated_coprocessor_v1/lab4_v2/export/lab4_v2/hw/design_lab4_2_wrapper.xsa'.
00:32:34 INFO  : 'configparams force-mem-access 1' command is executed.
00:32:34 INFO  : Context for 'APU' is selected.
00:32:34 INFO  : Boot mode is read from the target.
00:32:34 INFO  : Context for processor 'psu_cortexa53_0' is selected.
00:32:35 INFO  : Processor reset is completed for 'psu_cortexa53_0'.
00:32:35 INFO  : The application 'C:/Users/sunil/VivadoProjects/EE4218Labs/Lab4/lab4_hw_platform/integrated_coprocessor_v1/lab4_v2/export/lab4_v2/sw/lab4_v2/boot/fsbl.elf' is downloaded to processor 'psu_cortexa53_0'.
00:32:35 INFO  : 'set bp_32_35_fsbl_bp [bpadd -addr &XFsbl_Exit]' command is executed.
00:32:36 INFO  : 'con -block -timeout 60' command is executed.
00:32:36 INFO  : 'bpremove $bp_32_35_fsbl_bp' command is executed.
00:32:36 INFO  : Context for processor 'psu_cortexa53_0' is selected.
00:32:36 INFO  : Processor reset is completed for 'psu_cortexa53_0'.
00:32:37 INFO  : The application 'C:/Users/sunil/VivadoProjects/EE4218Labs/Lab4/lab4_hw_platform/integrated_coprocessor_v1/matrix_mult_lab4/Debug/matrix_mult_lab4.elf' is downloaded to processor 'psu_cortexa53_0'.
00:32:37 INFO  : 'configparams force-mem-access 0' command is executed.
00:32:37 INFO  : ----------------XSDB Script----------------
connect -url tcp:127.0.0.1:3121
source C:/Xilinx/Vitis/2023.2/scripts/vitis/util/zynqmp_utils.tcl
targets -set -nocase -filter {name =~"APU*"}
rst -system
after 3000
targets -set -filter {jtag_cable_name =~ "Xilinx X-MLCC-01 XFL1NH42KNRVA" && level==0 && jtag_device_ctx=="jsn-X-MLCC-01-XFL1NH42KNRVA-04724093-0"}
fpga -file C:/Users/sunil/VivadoProjects/EE4218Labs/Lab4/lab4_hw_platform/integrated_coprocessor_v1/matrix_mult_lab4/_ide/bitstream/design_lab4_2_wrapper.bit
targets -set -nocase -filter {name =~"APU*"}
loadhw -hw C:/Users/sunil/VivadoProjects/EE4218Labs/Lab4/lab4_hw_platform/integrated_coprocessor_v1/lab4_v2/export/lab4_v2/hw/design_lab4_2_wrapper.xsa -mem-ranges [list {0x80000000 0xbfffffff} {0x400000000 0x5ffffffff} {0x1000000000 0x7fffffffff}] -regs
configparams force-mem-access 1
targets -set -nocase -filter {name =~"APU*"}
set mode [expr [mrd -value 0xFF5E0200] & 0xf]
targets -set -nocase -filter {name =~ "*A53*#0"}
rst -processor
dow C:/Users/sunil/VivadoProjects/EE4218Labs/Lab4/lab4_hw_platform/integrated_coprocessor_v1/lab4_v2/export/lab4_v2/sw/lab4_v2/boot/fsbl.elf
set bp_32_35_fsbl_bp [bpadd -addr &XFsbl_Exit]
con -block -timeout 60
bpremove $bp_32_35_fsbl_bp
targets -set -nocase -filter {name =~ "*A53*#0"}
rst -processor
dow C:/Users/sunil/VivadoProjects/EE4218Labs/Lab4/lab4_hw_platform/integrated_coprocessor_v1/matrix_mult_lab4/Debug/matrix_mult_lab4.elf
configparams force-mem-access 0
----------------End of Script----------------

00:32:37 INFO  : Context for processor 'psu_cortexa53_0' is selected.
00:32:37 INFO  : 'con' command is executed.
00:32:37 INFO  : ----------------XSDB Script (After Launch)----------------
targets -set -nocase -filter {name =~ "*A53*#0"}
con
----------------End of Script----------------

00:32:37 INFO  : Launch script is exported to file 'C:\Users\sunil\VivadoProjects\EE4218Labs\Lab4\lab4_hw_platform\integrated_coprocessor_v1\matrix_mult_lab4_system\_ide\scripts\debugger_matrix_mult_lab4-default.tcl'
00:35:45 INFO  : Disconnected from the channel tcfchan#1.
00:38:26 INFO  : Example project xtmrctr_polled_example_1 has been created successfully.
00:46:01 INFO  : Result from executing command 'getProjects': lab4_v2
00:46:01 INFO  : Result from executing command 'getPlatforms': lab4_v2|C:/Users/sunil/VivadoProjects/EE4218Labs/Lab4/lab4_hw_platform/integrated_coprocessor_v1/lab4_v2/export/lab4_v2/lab4_v2.xpfm;xilinx_zcu102_base_202320_1|C:/Xilinx/Vitis/2023.2/base_platforms/xilinx_zcu102_base_202320_1/xilinx_zcu102_base_202320_1.xpfm;xilinx_zcu102_base_dfx_202320_1|C:/Xilinx/Vitis/2023.2/base_platforms/xilinx_zcu102_base_dfx_202320_1/xilinx_zcu102_base_dfx_202320_1.xpfm;xilinx_zcu104_base_202320_1|C:/Xilinx/Vitis/2023.2/base_platforms/xilinx_zcu104_base_202320_1/xilinx_zcu104_base_202320_1.xpfm
00:46:02 INFO  : Checking for BSP changes to sync application flags for project 'matrix_mult_lab4'...
00:48:43 INFO  : Checking for BSP changes to sync application flags for project 'matrix_mult_lab4'...
00:49:06 INFO  : Checking for BSP changes to sync application flags for project 'matrix_mult_lab4'...
00:55:26 INFO  : Checking for BSP changes to sync application flags for project 'matrix_mult_lab4'...
00:55:34 INFO  : Connected to target on host '127.0.0.1' and port '3121'.
00:55:37 INFO  : Jtag cable 'Xilinx X-MLCC-01 XFL1NH42KNRVA' is selected.
00:55:38 INFO  : 'jtag frequency' command is executed.
00:55:38 INFO  : Sourcing of 'C:/Xilinx/Vitis/2023.2/scripts/vitis/util/zynqmp_utils.tcl' is done.
00:55:40 INFO  : Context for 'APU' is selected.
00:55:40 INFO  : System reset is completed.
00:55:43 INFO  : 'after 3000' command is executed.
00:55:45 INFO  : 'targets -set -filter {jtag_cable_name =~ "Xilinx X-MLCC-01 XFL1NH42KNRVA" && level==0 && jtag_device_ctx=="jsn-X-MLCC-01-XFL1NH42KNRVA-04724093-0"}' command is executed.
00:55:49 INFO  : Device configured successfully with "C:/Users/sunil/VivadoProjects/EE4218Labs/Lab4/lab4_hw_platform/integrated_coprocessor_v1/matrix_mult_lab4/_ide/bitstream/design_lab4_2_wrapper.bit"
00:55:50 INFO  : Context for 'APU' is selected.
00:55:50 INFO  : Hardware design and registers information is loaded from 'C:/Users/sunil/VivadoProjects/EE4218Labs/Lab4/lab4_hw_platform/integrated_coprocessor_v1/lab4_v2/export/lab4_v2/hw/design_lab4_2_wrapper.xsa'.
00:55:50 INFO  : 'configparams force-mem-access 1' command is executed.
00:55:50 INFO  : Context for 'APU' is selected.
00:55:50 INFO  : Boot mode is read from the target.
00:55:50 INFO  : Context for processor 'psu_cortexa53_0' is selected.
00:55:51 INFO  : Processor reset is completed for 'psu_cortexa53_0'.
00:55:51 INFO  : The application 'C:/Users/sunil/VivadoProjects/EE4218Labs/Lab4/lab4_hw_platform/integrated_coprocessor_v1/lab4_v2/export/lab4_v2/sw/lab4_v2/boot/fsbl.elf' is downloaded to processor 'psu_cortexa53_0'.
00:55:51 INFO  : 'set bp_55_51_fsbl_bp [bpadd -addr &XFsbl_Exit]' command is executed.
00:55:51 INFO  : 'con -block -timeout 60' command is executed.
00:55:51 INFO  : 'bpremove $bp_55_51_fsbl_bp' command is executed.
00:55:51 INFO  : Context for processor 'psu_cortexa53_0' is selected.
00:55:51 INFO  : Processor reset is completed for 'psu_cortexa53_0'.
00:55:52 INFO  : The application 'C:/Users/sunil/VivadoProjects/EE4218Labs/Lab4/lab4_hw_platform/integrated_coprocessor_v1/matrix_mult_lab4/Debug/matrix_mult_lab4.elf' is downloaded to processor 'psu_cortexa53_0'.
00:55:52 INFO  : 'configparams force-mem-access 0' command is executed.
00:55:52 INFO  : ----------------XSDB Script----------------
connect -url tcp:127.0.0.1:3121
source C:/Xilinx/Vitis/2023.2/scripts/vitis/util/zynqmp_utils.tcl
targets -set -nocase -filter {name =~"APU*"}
rst -system
after 3000
targets -set -filter {jtag_cable_name =~ "Xilinx X-MLCC-01 XFL1NH42KNRVA" && level==0 && jtag_device_ctx=="jsn-X-MLCC-01-XFL1NH42KNRVA-04724093-0"}
fpga -file C:/Users/sunil/VivadoProjects/EE4218Labs/Lab4/lab4_hw_platform/integrated_coprocessor_v1/matrix_mult_lab4/_ide/bitstream/design_lab4_2_wrapper.bit
targets -set -nocase -filter {name =~"APU*"}
loadhw -hw C:/Users/sunil/VivadoProjects/EE4218Labs/Lab4/lab4_hw_platform/integrated_coprocessor_v1/lab4_v2/export/lab4_v2/hw/design_lab4_2_wrapper.xsa -mem-ranges [list {0x80000000 0xbfffffff} {0x400000000 0x5ffffffff} {0x1000000000 0x7fffffffff}] -regs
configparams force-mem-access 1
targets -set -nocase -filter {name =~"APU*"}
set mode [expr [mrd -value 0xFF5E0200] & 0xf]
targets -set -nocase -filter {name =~ "*A53*#0"}
rst -processor
dow C:/Users/sunil/VivadoProjects/EE4218Labs/Lab4/lab4_hw_platform/integrated_coprocessor_v1/lab4_v2/export/lab4_v2/sw/lab4_v2/boot/fsbl.elf
set bp_55_51_fsbl_bp [bpadd -addr &XFsbl_Exit]
con -block -timeout 60
bpremove $bp_55_51_fsbl_bp
targets -set -nocase -filter {name =~ "*A53*#0"}
rst -processor
dow C:/Users/sunil/VivadoProjects/EE4218Labs/Lab4/lab4_hw_platform/integrated_coprocessor_v1/matrix_mult_lab4/Debug/matrix_mult_lab4.elf
configparams force-mem-access 0
----------------End of Script----------------

00:55:52 INFO  : Context for processor 'psu_cortexa53_0' is selected.
00:55:53 INFO  : 'con' command is executed.
00:55:53 INFO  : ----------------XSDB Script (After Launch)----------------
targets -set -nocase -filter {name =~ "*A53*#0"}
con
----------------End of Script----------------

00:55:53 INFO  : Launch script is exported to file 'C:\Users\sunil\VivadoProjects\EE4218Labs\Lab4\lab4_hw_platform\integrated_coprocessor_v1\matrix_mult_lab4_system\_ide\scripts\debugger_matrix_mult_lab4-default.tcl'
00:57:38 INFO  : Disconnected from the channel tcfchan#3.
00:57:52 INFO  : Checking for BSP changes to sync application flags for project 'matrix_mult_lab4'...
00:57:58 INFO  : Connected to target on host '127.0.0.1' and port '3121'.
00:58:01 INFO  : Jtag cable 'Xilinx X-MLCC-01 XFL1NH42KNRVA' is selected.
00:58:01 INFO  : 'jtag frequency' command is executed.
00:58:01 INFO  : Sourcing of 'C:/Xilinx/Vitis/2023.2/scripts/vitis/util/zynqmp_utils.tcl' is done.
00:58:03 INFO  : Context for 'APU' is selected.
00:58:04 INFO  : System reset is completed.
00:58:07 INFO  : 'after 3000' command is executed.
00:58:09 INFO  : 'targets -set -filter {jtag_cable_name =~ "Xilinx X-MLCC-01 XFL1NH42KNRVA" && level==0 && jtag_device_ctx=="jsn-X-MLCC-01-XFL1NH42KNRVA-04724093-0"}' command is executed.
00:58:13 INFO  : Device configured successfully with "C:/Users/sunil/VivadoProjects/EE4218Labs/Lab4/lab4_hw_platform/integrated_coprocessor_v1/matrix_mult_lab4/_ide/bitstream/design_lab4_2_wrapper.bit"
00:58:13 INFO  : Context for 'APU' is selected.
00:58:13 INFO  : Hardware design and registers information is loaded from 'C:/Users/sunil/VivadoProjects/EE4218Labs/Lab4/lab4_hw_platform/integrated_coprocessor_v1/lab4_v2/export/lab4_v2/hw/design_lab4_2_wrapper.xsa'.
00:58:13 INFO  : 'configparams force-mem-access 1' command is executed.
00:58:13 INFO  : Context for 'APU' is selected.
00:58:14 INFO  : Boot mode is read from the target.
00:58:14 INFO  : Context for processor 'psu_cortexa53_0' is selected.
00:58:14 INFO  : Processor reset is completed for 'psu_cortexa53_0'.
00:58:14 INFO  : The application 'C:/Users/sunil/VivadoProjects/EE4218Labs/Lab4/lab4_hw_platform/integrated_coprocessor_v1/lab4_v2/export/lab4_v2/sw/lab4_v2/boot/fsbl.elf' is downloaded to processor 'psu_cortexa53_0'.
00:58:14 INFO  : 'set bp_58_14_fsbl_bp [bpadd -addr &XFsbl_Exit]' command is executed.
00:58:14 INFO  : 'con -block -timeout 60' command is executed.
00:58:14 INFO  : 'bpremove $bp_58_14_fsbl_bp' command is executed.
00:58:14 INFO  : Context for processor 'psu_cortexa53_0' is selected.
00:58:14 INFO  : Processor reset is completed for 'psu_cortexa53_0'.
00:58:15 INFO  : The application 'C:/Users/sunil/VivadoProjects/EE4218Labs/Lab4/lab4_hw_platform/integrated_coprocessor_v1/matrix_mult_lab4/Debug/matrix_mult_lab4.elf' is downloaded to processor 'psu_cortexa53_0'.
00:58:15 INFO  : 'configparams force-mem-access 0' command is executed.
00:58:15 INFO  : ----------------XSDB Script----------------
connect -url tcp:127.0.0.1:3121
source C:/Xilinx/Vitis/2023.2/scripts/vitis/util/zynqmp_utils.tcl
targets -set -nocase -filter {name =~"APU*"}
rst -system
after 3000
targets -set -filter {jtag_cable_name =~ "Xilinx X-MLCC-01 XFL1NH42KNRVA" && level==0 && jtag_device_ctx=="jsn-X-MLCC-01-XFL1NH42KNRVA-04724093-0"}
fpga -file C:/Users/sunil/VivadoProjects/EE4218Labs/Lab4/lab4_hw_platform/integrated_coprocessor_v1/matrix_mult_lab4/_ide/bitstream/design_lab4_2_wrapper.bit
targets -set -nocase -filter {name =~"APU*"}
loadhw -hw C:/Users/sunil/VivadoProjects/EE4218Labs/Lab4/lab4_hw_platform/integrated_coprocessor_v1/lab4_v2/export/lab4_v2/hw/design_lab4_2_wrapper.xsa -mem-ranges [list {0x80000000 0xbfffffff} {0x400000000 0x5ffffffff} {0x1000000000 0x7fffffffff}] -regs
configparams force-mem-access 1
targets -set -nocase -filter {name =~"APU*"}
set mode [expr [mrd -value 0xFF5E0200] & 0xf]
targets -set -nocase -filter {name =~ "*A53*#0"}
rst -processor
dow C:/Users/sunil/VivadoProjects/EE4218Labs/Lab4/lab4_hw_platform/integrated_coprocessor_v1/lab4_v2/export/lab4_v2/sw/lab4_v2/boot/fsbl.elf
set bp_58_14_fsbl_bp [bpadd -addr &XFsbl_Exit]
con -block -timeout 60
bpremove $bp_58_14_fsbl_bp
targets -set -nocase -filter {name =~ "*A53*#0"}
rst -processor
dow C:/Users/sunil/VivadoProjects/EE4218Labs/Lab4/lab4_hw_platform/integrated_coprocessor_v1/matrix_mult_lab4/Debug/matrix_mult_lab4.elf
configparams force-mem-access 0
----------------End of Script----------------

00:58:15 INFO  : Context for processor 'psu_cortexa53_0' is selected.
00:58:16 INFO  : 'con' command is executed.
00:58:16 INFO  : ----------------XSDB Script (After Launch)----------------
targets -set -nocase -filter {name =~ "*A53*#0"}
con
----------------End of Script----------------

00:58:16 INFO  : Launch script is exported to file 'C:\Users\sunil\VivadoProjects\EE4218Labs\Lab4\lab4_hw_platform\integrated_coprocessor_v1\matrix_mult_lab4_system\_ide\scripts\debugger_matrix_mult_lab4-default.tcl'
00:59:07 INFO  : Disconnected from the channel tcfchan#4.
00:59:09 INFO  : Checking for BSP changes to sync application flags for project 'matrix_mult_lab4'...
00:59:28 INFO  : Connected to target on host '127.0.0.1' and port '3121'.
00:59:32 INFO  : Jtag cable 'Xilinx X-MLCC-01 XFL1NH42KNRVA' is selected.
00:59:32 INFO  : 'jtag frequency' command is executed.
00:59:32 INFO  : Sourcing of 'C:/Xilinx/Vitis/2023.2/scripts/vitis/util/zynqmp_utils.tcl' is done.
00:59:34 INFO  : Context for 'APU' is selected.
00:59:34 INFO  : System reset is completed.
00:59:37 INFO  : 'after 3000' command is executed.
00:59:39 INFO  : 'targets -set -filter {jtag_cable_name =~ "Xilinx X-MLCC-01 XFL1NH42KNRVA" && level==0 && jtag_device_ctx=="jsn-X-MLCC-01-XFL1NH42KNRVA-04724093-0"}' command is executed.
00:59:43 INFO  : Device configured successfully with "C:/Users/sunil/VivadoProjects/EE4218Labs/Lab4/lab4_hw_platform/integrated_coprocessor_v1/matrix_mult_lab4/_ide/bitstream/design_lab4_2_wrapper.bit"
00:59:43 INFO  : Context for 'APU' is selected.
00:59:44 INFO  : Hardware design and registers information is loaded from 'C:/Users/sunil/VivadoProjects/EE4218Labs/Lab4/lab4_hw_platform/integrated_coprocessor_v1/lab4_v2/export/lab4_v2/hw/design_lab4_2_wrapper.xsa'.
00:59:44 INFO  : 'configparams force-mem-access 1' command is executed.
00:59:44 INFO  : Context for 'APU' is selected.
00:59:44 INFO  : Boot mode is read from the target.
00:59:44 INFO  : Context for processor 'psu_cortexa53_0' is selected.
00:59:44 INFO  : Processor reset is completed for 'psu_cortexa53_0'.
00:59:44 INFO  : The application 'C:/Users/sunil/VivadoProjects/EE4218Labs/Lab4/lab4_hw_platform/integrated_coprocessor_v1/lab4_v2/export/lab4_v2/sw/lab4_v2/boot/fsbl.elf' is downloaded to processor 'psu_cortexa53_0'.
00:59:44 INFO  : 'set bp_59_44_fsbl_bp [bpadd -addr &XFsbl_Exit]' command is executed.
00:59:44 INFO  : 'con -block -timeout 60' command is executed.
00:59:44 INFO  : 'bpremove $bp_59_44_fsbl_bp' command is executed.
00:59:44 INFO  : Context for processor 'psu_cortexa53_0' is selected.
00:59:44 INFO  : Processor reset is completed for 'psu_cortexa53_0'.
00:59:45 INFO  : The application 'C:/Users/sunil/VivadoProjects/EE4218Labs/Lab4/lab4_hw_platform/integrated_coprocessor_v1/matrix_mult_lab4/Debug/matrix_mult_lab4.elf' is downloaded to processor 'psu_cortexa53_0'.
00:59:45 INFO  : 'configparams force-mem-access 0' command is executed.
00:59:45 INFO  : ----------------XSDB Script----------------
connect -url tcp:127.0.0.1:3121
source C:/Xilinx/Vitis/2023.2/scripts/vitis/util/zynqmp_utils.tcl
targets -set -nocase -filter {name =~"APU*"}
rst -system
after 3000
targets -set -filter {jtag_cable_name =~ "Xilinx X-MLCC-01 XFL1NH42KNRVA" && level==0 && jtag_device_ctx=="jsn-X-MLCC-01-XFL1NH42KNRVA-04724093-0"}
fpga -file C:/Users/sunil/VivadoProjects/EE4218Labs/Lab4/lab4_hw_platform/integrated_coprocessor_v1/matrix_mult_lab4/_ide/bitstream/design_lab4_2_wrapper.bit
targets -set -nocase -filter {name =~"APU*"}
loadhw -hw C:/Users/sunil/VivadoProjects/EE4218Labs/Lab4/lab4_hw_platform/integrated_coprocessor_v1/lab4_v2/export/lab4_v2/hw/design_lab4_2_wrapper.xsa -mem-ranges [list {0x80000000 0xbfffffff} {0x400000000 0x5ffffffff} {0x1000000000 0x7fffffffff}] -regs
configparams force-mem-access 1
targets -set -nocase -filter {name =~"APU*"}
set mode [expr [mrd -value 0xFF5E0200] & 0xf]
targets -set -nocase -filter {name =~ "*A53*#0"}
rst -processor
dow C:/Users/sunil/VivadoProjects/EE4218Labs/Lab4/lab4_hw_platform/integrated_coprocessor_v1/lab4_v2/export/lab4_v2/sw/lab4_v2/boot/fsbl.elf
set bp_59_44_fsbl_bp [bpadd -addr &XFsbl_Exit]
con -block -timeout 60
bpremove $bp_59_44_fsbl_bp
targets -set -nocase -filter {name =~ "*A53*#0"}
rst -processor
dow C:/Users/sunil/VivadoProjects/EE4218Labs/Lab4/lab4_hw_platform/integrated_coprocessor_v1/matrix_mult_lab4/Debug/matrix_mult_lab4.elf
configparams force-mem-access 0
----------------End of Script----------------

00:59:46 INFO  : Context for processor 'psu_cortexa53_0' is selected.
00:59:46 INFO  : 'con' command is executed.
00:59:46 INFO  : ----------------XSDB Script (After Launch)----------------
targets -set -nocase -filter {name =~ "*A53*#0"}
con
----------------End of Script----------------

00:59:46 INFO  : Launch script is exported to file 'C:\Users\sunil\VivadoProjects\EE4218Labs\Lab4\lab4_hw_platform\integrated_coprocessor_v1\matrix_mult_lab4_system\_ide\scripts\debugger_matrix_mult_lab4-default.tcl'
01:01:49 INFO  : Disconnected from the channel tcfchan#5.
01:09:54 INFO  : Checking for BSP changes to sync application flags for project 'matrix_mult_lab4'...
01:10:42 INFO  : Checking for BSP changes to sync application flags for project 'matrix_mult_lab4'...
01:10:48 INFO  : Connected to target on host '127.0.0.1' and port '3121'.
01:10:50 INFO  : Jtag cable 'Xilinx X-MLCC-01 XFL1NH42KNRVA' is selected.
01:10:51 INFO  : 'jtag frequency' command is executed.
01:10:51 INFO  : Sourcing of 'C:/Xilinx/Vitis/2023.2/scripts/vitis/util/zynqmp_utils.tcl' is done.
01:10:53 INFO  : Context for 'APU' is selected.
01:10:53 INFO  : System reset is completed.
01:10:56 INFO  : 'after 3000' command is executed.
01:10:59 INFO  : 'targets -set -filter {jtag_cable_name =~ "Xilinx X-MLCC-01 XFL1NH42KNRVA" && level==0 && jtag_device_ctx=="jsn-X-MLCC-01-XFL1NH42KNRVA-04724093-0"}' command is executed.
01:11:04 INFO  : Device configured successfully with "C:/Users/sunil/VivadoProjects/EE4218Labs/Lab4/lab4_hw_platform/integrated_coprocessor_v1/matrix_mult_lab4/_ide/bitstream/design_lab4_2_wrapper.bit"
01:11:04 INFO  : Context for 'APU' is selected.
01:11:04 INFO  : Hardware design and registers information is loaded from 'C:/Users/sunil/VivadoProjects/EE4218Labs/Lab4/lab4_hw_platform/integrated_coprocessor_v1/lab4_v2/export/lab4_v2/hw/design_lab4_2_wrapper.xsa'.
01:11:04 INFO  : 'configparams force-mem-access 1' command is executed.
01:11:04 INFO  : Context for 'APU' is selected.
01:11:04 INFO  : Boot mode is read from the target.
01:11:04 INFO  : Context for processor 'psu_cortexa53_0' is selected.
01:11:04 INFO  : Processor reset is completed for 'psu_cortexa53_0'.
01:11:05 INFO  : The application 'C:/Users/sunil/VivadoProjects/EE4218Labs/Lab4/lab4_hw_platform/integrated_coprocessor_v1/lab4_v2/export/lab4_v2/sw/lab4_v2/boot/fsbl.elf' is downloaded to processor 'psu_cortexa53_0'.
01:11:05 INFO  : 'set bp_11_5_fsbl_bp [bpadd -addr &XFsbl_Exit]' command is executed.
01:11:05 INFO  : 'con -block -timeout 60' command is executed.
01:11:05 INFO  : 'bpremove $bp_11_5_fsbl_bp' command is executed.
01:11:05 INFO  : Context for processor 'psu_cortexa53_0' is selected.
01:11:05 INFO  : Processor reset is completed for 'psu_cortexa53_0'.
01:11:06 INFO  : The application 'C:/Users/sunil/VivadoProjects/EE4218Labs/Lab4/lab4_hw_platform/integrated_coprocessor_v1/matrix_mult_lab4/Debug/matrix_mult_lab4.elf' is downloaded to processor 'psu_cortexa53_0'.
01:11:06 INFO  : 'configparams force-mem-access 0' command is executed.
01:11:06 INFO  : ----------------XSDB Script----------------
connect -url tcp:127.0.0.1:3121
source C:/Xilinx/Vitis/2023.2/scripts/vitis/util/zynqmp_utils.tcl
targets -set -nocase -filter {name =~"APU*"}
rst -system
after 3000
targets -set -filter {jtag_cable_name =~ "Xilinx X-MLCC-01 XFL1NH42KNRVA" && level==0 && jtag_device_ctx=="jsn-X-MLCC-01-XFL1NH42KNRVA-04724093-0"}
fpga -file C:/Users/sunil/VivadoProjects/EE4218Labs/Lab4/lab4_hw_platform/integrated_coprocessor_v1/matrix_mult_lab4/_ide/bitstream/design_lab4_2_wrapper.bit
targets -set -nocase -filter {name =~"APU*"}
loadhw -hw C:/Users/sunil/VivadoProjects/EE4218Labs/Lab4/lab4_hw_platform/integrated_coprocessor_v1/lab4_v2/export/lab4_v2/hw/design_lab4_2_wrapper.xsa -mem-ranges [list {0x80000000 0xbfffffff} {0x400000000 0x5ffffffff} {0x1000000000 0x7fffffffff}] -regs
configparams force-mem-access 1
targets -set -nocase -filter {name =~"APU*"}
set mode [expr [mrd -value 0xFF5E0200] & 0xf]
targets -set -nocase -filter {name =~ "*A53*#0"}
rst -processor
dow C:/Users/sunil/VivadoProjects/EE4218Labs/Lab4/lab4_hw_platform/integrated_coprocessor_v1/lab4_v2/export/lab4_v2/sw/lab4_v2/boot/fsbl.elf
set bp_11_5_fsbl_bp [bpadd -addr &XFsbl_Exit]
con -block -timeout 60
bpremove $bp_11_5_fsbl_bp
targets -set -nocase -filter {name =~ "*A53*#0"}
rst -processor
dow C:/Users/sunil/VivadoProjects/EE4218Labs/Lab4/lab4_hw_platform/integrated_coprocessor_v1/matrix_mult_lab4/Debug/matrix_mult_lab4.elf
configparams force-mem-access 0
----------------End of Script----------------

01:11:06 INFO  : Context for processor 'psu_cortexa53_0' is selected.
01:11:06 INFO  : 'con' command is executed.
01:11:06 INFO  : ----------------XSDB Script (After Launch)----------------
targets -set -nocase -filter {name =~ "*A53*#0"}
con
----------------End of Script----------------

01:11:06 INFO  : Launch script is exported to file 'C:\Users\sunil\VivadoProjects\EE4218Labs\Lab4\lab4_hw_platform\integrated_coprocessor_v1\matrix_mult_lab4_system\_ide\scripts\debugger_matrix_mult_lab4-default.tcl'
01:11:33 INFO  : Disconnected from the channel tcfchan#6.
01:11:37 INFO  : Connected to target on host '127.0.0.1' and port '3121'.
01:11:39 INFO  : Jtag cable 'Xilinx X-MLCC-01 XFL1NH42KNRVA' is selected.
01:11:39 INFO  : 'jtag frequency' command is executed.
01:11:39 INFO  : Sourcing of 'C:/Xilinx/Vitis/2023.2/scripts/vitis/util/zynqmp_utils.tcl' is done.
01:11:39 INFO  : Context for 'APU' is selected.
01:11:39 INFO  : System reset is completed.
01:11:42 INFO  : 'after 3000' command is executed.
01:11:42 INFO  : 'targets -set -filter {jtag_cable_name =~ "Xilinx X-MLCC-01 XFL1NH42KNRVA" && level==0 && jtag_device_ctx=="jsn-X-MLCC-01-XFL1NH42KNRVA-04724093-0"}' command is executed.
01:11:46 INFO  : Device configured successfully with "C:/Users/sunil/VivadoProjects/EE4218Labs/Lab4/lab4_hw_platform/integrated_coprocessor_v1/matrix_mult_lab4/_ide/bitstream/design_lab4_2_wrapper.bit"
01:11:47 INFO  : Context for 'APU' is selected.
01:11:47 INFO  : Hardware design and registers information is loaded from 'C:/Users/sunil/VivadoProjects/EE4218Labs/Lab4/lab4_hw_platform/integrated_coprocessor_v1/lab4_v2/export/lab4_v2/hw/design_lab4_2_wrapper.xsa'.
01:11:47 INFO  : 'configparams force-mem-access 1' command is executed.
01:11:47 INFO  : Context for 'APU' is selected.
01:11:47 INFO  : Boot mode is read from the target.
01:11:47 INFO  : Context for processor 'psu_cortexa53_0' is selected.
01:11:47 INFO  : Processor reset is completed for 'psu_cortexa53_0'.
01:11:47 INFO  : The application 'C:/Users/sunil/VivadoProjects/EE4218Labs/Lab4/lab4_hw_platform/integrated_coprocessor_v1/lab4_v2/export/lab4_v2/sw/lab4_v2/boot/fsbl.elf' is downloaded to processor 'psu_cortexa53_0'.
01:11:47 INFO  : 'set bp_11_47_fsbl_bp [bpadd -addr &XFsbl_Exit]' command is executed.
01:11:47 INFO  : 'con -block -timeout 60' command is executed.
01:11:47 INFO  : 'bpremove $bp_11_47_fsbl_bp' command is executed.
01:11:47 INFO  : Context for processor 'psu_cortexa53_0' is selected.
01:11:48 INFO  : Processor reset is completed for 'psu_cortexa53_0'.
01:11:48 INFO  : The application 'C:/Users/sunil/VivadoProjects/EE4218Labs/Lab4/lab4_hw_platform/integrated_coprocessor_v1/matrix_mult_lab4/Debug/matrix_mult_lab4.elf' is downloaded to processor 'psu_cortexa53_0'.
01:11:48 INFO  : 'configparams force-mem-access 0' command is executed.
01:11:48 INFO  : ----------------XSDB Script----------------
connect -url tcp:127.0.0.1:3121
source C:/Xilinx/Vitis/2023.2/scripts/vitis/util/zynqmp_utils.tcl
targets -set -nocase -filter {name =~"APU*"}
rst -system
after 3000
targets -set -filter {jtag_cable_name =~ "Xilinx X-MLCC-01 XFL1NH42KNRVA" && level==0 && jtag_device_ctx=="jsn-X-MLCC-01-XFL1NH42KNRVA-04724093-0"}
fpga -file C:/Users/sunil/VivadoProjects/EE4218Labs/Lab4/lab4_hw_platform/integrated_coprocessor_v1/matrix_mult_lab4/_ide/bitstream/design_lab4_2_wrapper.bit
targets -set -nocase -filter {name =~"APU*"}
loadhw -hw C:/Users/sunil/VivadoProjects/EE4218Labs/Lab4/lab4_hw_platform/integrated_coprocessor_v1/lab4_v2/export/lab4_v2/hw/design_lab4_2_wrapper.xsa -mem-ranges [list {0x80000000 0xbfffffff} {0x400000000 0x5ffffffff} {0x1000000000 0x7fffffffff}] -regs
configparams force-mem-access 1
targets -set -nocase -filter {name =~"APU*"}
set mode [expr [mrd -value 0xFF5E0200] & 0xf]
targets -set -nocase -filter {name =~ "*A53*#0"}
rst -processor
dow C:/Users/sunil/VivadoProjects/EE4218Labs/Lab4/lab4_hw_platform/integrated_coprocessor_v1/lab4_v2/export/lab4_v2/sw/lab4_v2/boot/fsbl.elf
set bp_11_47_fsbl_bp [bpadd -addr &XFsbl_Exit]
con -block -timeout 60
bpremove $bp_11_47_fsbl_bp
targets -set -nocase -filter {name =~ "*A53*#0"}
rst -processor
dow C:/Users/sunil/VivadoProjects/EE4218Labs/Lab4/lab4_hw_platform/integrated_coprocessor_v1/matrix_mult_lab4/Debug/matrix_mult_lab4.elf
configparams force-mem-access 0
----------------End of Script----------------

01:11:49 INFO  : Context for processor 'psu_cortexa53_0' is selected.
01:11:49 INFO  : 'con' command is executed.
01:11:49 INFO  : ----------------XSDB Script (After Launch)----------------
targets -set -nocase -filter {name =~ "*A53*#0"}
con
----------------End of Script----------------

01:11:49 INFO  : Launch script is exported to file 'C:\Users\sunil\VivadoProjects\EE4218Labs\Lab4\lab4_hw_platform\integrated_coprocessor_v1\matrix_mult_lab4_system\_ide\scripts\debugger_matrix_mult_lab4-default.tcl'
01:13:33 INFO  : Disconnected from the channel tcfchan#7.
01:13:38 INFO  : Checking for BSP changes to sync application flags for project 'matrix_mult_lab4'...
01:15:24 INFO  : Checking for BSP changes to sync application flags for project 'matrix_mult_lab4'...
01:15:28 INFO  : Connected to target on host '127.0.0.1' and port '3121'.
01:15:31 INFO  : Jtag cable 'Xilinx X-MLCC-01 XFL1NH42KNRVA' is selected.
01:15:31 INFO  : 'jtag frequency' command is executed.
01:15:31 INFO  : Sourcing of 'C:/Xilinx/Vitis/2023.2/scripts/vitis/util/zynqmp_utils.tcl' is done.
01:15:33 INFO  : Context for 'APU' is selected.
01:15:33 INFO  : System reset is completed.
01:15:37 INFO  : 'after 3000' command is executed.
01:15:39 INFO  : 'targets -set -filter {jtag_cable_name =~ "Xilinx X-MLCC-01 XFL1NH42KNRVA" && level==0 && jtag_device_ctx=="jsn-X-MLCC-01-XFL1NH42KNRVA-04724093-0"}' command is executed.
01:15:43 INFO  : Device configured successfully with "C:/Users/sunil/VivadoProjects/EE4218Labs/Lab4/lab4_hw_platform/integrated_coprocessor_v1/matrix_mult_lab4/_ide/bitstream/design_lab4_2_wrapper.bit"
01:15:43 INFO  : Context for 'APU' is selected.
01:15:43 INFO  : Hardware design and registers information is loaded from 'C:/Users/sunil/VivadoProjects/EE4218Labs/Lab4/lab4_hw_platform/integrated_coprocessor_v1/lab4_v2/export/lab4_v2/hw/design_lab4_2_wrapper.xsa'.
01:15:43 INFO  : 'configparams force-mem-access 1' command is executed.
01:15:43 INFO  : Context for 'APU' is selected.
01:15:43 INFO  : Boot mode is read from the target.
01:15:43 INFO  : Context for processor 'psu_cortexa53_0' is selected.
01:15:44 INFO  : Processor reset is completed for 'psu_cortexa53_0'.
01:15:44 INFO  : The application 'C:/Users/sunil/VivadoProjects/EE4218Labs/Lab4/lab4_hw_platform/integrated_coprocessor_v1/lab4_v2/export/lab4_v2/sw/lab4_v2/boot/fsbl.elf' is downloaded to processor 'psu_cortexa53_0'.
01:15:44 INFO  : 'set bp_15_44_fsbl_bp [bpadd -addr &XFsbl_Exit]' command is executed.
01:15:44 INFO  : 'con -block -timeout 60' command is executed.
01:15:44 INFO  : 'bpremove $bp_15_44_fsbl_bp' command is executed.
01:15:44 INFO  : Context for processor 'psu_cortexa53_0' is selected.
01:15:44 INFO  : Processor reset is completed for 'psu_cortexa53_0'.
01:15:45 INFO  : The application 'C:/Users/sunil/VivadoProjects/EE4218Labs/Lab4/lab4_hw_platform/integrated_coprocessor_v1/matrix_mult_lab4/Debug/matrix_mult_lab4.elf' is downloaded to processor 'psu_cortexa53_0'.
01:15:45 INFO  : 'configparams force-mem-access 0' command is executed.
01:15:45 INFO  : ----------------XSDB Script----------------
connect -url tcp:127.0.0.1:3121
source C:/Xilinx/Vitis/2023.2/scripts/vitis/util/zynqmp_utils.tcl
targets -set -nocase -filter {name =~"APU*"}
rst -system
after 3000
targets -set -filter {jtag_cable_name =~ "Xilinx X-MLCC-01 XFL1NH42KNRVA" && level==0 && jtag_device_ctx=="jsn-X-MLCC-01-XFL1NH42KNRVA-04724093-0"}
fpga -file C:/Users/sunil/VivadoProjects/EE4218Labs/Lab4/lab4_hw_platform/integrated_coprocessor_v1/matrix_mult_lab4/_ide/bitstream/design_lab4_2_wrapper.bit
targets -set -nocase -filter {name =~"APU*"}
loadhw -hw C:/Users/sunil/VivadoProjects/EE4218Labs/Lab4/lab4_hw_platform/integrated_coprocessor_v1/lab4_v2/export/lab4_v2/hw/design_lab4_2_wrapper.xsa -mem-ranges [list {0x80000000 0xbfffffff} {0x400000000 0x5ffffffff} {0x1000000000 0x7fffffffff}] -regs
configparams force-mem-access 1
targets -set -nocase -filter {name =~"APU*"}
set mode [expr [mrd -value 0xFF5E0200] & 0xf]
targets -set -nocase -filter {name =~ "*A53*#0"}
rst -processor
dow C:/Users/sunil/VivadoProjects/EE4218Labs/Lab4/lab4_hw_platform/integrated_coprocessor_v1/lab4_v2/export/lab4_v2/sw/lab4_v2/boot/fsbl.elf
set bp_15_44_fsbl_bp [bpadd -addr &XFsbl_Exit]
con -block -timeout 60
bpremove $bp_15_44_fsbl_bp
targets -set -nocase -filter {name =~ "*A53*#0"}
rst -processor
dow C:/Users/sunil/VivadoProjects/EE4218Labs/Lab4/lab4_hw_platform/integrated_coprocessor_v1/matrix_mult_lab4/Debug/matrix_mult_lab4.elf
configparams force-mem-access 0
----------------End of Script----------------

01:15:45 INFO  : Context for processor 'psu_cortexa53_0' is selected.
01:15:45 INFO  : 'con' command is executed.
01:15:45 INFO  : ----------------XSDB Script (After Launch)----------------
targets -set -nocase -filter {name =~ "*A53*#0"}
con
----------------End of Script----------------

01:15:45 INFO  : Launch script is exported to file 'C:\Users\sunil\VivadoProjects\EE4218Labs\Lab4\lab4_hw_platform\integrated_coprocessor_v1\matrix_mult_lab4_system\_ide\scripts\debugger_matrix_mult_lab4-default.tcl'
01:16:51 INFO  : Disconnected from the channel tcfchan#8.
01:16:52 INFO  : Checking for BSP changes to sync application flags for project 'matrix_mult_lab4'...
01:16:55 INFO  : Connected to target on host '127.0.0.1' and port '3121'.
01:16:57 INFO  : Jtag cable 'Xilinx X-MLCC-01 XFL1NH42KNRVA' is selected.
01:16:57 INFO  : 'jtag frequency' command is executed.
01:16:57 INFO  : Sourcing of 'C:/Xilinx/Vitis/2023.2/scripts/vitis/util/zynqmp_utils.tcl' is done.
01:16:57 INFO  : Context for 'APU' is selected.
01:16:57 INFO  : System reset is completed.
01:17:00 INFO  : 'after 3000' command is executed.
01:17:00 INFO  : 'targets -set -filter {jtag_cable_name =~ "Xilinx X-MLCC-01 XFL1NH42KNRVA" && level==0 && jtag_device_ctx=="jsn-X-MLCC-01-XFL1NH42KNRVA-04724093-0"}' command is executed.
01:17:05 INFO  : Device configured successfully with "C:/Users/sunil/VivadoProjects/EE4218Labs/Lab4/lab4_hw_platform/integrated_coprocessor_v1/matrix_mult_lab4/_ide/bitstream/design_lab4_2_wrapper.bit"
01:17:05 INFO  : Context for 'APU' is selected.
01:17:05 INFO  : Hardware design and registers information is loaded from 'C:/Users/sunil/VivadoProjects/EE4218Labs/Lab4/lab4_hw_platform/integrated_coprocessor_v1/lab4_v2/export/lab4_v2/hw/design_lab4_2_wrapper.xsa'.
01:17:05 INFO  : 'configparams force-mem-access 1' command is executed.
01:17:05 INFO  : Context for 'APU' is selected.
01:17:05 INFO  : Boot mode is read from the target.
01:17:05 INFO  : Context for processor 'psu_cortexa53_0' is selected.
01:17:05 INFO  : Processor reset is completed for 'psu_cortexa53_0'.
01:17:06 INFO  : The application 'C:/Users/sunil/VivadoProjects/EE4218Labs/Lab4/lab4_hw_platform/integrated_coprocessor_v1/lab4_v2/export/lab4_v2/sw/lab4_v2/boot/fsbl.elf' is downloaded to processor 'psu_cortexa53_0'.
01:17:06 INFO  : 'set bp_17_6_fsbl_bp [bpadd -addr &XFsbl_Exit]' command is executed.
01:17:06 INFO  : 'con -block -timeout 60' command is executed.
01:17:06 INFO  : 'bpremove $bp_17_6_fsbl_bp' command is executed.
01:17:06 INFO  : Context for processor 'psu_cortexa53_0' is selected.
01:17:06 INFO  : Processor reset is completed for 'psu_cortexa53_0'.
01:17:07 INFO  : The application 'C:/Users/sunil/VivadoProjects/EE4218Labs/Lab4/lab4_hw_platform/integrated_coprocessor_v1/matrix_mult_lab4/Debug/matrix_mult_lab4.elf' is downloaded to processor 'psu_cortexa53_0'.
01:17:07 INFO  : 'configparams force-mem-access 0' command is executed.
01:17:07 INFO  : ----------------XSDB Script----------------
connect -url tcp:127.0.0.1:3121
source C:/Xilinx/Vitis/2023.2/scripts/vitis/util/zynqmp_utils.tcl
targets -set -nocase -filter {name =~"APU*"}
rst -system
after 3000
targets -set -filter {jtag_cable_name =~ "Xilinx X-MLCC-01 XFL1NH42KNRVA" && level==0 && jtag_device_ctx=="jsn-X-MLCC-01-XFL1NH42KNRVA-04724093-0"}
fpga -file C:/Users/sunil/VivadoProjects/EE4218Labs/Lab4/lab4_hw_platform/integrated_coprocessor_v1/matrix_mult_lab4/_ide/bitstream/design_lab4_2_wrapper.bit
targets -set -nocase -filter {name =~"APU*"}
loadhw -hw C:/Users/sunil/VivadoProjects/EE4218Labs/Lab4/lab4_hw_platform/integrated_coprocessor_v1/lab4_v2/export/lab4_v2/hw/design_lab4_2_wrapper.xsa -mem-ranges [list {0x80000000 0xbfffffff} {0x400000000 0x5ffffffff} {0x1000000000 0x7fffffffff}] -regs
configparams force-mem-access 1
targets -set -nocase -filter {name =~"APU*"}
set mode [expr [mrd -value 0xFF5E0200] & 0xf]
targets -set -nocase -filter {name =~ "*A53*#0"}
rst -processor
dow C:/Users/sunil/VivadoProjects/EE4218Labs/Lab4/lab4_hw_platform/integrated_coprocessor_v1/lab4_v2/export/lab4_v2/sw/lab4_v2/boot/fsbl.elf
set bp_17_6_fsbl_bp [bpadd -addr &XFsbl_Exit]
con -block -timeout 60
bpremove $bp_17_6_fsbl_bp
targets -set -nocase -filter {name =~ "*A53*#0"}
rst -processor
dow C:/Users/sunil/VivadoProjects/EE4218Labs/Lab4/lab4_hw_platform/integrated_coprocessor_v1/matrix_mult_lab4/Debug/matrix_mult_lab4.elf
configparams force-mem-access 0
----------------End of Script----------------

01:17:07 INFO  : Context for processor 'psu_cortexa53_0' is selected.
01:17:07 INFO  : 'con' command is executed.
01:17:07 INFO  : ----------------XSDB Script (After Launch)----------------
targets -set -nocase -filter {name =~ "*A53*#0"}
con
----------------End of Script----------------

01:17:07 INFO  : Launch script is exported to file 'C:\Users\sunil\VivadoProjects\EE4218Labs\Lab4\lab4_hw_platform\integrated_coprocessor_v1\matrix_mult_lab4_system\_ide\scripts\debugger_matrix_mult_lab4-default.tcl'
01:19:06 INFO  : Disconnected from the channel tcfchan#9.
01:19:07 INFO  : Checking for BSP changes to sync application flags for project 'matrix_mult_lab4'...
01:19:15 INFO  : Connected to target on host '127.0.0.1' and port '3121'.
01:19:17 INFO  : Jtag cable 'Xilinx X-MLCC-01 XFL1NH42KNRVA' is selected.
01:19:17 INFO  : 'jtag frequency' command is executed.
01:19:17 INFO  : Sourcing of 'C:/Xilinx/Vitis/2023.2/scripts/vitis/util/zynqmp_utils.tcl' is done.
01:19:17 INFO  : Context for 'APU' is selected.
01:19:17 INFO  : System reset is completed.
01:19:20 INFO  : 'after 3000' command is executed.
01:19:20 INFO  : 'targets -set -filter {jtag_cable_name =~ "Xilinx X-MLCC-01 XFL1NH42KNRVA" && level==0 && jtag_device_ctx=="jsn-X-MLCC-01-XFL1NH42KNRVA-04724093-0"}' command is executed.
01:19:25 INFO  : Device configured successfully with "C:/Users/sunil/VivadoProjects/EE4218Labs/Lab4/lab4_hw_platform/integrated_coprocessor_v1/matrix_mult_lab4/_ide/bitstream/design_lab4_2_wrapper.bit"
01:19:25 INFO  : Context for 'APU' is selected.
01:19:25 INFO  : Hardware design and registers information is loaded from 'C:/Users/sunil/VivadoProjects/EE4218Labs/Lab4/lab4_hw_platform/integrated_coprocessor_v1/lab4_v2/export/lab4_v2/hw/design_lab4_2_wrapper.xsa'.
01:19:25 INFO  : 'configparams force-mem-access 1' command is executed.
01:19:25 INFO  : Context for 'APU' is selected.
01:19:25 INFO  : Boot mode is read from the target.
01:19:25 INFO  : Context for processor 'psu_cortexa53_0' is selected.
01:19:25 INFO  : Processor reset is completed for 'psu_cortexa53_0'.
01:19:25 INFO  : The application 'C:/Users/sunil/VivadoProjects/EE4218Labs/Lab4/lab4_hw_platform/integrated_coprocessor_v1/lab4_v2/export/lab4_v2/sw/lab4_v2/boot/fsbl.elf' is downloaded to processor 'psu_cortexa53_0'.
01:19:25 INFO  : 'set bp_19_25_fsbl_bp [bpadd -addr &XFsbl_Exit]' command is executed.
01:19:26 INFO  : 'con -block -timeout 60' command is executed.
01:19:26 INFO  : 'bpremove $bp_19_25_fsbl_bp' command is executed.
01:19:26 INFO  : Context for processor 'psu_cortexa53_0' is selected.
01:19:26 INFO  : Processor reset is completed for 'psu_cortexa53_0'.
01:19:27 INFO  : The application 'C:/Users/sunil/VivadoProjects/EE4218Labs/Lab4/lab4_hw_platform/integrated_coprocessor_v1/matrix_mult_lab4/Debug/matrix_mult_lab4.elf' is downloaded to processor 'psu_cortexa53_0'.
01:19:27 INFO  : 'configparams force-mem-access 0' command is executed.
01:19:27 INFO  : ----------------XSDB Script----------------
connect -url tcp:127.0.0.1:3121
source C:/Xilinx/Vitis/2023.2/scripts/vitis/util/zynqmp_utils.tcl
targets -set -nocase -filter {name =~"APU*"}
rst -system
after 3000
targets -set -filter {jtag_cable_name =~ "Xilinx X-MLCC-01 XFL1NH42KNRVA" && level==0 && jtag_device_ctx=="jsn-X-MLCC-01-XFL1NH42KNRVA-04724093-0"}
fpga -file C:/Users/sunil/VivadoProjects/EE4218Labs/Lab4/lab4_hw_platform/integrated_coprocessor_v1/matrix_mult_lab4/_ide/bitstream/design_lab4_2_wrapper.bit
targets -set -nocase -filter {name =~"APU*"}
loadhw -hw C:/Users/sunil/VivadoProjects/EE4218Labs/Lab4/lab4_hw_platform/integrated_coprocessor_v1/lab4_v2/export/lab4_v2/hw/design_lab4_2_wrapper.xsa -mem-ranges [list {0x80000000 0xbfffffff} {0x400000000 0x5ffffffff} {0x1000000000 0x7fffffffff}] -regs
configparams force-mem-access 1
targets -set -nocase -filter {name =~"APU*"}
set mode [expr [mrd -value 0xFF5E0200] & 0xf]
targets -set -nocase -filter {name =~ "*A53*#0"}
rst -processor
dow C:/Users/sunil/VivadoProjects/EE4218Labs/Lab4/lab4_hw_platform/integrated_coprocessor_v1/lab4_v2/export/lab4_v2/sw/lab4_v2/boot/fsbl.elf
set bp_19_25_fsbl_bp [bpadd -addr &XFsbl_Exit]
con -block -timeout 60
bpremove $bp_19_25_fsbl_bp
targets -set -nocase -filter {name =~ "*A53*#0"}
rst -processor
dow C:/Users/sunil/VivadoProjects/EE4218Labs/Lab4/lab4_hw_platform/integrated_coprocessor_v1/matrix_mult_lab4/Debug/matrix_mult_lab4.elf
configparams force-mem-access 0
----------------End of Script----------------

01:19:27 INFO  : Context for processor 'psu_cortexa53_0' is selected.
01:19:27 INFO  : 'con' command is executed.
01:19:27 INFO  : ----------------XSDB Script (After Launch)----------------
targets -set -nocase -filter {name =~ "*A53*#0"}
con
----------------End of Script----------------

01:19:27 INFO  : Launch script is exported to file 'C:\Users\sunil\VivadoProjects\EE4218Labs\Lab4\lab4_hw_platform\integrated_coprocessor_v1\matrix_mult_lab4_system\_ide\scripts\debugger_matrix_mult_lab4-default.tcl'
01:22:50 INFO  : Disconnected from the channel tcfchan#10.
01:22:51 INFO  : Connected to target on host '127.0.0.1' and port '3121'.
01:22:53 INFO  : Jtag cable 'Xilinx X-MLCC-01 XFL1NH42KNRVA' is selected.
01:22:53 INFO  : 'jtag frequency' command is executed.
01:22:53 INFO  : Sourcing of 'C:/Xilinx/Vitis/2023.2/scripts/vitis/util/zynqmp_utils.tcl' is done.
01:22:53 INFO  : Context for 'APU' is selected.
01:22:53 INFO  : System reset is completed.
01:22:56 INFO  : 'after 3000' command is executed.
01:22:56 INFO  : 'targets -set -filter {jtag_cable_name =~ "Xilinx X-MLCC-01 XFL1NH42KNRVA" && level==0 && jtag_device_ctx=="jsn-X-MLCC-01-XFL1NH42KNRVA-04724093-0"}' command is executed.
01:23:00 INFO  : Device configured successfully with "C:/Users/sunil/VivadoProjects/EE4218Labs/Lab4/lab4_hw_platform/integrated_coprocessor_v1/matrix_mult_lab4/_ide/bitstream/design_lab4_2_wrapper.bit"
01:23:01 INFO  : Context for 'APU' is selected.
01:23:01 INFO  : Hardware design and registers information is loaded from 'C:/Users/sunil/VivadoProjects/EE4218Labs/Lab4/lab4_hw_platform/integrated_coprocessor_v1/lab4_v2/export/lab4_v2/hw/design_lab4_2_wrapper.xsa'.
01:23:01 INFO  : 'configparams force-mem-access 1' command is executed.
01:23:01 INFO  : Context for 'APU' is selected.
01:23:01 INFO  : Boot mode is read from the target.
01:23:01 INFO  : Context for processor 'psu_cortexa53_0' is selected.
01:23:01 INFO  : Processor reset is completed for 'psu_cortexa53_0'.
01:23:01 INFO  : The application 'C:/Users/sunil/VivadoProjects/EE4218Labs/Lab4/lab4_hw_platform/integrated_coprocessor_v1/lab4_v2/export/lab4_v2/sw/lab4_v2/boot/fsbl.elf' is downloaded to processor 'psu_cortexa53_0'.
01:23:01 INFO  : 'set bp_23_1_fsbl_bp [bpadd -addr &XFsbl_Exit]' command is executed.
01:23:01 INFO  : 'con -block -timeout 60' command is executed.
01:23:02 INFO  : 'bpremove $bp_23_1_fsbl_bp' command is executed.
01:23:02 INFO  : Context for processor 'psu_cortexa53_0' is selected.
01:23:02 INFO  : Processor reset is completed for 'psu_cortexa53_0'.
01:23:02 INFO  : The application 'C:/Users/sunil/VivadoProjects/EE4218Labs/Lab4/lab4_hw_platform/integrated_coprocessor_v1/matrix_mult_lab4/Debug/matrix_mult_lab4.elf' is downloaded to processor 'psu_cortexa53_0'.
01:23:02 INFO  : 'configparams force-mem-access 0' command is executed.
01:23:02 INFO  : ----------------XSDB Script----------------
connect -url tcp:127.0.0.1:3121
source C:/Xilinx/Vitis/2023.2/scripts/vitis/util/zynqmp_utils.tcl
targets -set -nocase -filter {name =~"APU*"}
rst -system
after 3000
targets -set -filter {jtag_cable_name =~ "Xilinx X-MLCC-01 XFL1NH42KNRVA" && level==0 && jtag_device_ctx=="jsn-X-MLCC-01-XFL1NH42KNRVA-04724093-0"}
fpga -file C:/Users/sunil/VivadoProjects/EE4218Labs/Lab4/lab4_hw_platform/integrated_coprocessor_v1/matrix_mult_lab4/_ide/bitstream/design_lab4_2_wrapper.bit
targets -set -nocase -filter {name =~"APU*"}
loadhw -hw C:/Users/sunil/VivadoProjects/EE4218Labs/Lab4/lab4_hw_platform/integrated_coprocessor_v1/lab4_v2/export/lab4_v2/hw/design_lab4_2_wrapper.xsa -mem-ranges [list {0x80000000 0xbfffffff} {0x400000000 0x5ffffffff} {0x1000000000 0x7fffffffff}] -regs
configparams force-mem-access 1
targets -set -nocase -filter {name =~"APU*"}
set mode [expr [mrd -value 0xFF5E0200] & 0xf]
targets -set -nocase -filter {name =~ "*A53*#0"}
rst -processor
dow C:/Users/sunil/VivadoProjects/EE4218Labs/Lab4/lab4_hw_platform/integrated_coprocessor_v1/lab4_v2/export/lab4_v2/sw/lab4_v2/boot/fsbl.elf
set bp_23_1_fsbl_bp [bpadd -addr &XFsbl_Exit]
con -block -timeout 60
bpremove $bp_23_1_fsbl_bp
targets -set -nocase -filter {name =~ "*A53*#0"}
rst -processor
dow C:/Users/sunil/VivadoProjects/EE4218Labs/Lab4/lab4_hw_platform/integrated_coprocessor_v1/matrix_mult_lab4/Debug/matrix_mult_lab4.elf
configparams force-mem-access 0
----------------End of Script----------------

01:23:03 INFO  : Context for processor 'psu_cortexa53_0' is selected.
01:23:03 INFO  : 'con' command is executed.
01:23:03 INFO  : ----------------XSDB Script (After Launch)----------------
targets -set -nocase -filter {name =~ "*A53*#0"}
con
----------------End of Script----------------

01:23:03 INFO  : Launch script is exported to file 'C:\Users\sunil\VivadoProjects\EE4218Labs\Lab4\lab4_hw_platform\integrated_coprocessor_v1\matrix_mult_lab4_system\_ide\scripts\debugger_matrix_mult_lab4-default.tcl'
02:06:02 INFO  : Disconnected from the channel tcfchan#11.
02:06:04 INFO  : Checking for BSP changes to sync application flags for project 'matrix_mult_lab4'...
02:06:07 INFO  : Connected to target on host '127.0.0.1' and port '3121'.
02:06:09 INFO  : Jtag cable 'Xilinx X-MLCC-01 XFL1NH42KNRVA' is selected.
02:06:09 INFO  : 'jtag frequency' command is executed.
02:06:09 INFO  : Sourcing of 'C:/Xilinx/Vitis/2023.2/scripts/vitis/util/zynqmp_utils.tcl' is done.
02:06:09 INFO  : Context for 'APU' is selected.
02:06:09 INFO  : System reset is completed.
02:06:12 INFO  : 'after 3000' command is executed.
02:06:12 INFO  : 'targets -set -filter {jtag_cable_name =~ "Xilinx X-MLCC-01 XFL1NH42KNRVA" && level==0 && jtag_device_ctx=="jsn-X-MLCC-01-XFL1NH42KNRVA-04724093-0"}' command is executed.
02:06:16 INFO  : Device configured successfully with "C:/Users/sunil/VivadoProjects/EE4218Labs/Lab4/lab4_hw_platform/integrated_coprocessor_v1/matrix_mult_lab4/_ide/bitstream/design_lab4_2_wrapper.bit"
02:06:17 INFO  : Context for 'APU' is selected.
02:06:17 INFO  : Hardware design and registers information is loaded from 'C:/Users/sunil/VivadoProjects/EE4218Labs/Lab4/lab4_hw_platform/integrated_coprocessor_v1/lab4_v2/export/lab4_v2/hw/design_lab4_2_wrapper.xsa'.
02:06:17 INFO  : 'configparams force-mem-access 1' command is executed.
02:06:17 INFO  : Context for 'APU' is selected.
02:06:17 INFO  : Boot mode is read from the target.
02:06:17 INFO  : Context for processor 'psu_cortexa53_0' is selected.
02:06:17 INFO  : Processor reset is completed for 'psu_cortexa53_0'.
02:06:17 INFO  : The application 'C:/Users/sunil/VivadoProjects/EE4218Labs/Lab4/lab4_hw_platform/integrated_coprocessor_v1/lab4_v2/export/lab4_v2/sw/lab4_v2/boot/fsbl.elf' is downloaded to processor 'psu_cortexa53_0'.
02:06:17 INFO  : 'set bp_6_17_fsbl_bp [bpadd -addr &XFsbl_Exit]' command is executed.
02:06:17 INFO  : 'con -block -timeout 60' command is executed.
02:06:17 INFO  : 'bpremove $bp_6_17_fsbl_bp' command is executed.
02:06:18 INFO  : Context for processor 'psu_cortexa53_0' is selected.
02:06:18 INFO  : Processor reset is completed for 'psu_cortexa53_0'.
02:06:18 INFO  : The application 'C:/Users/sunil/VivadoProjects/EE4218Labs/Lab4/lab4_hw_platform/integrated_coprocessor_v1/matrix_mult_lab4/Debug/matrix_mult_lab4.elf' is downloaded to processor 'psu_cortexa53_0'.
02:06:18 INFO  : 'configparams force-mem-access 0' command is executed.
02:06:18 INFO  : ----------------XSDB Script----------------
connect -url tcp:127.0.0.1:3121
source C:/Xilinx/Vitis/2023.2/scripts/vitis/util/zynqmp_utils.tcl
targets -set -nocase -filter {name =~"APU*"}
rst -system
after 3000
targets -set -filter {jtag_cable_name =~ "Xilinx X-MLCC-01 XFL1NH42KNRVA" && level==0 && jtag_device_ctx=="jsn-X-MLCC-01-XFL1NH42KNRVA-04724093-0"}
fpga -file C:/Users/sunil/VivadoProjects/EE4218Labs/Lab4/lab4_hw_platform/integrated_coprocessor_v1/matrix_mult_lab4/_ide/bitstream/design_lab4_2_wrapper.bit
targets -set -nocase -filter {name =~"APU*"}
loadhw -hw C:/Users/sunil/VivadoProjects/EE4218Labs/Lab4/lab4_hw_platform/integrated_coprocessor_v1/lab4_v2/export/lab4_v2/hw/design_lab4_2_wrapper.xsa -mem-ranges [list {0x80000000 0xbfffffff} {0x400000000 0x5ffffffff} {0x1000000000 0x7fffffffff}] -regs
configparams force-mem-access 1
targets -set -nocase -filter {name =~"APU*"}
set mode [expr [mrd -value 0xFF5E0200] & 0xf]
targets -set -nocase -filter {name =~ "*A53*#0"}
rst -processor
dow C:/Users/sunil/VivadoProjects/EE4218Labs/Lab4/lab4_hw_platform/integrated_coprocessor_v1/lab4_v2/export/lab4_v2/sw/lab4_v2/boot/fsbl.elf
set bp_6_17_fsbl_bp [bpadd -addr &XFsbl_Exit]
con -block -timeout 60
bpremove $bp_6_17_fsbl_bp
targets -set -nocase -filter {name =~ "*A53*#0"}
rst -processor
dow C:/Users/sunil/VivadoProjects/EE4218Labs/Lab4/lab4_hw_platform/integrated_coprocessor_v1/matrix_mult_lab4/Debug/matrix_mult_lab4.elf
configparams force-mem-access 0
----------------End of Script----------------

02:06:19 INFO  : Context for processor 'psu_cortexa53_0' is selected.
02:06:19 INFO  : 'con' command is executed.
02:06:19 INFO  : ----------------XSDB Script (After Launch)----------------
targets -set -nocase -filter {name =~ "*A53*#0"}
con
----------------End of Script----------------

02:06:19 INFO  : Launch script is exported to file 'C:\Users\sunil\VivadoProjects\EE4218Labs\Lab4\lab4_hw_platform\integrated_coprocessor_v1\matrix_mult_lab4_system\_ide\scripts\debugger_matrix_mult_lab4-default.tcl'
02:11:38 INFO  : Disconnected from the channel tcfchan#12.
02:25:41 INFO  : Checking for BSP changes to sync application flags for project 'matrix_mult_lab4'...
02:37:06 INFO  : Result from executing command 'getProjects': HDL_HLS_v2_platform_project;lab4_v2
02:37:06 INFO  : Result from executing command 'getPlatforms': integrated_coprocessor_fifo|C:/Users/sunil/VivadoProjects/EE4218Labs/Lab4/integrated_coprocessor_v1/integrated_coprocessor_fifo/export/integrated_coprocessor_fifo/integrated_coprocessor_fifo.xpfm;lab4_v2|C:/Users/sunil/VivadoProjects/EE4218Labs/Lab4/lab4_hw_platform/integrated_coprocessor_v1/lab4_v2/export/lab4_v2/lab4_v2.xpfm;xilinx_zcu102_base_202320_1|C:/Xilinx/Vitis/2023.2/base_platforms/xilinx_zcu102_base_202320_1/xilinx_zcu102_base_202320_1.xpfm;xilinx_zcu102_base_dfx_202320_1|C:/Xilinx/Vitis/2023.2/base_platforms/xilinx_zcu102_base_dfx_202320_1/xilinx_zcu102_base_dfx_202320_1.xpfm;xilinx_zcu104_base_202320_1|C:/Xilinx/Vitis/2023.2/base_platforms/xilinx_zcu104_base_202320_1/xilinx_zcu104_base_202320_1.xpfm
02:38:19 INFO  : Result from executing command 'getProjects': HDL_HLS_v2_platform_project;lab4_v2
02:38:19 INFO  : Result from executing command 'getPlatforms': HDL_HLS_v2_platform_project|C:/Users/sunil/VivadoProjects/EE4218Labs/Lab4/lab4_hw_platform/integrated_coprocessor_v1/HDL_HLS_v2_platform_project/export/HDL_HLS_v2_platform_project/HDL_HLS_v2_platform_project.xpfm;integrated_coprocessor_fifo|C:/Users/sunil/VivadoProjects/EE4218Labs/Lab4/integrated_coprocessor_v1/integrated_coprocessor_fifo/export/integrated_coprocessor_fifo/integrated_coprocessor_fifo.xpfm;lab4_v2|C:/Users/sunil/VivadoProjects/EE4218Labs/Lab4/lab4_hw_platform/integrated_coprocessor_v1/lab4_v2/export/lab4_v2/lab4_v2.xpfm;xilinx_zcu102_base_202320_1|C:/Xilinx/Vitis/2023.2/base_platforms/xilinx_zcu102_base_202320_1/xilinx_zcu102_base_202320_1.xpfm;xilinx_zcu102_base_dfx_202320_1|C:/Xilinx/Vitis/2023.2/base_platforms/xilinx_zcu102_base_dfx_202320_1/xilinx_zcu102_base_dfx_202320_1.xpfm;xilinx_zcu104_base_202320_1|C:/Xilinx/Vitis/2023.2/base_platforms/xilinx_zcu104_base_202320_1/xilinx_zcu104_base_202320_1.xpfm
02:38:21 INFO  : The hardware specification used by project 'matrix_mult_lab4' is out of sync with the platform. Resource files extracted from the hardware specification will be updated.
02:38:29 INFO  : The file 'C:\Users\sunil\VivadoProjects\EE4218Labs\Lab4\lab4_hw_platform\integrated_coprocessor_v1\matrix_mult_lab4\_ide\bitstream\design_lab4_2_wrapper.bit' stored in project is removed.
02:38:30 INFO  : The updated bitstream files are copied from platform to folder 'C:\Users\sunil\VivadoProjects\EE4218Labs\Lab4\lab4_hw_platform\integrated_coprocessor_v1\matrix_mult_lab4\_ide\bitstream' in project 'matrix_mult_lab4'.
02:38:30 INFO  : The file 'C:\Users\sunil\VivadoProjects\EE4218Labs\Lab4\lab4_hw_platform\integrated_coprocessor_v1\matrix_mult_lab4\_ide\psinit\psu_init.tcl' stored in project is removed.
02:38:30 INFO  : The updated ps init files are copied from platform to folder 'C:\Users\sunil\VivadoProjects\EE4218Labs\Lab4\lab4_hw_platform\integrated_coprocessor_v1\matrix_mult_lab4\_ide\psinit' in project 'matrix_mult_lab4'.
02:38:47 INFO  : Checking for BSP changes to sync application flags for project 'matrix_mult_lab4'...
02:38:47 INFO  : Updating application flags with new BSP settings...
02:38:48 INFO  : Successfully updated application flags for project matrix_mult_lab4.
02:39:40 INFO  : Checking for BSP changes to sync application flags for project 'matrix_mult_lab4'...
02:39:52 INFO  : Connected to target on host '127.0.0.1' and port '3121'.
02:39:54 INFO  : Jtag cable 'Xilinx X-MLCC-01 XFL1NH42KNRVA' is selected.
02:39:55 INFO  : 'jtag frequency' command is executed.
02:39:55 INFO  : Sourcing of 'C:/Xilinx/Vitis/2023.2/scripts/vitis/util/zynqmp_utils.tcl' is done.
02:39:56 INFO  : Context for 'APU' is selected.
02:39:57 INFO  : System reset is completed.
02:40:00 INFO  : 'after 3000' command is executed.
02:40:03 INFO  : 'targets -set -filter {jtag_cable_name =~ "Xilinx X-MLCC-01 XFL1NH42KNRVA" && level==0 && jtag_device_ctx=="jsn-X-MLCC-01-XFL1NH42KNRVA-04724093-0"}' command is executed.
02:40:03 ERROR : couldn't open "C:/Users/sunil/VivadoProjects/EE4218Labs/Lab4/lab4_hw_platform/integrated_coprocessor_v1/matrix_mult_lab4/_ide/bitstream/design_lab4_2_wrapper.bit": no such file or directory
02:40:03 ERROR : Exception occured while running Program Device.
java.lang.RuntimeException: couldn't open "C:/Users/sunil/VivadoProjects/EE4218Labs/Lab4/lab4_hw_platform/integrated_coprocessor_v1/matrix_mult_lab4/_ide/bitstream/design_lab4_2_wrapper.bit": no such file or directory
02:40:03 INFO  : ----------------XSDB Script----------------
connect -url tcp:127.0.0.1:3121
source C:/Xilinx/Vitis/2023.2/scripts/vitis/util/zynqmp_utils.tcl
targets -set -nocase -filter {name =~"APU*"}
rst -system
after 3000
----------------End of Script----------------

02:40:03 ERROR : couldn't open "C:/Users/sunil/VivadoProjects/EE4218Labs/Lab4/lab4_hw_platform/integrated_coprocessor_v1/matrix_mult_lab4/_ide/bitstream/design_lab4_2_wrapper.bit": no such file or directory
02:41:09 INFO  : Connected to target on host '127.0.0.1' and port '3121'.
02:41:09 INFO  : Jtag cable 'Xilinx X-MLCC-01 XFL1NH42KNRVA' is selected.
02:41:09 INFO  : 'jtag frequency' command is executed.
02:41:09 INFO  : Sourcing of 'C:/Xilinx/Vitis/2023.2/scripts/vitis/util/zynqmp_utils.tcl' is done.
02:41:09 INFO  : Context for 'APU' is selected.
02:41:09 INFO  : System reset is completed.
02:41:12 INFO  : 'after 3000' command is executed.
02:41:12 INFO  : 'targets -set -filter {jtag_cable_name =~ "Xilinx X-MLCC-01 XFL1NH42KNRVA" && level==0 && jtag_device_ctx=="jsn-X-MLCC-01-XFL1NH42KNRVA-04724093-0"}' command is executed.
02:41:17 INFO  : Device configured successfully with "C:/Users/sunil/VivadoProjects/EE4218Labs/Lab4/lab4_hw_platform/integrated_coprocessor_v1/matrix_mult_lab4/_ide/bitstream/design_HDL_HLS_v1_v2_wrapper.bit"
02:41:17 INFO  : Context for 'APU' is selected.
02:41:18 INFO  : Hardware design and registers information is loaded from 'C:/Users/sunil/VivadoProjects/EE4218Labs/Lab4/lab4_hw_platform/integrated_coprocessor_v1/HDL_HLS_v2_platform_project/export/HDL_HLS_v2_platform_project/hw/design_HDL_HLS_v1_v2_wrapper.xsa'.
02:41:18 INFO  : 'configparams force-mem-access 1' command is executed.
02:41:18 INFO  : Context for 'APU' is selected.
02:41:18 INFO  : Boot mode is read from the target.
02:41:18 INFO  : Context for processor 'psu_cortexa53_0' is selected.
02:41:18 INFO  : Processor reset is completed for 'psu_cortexa53_0'.
02:41:19 INFO  : The application 'C:/Users/sunil/VivadoProjects/EE4218Labs/Lab4/lab4_hw_platform/integrated_coprocessor_v1/HDL_HLS_v2_platform_project/export/HDL_HLS_v2_platform_project/sw/HDL_HLS_v2_platform_project/boot/fsbl.elf' is downloaded to processor 'psu_cortexa53_0'.
02:41:19 INFO  : 'set bp_41_19_fsbl_bp [bpadd -addr &XFsbl_Exit]' command is executed.
02:41:19 INFO  : 'con -block -timeout 60' command is executed.
02:41:19 INFO  : 'bpremove $bp_41_19_fsbl_bp' command is executed.
02:41:19 INFO  : Context for processor 'psu_cortexa53_0' is selected.
02:41:19 INFO  : Processor reset is completed for 'psu_cortexa53_0'.
02:41:20 INFO  : The application 'C:/Users/sunil/VivadoProjects/EE4218Labs/Lab4/lab4_hw_platform/integrated_coprocessor_v1/matrix_mult_lab4/Debug/matrix_mult_lab4.elf' is downloaded to processor 'psu_cortexa53_0'.
02:41:20 INFO  : 'configparams force-mem-access 0' command is executed.
02:41:20 INFO  : ----------------XSDB Script----------------
connect -url tcp:127.0.0.1:3121
source C:/Xilinx/Vitis/2023.2/scripts/vitis/util/zynqmp_utils.tcl
targets -set -nocase -filter {name =~"APU*"}
rst -system
after 3000
targets -set -filter {jtag_cable_name =~ "Xilinx X-MLCC-01 XFL1NH42KNRVA" && level==0 && jtag_device_ctx=="jsn-X-MLCC-01-XFL1NH42KNRVA-04724093-0"}
fpga -file C:/Users/sunil/VivadoProjects/EE4218Labs/Lab4/lab4_hw_platform/integrated_coprocessor_v1/matrix_mult_lab4/_ide/bitstream/design_HDL_HLS_v1_v2_wrapper.bit
targets -set -nocase -filter {name =~"APU*"}
loadhw -hw C:/Users/sunil/VivadoProjects/EE4218Labs/Lab4/lab4_hw_platform/integrated_coprocessor_v1/HDL_HLS_v2_platform_project/export/HDL_HLS_v2_platform_project/hw/design_HDL_HLS_v1_v2_wrapper.xsa -mem-ranges [list {0x80000000 0xbfffffff} {0x400000000 0x5ffffffff} {0x1000000000 0x7fffffffff}] -regs
configparams force-mem-access 1
targets -set -nocase -filter {name =~"APU*"}
set mode [expr [mrd -value 0xFF5E0200] & 0xf]
targets -set -nocase -filter {name =~ "*A53*#0"}
rst -processor
dow C:/Users/sunil/VivadoProjects/EE4218Labs/Lab4/lab4_hw_platform/integrated_coprocessor_v1/HDL_HLS_v2_platform_project/export/HDL_HLS_v2_platform_project/sw/HDL_HLS_v2_platform_project/boot/fsbl.elf
set bp_41_19_fsbl_bp [bpadd -addr &XFsbl_Exit]
con -block -timeout 60
bpremove $bp_41_19_fsbl_bp
targets -set -nocase -filter {name =~ "*A53*#0"}
rst -processor
dow C:/Users/sunil/VivadoProjects/EE4218Labs/Lab4/lab4_hw_platform/integrated_coprocessor_v1/matrix_mult_lab4/Debug/matrix_mult_lab4.elf
configparams force-mem-access 0
----------------End of Script----------------

02:41:20 INFO  : Context for processor 'psu_cortexa53_0' is selected.
02:41:20 INFO  : 'con' command is executed.
02:41:20 INFO  : ----------------XSDB Script (After Launch)----------------
targets -set -nocase -filter {name =~ "*A53*#0"}
con
----------------End of Script----------------

02:41:20 INFO  : Launch script is exported to file 'C:\Users\sunil\VivadoProjects\EE4218Labs\Lab4\lab4_hw_platform\integrated_coprocessor_v1\matrix_mult_lab4_system\_ide\scripts\debugger_matrix_mult_lab4-hdl_hld_v2.tcl'
02:49:45 INFO  : Disconnected from the channel tcfchan#14.
02:49:48 INFO  : Checking for BSP changes to sync application flags for project 'matrix_mult_lab4'...
02:51:38 INFO  : Checking for BSP changes to sync application flags for project 'matrix_mult_lab4'...
02:52:39 INFO  : Checking for BSP changes to sync application flags for project 'matrix_mult_lab4'...
02:52:43 INFO  : Connected to target on host '127.0.0.1' and port '3121'.
02:52:46 INFO  : Jtag cable 'Xilinx X-MLCC-01 XFL1NH42KNRVA' is selected.
02:52:46 INFO  : 'jtag frequency' command is executed.
02:52:46 INFO  : Sourcing of 'C:/Xilinx/Vitis/2023.2/scripts/vitis/util/zynqmp_utils.tcl' is done.
02:52:48 INFO  : Context for 'APU' is selected.
02:52:48 INFO  : System reset is completed.
02:52:51 INFO  : 'after 3000' command is executed.
02:52:54 INFO  : 'targets -set -filter {jtag_cable_name =~ "Xilinx X-MLCC-01 XFL1NH42KNRVA" && level==0 && jtag_device_ctx=="jsn-X-MLCC-01-XFL1NH42KNRVA-04724093-0"}' command is executed.
02:52:58 INFO  : Device configured successfully with "C:/Users/sunil/VivadoProjects/EE4218Labs/Lab4/lab4_hw_platform/integrated_coprocessor_v1/matrix_mult_lab4/_ide/bitstream/design_HDL_HLS_v1_v2_wrapper.bit"
02:52:58 INFO  : Context for 'APU' is selected.
02:52:59 INFO  : Hardware design and registers information is loaded from 'C:/Users/sunil/VivadoProjects/EE4218Labs/Lab4/lab4_hw_platform/integrated_coprocessor_v1/HDL_HLS_v2_platform_project/export/HDL_HLS_v2_platform_project/hw/design_HDL_HLS_v1_v2_wrapper.xsa'.
02:52:59 INFO  : 'configparams force-mem-access 1' command is executed.
02:52:59 INFO  : Context for 'APU' is selected.
02:52:59 INFO  : Boot mode is read from the target.
02:52:59 INFO  : Context for processor 'psu_cortexa53_0' is selected.
02:52:59 INFO  : Processor reset is completed for 'psu_cortexa53_0'.
02:52:59 INFO  : The application 'C:/Users/sunil/VivadoProjects/EE4218Labs/Lab4/lab4_hw_platform/integrated_coprocessor_v1/HDL_HLS_v2_platform_project/export/HDL_HLS_v2_platform_project/sw/HDL_HLS_v2_platform_project/boot/fsbl.elf' is downloaded to processor 'psu_cortexa53_0'.
02:52:59 INFO  : 'set bp_52_59_fsbl_bp [bpadd -addr &XFsbl_Exit]' command is executed.
02:52:59 INFO  : 'con -block -timeout 60' command is executed.
02:52:59 INFO  : 'bpremove $bp_52_59_fsbl_bp' command is executed.
02:52:59 INFO  : Context for processor 'psu_cortexa53_0' is selected.
02:52:59 INFO  : Processor reset is completed for 'psu_cortexa53_0'.
02:53:00 INFO  : The application 'C:/Users/sunil/VivadoProjects/EE4218Labs/Lab4/lab4_hw_platform/integrated_coprocessor_v1/matrix_mult_lab4/Debug/matrix_mult_lab4.elf' is downloaded to processor 'psu_cortexa53_0'.
02:53:00 INFO  : 'configparams force-mem-access 0' command is executed.
02:53:00 INFO  : ----------------XSDB Script----------------
connect -url tcp:127.0.0.1:3121
source C:/Xilinx/Vitis/2023.2/scripts/vitis/util/zynqmp_utils.tcl
targets -set -nocase -filter {name =~"APU*"}
rst -system
after 3000
targets -set -filter {jtag_cable_name =~ "Xilinx X-MLCC-01 XFL1NH42KNRVA" && level==0 && jtag_device_ctx=="jsn-X-MLCC-01-XFL1NH42KNRVA-04724093-0"}
fpga -file C:/Users/sunil/VivadoProjects/EE4218Labs/Lab4/lab4_hw_platform/integrated_coprocessor_v1/matrix_mult_lab4/_ide/bitstream/design_HDL_HLS_v1_v2_wrapper.bit
targets -set -nocase -filter {name =~"APU*"}
loadhw -hw C:/Users/sunil/VivadoProjects/EE4218Labs/Lab4/lab4_hw_platform/integrated_coprocessor_v1/HDL_HLS_v2_platform_project/export/HDL_HLS_v2_platform_project/hw/design_HDL_HLS_v1_v2_wrapper.xsa -mem-ranges [list {0x80000000 0xbfffffff} {0x400000000 0x5ffffffff} {0x1000000000 0x7fffffffff}] -regs
configparams force-mem-access 1
targets -set -nocase -filter {name =~"APU*"}
set mode [expr [mrd -value 0xFF5E0200] & 0xf]
targets -set -nocase -filter {name =~ "*A53*#0"}
rst -processor
dow C:/Users/sunil/VivadoProjects/EE4218Labs/Lab4/lab4_hw_platform/integrated_coprocessor_v1/HDL_HLS_v2_platform_project/export/HDL_HLS_v2_platform_project/sw/HDL_HLS_v2_platform_project/boot/fsbl.elf
set bp_52_59_fsbl_bp [bpadd -addr &XFsbl_Exit]
con -block -timeout 60
bpremove $bp_52_59_fsbl_bp
targets -set -nocase -filter {name =~ "*A53*#0"}
rst -processor
dow C:/Users/sunil/VivadoProjects/EE4218Labs/Lab4/lab4_hw_platform/integrated_coprocessor_v1/matrix_mult_lab4/Debug/matrix_mult_lab4.elf
configparams force-mem-access 0
----------------End of Script----------------

02:53:01 INFO  : Context for processor 'psu_cortexa53_0' is selected.
02:53:01 INFO  : 'con' command is executed.
02:53:01 INFO  : ----------------XSDB Script (After Launch)----------------
targets -set -nocase -filter {name =~ "*A53*#0"}
con
----------------End of Script----------------

02:53:01 INFO  : Launch script is exported to file 'C:\Users\sunil\VivadoProjects\EE4218Labs\Lab4\lab4_hw_platform\integrated_coprocessor_v1\matrix_mult_lab4_system\_ide\scripts\debugger_matrix_mult_lab4-hdl_hld_v2.tcl'
02:53:02 INFO  : Disconnected from the channel tcfchan#15.
02:53:33 INFO  : Checking for BSP changes to sync application flags for project 'matrix_mult_lab4'...
02:53:37 INFO  : Connected to target on host '127.0.0.1' and port '3121'.
02:53:40 INFO  : Jtag cable 'Xilinx X-MLCC-01 XFL1NH42KNRVA' is selected.
02:53:40 INFO  : 'jtag frequency' command is executed.
02:53:40 INFO  : Sourcing of 'C:/Xilinx/Vitis/2023.2/scripts/vitis/util/zynqmp_utils.tcl' is done.
02:53:42 INFO  : Context for 'APU' is selected.
02:53:42 INFO  : System reset is completed.
02:53:45 INFO  : 'after 3000' command is executed.
02:53:48 INFO  : 'targets -set -filter {jtag_cable_name =~ "Xilinx X-MLCC-01 XFL1NH42KNRVA" && level==0 && jtag_device_ctx=="jsn-X-MLCC-01-XFL1NH42KNRVA-04724093-0"}' command is executed.
02:53:53 INFO  : Device configured successfully with "C:/Users/sunil/VivadoProjects/EE4218Labs/Lab4/lab4_hw_platform/integrated_coprocessor_v1/matrix_mult_lab4/_ide/bitstream/design_HDL_HLS_v1_v2_wrapper.bit"
02:53:53 INFO  : Context for 'APU' is selected.
02:53:53 INFO  : Hardware design and registers information is loaded from 'C:/Users/sunil/VivadoProjects/EE4218Labs/Lab4/lab4_hw_platform/integrated_coprocessor_v1/HDL_HLS_v2_platform_project/export/HDL_HLS_v2_platform_project/hw/design_HDL_HLS_v1_v2_wrapper.xsa'.
02:53:53 INFO  : 'configparams force-mem-access 1' command is executed.
02:53:53 INFO  : Context for 'APU' is selected.
02:53:53 INFO  : Boot mode is read from the target.
02:53:53 INFO  : Context for processor 'psu_cortexa53_0' is selected.
02:53:53 INFO  : Processor reset is completed for 'psu_cortexa53_0'.
02:53:53 INFO  : The application 'C:/Users/sunil/VivadoProjects/EE4218Labs/Lab4/lab4_hw_platform/integrated_coprocessor_v1/HDL_HLS_v2_platform_project/export/HDL_HLS_v2_platform_project/sw/HDL_HLS_v2_platform_project/boot/fsbl.elf' is downloaded to processor 'psu_cortexa53_0'.
02:53:53 INFO  : 'set bp_53_53_fsbl_bp [bpadd -addr &XFsbl_Exit]' command is executed.
02:53:54 INFO  : 'con -block -timeout 60' command is executed.
02:53:54 INFO  : 'bpremove $bp_53_53_fsbl_bp' command is executed.
02:53:54 INFO  : Context for processor 'psu_cortexa53_0' is selected.
02:53:54 INFO  : Processor reset is completed for 'psu_cortexa53_0'.
02:53:55 INFO  : The application 'C:/Users/sunil/VivadoProjects/EE4218Labs/Lab4/lab4_hw_platform/integrated_coprocessor_v1/matrix_mult_lab4/Debug/matrix_mult_lab4.elf' is downloaded to processor 'psu_cortexa53_0'.
02:53:55 INFO  : 'configparams force-mem-access 0' command is executed.
02:53:55 INFO  : ----------------XSDB Script----------------
connect -url tcp:127.0.0.1:3121
source C:/Xilinx/Vitis/2023.2/scripts/vitis/util/zynqmp_utils.tcl
targets -set -nocase -filter {name =~"APU*"}
rst -system
after 3000
targets -set -filter {jtag_cable_name =~ "Xilinx X-MLCC-01 XFL1NH42KNRVA" && level==0 && jtag_device_ctx=="jsn-X-MLCC-01-XFL1NH42KNRVA-04724093-0"}
fpga -file C:/Users/sunil/VivadoProjects/EE4218Labs/Lab4/lab4_hw_platform/integrated_coprocessor_v1/matrix_mult_lab4/_ide/bitstream/design_HDL_HLS_v1_v2_wrapper.bit
targets -set -nocase -filter {name =~"APU*"}
loadhw -hw C:/Users/sunil/VivadoProjects/EE4218Labs/Lab4/lab4_hw_platform/integrated_coprocessor_v1/HDL_HLS_v2_platform_project/export/HDL_HLS_v2_platform_project/hw/design_HDL_HLS_v1_v2_wrapper.xsa -mem-ranges [list {0x80000000 0xbfffffff} {0x400000000 0x5ffffffff} {0x1000000000 0x7fffffffff}] -regs
configparams force-mem-access 1
targets -set -nocase -filter {name =~"APU*"}
set mode [expr [mrd -value 0xFF5E0200] & 0xf]
targets -set -nocase -filter {name =~ "*A53*#0"}
rst -processor
dow C:/Users/sunil/VivadoProjects/EE4218Labs/Lab4/lab4_hw_platform/integrated_coprocessor_v1/HDL_HLS_v2_platform_project/export/HDL_HLS_v2_platform_project/sw/HDL_HLS_v2_platform_project/boot/fsbl.elf
set bp_53_53_fsbl_bp [bpadd -addr &XFsbl_Exit]
con -block -timeout 60
bpremove $bp_53_53_fsbl_bp
targets -set -nocase -filter {name =~ "*A53*#0"}
rst -processor
dow C:/Users/sunil/VivadoProjects/EE4218Labs/Lab4/lab4_hw_platform/integrated_coprocessor_v1/matrix_mult_lab4/Debug/matrix_mult_lab4.elf
configparams force-mem-access 0
----------------End of Script----------------

02:53:55 INFO  : Context for processor 'psu_cortexa53_0' is selected.
02:53:55 INFO  : 'con' command is executed.
02:53:55 INFO  : ----------------XSDB Script (After Launch)----------------
targets -set -nocase -filter {name =~ "*A53*#0"}
con
----------------End of Script----------------

02:53:55 INFO  : Launch script is exported to file 'C:\Users\sunil\VivadoProjects\EE4218Labs\Lab4\lab4_hw_platform\integrated_coprocessor_v1\matrix_mult_lab4_system\_ide\scripts\debugger_matrix_mult_lab4-hdl_hld_v2.tcl'
02:57:12 INFO  : Disconnected from the channel tcfchan#16.
02:57:16 INFO  : Checking for BSP changes to sync application flags for project 'matrix_mult_lab4'...
02:57:18 INFO  : Connected to target on host '127.0.0.1' and port '3121'.
02:57:19 INFO  : Jtag cable 'Xilinx X-MLCC-01 XFL1NH42KNRVA' is selected.
02:57:19 INFO  : 'jtag frequency' command is executed.
02:57:19 INFO  : Sourcing of 'C:/Xilinx/Vitis/2023.2/scripts/vitis/util/zynqmp_utils.tcl' is done.
02:57:19 INFO  : Context for 'APU' is selected.
02:57:20 INFO  : System reset is completed.
02:57:23 INFO  : 'after 3000' command is executed.
02:57:23 INFO  : 'targets -set -filter {jtag_cable_name =~ "Xilinx X-MLCC-01 XFL1NH42KNRVA" && level==0 && jtag_device_ctx=="jsn-X-MLCC-01-XFL1NH42KNRVA-04724093-0"}' command is executed.
02:57:27 INFO  : Device configured successfully with "C:/Users/sunil/VivadoProjects/EE4218Labs/Lab4/lab4_hw_platform/integrated_coprocessor_v1/matrix_mult_lab4/_ide/bitstream/design_HDL_HLS_v1_v2_wrapper.bit"
02:57:27 INFO  : Context for 'APU' is selected.
02:57:27 INFO  : Hardware design and registers information is loaded from 'C:/Users/sunil/VivadoProjects/EE4218Labs/Lab4/lab4_hw_platform/integrated_coprocessor_v1/HDL_HLS_v2_platform_project/export/HDL_HLS_v2_platform_project/hw/design_HDL_HLS_v1_v2_wrapper.xsa'.
02:57:27 INFO  : 'configparams force-mem-access 1' command is executed.
02:57:27 INFO  : Context for 'APU' is selected.
02:57:27 INFO  : Boot mode is read from the target.
02:57:27 INFO  : Context for processor 'psu_cortexa53_0' is selected.
02:57:27 INFO  : Processor reset is completed for 'psu_cortexa53_0'.
02:57:28 INFO  : The application 'C:/Users/sunil/VivadoProjects/EE4218Labs/Lab4/lab4_hw_platform/integrated_coprocessor_v1/HDL_HLS_v2_platform_project/export/HDL_HLS_v2_platform_project/sw/HDL_HLS_v2_platform_project/boot/fsbl.elf' is downloaded to processor 'psu_cortexa53_0'.
02:57:28 INFO  : 'set bp_57_28_fsbl_bp [bpadd -addr &XFsbl_Exit]' command is executed.
02:57:28 INFO  : 'con -block -timeout 60' command is executed.
02:57:28 INFO  : 'bpremove $bp_57_28_fsbl_bp' command is executed.
02:57:28 INFO  : Context for processor 'psu_cortexa53_0' is selected.
02:57:28 INFO  : Processor reset is completed for 'psu_cortexa53_0'.
02:57:29 INFO  : The application 'C:/Users/sunil/VivadoProjects/EE4218Labs/Lab4/lab4_hw_platform/integrated_coprocessor_v1/matrix_mult_lab4/Debug/matrix_mult_lab4.elf' is downloaded to processor 'psu_cortexa53_0'.
02:57:29 INFO  : 'configparams force-mem-access 0' command is executed.
02:57:29 INFO  : ----------------XSDB Script----------------
connect -url tcp:127.0.0.1:3121
source C:/Xilinx/Vitis/2023.2/scripts/vitis/util/zynqmp_utils.tcl
targets -set -nocase -filter {name =~"APU*"}
rst -system
after 3000
targets -set -filter {jtag_cable_name =~ "Xilinx X-MLCC-01 XFL1NH42KNRVA" && level==0 && jtag_device_ctx=="jsn-X-MLCC-01-XFL1NH42KNRVA-04724093-0"}
fpga -file C:/Users/sunil/VivadoProjects/EE4218Labs/Lab4/lab4_hw_platform/integrated_coprocessor_v1/matrix_mult_lab4/_ide/bitstream/design_HDL_HLS_v1_v2_wrapper.bit
targets -set -nocase -filter {name =~"APU*"}
loadhw -hw C:/Users/sunil/VivadoProjects/EE4218Labs/Lab4/lab4_hw_platform/integrated_coprocessor_v1/HDL_HLS_v2_platform_project/export/HDL_HLS_v2_platform_project/hw/design_HDL_HLS_v1_v2_wrapper.xsa -mem-ranges [list {0x80000000 0xbfffffff} {0x400000000 0x5ffffffff} {0x1000000000 0x7fffffffff}] -regs
configparams force-mem-access 1
targets -set -nocase -filter {name =~"APU*"}
set mode [expr [mrd -value 0xFF5E0200] & 0xf]
targets -set -nocase -filter {name =~ "*A53*#0"}
rst -processor
dow C:/Users/sunil/VivadoProjects/EE4218Labs/Lab4/lab4_hw_platform/integrated_coprocessor_v1/HDL_HLS_v2_platform_project/export/HDL_HLS_v2_platform_project/sw/HDL_HLS_v2_platform_project/boot/fsbl.elf
set bp_57_28_fsbl_bp [bpadd -addr &XFsbl_Exit]
con -block -timeout 60
bpremove $bp_57_28_fsbl_bp
targets -set -nocase -filter {name =~ "*A53*#0"}
rst -processor
dow C:/Users/sunil/VivadoProjects/EE4218Labs/Lab4/lab4_hw_platform/integrated_coprocessor_v1/matrix_mult_lab4/Debug/matrix_mult_lab4.elf
configparams force-mem-access 0
----------------End of Script----------------

02:57:29 INFO  : Context for processor 'psu_cortexa53_0' is selected.
02:57:29 INFO  : 'con' command is executed.
02:57:29 INFO  : ----------------XSDB Script (After Launch)----------------
targets -set -nocase -filter {name =~ "*A53*#0"}
con
----------------End of Script----------------

02:57:29 INFO  : Launch script is exported to file 'C:\Users\sunil\VivadoProjects\EE4218Labs\Lab4\lab4_hw_platform\integrated_coprocessor_v1\matrix_mult_lab4_system\_ide\scripts\debugger_matrix_mult_lab4-hdl_hld_v2.tcl'
03:00:11 INFO  : Disconnected from the channel tcfchan#17.
03:00:30 INFO  : Connected to target on host '127.0.0.1' and port '3121'.
03:00:33 INFO  : Jtag cable 'Xilinx X-MLCC-01 XFL1NH42KNRVA' is selected.
03:00:33 INFO  : 'jtag frequency' command is executed.
03:00:33 INFO  : Sourcing of 'C:/Xilinx/Vitis/2023.2/scripts/vitis/util/zynqmp_utils.tcl' is done.
03:00:35 INFO  : Context for 'APU' is selected.
03:00:35 INFO  : System reset is completed.
03:00:38 INFO  : 'after 3000' command is executed.
03:00:41 INFO  : 'targets -set -filter {jtag_cable_name =~ "Xilinx X-MLCC-01 XFL1NH42KNRVA" && level==0 && jtag_device_ctx=="jsn-X-MLCC-01-XFL1NH42KNRVA-04724093-0"}' command is executed.
03:00:46 INFO  : Device configured successfully with "C:/Users/sunil/VivadoProjects/EE4218Labs/Lab4/lab4_hw_platform/integrated_coprocessor_v1/matrix_mult_lab4/_ide/bitstream/design_HDL_HLS_v1_v2_wrapper.bit"
03:00:46 INFO  : Context for 'APU' is selected.
03:00:46 INFO  : Hardware design and registers information is loaded from 'C:/Users/sunil/VivadoProjects/EE4218Labs/Lab4/lab4_hw_platform/integrated_coprocessor_v1/HDL_HLS_v2_platform_project/export/HDL_HLS_v2_platform_project/hw/design_HDL_HLS_v1_v2_wrapper.xsa'.
03:00:46 INFO  : 'configparams force-mem-access 1' command is executed.
03:00:46 INFO  : Context for 'APU' is selected.
03:00:46 INFO  : Boot mode is read from the target.
03:00:46 INFO  : Context for processor 'psu_cortexa53_0' is selected.
03:00:46 INFO  : Processor reset is completed for 'psu_cortexa53_0'.
03:00:47 INFO  : The application 'C:/Users/sunil/VivadoProjects/EE4218Labs/Lab4/lab4_hw_platform/integrated_coprocessor_v1/HDL_HLS_v2_platform_project/export/HDL_HLS_v2_platform_project/sw/HDL_HLS_v2_platform_project/boot/fsbl.elf' is downloaded to processor 'psu_cortexa53_0'.
03:00:47 INFO  : 'set bp_0_47_fsbl_bp [bpadd -addr &XFsbl_Exit]' command is executed.
03:00:47 INFO  : 'con -block -timeout 60' command is executed.
03:00:47 INFO  : 'bpremove $bp_0_47_fsbl_bp' command is executed.
03:00:47 INFO  : Context for processor 'psu_cortexa53_0' is selected.
03:00:47 INFO  : Processor reset is completed for 'psu_cortexa53_0'.
03:00:48 INFO  : The application 'C:/Users/sunil/VivadoProjects/EE4218Labs/Lab4/lab4_hw_platform/integrated_coprocessor_v1/matrix_mult_lab4/Debug/matrix_mult_lab4.elf' is downloaded to processor 'psu_cortexa53_0'.
03:00:48 INFO  : 'configparams force-mem-access 0' command is executed.
03:00:48 INFO  : ----------------XSDB Script----------------
connect -url tcp:127.0.0.1:3121
source C:/Xilinx/Vitis/2023.2/scripts/vitis/util/zynqmp_utils.tcl
targets -set -nocase -filter {name =~"APU*"}
rst -system
after 3000
targets -set -filter {jtag_cable_name =~ "Xilinx X-MLCC-01 XFL1NH42KNRVA" && level==0 && jtag_device_ctx=="jsn-X-MLCC-01-XFL1NH42KNRVA-04724093-0"}
fpga -file C:/Users/sunil/VivadoProjects/EE4218Labs/Lab4/lab4_hw_platform/integrated_coprocessor_v1/matrix_mult_lab4/_ide/bitstream/design_HDL_HLS_v1_v2_wrapper.bit
targets -set -nocase -filter {name =~"APU*"}
loadhw -hw C:/Users/sunil/VivadoProjects/EE4218Labs/Lab4/lab4_hw_platform/integrated_coprocessor_v1/HDL_HLS_v2_platform_project/export/HDL_HLS_v2_platform_project/hw/design_HDL_HLS_v1_v2_wrapper.xsa -mem-ranges [list {0x80000000 0xbfffffff} {0x400000000 0x5ffffffff} {0x1000000000 0x7fffffffff}] -regs
configparams force-mem-access 1
targets -set -nocase -filter {name =~"APU*"}
set mode [expr [mrd -value 0xFF5E0200] & 0xf]
targets -set -nocase -filter {name =~ "*A53*#0"}
rst -processor
dow C:/Users/sunil/VivadoProjects/EE4218Labs/Lab4/lab4_hw_platform/integrated_coprocessor_v1/HDL_HLS_v2_platform_project/export/HDL_HLS_v2_platform_project/sw/HDL_HLS_v2_platform_project/boot/fsbl.elf
set bp_0_47_fsbl_bp [bpadd -addr &XFsbl_Exit]
con -block -timeout 60
bpremove $bp_0_47_fsbl_bp
targets -set -nocase -filter {name =~ "*A53*#0"}
rst -processor
dow C:/Users/sunil/VivadoProjects/EE4218Labs/Lab4/lab4_hw_platform/integrated_coprocessor_v1/matrix_mult_lab4/Debug/matrix_mult_lab4.elf
configparams force-mem-access 0
----------------End of Script----------------

03:00:48 INFO  : Context for processor 'psu_cortexa53_0' is selected.
03:00:48 INFO  : 'con' command is executed.
03:00:48 INFO  : ----------------XSDB Script (After Launch)----------------
targets -set -nocase -filter {name =~ "*A53*#0"}
con
----------------End of Script----------------

03:00:48 INFO  : Launch script is exported to file 'C:\Users\sunil\VivadoProjects\EE4218Labs\Lab4\lab4_hw_platform\integrated_coprocessor_v1\matrix_mult_lab4_system\_ide\scripts\debugger_matrix_mult_lab4-hdl_hld_v2.tcl'
03:12:50 INFO  : Disconnected from the channel tcfchan#18.
14:26:38 DEBUG : Logs will be stored at 'C:/Users/sunil/VivadoProjects/EE4218Labs/Lab4/lab4_hw_platform/integrated_coprocessor_v1/IDE.log'.
14:26:39 INFO  : Launching XSCT server: xsct.bat -n  -interactive C:\Users\sunil\VivadoProjects\EE4218Labs\Lab4\lab4_hw_platform\integrated_coprocessor_v1\temp_xsdb_launch_script.tcl
14:26:43 INFO  : XSCT server has started successfully.
14:26:43 INFO  : plnx-install-location is set to ''
14:26:43 INFO  : Successfully done setting XSCT server connection channel  
14:26:43 INFO  : Successfully done setting workspace for the tool. 
14:27:39 INFO  : Registering command handlers for Vitis TCF services
14:27:40 INFO  : Platform repository initialization has completed.
14:27:45 INFO  : Successfully done query RDI_DATADIR 
14:29:10 INFO  : Result from executing command 'getProjects': HDL_HLS_v2_platform_project;HDL_HLS_v3_platform_proj;lab4_v2
14:29:10 INFO  : Result from executing command 'getPlatforms': HDL_HLS_v2_platform_project|C:/Users/sunil/VivadoProjects/EE4218Labs/Lab4/lab4_hw_platform/integrated_coprocessor_v1/HDL_HLS_v2_platform_project/export/HDL_HLS_v2_platform_project/HDL_HLS_v2_platform_project.xpfm;integrated_coprocessor_fifo|C:/Users/sunil/VivadoProjects/EE4218Labs/Lab4/integrated_coprocessor_v1/integrated_coprocessor_fifo/export/integrated_coprocessor_fifo/integrated_coprocessor_fifo.xpfm;lab4_v2|C:/Users/sunil/VivadoProjects/EE4218Labs/Lab4/lab4_hw_platform/integrated_coprocessor_v1/lab4_v2/export/lab4_v2/lab4_v2.xpfm;xilinx_zcu102_base_202320_1|C:/Xilinx/Vitis/2023.2/base_platforms/xilinx_zcu102_base_202320_1/xilinx_zcu102_base_202320_1.xpfm;xilinx_zcu102_base_dfx_202320_1|C:/Xilinx/Vitis/2023.2/base_platforms/xilinx_zcu102_base_dfx_202320_1/xilinx_zcu102_base_dfx_202320_1.xpfm;xilinx_zcu104_base_202320_1|C:/Xilinx/Vitis/2023.2/base_platforms/xilinx_zcu104_base_202320_1/xilinx_zcu104_base_202320_1.xpfm
14:30:42 INFO  : The hardware specification used by project 'matrix_mult_lab4' is out of sync with the platform. Resource files extracted from the hardware specification will be updated.
14:30:50 INFO  : The file 'C:\Users\sunil\VivadoProjects\EE4218Labs\Lab4\lab4_hw_platform\integrated_coprocessor_v1\matrix_mult_lab4\_ide\bitstream\design_HDL_HLS_v1_v2_wrapper.bit' stored in project is removed.
14:30:50 INFO  : The updated bitstream files are copied from platform to folder 'C:\Users\sunil\VivadoProjects\EE4218Labs\Lab4\lab4_hw_platform\integrated_coprocessor_v1\matrix_mult_lab4\_ide\bitstream' in project 'matrix_mult_lab4'.
14:30:50 INFO  : The file 'C:\Users\sunil\VivadoProjects\EE4218Labs\Lab4\lab4_hw_platform\integrated_coprocessor_v1\matrix_mult_lab4\_ide\psinit\psu_init.tcl' stored in project is removed.
14:30:50 INFO  : The updated ps init files are copied from platform to folder 'C:\Users\sunil\VivadoProjects\EE4218Labs\Lab4\lab4_hw_platform\integrated_coprocessor_v1\matrix_mult_lab4\_ide\psinit' in project 'matrix_mult_lab4'.
14:32:02 INFO  : Result from executing command 'getProjects': HDL_HLS_v2_platform_project;HDL_HLS_v3_platform_proj;lab4_v2
14:32:03 INFO  : Result from executing command 'getPlatforms': HDL_HLS_v2_platform_project|C:/Users/sunil/VivadoProjects/EE4218Labs/Lab4/lab4_hw_platform/integrated_coprocessor_v1/HDL_HLS_v2_platform_project/export/HDL_HLS_v2_platform_project/HDL_HLS_v2_platform_project.xpfm;HDL_HLS_v3_platform_proj|C:/Users/sunil/VivadoProjects/EE4218Labs/Lab4/lab4_hw_platform/integrated_coprocessor_v1/HDL_HLS_v3_platform_proj/export/HDL_HLS_v3_platform_proj/HDL_HLS_v3_platform_proj.xpfm;integrated_coprocessor_fifo|C:/Users/sunil/VivadoProjects/EE4218Labs/Lab4/integrated_coprocessor_v1/integrated_coprocessor_fifo/export/integrated_coprocessor_fifo/integrated_coprocessor_fifo.xpfm;lab4_v2|C:/Users/sunil/VivadoProjects/EE4218Labs/Lab4/lab4_hw_platform/integrated_coprocessor_v1/lab4_v2/export/lab4_v2/lab4_v2.xpfm;xilinx_zcu102_base_202320_1|C:/Xilinx/Vitis/2023.2/base_platforms/xilinx_zcu102_base_202320_1/xilinx_zcu102_base_202320_1.xpfm;xilinx_zcu102_base_dfx_202320_1|C:/Xilinx/Vitis/2023.2/base_platforms/xilinx_zcu102_base_dfx_202320_1/xilinx_zcu102_base_dfx_202320_1.xpfm;xilinx_zcu104_base_202320_1|C:/Xilinx/Vitis/2023.2/base_platforms/xilinx_zcu104_base_202320_1/xilinx_zcu104_base_202320_1.xpfm
14:32:07 INFO  : Checking for BSP changes to sync application flags for project 'matrix_mult_lab4'...
14:32:15 INFO  : Connected to target on host '127.0.0.1' and port '3121'.
14:32:22 INFO  : Jtag cable 'Xilinx X-MLCC-01 XFL1NH42KNRVA' is selected.
14:32:22 INFO  : 'jtag frequency' command is executed.
14:32:22 INFO  : Sourcing of 'C:/Xilinx/Vitis/2023.2/scripts/vitis/util/zynqmp_utils.tcl' is done.
14:32:26 INFO  : Context for 'APU' is selected.
14:32:28 INFO  : System reset is completed.
14:32:31 INFO  : 'after 3000' command is executed.
14:32:31 INFO  : 'targets -set -filter {jtag_cable_name =~ "Xilinx X-MLCC-01 XFL1NH42KNRVA" && level==0 && jtag_device_ctx=="jsn-X-MLCC-01-XFL1NH42KNRVA-04724093-0"}' command is executed.
14:32:31 ERROR : couldn't open "C:/Users/sunil/VivadoProjects/EE4218Labs/Lab4/lab4_hw_platform/integrated_coprocessor_v1/matrix_mult_lab4/_ide/bitstream/design_HDL_HLS_v1_v2_wrapper.bit": no such file or directory
14:32:31 ERROR : Exception occured while running Program Device.
java.lang.RuntimeException: couldn't open "C:/Users/sunil/VivadoProjects/EE4218Labs/Lab4/lab4_hw_platform/integrated_coprocessor_v1/matrix_mult_lab4/_ide/bitstream/design_HDL_HLS_v1_v2_wrapper.bit": no such file or directory
14:32:31 INFO  : ----------------XSDB Script----------------
connect -url tcp:127.0.0.1:3121
source C:/Xilinx/Vitis/2023.2/scripts/vitis/util/zynqmp_utils.tcl
targets -set -nocase -filter {name =~"APU*"}
rst -system
after 3000
----------------End of Script----------------

14:32:31 ERROR : couldn't open "C:/Users/sunil/VivadoProjects/EE4218Labs/Lab4/lab4_hw_platform/integrated_coprocessor_v1/matrix_mult_lab4/_ide/bitstream/design_HDL_HLS_v1_v2_wrapper.bit": no such file or directory
14:32:56 INFO  : Connected to target on host '127.0.0.1' and port '3121'.
14:32:56 INFO  : Jtag cable 'Xilinx X-MLCC-01 XFL1NH42KNRVA' is selected.
14:32:56 INFO  : 'jtag frequency' command is executed.
14:32:56 INFO  : Sourcing of 'C:/Xilinx/Vitis/2023.2/scripts/vitis/util/zynqmp_utils.tcl' is done.
14:32:56 INFO  : Context for 'APU' is selected.
14:32:57 INFO  : System reset is completed.
14:33:00 INFO  : 'after 3000' command is executed.
14:33:00 INFO  : 'targets -set -filter {jtag_cable_name =~ "Xilinx X-MLCC-01 XFL1NH42KNRVA" && level==0 && jtag_device_ctx=="jsn-X-MLCC-01-XFL1NH42KNRVA-04724093-0"}' command is executed.
14:33:00 ERROR : couldn't open "C:/Users/sunil/VivadoProjects/EE4218Labs/Lab4/lab4_hw_platform/integrated_coprocessor_v1/matrix_mult_lab4/_ide/bitstream/design_HDL_HLS_v1_v2_wrapper.bit": no such file or directory
14:33:00 ERROR : Exception occured while running Program Device.
java.lang.RuntimeException: couldn't open "C:/Users/sunil/VivadoProjects/EE4218Labs/Lab4/lab4_hw_platform/integrated_coprocessor_v1/matrix_mult_lab4/_ide/bitstream/design_HDL_HLS_v1_v2_wrapper.bit": no such file or directory
14:33:00 INFO  : ----------------XSDB Script----------------
connect -url tcp:127.0.0.1:3121
source C:/Xilinx/Vitis/2023.2/scripts/vitis/util/zynqmp_utils.tcl
targets -set -nocase -filter {name =~"APU*"}
rst -system
after 3000
----------------End of Script----------------

14:33:00 ERROR : couldn't open "C:/Users/sunil/VivadoProjects/EE4218Labs/Lab4/lab4_hw_platform/integrated_coprocessor_v1/matrix_mult_lab4/_ide/bitstream/design_HDL_HLS_v1_v2_wrapper.bit": no such file or directory
14:33:05 INFO  : Connected to target on host '127.0.0.1' and port '3121'.
14:33:05 INFO  : Jtag cable 'Xilinx X-MLCC-01 XFL1NH42KNRVA' is selected.
14:33:05 INFO  : 'jtag frequency' command is executed.
14:33:05 INFO  : Sourcing of 'C:/Xilinx/Vitis/2023.2/scripts/vitis/util/zynqmp_utils.tcl' is done.
14:33:05 INFO  : Context for 'APU' is selected.
14:33:06 INFO  : System reset is completed.
14:33:09 INFO  : 'after 3000' command is executed.
14:33:09 INFO  : 'targets -set -filter {jtag_cable_name =~ "Xilinx X-MLCC-01 XFL1NH42KNRVA" && level==0 && jtag_device_ctx=="jsn-X-MLCC-01-XFL1NH42KNRVA-04724093-0"}' command is executed.
14:33:09 ERROR : couldn't open "C:/Users/sunil/VivadoProjects/EE4218Labs/Lab4/lab4_hw_platform/integrated_coprocessor_v1/matrix_mult_lab4/_ide/bitstream/design_HDL_HLS_v1_v2_wrapper.bit": no such file or directory
14:33:09 ERROR : Exception occured while running Program Device.
java.lang.RuntimeException: couldn't open "C:/Users/sunil/VivadoProjects/EE4218Labs/Lab4/lab4_hw_platform/integrated_coprocessor_v1/matrix_mult_lab4/_ide/bitstream/design_HDL_HLS_v1_v2_wrapper.bit": no such file or directory
14:33:09 INFO  : ----------------XSDB Script----------------
connect -url tcp:127.0.0.1:3121
source C:/Xilinx/Vitis/2023.2/scripts/vitis/util/zynqmp_utils.tcl
targets -set -nocase -filter {name =~"APU*"}
rst -system
after 3000
----------------End of Script----------------

14:33:09 ERROR : couldn't open "C:/Users/sunil/VivadoProjects/EE4218Labs/Lab4/lab4_hw_platform/integrated_coprocessor_v1/matrix_mult_lab4/_ide/bitstream/design_HDL_HLS_v1_v2_wrapper.bit": no such file or directory
14:35:00 INFO  : Connected to target on host '127.0.0.1' and port '3121'.
14:35:00 INFO  : Jtag cable 'Xilinx X-MLCC-01 XFL1NH42KNRVA' is selected.
14:35:00 INFO  : 'jtag frequency' command is executed.
14:35:00 INFO  : Sourcing of 'C:/Xilinx/Vitis/2023.2/scripts/vitis/util/zynqmp_utils.tcl' is done.
14:35:00 INFO  : Context for 'APU' is selected.
14:35:00 INFO  : System reset is completed.
14:35:03 INFO  : 'after 3000' command is executed.
14:35:04 INFO  : 'targets -set -filter {jtag_cable_name =~ "Xilinx X-MLCC-01 XFL1NH42KNRVA" && level==0 && jtag_device_ctx=="jsn-X-MLCC-01-XFL1NH42KNRVA-04724093-0"}' command is executed.
14:35:08 INFO  : Device configured successfully with "C:/Users/sunil/VivadoProjects/EE4218Labs/Lab4/lab4_hw_platform/integrated_coprocessor_v1/matrix_mult_lab4/_ide/bitstream/design_HDL_HLS_v3_wrapper.bit"
14:35:08 INFO  : Context for 'APU' is selected.
14:35:09 INFO  : Hardware design and registers information is loaded from 'C:/Users/sunil/VivadoProjects/EE4218Labs/Lab4/lab4_hw_platform/integrated_coprocessor_v1/HDL_HLS_v3_platform_proj/export/HDL_HLS_v3_platform_proj/hw/design_HDL_HLS_v3_wrapper.xsa'.
14:35:09 INFO  : 'configparams force-mem-access 1' command is executed.
14:35:09 INFO  : Context for 'APU' is selected.
14:35:09 INFO  : Boot mode is read from the target.
14:35:09 INFO  : Context for processor 'psu_cortexa53_0' is selected.
14:35:09 INFO  : Processor reset is completed for 'psu_cortexa53_0'.
14:35:10 INFO  : The application 'C:/Users/sunil/VivadoProjects/EE4218Labs/Lab4/lab4_hw_platform/integrated_coprocessor_v1/HDL_HLS_v3_platform_proj/export/HDL_HLS_v3_platform_proj/sw/HDL_HLS_v3_platform_proj/boot/fsbl.elf' is downloaded to processor 'psu_cortexa53_0'.
14:35:10 INFO  : 'set bp_35_10_fsbl_bp [bpadd -addr &XFsbl_Exit]' command is executed.
14:35:10 INFO  : 'con -block -timeout 60' command is executed.
14:35:10 INFO  : 'bpremove $bp_35_10_fsbl_bp' command is executed.
14:35:10 INFO  : Context for processor 'psu_cortexa53_0' is selected.
14:35:10 INFO  : Processor reset is completed for 'psu_cortexa53_0'.
14:35:11 INFO  : The application 'C:/Users/sunil/VivadoProjects/EE4218Labs/Lab4/lab4_hw_platform/integrated_coprocessor_v1/matrix_mult_lab4/Debug/matrix_mult_lab4.elf' is downloaded to processor 'psu_cortexa53_0'.
14:35:11 INFO  : 'configparams force-mem-access 0' command is executed.
14:35:11 INFO  : ----------------XSDB Script----------------
connect -url tcp:127.0.0.1:3121
source C:/Xilinx/Vitis/2023.2/scripts/vitis/util/zynqmp_utils.tcl
targets -set -nocase -filter {name =~"APU*"}
rst -system
after 3000
targets -set -filter {jtag_cable_name =~ "Xilinx X-MLCC-01 XFL1NH42KNRVA" && level==0 && jtag_device_ctx=="jsn-X-MLCC-01-XFL1NH42KNRVA-04724093-0"}
fpga -file C:/Users/sunil/VivadoProjects/EE4218Labs/Lab4/lab4_hw_platform/integrated_coprocessor_v1/matrix_mult_lab4/_ide/bitstream/design_HDL_HLS_v3_wrapper.bit
targets -set -nocase -filter {name =~"APU*"}
loadhw -hw C:/Users/sunil/VivadoProjects/EE4218Labs/Lab4/lab4_hw_platform/integrated_coprocessor_v1/HDL_HLS_v3_platform_proj/export/HDL_HLS_v3_platform_proj/hw/design_HDL_HLS_v3_wrapper.xsa -mem-ranges [list {0x80000000 0xbfffffff} {0x400000000 0x5ffffffff} {0x1000000000 0x7fffffffff}] -regs
configparams force-mem-access 1
targets -set -nocase -filter {name =~"APU*"}
set mode [expr [mrd -value 0xFF5E0200] & 0xf]
targets -set -nocase -filter {name =~ "*A53*#0"}
rst -processor
dow C:/Users/sunil/VivadoProjects/EE4218Labs/Lab4/lab4_hw_platform/integrated_coprocessor_v1/HDL_HLS_v3_platform_proj/export/HDL_HLS_v3_platform_proj/sw/HDL_HLS_v3_platform_proj/boot/fsbl.elf
set bp_35_10_fsbl_bp [bpadd -addr &XFsbl_Exit]
con -block -timeout 60
bpremove $bp_35_10_fsbl_bp
targets -set -nocase -filter {name =~ "*A53*#0"}
rst -processor
dow C:/Users/sunil/VivadoProjects/EE4218Labs/Lab4/lab4_hw_platform/integrated_coprocessor_v1/matrix_mult_lab4/Debug/matrix_mult_lab4.elf
configparams force-mem-access 0
----------------End of Script----------------

14:35:11 INFO  : Context for processor 'psu_cortexa53_0' is selected.
14:35:11 INFO  : 'con' command is executed.
14:35:11 INFO  : ----------------XSDB Script (After Launch)----------------
targets -set -nocase -filter {name =~ "*A53*#0"}
con
----------------End of Script----------------

14:35:11 INFO  : Launch script is exported to file 'C:\Users\sunil\VivadoProjects\EE4218Labs\Lab4\lab4_hw_platform\integrated_coprocessor_v1\matrix_mult_lab4_system\_ide\scripts\debugger_matrix_mult_lab4_v3.tcl'
14:36:42 INFO  : Disconnected from the channel tcfchan#2.
14:36:48 INFO  : Result from executing command 'getProjects': HDL_HLS_v2_platform_project;HDL_HLS_v3_platform_proj;lab4_v2
14:36:48 INFO  : Result from executing command 'getPlatforms': HDL_HLS_v2_platform_project|C:/Users/sunil/VivadoProjects/EE4218Labs/Lab4/lab4_hw_platform/integrated_coprocessor_v1/HDL_HLS_v2_platform_project/export/HDL_HLS_v2_platform_project/HDL_HLS_v2_platform_project.xpfm;HDL_HLS_v3_platform_proj|C:/Users/sunil/VivadoProjects/EE4218Labs/Lab4/lab4_hw_platform/integrated_coprocessor_v1/HDL_HLS_v3_platform_proj/export/HDL_HLS_v3_platform_proj/HDL_HLS_v3_platform_proj.xpfm;integrated_coprocessor_fifo|C:/Users/sunil/VivadoProjects/EE4218Labs/Lab4/integrated_coprocessor_v1/integrated_coprocessor_fifo/export/integrated_coprocessor_fifo/integrated_coprocessor_fifo.xpfm;lab4_v2|C:/Users/sunil/VivadoProjects/EE4218Labs/Lab4/lab4_hw_platform/integrated_coprocessor_v1/lab4_v2/export/lab4_v2/lab4_v2.xpfm;xilinx_zcu102_base_202320_1|C:/Xilinx/Vitis/2023.2/base_platforms/xilinx_zcu102_base_202320_1/xilinx_zcu102_base_202320_1.xpfm;xilinx_zcu102_base_dfx_202320_1|C:/Xilinx/Vitis/2023.2/base_platforms/xilinx_zcu102_base_dfx_202320_1/xilinx_zcu102_base_dfx_202320_1.xpfm;xilinx_zcu104_base_202320_1|C:/Xilinx/Vitis/2023.2/base_platforms/xilinx_zcu104_base_202320_1/xilinx_zcu104_base_202320_1.xpfm
14:36:49 INFO  : Checking for BSP changes to sync application flags for project 'matrix_mult_lab4'...
14:36:51 INFO  : Connected to target on host '127.0.0.1' and port '3121'.
14:36:54 INFO  : Jtag cable 'Xilinx X-MLCC-01 XFL1NH42KNRVA' is selected.
14:36:54 INFO  : 'jtag frequency' command is executed.
14:36:54 INFO  : Sourcing of 'C:/Xilinx/Vitis/2023.2/scripts/vitis/util/zynqmp_utils.tcl' is done.
14:36:54 INFO  : Context for 'APU' is selected.
14:36:54 INFO  : System reset is completed.
14:36:57 INFO  : 'after 3000' command is executed.
14:36:57 INFO  : 'targets -set -filter {jtag_cable_name =~ "Xilinx X-MLCC-01 XFL1NH42KNRVA" && level==0 && jtag_device_ctx=="jsn-X-MLCC-01-XFL1NH42KNRVA-04724093-0"}' command is executed.
14:37:01 INFO  : Device configured successfully with "C:/Users/sunil/VivadoProjects/EE4218Labs/Lab4/lab4_hw_platform/integrated_coprocessor_v1/matrix_mult_lab4/_ide/bitstream/design_HDL_HLS_v3_wrapper.bit"
14:37:01 INFO  : Context for 'APU' is selected.
14:37:02 INFO  : Hardware design and registers information is loaded from 'C:/Users/sunil/VivadoProjects/EE4218Labs/Lab4/lab4_hw_platform/integrated_coprocessor_v1/HDL_HLS_v3_platform_proj/export/HDL_HLS_v3_platform_proj/hw/design_HDL_HLS_v3_wrapper.xsa'.
14:37:02 INFO  : 'configparams force-mem-access 1' command is executed.
14:37:02 INFO  : Context for 'APU' is selected.
14:37:02 INFO  : Boot mode is read from the target.
14:37:02 INFO  : Context for processor 'psu_cortexa53_0' is selected.
14:37:02 INFO  : Processor reset is completed for 'psu_cortexa53_0'.
14:37:02 INFO  : The application 'C:/Users/sunil/VivadoProjects/EE4218Labs/Lab4/lab4_hw_platform/integrated_coprocessor_v1/HDL_HLS_v3_platform_proj/export/HDL_HLS_v3_platform_proj/sw/HDL_HLS_v3_platform_proj/boot/fsbl.elf' is downloaded to processor 'psu_cortexa53_0'.
14:37:02 INFO  : 'set bp_37_2_fsbl_bp [bpadd -addr &XFsbl_Exit]' command is executed.
14:37:02 INFO  : 'con -block -timeout 60' command is executed.
14:37:02 INFO  : 'bpremove $bp_37_2_fsbl_bp' command is executed.
14:37:02 INFO  : Context for processor 'psu_cortexa53_0' is selected.
14:37:02 INFO  : Processor reset is completed for 'psu_cortexa53_0'.
14:37:03 INFO  : The application 'C:/Users/sunil/VivadoProjects/EE4218Labs/Lab4/lab4_hw_platform/integrated_coprocessor_v1/matrix_mult_lab4/Debug/matrix_mult_lab4.elf' is downloaded to processor 'psu_cortexa53_0'.
14:37:03 INFO  : 'configparams force-mem-access 0' command is executed.
14:37:03 INFO  : ----------------XSDB Script----------------
connect -url tcp:127.0.0.1:3121
source C:/Xilinx/Vitis/2023.2/scripts/vitis/util/zynqmp_utils.tcl
targets -set -nocase -filter {name =~"APU*"}
rst -system
after 3000
targets -set -filter {jtag_cable_name =~ "Xilinx X-MLCC-01 XFL1NH42KNRVA" && level==0 && jtag_device_ctx=="jsn-X-MLCC-01-XFL1NH42KNRVA-04724093-0"}
fpga -file C:/Users/sunil/VivadoProjects/EE4218Labs/Lab4/lab4_hw_platform/integrated_coprocessor_v1/matrix_mult_lab4/_ide/bitstream/design_HDL_HLS_v3_wrapper.bit
targets -set -nocase -filter {name =~"APU*"}
loadhw -hw C:/Users/sunil/VivadoProjects/EE4218Labs/Lab4/lab4_hw_platform/integrated_coprocessor_v1/HDL_HLS_v3_platform_proj/export/HDL_HLS_v3_platform_proj/hw/design_HDL_HLS_v3_wrapper.xsa -mem-ranges [list {0x80000000 0xbfffffff} {0x400000000 0x5ffffffff} {0x1000000000 0x7fffffffff}] -regs
configparams force-mem-access 1
targets -set -nocase -filter {name =~"APU*"}
set mode [expr [mrd -value 0xFF5E0200] & 0xf]
targets -set -nocase -filter {name =~ "*A53*#0"}
rst -processor
dow C:/Users/sunil/VivadoProjects/EE4218Labs/Lab4/lab4_hw_platform/integrated_coprocessor_v1/HDL_HLS_v3_platform_proj/export/HDL_HLS_v3_platform_proj/sw/HDL_HLS_v3_platform_proj/boot/fsbl.elf
set bp_37_2_fsbl_bp [bpadd -addr &XFsbl_Exit]
con -block -timeout 60
bpremove $bp_37_2_fsbl_bp
targets -set -nocase -filter {name =~ "*A53*#0"}
rst -processor
dow C:/Users/sunil/VivadoProjects/EE4218Labs/Lab4/lab4_hw_platform/integrated_coprocessor_v1/matrix_mult_lab4/Debug/matrix_mult_lab4.elf
configparams force-mem-access 0
----------------End of Script----------------

14:37:03 INFO  : Context for processor 'psu_cortexa53_0' is selected.
14:37:04 INFO  : 'con' command is executed.
14:37:04 INFO  : ----------------XSDB Script (After Launch)----------------
targets -set -nocase -filter {name =~ "*A53*#0"}
con
----------------End of Script----------------

14:37:04 INFO  : Launch script is exported to file 'C:\Users\sunil\VivadoProjects\EE4218Labs\Lab4\lab4_hw_platform\integrated_coprocessor_v1\matrix_mult_lab4_system\_ide\scripts\debugger_matrix_mult_lab4_v3.tcl'
14:42:58 INFO  : Disconnected from the channel tcfchan#4.
14:43:13 INFO  : Checking for BSP changes to sync application flags for project 'matrix_mult_lab4'...
14:50:23 INFO  : Connected to target on host '127.0.0.1' and port '3121'.
14:50:26 INFO  : Jtag cable 'Xilinx X-MLCC-01 XFL1NH42KNRVA' is selected.
14:50:27 INFO  : 'jtag frequency' command is executed.
14:50:27 INFO  : Sourcing of 'C:/Xilinx/Vitis/2023.2/scripts/vitis/util/zynqmp_utils.tcl' is done.
14:50:29 INFO  : Context for 'APU' is selected.
14:50:29 INFO  : System reset is completed.
14:50:32 INFO  : 'after 3000' command is executed.
14:50:34 INFO  : 'targets -set -filter {jtag_cable_name =~ "Xilinx X-MLCC-01 XFL1NH42KNRVA" && level==0 && jtag_device_ctx=="jsn-X-MLCC-01-XFL1NH42KNRVA-04724093-0"}' command is executed.
14:50:38 INFO  : Device configured successfully with "C:/Users/sunil/VivadoProjects/EE4218Labs/Lab4/lab4_hw_platform/integrated_coprocessor_v1/matrix_mult_lab4/_ide/bitstream/design_HDL_HLS_v3_wrapper.bit"
14:50:38 INFO  : Context for 'APU' is selected.
14:50:38 INFO  : Hardware design and registers information is loaded from 'C:/Users/sunil/VivadoProjects/EE4218Labs/Lab4/lab4_hw_platform/integrated_coprocessor_v1/HDL_HLS_v3_platform_proj/export/HDL_HLS_v3_platform_proj/hw/design_HDL_HLS_v3_wrapper.xsa'.
14:50:38 INFO  : 'configparams force-mem-access 1' command is executed.
14:50:38 INFO  : Context for 'APU' is selected.
14:50:38 INFO  : Boot mode is read from the target.
14:50:38 INFO  : Context for processor 'psu_cortexa53_0' is selected.
14:50:39 INFO  : Processor reset is completed for 'psu_cortexa53_0'.
14:50:39 INFO  : The application 'C:/Users/sunil/VivadoProjects/EE4218Labs/Lab4/lab4_hw_platform/integrated_coprocessor_v1/HDL_HLS_v3_platform_proj/export/HDL_HLS_v3_platform_proj/sw/HDL_HLS_v3_platform_proj/boot/fsbl.elf' is downloaded to processor 'psu_cortexa53_0'.
14:50:39 INFO  : 'set bp_50_39_fsbl_bp [bpadd -addr &XFsbl_Exit]' command is executed.
14:50:39 INFO  : 'con -block -timeout 60' command is executed.
14:50:39 INFO  : 'bpremove $bp_50_39_fsbl_bp' command is executed.
14:50:39 INFO  : Context for processor 'psu_cortexa53_0' is selected.
14:50:39 INFO  : Processor reset is completed for 'psu_cortexa53_0'.
14:50:40 INFO  : The application 'C:/Users/sunil/VivadoProjects/EE4218Labs/Lab4/lab4_hw_platform/integrated_coprocessor_v1/matrix_mult_lab4/Debug/matrix_mult_lab4.elf' is downloaded to processor 'psu_cortexa53_0'.
14:50:40 INFO  : 'configparams force-mem-access 0' command is executed.
14:50:40 INFO  : ----------------XSDB Script----------------
connect -url tcp:127.0.0.1:3121
source C:/Xilinx/Vitis/2023.2/scripts/vitis/util/zynqmp_utils.tcl
targets -set -nocase -filter {name =~"APU*"}
rst -system
after 3000
targets -set -filter {jtag_cable_name =~ "Xilinx X-MLCC-01 XFL1NH42KNRVA" && level==0 && jtag_device_ctx=="jsn-X-MLCC-01-XFL1NH42KNRVA-04724093-0"}
fpga -file C:/Users/sunil/VivadoProjects/EE4218Labs/Lab4/lab4_hw_platform/integrated_coprocessor_v1/matrix_mult_lab4/_ide/bitstream/design_HDL_HLS_v3_wrapper.bit
targets -set -nocase -filter {name =~"APU*"}
loadhw -hw C:/Users/sunil/VivadoProjects/EE4218Labs/Lab4/lab4_hw_platform/integrated_coprocessor_v1/HDL_HLS_v3_platform_proj/export/HDL_HLS_v3_platform_proj/hw/design_HDL_HLS_v3_wrapper.xsa -mem-ranges [list {0x80000000 0xbfffffff} {0x400000000 0x5ffffffff} {0x1000000000 0x7fffffffff}] -regs
configparams force-mem-access 1
targets -set -nocase -filter {name =~"APU*"}
set mode [expr [mrd -value 0xFF5E0200] & 0xf]
targets -set -nocase -filter {name =~ "*A53*#0"}
rst -processor
dow C:/Users/sunil/VivadoProjects/EE4218Labs/Lab4/lab4_hw_platform/integrated_coprocessor_v1/HDL_HLS_v3_platform_proj/export/HDL_HLS_v3_platform_proj/sw/HDL_HLS_v3_platform_proj/boot/fsbl.elf
set bp_50_39_fsbl_bp [bpadd -addr &XFsbl_Exit]
con -block -timeout 60
bpremove $bp_50_39_fsbl_bp
targets -set -nocase -filter {name =~ "*A53*#0"}
rst -processor
dow C:/Users/sunil/VivadoProjects/EE4218Labs/Lab4/lab4_hw_platform/integrated_coprocessor_v1/matrix_mult_lab4/Debug/matrix_mult_lab4.elf
configparams force-mem-access 0
----------------End of Script----------------

14:50:40 INFO  : Context for processor 'psu_cortexa53_0' is selected.
14:50:40 INFO  : 'con' command is executed.
14:50:40 INFO  : ----------------XSDB Script (After Launch)----------------
targets -set -nocase -filter {name =~ "*A53*#0"}
con
----------------End of Script----------------

14:50:40 INFO  : Launch script is exported to file 'C:\Users\sunil\VivadoProjects\EE4218Labs\Lab4\lab4_hw_platform\integrated_coprocessor_v1\matrix_mult_lab4_system\_ide\scripts\debugger_matrix_mult_lab4_v3.tcl'
14:56:35 INFO  : Disconnected from the channel tcfchan#5.
15:15:05 INFO  : Result from executing command 'getProjects': HDL_HLS_v2_platform_project;HDL_HLS_v3_platform_proj;HDL_HLS_v4_platform_proj;lab4_v2
15:15:05 INFO  : Result from executing command 'getPlatforms': HDL_HLS_v2_platform_project|C:/Users/sunil/VivadoProjects/EE4218Labs/Lab4/lab4_hw_platform/integrated_coprocessor_v1/HDL_HLS_v2_platform_project/export/HDL_HLS_v2_platform_project/HDL_HLS_v2_platform_project.xpfm;HDL_HLS_v3_platform_proj|C:/Users/sunil/VivadoProjects/EE4218Labs/Lab4/lab4_hw_platform/integrated_coprocessor_v1/HDL_HLS_v3_platform_proj/export/HDL_HLS_v3_platform_proj/HDL_HLS_v3_platform_proj.xpfm;integrated_coprocessor_fifo|C:/Users/sunil/VivadoProjects/EE4218Labs/Lab4/integrated_coprocessor_v1/integrated_coprocessor_fifo/export/integrated_coprocessor_fifo/integrated_coprocessor_fifo.xpfm;lab4_v2|C:/Users/sunil/VivadoProjects/EE4218Labs/Lab4/lab4_hw_platform/integrated_coprocessor_v1/lab4_v2/export/lab4_v2/lab4_v2.xpfm;xilinx_zcu102_base_202320_1|C:/Xilinx/Vitis/2023.2/base_platforms/xilinx_zcu102_base_202320_1/xilinx_zcu102_base_202320_1.xpfm;xilinx_zcu102_base_dfx_202320_1|C:/Xilinx/Vitis/2023.2/base_platforms/xilinx_zcu102_base_dfx_202320_1/xilinx_zcu102_base_dfx_202320_1.xpfm;xilinx_zcu104_base_202320_1|C:/Xilinx/Vitis/2023.2/base_platforms/xilinx_zcu104_base_202320_1/xilinx_zcu104_base_202320_1.xpfm
15:16:17 INFO  : Result from executing command 'getProjects': HDL_HLS_v2_platform_project;HDL_HLS_v3_platform_proj;HDL_HLS_v4_platform_proj;lab4_v2
15:16:17 INFO  : Result from executing command 'getPlatforms': HDL_HLS_v2_platform_project|C:/Users/sunil/VivadoProjects/EE4218Labs/Lab4/lab4_hw_platform/integrated_coprocessor_v1/HDL_HLS_v2_platform_project/export/HDL_HLS_v2_platform_project/HDL_HLS_v2_platform_project.xpfm;HDL_HLS_v3_platform_proj|C:/Users/sunil/VivadoProjects/EE4218Labs/Lab4/lab4_hw_platform/integrated_coprocessor_v1/HDL_HLS_v3_platform_proj/export/HDL_HLS_v3_platform_proj/HDL_HLS_v3_platform_proj.xpfm;HDL_HLS_v4_platform_proj|C:/Users/sunil/VivadoProjects/EE4218Labs/Lab4/lab4_hw_platform/integrated_coprocessor_v1/HDL_HLS_v4_platform_proj/export/HDL_HLS_v4_platform_proj/HDL_HLS_v4_platform_proj.xpfm;integrated_coprocessor_fifo|C:/Users/sunil/VivadoProjects/EE4218Labs/Lab4/integrated_coprocessor_v1/integrated_coprocessor_fifo/export/integrated_coprocessor_fifo/integrated_coprocessor_fifo.xpfm;lab4_v2|C:/Users/sunil/VivadoProjects/EE4218Labs/Lab4/lab4_hw_platform/integrated_coprocessor_v1/lab4_v2/export/lab4_v2/lab4_v2.xpfm;xilinx_zcu102_base_202320_1|C:/Xilinx/Vitis/2023.2/base_platforms/xilinx_zcu102_base_202320_1/xilinx_zcu102_base_202320_1.xpfm;xilinx_zcu102_base_dfx_202320_1|C:/Xilinx/Vitis/2023.2/base_platforms/xilinx_zcu102_base_dfx_202320_1/xilinx_zcu102_base_dfx_202320_1.xpfm;xilinx_zcu104_base_202320_1|C:/Xilinx/Vitis/2023.2/base_platforms/xilinx_zcu104_base_202320_1/xilinx_zcu104_base_202320_1.xpfm
15:16:20 INFO  : The hardware specification used by project 'matrix_mult_lab4' is out of sync with the platform. Resource files extracted from the hardware specification will be updated.
15:16:28 INFO  : The file 'C:\Users\sunil\VivadoProjects\EE4218Labs\Lab4\lab4_hw_platform\integrated_coprocessor_v1\matrix_mult_lab4\_ide\bitstream\design_HDL_HLS_v3_wrapper.bit' stored in project is removed.
15:16:28 INFO  : The updated bitstream files are copied from platform to folder 'C:\Users\sunil\VivadoProjects\EE4218Labs\Lab4\lab4_hw_platform\integrated_coprocessor_v1\matrix_mult_lab4\_ide\bitstream' in project 'matrix_mult_lab4'.
15:16:28 INFO  : The file 'C:\Users\sunil\VivadoProjects\EE4218Labs\Lab4\lab4_hw_platform\integrated_coprocessor_v1\matrix_mult_lab4\_ide\psinit\psu_init.tcl' stored in project is removed.
15:16:28 INFO  : The updated ps init files are copied from platform to folder 'C:\Users\sunil\VivadoProjects\EE4218Labs\Lab4\lab4_hw_platform\integrated_coprocessor_v1\matrix_mult_lab4\_ide\psinit' in project 'matrix_mult_lab4'.
15:17:50 INFO  : Connected to target on host '127.0.0.1' and port '3121'.
15:17:53 INFO  : Jtag cable 'Xilinx X-MLCC-01 XFL1NH42KNRVA' is selected.
15:17:53 INFO  : 'jtag frequency' command is executed.
15:17:53 INFO  : Sourcing of 'C:/Xilinx/Vitis/2023.2/scripts/vitis/util/zynqmp_utils.tcl' is done.
15:17:55 INFO  : Context for 'APU' is selected.
15:17:55 INFO  : System reset is completed.
15:17:58 INFO  : 'after 3000' command is executed.
15:18:01 INFO  : 'targets -set -filter {jtag_cable_name =~ "Xilinx X-MLCC-01 XFL1NH42KNRVA" && level==0 && jtag_device_ctx=="jsn-X-MLCC-01-XFL1NH42KNRVA-04724093-0"}' command is executed.
15:18:06 INFO  : Device configured successfully with "C:/Users/sunil/VivadoProjects/EE4218Labs/Lab4/lab4_hw_platform/integrated_coprocessor_v1/matrix_mult_lab4/_ide/bitstream/design_HDL_HLS_v4_wrapper.bit"
15:18:06 INFO  : Context for 'APU' is selected.
15:18:07 INFO  : Hardware design and registers information is loaded from 'C:/Users/sunil/VivadoProjects/EE4218Labs/Lab4/lab4_hw_platform/integrated_coprocessor_v1/HDL_HLS_v4_platform_proj/export/HDL_HLS_v4_platform_proj/hw/design_HDL_HLS_v4_wrapper.xsa'.
15:18:07 INFO  : 'configparams force-mem-access 1' command is executed.
15:18:07 INFO  : Context for 'APU' is selected.
15:18:07 INFO  : Boot mode is read from the target.
15:18:07 INFO  : Context for processor 'psu_cortexa53_0' is selected.
15:18:07 INFO  : Processor reset is completed for 'psu_cortexa53_0'.
15:18:08 INFO  : The application 'C:/Users/sunil/VivadoProjects/EE4218Labs/Lab4/lab4_hw_platform/integrated_coprocessor_v1/HDL_HLS_v4_platform_proj/export/HDL_HLS_v4_platform_proj/sw/HDL_HLS_v4_platform_proj/boot/fsbl.elf' is downloaded to processor 'psu_cortexa53_0'.
15:18:08 INFO  : 'set bp_18_8_fsbl_bp [bpadd -addr &XFsbl_Exit]' command is executed.
15:18:08 INFO  : 'con -block -timeout 60' command is executed.
15:18:08 INFO  : 'bpremove $bp_18_8_fsbl_bp' command is executed.
15:18:08 INFO  : 'configparams force-mem-access 0' command is executed.
15:18:08 INFO  : ----------------XSDB Script----------------
connect -url tcp:127.0.0.1:3121
source C:/Xilinx/Vitis/2023.2/scripts/vitis/util/zynqmp_utils.tcl
targets -set -nocase -filter {name =~"APU*"}
rst -system
after 3000
targets -set -filter {jtag_cable_name =~ "Xilinx X-MLCC-01 XFL1NH42KNRVA" && level==0 && jtag_device_ctx=="jsn-X-MLCC-01-XFL1NH42KNRVA-04724093-0"}
fpga -file C:/Users/sunil/VivadoProjects/EE4218Labs/Lab4/lab4_hw_platform/integrated_coprocessor_v1/matrix_mult_lab4/_ide/bitstream/design_HDL_HLS_v4_wrapper.bit
targets -set -nocase -filter {name =~"APU*"}
loadhw -hw C:/Users/sunil/VivadoProjects/EE4218Labs/Lab4/lab4_hw_platform/integrated_coprocessor_v1/HDL_HLS_v4_platform_proj/export/HDL_HLS_v4_platform_proj/hw/design_HDL_HLS_v4_wrapper.xsa -mem-ranges [list {0x80000000 0xbfffffff} {0x400000000 0x5ffffffff} {0x1000000000 0x7fffffffff}] -regs
configparams force-mem-access 1
targets -set -nocase -filter {name =~"APU*"}
set mode [expr [mrd -value 0xFF5E0200] & 0xf]
targets -set -nocase -filter {name =~ "*A53*#0"}
rst -processor
dow C:/Users/sunil/VivadoProjects/EE4218Labs/Lab4/lab4_hw_platform/integrated_coprocessor_v1/HDL_HLS_v4_platform_proj/export/HDL_HLS_v4_platform_proj/sw/HDL_HLS_v4_platform_proj/boot/fsbl.elf
set bp_18_8_fsbl_bp [bpadd -addr &XFsbl_Exit]
con -block -timeout 60
bpremove $bp_18_8_fsbl_bp
configparams force-mem-access 0
----------------End of Script----------------

15:18:08 INFO  : Launch script is exported to file 'C:\Users\sunil\VivadoProjects\EE4218Labs\Lab4\lab4_hw_platform\integrated_coprocessor_v1\matrix_mult_lab4_system\_ide\scripts\debugger_matrix_mult_lab4-v4.tcl'
15:18:18 INFO  : Disconnected from the channel tcfchan#7.
15:18:55 INFO  : Connected to target on host '127.0.0.1' and port '3121'.
15:18:57 INFO  : Jtag cable 'Xilinx X-MLCC-01 XFL1NH42KNRVA' is selected.
15:18:58 INFO  : 'jtag frequency' command is executed.
15:18:58 INFO  : Sourcing of 'C:/Xilinx/Vitis/2023.2/scripts/vitis/util/zynqmp_utils.tcl' is done.
15:19:00 INFO  : Context for 'APU' is selected.
15:19:01 INFO  : System reset is completed.
15:19:04 INFO  : 'after 3000' command is executed.
15:19:05 INFO  : 'targets -set -filter {jtag_cable_name =~ "Xilinx X-MLCC-01 XFL1NH42KNRVA" && level==0 && jtag_device_ctx=="jsn-X-MLCC-01-XFL1NH42KNRVA-04724093-0"}' command is executed.
15:19:10 INFO  : Device configured successfully with "C:/Users/sunil/VivadoProjects/EE4218Labs/Lab4/lab4_hw_platform/integrated_coprocessor_v1/matrix_mult_lab4/_ide/bitstream/design_HDL_HLS_v4_wrapper.bit"
15:19:10 INFO  : Context for 'APU' is selected.
15:19:10 INFO  : Hardware design and registers information is loaded from 'C:/Users/sunil/VivadoProjects/EE4218Labs/Lab4/lab4_hw_platform/integrated_coprocessor_v1/HDL_HLS_v4_platform_proj/export/HDL_HLS_v4_platform_proj/hw/design_HDL_HLS_v4_wrapper.xsa'.
15:19:10 INFO  : 'configparams force-mem-access 1' command is executed.
15:19:10 INFO  : Context for 'APU' is selected.
15:19:10 INFO  : Boot mode is read from the target.
15:19:10 INFO  : Context for processor 'psu_cortexa53_0' is selected.
15:19:10 INFO  : Processor reset is completed for 'psu_cortexa53_0'.
15:19:11 INFO  : The application 'C:/Users/sunil/VivadoProjects/EE4218Labs/Lab4/lab4_hw_platform/integrated_coprocessor_v1/HDL_HLS_v4_platform_proj/export/HDL_HLS_v4_platform_proj/sw/HDL_HLS_v4_platform_proj/boot/fsbl.elf' is downloaded to processor 'psu_cortexa53_0'.
15:19:11 INFO  : 'set bp_19_11_fsbl_bp [bpadd -addr &XFsbl_Exit]' command is executed.
15:19:11 INFO  : 'con -block -timeout 60' command is executed.
15:19:11 INFO  : 'bpremove $bp_19_11_fsbl_bp' command is executed.
15:19:11 INFO  : 'configparams force-mem-access 0' command is executed.
15:19:11 INFO  : ----------------XSDB Script----------------
connect -url tcp:127.0.0.1:3121
source C:/Xilinx/Vitis/2023.2/scripts/vitis/util/zynqmp_utils.tcl
targets -set -nocase -filter {name =~"APU*"}
rst -system
after 3000
targets -set -filter {jtag_cable_name =~ "Xilinx X-MLCC-01 XFL1NH42KNRVA" && level==0 && jtag_device_ctx=="jsn-X-MLCC-01-XFL1NH42KNRVA-04724093-0"}
fpga -file C:/Users/sunil/VivadoProjects/EE4218Labs/Lab4/lab4_hw_platform/integrated_coprocessor_v1/matrix_mult_lab4/_ide/bitstream/design_HDL_HLS_v4_wrapper.bit
targets -set -nocase -filter {name =~"APU*"}
loadhw -hw C:/Users/sunil/VivadoProjects/EE4218Labs/Lab4/lab4_hw_platform/integrated_coprocessor_v1/HDL_HLS_v4_platform_proj/export/HDL_HLS_v4_platform_proj/hw/design_HDL_HLS_v4_wrapper.xsa -mem-ranges [list {0x80000000 0xbfffffff} {0x400000000 0x5ffffffff} {0x1000000000 0x7fffffffff}] -regs
configparams force-mem-access 1
targets -set -nocase -filter {name =~"APU*"}
set mode [expr [mrd -value 0xFF5E0200] & 0xf]
targets -set -nocase -filter {name =~ "*A53*#0"}
rst -processor
dow C:/Users/sunil/VivadoProjects/EE4218Labs/Lab4/lab4_hw_platform/integrated_coprocessor_v1/HDL_HLS_v4_platform_proj/export/HDL_HLS_v4_platform_proj/sw/HDL_HLS_v4_platform_proj/boot/fsbl.elf
set bp_19_11_fsbl_bp [bpadd -addr &XFsbl_Exit]
con -block -timeout 60
bpremove $bp_19_11_fsbl_bp
configparams force-mem-access 0
----------------End of Script----------------

15:19:11 INFO  : Launch script is exported to file 'C:\Users\sunil\VivadoProjects\EE4218Labs\Lab4\lab4_hw_platform\integrated_coprocessor_v1\matrix_mult_lab4_system\_ide\scripts\debugger_matrix_mult_lab4-v4.tcl'
15:19:16 INFO  : Disconnected from the channel tcfchan#8.
15:19:22 INFO  : Checking for BSP changes to sync application flags for project 'matrix_mult_lab4'...
15:19:26 INFO  : Connected to target on host '127.0.0.1' and port '3121'.
15:19:28 INFO  : Jtag cable 'Xilinx X-MLCC-01 XFL1NH42KNRVA' is selected.
15:19:28 INFO  : 'jtag frequency' command is executed.
15:19:28 INFO  : Sourcing of 'C:/Xilinx/Vitis/2023.2/scripts/vitis/util/zynqmp_utils.tcl' is done.
15:19:28 INFO  : Context for 'APU' is selected.
15:19:28 INFO  : System reset is completed.
15:19:31 INFO  : 'after 3000' command is executed.
15:19:31 INFO  : 'targets -set -filter {jtag_cable_name =~ "Xilinx X-MLCC-01 XFL1NH42KNRVA" && level==0 && jtag_device_ctx=="jsn-X-MLCC-01-XFL1NH42KNRVA-04724093-0"}' command is executed.
15:19:36 INFO  : Device configured successfully with "C:/Users/sunil/VivadoProjects/EE4218Labs/Lab4/lab4_hw_platform/integrated_coprocessor_v1/matrix_mult_lab4/_ide/bitstream/design_HDL_HLS_v4_wrapper.bit"
15:19:36 INFO  : Context for 'APU' is selected.
15:19:36 INFO  : Hardware design and registers information is loaded from 'C:/Users/sunil/VivadoProjects/EE4218Labs/Lab4/lab4_hw_platform/integrated_coprocessor_v1/HDL_HLS_v4_platform_proj/export/HDL_HLS_v4_platform_proj/hw/design_HDL_HLS_v4_wrapper.xsa'.
15:19:36 INFO  : 'configparams force-mem-access 1' command is executed.
15:19:36 INFO  : Context for 'APU' is selected.
15:19:36 INFO  : Boot mode is read from the target.
15:19:36 INFO  : Context for processor 'psu_cortexa53_0' is selected.
15:19:36 INFO  : Processor reset is completed for 'psu_cortexa53_0'.
15:19:37 INFO  : The application 'C:/Users/sunil/VivadoProjects/EE4218Labs/Lab4/lab4_hw_platform/integrated_coprocessor_v1/HDL_HLS_v4_platform_proj/export/HDL_HLS_v4_platform_proj/sw/HDL_HLS_v4_platform_proj/boot/fsbl.elf' is downloaded to processor 'psu_cortexa53_0'.
15:19:37 INFO  : 'set bp_19_37_fsbl_bp [bpadd -addr &XFsbl_Exit]' command is executed.
15:19:37 INFO  : 'con -block -timeout 60' command is executed.
15:19:37 INFO  : 'bpremove $bp_19_37_fsbl_bp' command is executed.
15:19:37 INFO  : Context for processor 'psu_cortexa53_0' is selected.
15:19:37 INFO  : Processor reset is completed for 'psu_cortexa53_0'.
15:19:38 INFO  : The application 'C:/Users/sunil/VivadoProjects/EE4218Labs/Lab4/lab4_hw_platform/integrated_coprocessor_v1/matrix_mult_lab4/Debug/matrix_mult_lab4.elf' is downloaded to processor 'psu_cortexa53_0'.
15:19:38 INFO  : 'configparams force-mem-access 0' command is executed.
15:19:38 INFO  : ----------------XSDB Script----------------
connect -url tcp:127.0.0.1:3121
source C:/Xilinx/Vitis/2023.2/scripts/vitis/util/zynqmp_utils.tcl
targets -set -nocase -filter {name =~"APU*"}
rst -system
after 3000
targets -set -filter {jtag_cable_name =~ "Xilinx X-MLCC-01 XFL1NH42KNRVA" && level==0 && jtag_device_ctx=="jsn-X-MLCC-01-XFL1NH42KNRVA-04724093-0"}
fpga -file C:/Users/sunil/VivadoProjects/EE4218Labs/Lab4/lab4_hw_platform/integrated_coprocessor_v1/matrix_mult_lab4/_ide/bitstream/design_HDL_HLS_v4_wrapper.bit
targets -set -nocase -filter {name =~"APU*"}
loadhw -hw C:/Users/sunil/VivadoProjects/EE4218Labs/Lab4/lab4_hw_platform/integrated_coprocessor_v1/HDL_HLS_v4_platform_proj/export/HDL_HLS_v4_platform_proj/hw/design_HDL_HLS_v4_wrapper.xsa -mem-ranges [list {0x80000000 0xbfffffff} {0x400000000 0x5ffffffff} {0x1000000000 0x7fffffffff}] -regs
configparams force-mem-access 1
targets -set -nocase -filter {name =~"APU*"}
set mode [expr [mrd -value 0xFF5E0200] & 0xf]
targets -set -nocase -filter {name =~ "*A53*#0"}
rst -processor
dow C:/Users/sunil/VivadoProjects/EE4218Labs/Lab4/lab4_hw_platform/integrated_coprocessor_v1/HDL_HLS_v4_platform_proj/export/HDL_HLS_v4_platform_proj/sw/HDL_HLS_v4_platform_proj/boot/fsbl.elf
set bp_19_37_fsbl_bp [bpadd -addr &XFsbl_Exit]
con -block -timeout 60
bpremove $bp_19_37_fsbl_bp
targets -set -nocase -filter {name =~ "*A53*#0"}
rst -processor
dow C:/Users/sunil/VivadoProjects/EE4218Labs/Lab4/lab4_hw_platform/integrated_coprocessor_v1/matrix_mult_lab4/Debug/matrix_mult_lab4.elf
configparams force-mem-access 0
----------------End of Script----------------

15:19:38 INFO  : Context for processor 'psu_cortexa53_0' is selected.
15:19:38 INFO  : 'con' command is executed.
15:19:38 INFO  : ----------------XSDB Script (After Launch)----------------
targets -set -nocase -filter {name =~ "*A53*#0"}
con
----------------End of Script----------------

15:19:38 INFO  : Launch script is exported to file 'C:\Users\sunil\VivadoProjects\EE4218Labs\Lab4\lab4_hw_platform\integrated_coprocessor_v1\matrix_mult_lab4_system\_ide\scripts\debugger_matrix_mult_lab4-v4.tcl'
15:30:01 INFO  : Disconnected from the channel tcfchan#9.
15:30:04 INFO  : Connected to target on host '127.0.0.1' and port '3121'.
15:30:07 INFO  : Jtag cable 'Xilinx X-MLCC-01 XFL1NH42KNRVA' is selected.
15:30:07 INFO  : 'jtag frequency' command is executed.
15:30:07 INFO  : Sourcing of 'C:/Xilinx/Vitis/2023.2/scripts/vitis/util/zynqmp_utils.tcl' is done.
15:30:07 INFO  : Context for 'APU' is selected.
15:30:07 INFO  : System reset is completed.
15:30:10 INFO  : 'after 3000' command is executed.
15:30:10 INFO  : 'targets -set -filter {jtag_cable_name =~ "Xilinx X-MLCC-01 XFL1NH42KNRVA" && level==0 && jtag_device_ctx=="jsn-X-MLCC-01-XFL1NH42KNRVA-04724093-0"}' command is executed.
15:30:15 INFO  : Device configured successfully with "C:/Users/sunil/VivadoProjects/EE4218Labs/Lab4/lab4_hw_platform/integrated_coprocessor_v1/matrix_mult_lab4/_ide/bitstream/design_HDL_HLS_v4_wrapper.bit"
15:30:15 INFO  : Context for 'APU' is selected.
15:30:15 INFO  : Hardware design and registers information is loaded from 'C:/Users/sunil/VivadoProjects/EE4218Labs/Lab4/lab4_hw_platform/integrated_coprocessor_v1/HDL_HLS_v4_platform_proj/export/HDL_HLS_v4_platform_proj/hw/design_HDL_HLS_v4_wrapper.xsa'.
15:30:15 INFO  : 'configparams force-mem-access 1' command is executed.
15:30:15 INFO  : Context for 'APU' is selected.
15:30:15 INFO  : Boot mode is read from the target.
15:30:17 INFO  : Boot mode of the target is set to jtag.
15:30:17 INFO  : Context for processor 'psu_cortexa53_0' is selected.
15:30:17 INFO  : Processor reset is completed for 'psu_cortexa53_0'.
15:30:18 INFO  : The application 'C:/Users/sunil/VivadoProjects/EE4218Labs/Lab4/lab4_hw_platform/integrated_coprocessor_v1/HDL_HLS_v4_platform_proj/export/HDL_HLS_v4_platform_proj/sw/HDL_HLS_v4_platform_proj/boot/fsbl.elf' is downloaded to processor 'psu_cortexa53_0'.
15:30:18 INFO  : 'set bp_30_18_fsbl_bp [bpadd -addr &XFsbl_Exit]' command is executed.
15:30:19 INFO  : 'con -block -timeout 60' command is executed.
15:30:19 INFO  : 'bpremove $bp_30_18_fsbl_bp' command is executed.
15:30:19 INFO  : Context for processor 'psu_cortexa53_0' is selected.
15:30:19 INFO  : Processor reset is completed for 'psu_cortexa53_0'.
15:30:19 ERROR : Memory write error at 0x0. Cortex-A53 #0: EDITR not ready
15:30:19 INFO  : ----------------XSDB Script----------------
connect -url tcp:127.0.0.1:3121
source C:/Xilinx/Vitis/2023.2/scripts/vitis/util/zynqmp_utils.tcl
targets -set -nocase -filter {name =~"APU*"}
rst -system
after 3000
targets -set -filter {jtag_cable_name =~ "Xilinx X-MLCC-01 XFL1NH42KNRVA" && level==0 && jtag_device_ctx=="jsn-X-MLCC-01-XFL1NH42KNRVA-04724093-0"}
fpga -file C:/Users/sunil/VivadoProjects/EE4218Labs/Lab4/lab4_hw_platform/integrated_coprocessor_v1/matrix_mult_lab4/_ide/bitstream/design_HDL_HLS_v4_wrapper.bit
targets -set -nocase -filter {name =~"APU*"}
loadhw -hw C:/Users/sunil/VivadoProjects/EE4218Labs/Lab4/lab4_hw_platform/integrated_coprocessor_v1/HDL_HLS_v4_platform_proj/export/HDL_HLS_v4_platform_proj/hw/design_HDL_HLS_v4_wrapper.xsa -mem-ranges [list {0x80000000 0xbfffffff} {0x400000000 0x5ffffffff} {0x1000000000 0x7fffffffff}] -regs
configparams force-mem-access 1
targets -set -nocase -filter {name =~"APU*"}
set mode [expr [mrd -value 0xFF5E0200] & 0xf]
mask_write 0xFF5E0200 0xf000 0
targets -set -nocase -filter {name =~ "*A53*#0"}
rst -processor
dow C:/Users/sunil/VivadoProjects/EE4218Labs/Lab4/lab4_hw_platform/integrated_coprocessor_v1/HDL_HLS_v4_platform_proj/export/HDL_HLS_v4_platform_proj/sw/HDL_HLS_v4_platform_proj/boot/fsbl.elf
set bp_30_18_fsbl_bp [bpadd -addr &XFsbl_Exit]
con -block -timeout 60
bpremove $bp_30_18_fsbl_bp
targets -set -nocase -filter {name =~ "*A53*#0"}
rst -processor
dow C:/Users/sunil/VivadoProjects/EE4218Labs/Lab4/lab4_hw_platform/integrated_coprocessor_v1/matrix_mult_lab4/Debug/matrix_mult_lab4.elf
----------------End of Script----------------

15:30:19 ERROR : Memory write error at 0x0. Cortex-A53 #0: EDITR not ready
15:30:50 INFO  : Connected to target on host '127.0.0.1' and port '3121'.
15:30:50 INFO  : Jtag cable 'Xilinx X-MLCC-01 XFL1NH42KNRVA' is selected.
15:30:50 INFO  : 'jtag frequency' command is executed.
15:30:50 INFO  : Sourcing of 'C:/Xilinx/Vitis/2023.2/scripts/vitis/util/zynqmp_utils.tcl' is done.
15:30:50 INFO  : Context for 'APU' is selected.
15:30:51 INFO  : System reset is completed.
15:30:54 INFO  : 'after 3000' command is executed.
15:30:54 INFO  : 'targets -set -filter {jtag_cable_name =~ "Xilinx X-MLCC-01 XFL1NH42KNRVA" && level==0 && jtag_device_ctx=="jsn-X-MLCC-01-XFL1NH42KNRVA-04724093-0"}' command is executed.
15:30:58 INFO  : Device configured successfully with "C:/Users/sunil/VivadoProjects/EE4218Labs/Lab4/lab4_hw_platform/integrated_coprocessor_v1/matrix_mult_lab4/_ide/bitstream/design_HDL_HLS_v4_wrapper.bit"
15:30:58 INFO  : Context for 'APU' is selected.
15:30:58 INFO  : Hardware design and registers information is loaded from 'C:/Users/sunil/VivadoProjects/EE4218Labs/Lab4/lab4_hw_platform/integrated_coprocessor_v1/HDL_HLS_v4_platform_proj/export/HDL_HLS_v4_platform_proj/hw/design_HDL_HLS_v4_wrapper.xsa'.
15:30:58 INFO  : 'configparams force-mem-access 1' command is executed.
15:30:58 INFO  : Context for 'APU' is selected.
15:30:58 INFO  : Boot mode is read from the target.
15:30:58 INFO  : Context for processor 'psu_cortexa53_0' is selected.
15:30:58 INFO  : Processor reset is completed for 'psu_cortexa53_0'.
15:30:59 INFO  : The application 'C:/Users/sunil/VivadoProjects/EE4218Labs/Lab4/lab4_hw_platform/integrated_coprocessor_v1/HDL_HLS_v4_platform_proj/export/HDL_HLS_v4_platform_proj/sw/HDL_HLS_v4_platform_proj/boot/fsbl.elf' is downloaded to processor 'psu_cortexa53_0'.
15:30:59 INFO  : 'set bp_30_59_fsbl_bp [bpadd -addr &XFsbl_Exit]' command is executed.
15:31:00 INFO  : 'con -block -timeout 60' command is executed.
15:31:00 INFO  : 'bpremove $bp_30_59_fsbl_bp' command is executed.
15:31:00 INFO  : Context for processor 'psu_cortexa53_0' is selected.
15:31:00 INFO  : Processor reset is completed for 'psu_cortexa53_0'.
15:31:01 INFO  : The application 'C:/Users/sunil/VivadoProjects/EE4218Labs/Lab4/lab4_hw_platform/integrated_coprocessor_v1/matrix_mult_lab4/Debug/matrix_mult_lab4.elf' is downloaded to processor 'psu_cortexa53_0'.
15:31:01 INFO  : 'configparams force-mem-access 0' command is executed.
15:31:01 INFO  : ----------------XSDB Script----------------
connect -url tcp:127.0.0.1:3121
source C:/Xilinx/Vitis/2023.2/scripts/vitis/util/zynqmp_utils.tcl
targets -set -nocase -filter {name =~"APU*"}
rst -system
after 3000
targets -set -filter {jtag_cable_name =~ "Xilinx X-MLCC-01 XFL1NH42KNRVA" && level==0 && jtag_device_ctx=="jsn-X-MLCC-01-XFL1NH42KNRVA-04724093-0"}
fpga -file C:/Users/sunil/VivadoProjects/EE4218Labs/Lab4/lab4_hw_platform/integrated_coprocessor_v1/matrix_mult_lab4/_ide/bitstream/design_HDL_HLS_v4_wrapper.bit
targets -set -nocase -filter {name =~"APU*"}
loadhw -hw C:/Users/sunil/VivadoProjects/EE4218Labs/Lab4/lab4_hw_platform/integrated_coprocessor_v1/HDL_HLS_v4_platform_proj/export/HDL_HLS_v4_platform_proj/hw/design_HDL_HLS_v4_wrapper.xsa -mem-ranges [list {0x80000000 0xbfffffff} {0x400000000 0x5ffffffff} {0x1000000000 0x7fffffffff}] -regs
configparams force-mem-access 1
targets -set -nocase -filter {name =~"APU*"}
set mode [expr [mrd -value 0xFF5E0200] & 0xf]
targets -set -nocase -filter {name =~ "*A53*#0"}
rst -processor
dow C:/Users/sunil/VivadoProjects/EE4218Labs/Lab4/lab4_hw_platform/integrated_coprocessor_v1/HDL_HLS_v4_platform_proj/export/HDL_HLS_v4_platform_proj/sw/HDL_HLS_v4_platform_proj/boot/fsbl.elf
set bp_30_59_fsbl_bp [bpadd -addr &XFsbl_Exit]
con -block -timeout 60
bpremove $bp_30_59_fsbl_bp
targets -set -nocase -filter {name =~ "*A53*#0"}
rst -processor
dow C:/Users/sunil/VivadoProjects/EE4218Labs/Lab4/lab4_hw_platform/integrated_coprocessor_v1/matrix_mult_lab4/Debug/matrix_mult_lab4.elf
configparams force-mem-access 0
----------------End of Script----------------

15:31:01 INFO  : Context for processor 'psu_cortexa53_0' is selected.
15:31:01 INFO  : 'con' command is executed.
15:31:01 INFO  : ----------------XSDB Script (After Launch)----------------
targets -set -nocase -filter {name =~ "*A53*#0"}
con
----------------End of Script----------------

15:31:01 INFO  : Launch script is exported to file 'C:\Users\sunil\VivadoProjects\EE4218Labs\Lab4\lab4_hw_platform\integrated_coprocessor_v1\matrix_mult_lab4_system\_ide\scripts\debugger_matrix_mult_lab4-v4.tcl'
15:32:03 INFO  : Disconnected from the channel tcfchan#10.
15:32:08 INFO  : Connected to target on host '127.0.0.1' and port '3121'.
15:32:11 INFO  : Jtag cable 'Xilinx X-MLCC-01 XFL1NH42KNRVA' is selected.
15:32:11 INFO  : 'jtag frequency' command is executed.
15:32:11 INFO  : Sourcing of 'C:/Xilinx/Vitis/2023.2/scripts/vitis/util/zynqmp_utils.tcl' is done.
15:32:11 INFO  : Context for 'APU' is selected.
15:32:11 INFO  : System reset is completed.
15:32:14 INFO  : 'after 3000' command is executed.
15:32:14 INFO  : 'targets -set -filter {jtag_cable_name =~ "Xilinx X-MLCC-01 XFL1NH42KNRVA" && level==0 && jtag_device_ctx=="jsn-X-MLCC-01-XFL1NH42KNRVA-04724093-0"}' command is executed.
15:32:18 INFO  : Device configured successfully with "C:/Users/sunil/VivadoProjects/EE4218Labs/Lab4/lab4_hw_platform/integrated_coprocessor_v1/matrix_mult_lab4/_ide/bitstream/design_HDL_HLS_v4_wrapper.bit"
15:32:18 INFO  : Context for 'APU' is selected.
15:32:18 INFO  : Hardware design and registers information is loaded from 'C:/Users/sunil/VivadoProjects/EE4218Labs/Lab4/lab4_hw_platform/integrated_coprocessor_v1/HDL_HLS_v4_platform_proj/export/HDL_HLS_v4_platform_proj/hw/design_HDL_HLS_v4_wrapper.xsa'.
15:32:18 INFO  : 'configparams force-mem-access 1' command is executed.
15:32:18 INFO  : Context for 'APU' is selected.
15:32:18 INFO  : Boot mode is read from the target.
15:32:18 INFO  : Context for processor 'psu_cortexa53_0' is selected.
15:32:19 INFO  : Processor reset is completed for 'psu_cortexa53_0'.
15:32:19 INFO  : The application 'C:/Users/sunil/VivadoProjects/EE4218Labs/Lab4/lab4_hw_platform/integrated_coprocessor_v1/HDL_HLS_v4_platform_proj/export/HDL_HLS_v4_platform_proj/sw/HDL_HLS_v4_platform_proj/boot/fsbl.elf' is downloaded to processor 'psu_cortexa53_0'.
15:32:19 INFO  : 'set bp_32_19_fsbl_bp [bpadd -addr &XFsbl_Exit]' command is executed.
15:32:19 INFO  : 'con -block -timeout 60' command is executed.
15:32:19 INFO  : 'bpremove $bp_32_19_fsbl_bp' command is executed.
15:32:19 INFO  : Context for processor 'psu_cortexa53_0' is selected.
15:32:19 INFO  : Processor reset is completed for 'psu_cortexa53_0'.
15:32:20 INFO  : The application 'C:/Users/sunil/VivadoProjects/EE4218Labs/Lab4/lab4_hw_platform/integrated_coprocessor_v1/matrix_mult_lab4/Debug/matrix_mult_lab4.elf' is downloaded to processor 'psu_cortexa53_0'.
15:32:20 INFO  : 'configparams force-mem-access 0' command is executed.
15:32:20 INFO  : ----------------XSDB Script----------------
connect -url tcp:127.0.0.1:3121
source C:/Xilinx/Vitis/2023.2/scripts/vitis/util/zynqmp_utils.tcl
targets -set -nocase -filter {name =~"APU*"}
rst -system
after 3000
targets -set -filter {jtag_cable_name =~ "Xilinx X-MLCC-01 XFL1NH42KNRVA" && level==0 && jtag_device_ctx=="jsn-X-MLCC-01-XFL1NH42KNRVA-04724093-0"}
fpga -file C:/Users/sunil/VivadoProjects/EE4218Labs/Lab4/lab4_hw_platform/integrated_coprocessor_v1/matrix_mult_lab4/_ide/bitstream/design_HDL_HLS_v4_wrapper.bit
targets -set -nocase -filter {name =~"APU*"}
loadhw -hw C:/Users/sunil/VivadoProjects/EE4218Labs/Lab4/lab4_hw_platform/integrated_coprocessor_v1/HDL_HLS_v4_platform_proj/export/HDL_HLS_v4_platform_proj/hw/design_HDL_HLS_v4_wrapper.xsa -mem-ranges [list {0x80000000 0xbfffffff} {0x400000000 0x5ffffffff} {0x1000000000 0x7fffffffff}] -regs
configparams force-mem-access 1
targets -set -nocase -filter {name =~"APU*"}
set mode [expr [mrd -value 0xFF5E0200] & 0xf]
targets -set -nocase -filter {name =~ "*A53*#0"}
rst -processor
dow C:/Users/sunil/VivadoProjects/EE4218Labs/Lab4/lab4_hw_platform/integrated_coprocessor_v1/HDL_HLS_v4_platform_proj/export/HDL_HLS_v4_platform_proj/sw/HDL_HLS_v4_platform_proj/boot/fsbl.elf
set bp_32_19_fsbl_bp [bpadd -addr &XFsbl_Exit]
con -block -timeout 60
bpremove $bp_32_19_fsbl_bp
targets -set -nocase -filter {name =~ "*A53*#0"}
rst -processor
dow C:/Users/sunil/VivadoProjects/EE4218Labs/Lab4/lab4_hw_platform/integrated_coprocessor_v1/matrix_mult_lab4/Debug/matrix_mult_lab4.elf
configparams force-mem-access 0
----------------End of Script----------------

15:32:20 INFO  : Context for processor 'psu_cortexa53_0' is selected.
15:32:20 INFO  : 'con' command is executed.
15:32:20 INFO  : ----------------XSDB Script (After Launch)----------------
targets -set -nocase -filter {name =~ "*A53*#0"}
con
----------------End of Script----------------

15:32:20 INFO  : Launch script is exported to file 'C:\Users\sunil\VivadoProjects\EE4218Labs\Lab4\lab4_hw_platform\integrated_coprocessor_v1\matrix_mult_lab4_system\_ide\scripts\debugger_matrix_mult_lab4-v4.tcl'
15:33:02 INFO  : Disconnected from the channel tcfchan#11.
15:33:05 INFO  : Connected to target on host '127.0.0.1' and port '3121'.
15:33:07 INFO  : Jtag cable 'Xilinx X-MLCC-01 XFL1NH42KNRVA' is selected.
15:33:07 INFO  : 'jtag frequency' command is executed.
15:33:07 INFO  : Sourcing of 'C:/Xilinx/Vitis/2023.2/scripts/vitis/util/zynqmp_utils.tcl' is done.
15:33:07 INFO  : Context for 'APU' is selected.
15:33:07 INFO  : System reset is completed.
15:33:10 INFO  : 'after 3000' command is executed.
15:33:10 INFO  : 'targets -set -filter {jtag_cable_name =~ "Xilinx X-MLCC-01 XFL1NH42KNRVA" && level==0 && jtag_device_ctx=="jsn-X-MLCC-01-XFL1NH42KNRVA-04724093-0"}' command is executed.
15:33:15 INFO  : Device configured successfully with "C:/Users/sunil/VivadoProjects/EE4218Labs/Lab4/lab4_hw_platform/integrated_coprocessor_v1/matrix_mult_lab4/_ide/bitstream/design_HDL_HLS_v4_wrapper.bit"
15:33:15 INFO  : Context for 'APU' is selected.
15:33:15 INFO  : Hardware design and registers information is loaded from 'C:/Users/sunil/VivadoProjects/EE4218Labs/Lab4/lab4_hw_platform/integrated_coprocessor_v1/HDL_HLS_v4_platform_proj/export/HDL_HLS_v4_platform_proj/hw/design_HDL_HLS_v4_wrapper.xsa'.
15:33:15 INFO  : 'configparams force-mem-access 1' command is executed.
15:33:15 INFO  : Context for 'APU' is selected.
15:33:15 INFO  : Boot mode is read from the target.
15:33:15 INFO  : Context for processor 'psu_cortexa53_0' is selected.
15:33:15 INFO  : Processor reset is completed for 'psu_cortexa53_0'.
15:33:15 INFO  : The application 'C:/Users/sunil/VivadoProjects/EE4218Labs/Lab4/lab4_hw_platform/integrated_coprocessor_v1/HDL_HLS_v4_platform_proj/export/HDL_HLS_v4_platform_proj/sw/HDL_HLS_v4_platform_proj/boot/fsbl.elf' is downloaded to processor 'psu_cortexa53_0'.
15:33:15 INFO  : 'set bp_33_15_fsbl_bp [bpadd -addr &XFsbl_Exit]' command is executed.
15:33:16 INFO  : 'con -block -timeout 60' command is executed.
15:33:16 INFO  : 'bpremove $bp_33_15_fsbl_bp' command is executed.
15:33:16 INFO  : Context for processor 'psu_cortexa53_0' is selected.
15:33:16 INFO  : Processor reset is completed for 'psu_cortexa53_0'.
15:33:16 INFO  : The application 'C:/Users/sunil/VivadoProjects/EE4218Labs/Lab4/lab4_hw_platform/integrated_coprocessor_v1/matrix_mult_lab4/Debug/matrix_mult_lab4.elf' is downloaded to processor 'psu_cortexa53_0'.
15:33:16 INFO  : 'configparams force-mem-access 0' command is executed.
15:33:16 INFO  : ----------------XSDB Script----------------
connect -url tcp:127.0.0.1:3121
source C:/Xilinx/Vitis/2023.2/scripts/vitis/util/zynqmp_utils.tcl
targets -set -nocase -filter {name =~"APU*"}
rst -system
after 3000
targets -set -filter {jtag_cable_name =~ "Xilinx X-MLCC-01 XFL1NH42KNRVA" && level==0 && jtag_device_ctx=="jsn-X-MLCC-01-XFL1NH42KNRVA-04724093-0"}
fpga -file C:/Users/sunil/VivadoProjects/EE4218Labs/Lab4/lab4_hw_platform/integrated_coprocessor_v1/matrix_mult_lab4/_ide/bitstream/design_HDL_HLS_v4_wrapper.bit
targets -set -nocase -filter {name =~"APU*"}
loadhw -hw C:/Users/sunil/VivadoProjects/EE4218Labs/Lab4/lab4_hw_platform/integrated_coprocessor_v1/HDL_HLS_v4_platform_proj/export/HDL_HLS_v4_platform_proj/hw/design_HDL_HLS_v4_wrapper.xsa -mem-ranges [list {0x80000000 0xbfffffff} {0x400000000 0x5ffffffff} {0x1000000000 0x7fffffffff}] -regs
configparams force-mem-access 1
targets -set -nocase -filter {name =~"APU*"}
set mode [expr [mrd -value 0xFF5E0200] & 0xf]
targets -set -nocase -filter {name =~ "*A53*#0"}
rst -processor
dow C:/Users/sunil/VivadoProjects/EE4218Labs/Lab4/lab4_hw_platform/integrated_coprocessor_v1/HDL_HLS_v4_platform_proj/export/HDL_HLS_v4_platform_proj/sw/HDL_HLS_v4_platform_proj/boot/fsbl.elf
set bp_33_15_fsbl_bp [bpadd -addr &XFsbl_Exit]
con -block -timeout 60
bpremove $bp_33_15_fsbl_bp
targets -set -nocase -filter {name =~ "*A53*#0"}
rst -processor
dow C:/Users/sunil/VivadoProjects/EE4218Labs/Lab4/lab4_hw_platform/integrated_coprocessor_v1/matrix_mult_lab4/Debug/matrix_mult_lab4.elf
configparams force-mem-access 0
----------------End of Script----------------

15:33:17 INFO  : Context for processor 'psu_cortexa53_0' is selected.
15:33:17 INFO  : 'con' command is executed.
15:33:17 INFO  : ----------------XSDB Script (After Launch)----------------
targets -set -nocase -filter {name =~ "*A53*#0"}
con
----------------End of Script----------------

15:33:17 INFO  : Launch script is exported to file 'C:\Users\sunil\VivadoProjects\EE4218Labs\Lab4\lab4_hw_platform\integrated_coprocessor_v1\matrix_mult_lab4_system\_ide\scripts\debugger_matrix_mult_lab4-v4.tcl'
16:01:05 INFO  : Disconnected from the channel tcfchan#12.
16:01:56 INFO  : Connected to target on host '127.0.0.1' and port '3121'.
16:02:01 INFO  : Jtag cable 'Xilinx X-MLCC-01 XFL1NH42KNRVA' is selected.
16:02:01 INFO  : 'jtag frequency' command is executed.
16:02:01 INFO  : Sourcing of 'C:/Xilinx/Vitis/2023.2/scripts/vitis/util/zynqmp_utils.tcl' is done.
16:02:05 INFO  : Context for 'APU' is selected.
16:02:06 INFO  : System reset is completed.
16:02:09 INFO  : 'after 3000' command is executed.
16:02:09 INFO  : 'targets -set -filter {jtag_cable_name =~ "Xilinx X-MLCC-01 XFL1NH42KNRVA" && level==0 && jtag_device_ctx=="jsn-X-MLCC-01-XFL1NH42KNRVA-04724093-0"}' command is executed.
16:02:14 INFO  : Device configured successfully with "C:/Users/sunil/VivadoProjects/EE4218Labs/Lab4/lab4_hw_platform/integrated_coprocessor_v1/matrix_mult_lab4/_ide/bitstream/design_HDL_HLS_v4_wrapper.bit"
16:02:14 INFO  : Context for 'APU' is selected.
16:02:14 INFO  : Hardware design and registers information is loaded from 'C:/Users/sunil/VivadoProjects/EE4218Labs/Lab4/lab4_hw_platform/integrated_coprocessor_v1/HDL_HLS_v4_platform_proj/export/HDL_HLS_v4_platform_proj/hw/design_HDL_HLS_v4_wrapper.xsa'.
16:02:14 INFO  : 'configparams force-mem-access 1' command is executed.
16:02:14 INFO  : Context for 'APU' is selected.
16:02:14 INFO  : Boot mode is read from the target.
16:02:23 INFO  : Boot mode of the target is set to jtag.
16:02:23 INFO  : Context for processor 'psu_cortexa53_0' is selected.
16:02:24 INFO  : Processor reset is completed for 'psu_cortexa53_0'.
16:02:24 INFO  : The application 'C:/Users/sunil/VivadoProjects/EE4218Labs/Lab4/lab4_hw_platform/integrated_coprocessor_v1/HDL_HLS_v4_platform_proj/export/HDL_HLS_v4_platform_proj/sw/HDL_HLS_v4_platform_proj/boot/fsbl.elf' is downloaded to processor 'psu_cortexa53_0'.
16:02:24 INFO  : 'set bp_2_24_fsbl_bp [bpadd -addr &XFsbl_Exit]' command is executed.
16:02:25 INFO  : 'con -block -timeout 60' command is executed.
16:02:25 INFO  : 'bpremove $bp_2_24_fsbl_bp' command is executed.
16:02:25 INFO  : Context for processor 'psu_cortexa53_0' is selected.
16:02:25 INFO  : Processor reset is completed for 'psu_cortexa53_0'.
16:02:25 ERROR : Memory write error at 0x0. Cortex-A53 #0: EDITR not ready
16:02:25 INFO  : ----------------XSDB Script----------------
connect -url tcp:127.0.0.1:3121
source C:/Xilinx/Vitis/2023.2/scripts/vitis/util/zynqmp_utils.tcl
targets -set -nocase -filter {name =~"APU*"}
rst -system
after 3000
targets -set -filter {jtag_cable_name =~ "Xilinx X-MLCC-01 XFL1NH42KNRVA" && level==0 && jtag_device_ctx=="jsn-X-MLCC-01-XFL1NH42KNRVA-04724093-0"}
fpga -file C:/Users/sunil/VivadoProjects/EE4218Labs/Lab4/lab4_hw_platform/integrated_coprocessor_v1/matrix_mult_lab4/_ide/bitstream/design_HDL_HLS_v4_wrapper.bit
targets -set -nocase -filter {name =~"APU*"}
loadhw -hw C:/Users/sunil/VivadoProjects/EE4218Labs/Lab4/lab4_hw_platform/integrated_coprocessor_v1/HDL_HLS_v4_platform_proj/export/HDL_HLS_v4_platform_proj/hw/design_HDL_HLS_v4_wrapper.xsa -mem-ranges [list {0x80000000 0xbfffffff} {0x400000000 0x5ffffffff} {0x1000000000 0x7fffffffff}] -regs
configparams force-mem-access 1
targets -set -nocase -filter {name =~"APU*"}
set mode [expr [mrd -value 0xFF5E0200] & 0xf]
mask_write 0xFF5E0200 0xf000 0
targets -set -nocase -filter {name =~ "*A53*#0"}
rst -processor
dow C:/Users/sunil/VivadoProjects/EE4218Labs/Lab4/lab4_hw_platform/integrated_coprocessor_v1/HDL_HLS_v4_platform_proj/export/HDL_HLS_v4_platform_proj/sw/HDL_HLS_v4_platform_proj/boot/fsbl.elf
set bp_2_24_fsbl_bp [bpadd -addr &XFsbl_Exit]
con -block -timeout 60
bpremove $bp_2_24_fsbl_bp
targets -set -nocase -filter {name =~ "*A53*#0"}
rst -processor
dow C:/Users/sunil/VivadoProjects/EE4218Labs/Lab4/lab4_hw_platform/integrated_coprocessor_v1/matrix_mult_lab4/Debug/matrix_mult_lab4.elf
----------------End of Script----------------

16:02:25 ERROR : Memory write error at 0x0. Cortex-A53 #0: EDITR not ready
16:03:32 INFO  : Connected to target on host '127.0.0.1' and port '3121'.
16:03:32 INFO  : Jtag cable 'Xilinx X-MLCC-01 XFL1NH42KNRVA' is selected.
16:03:32 INFO  : 'jtag frequency' command is executed.
16:03:32 INFO  : Sourcing of 'C:/Xilinx/Vitis/2023.2/scripts/vitis/util/zynqmp_utils.tcl' is done.
16:03:32 INFO  : Context for 'APU' is selected.
16:03:33 INFO  : System reset is completed.
16:03:36 INFO  : 'after 3000' command is executed.
16:03:36 INFO  : 'targets -set -filter {jtag_cable_name =~ "Xilinx X-MLCC-01 XFL1NH42KNRVA" && level==0 && jtag_device_ctx=="jsn-X-MLCC-01-XFL1NH42KNRVA-04724093-0"}' command is executed.
16:03:40 INFO  : Device configured successfully with "C:/Users/sunil/VivadoProjects/EE4218Labs/Lab4/lab4_hw_platform/integrated_coprocessor_v1/matrix_mult_lab4/_ide/bitstream/design_HDL_HLS_v4_wrapper.bit"
16:03:40 INFO  : Context for 'APU' is selected.
16:03:40 INFO  : Hardware design and registers information is loaded from 'C:/Users/sunil/VivadoProjects/EE4218Labs/Lab4/lab4_hw_platform/integrated_coprocessor_v1/HDL_HLS_v4_platform_proj/export/HDL_HLS_v4_platform_proj/hw/design_HDL_HLS_v4_wrapper.xsa'.
16:03:40 INFO  : 'configparams force-mem-access 1' command is executed.
16:03:40 INFO  : Context for 'APU' is selected.
16:03:40 INFO  : Boot mode is read from the target.
16:03:40 INFO  : Context for processor 'psu_cortexa53_0' is selected.
16:03:40 INFO  : Processor reset is completed for 'psu_cortexa53_0'.
16:03:41 INFO  : The application 'C:/Users/sunil/VivadoProjects/EE4218Labs/Lab4/lab4_hw_platform/integrated_coprocessor_v1/HDL_HLS_v4_platform_proj/export/HDL_HLS_v4_platform_proj/sw/HDL_HLS_v4_platform_proj/boot/fsbl.elf' is downloaded to processor 'psu_cortexa53_0'.
16:03:41 INFO  : 'set bp_3_41_fsbl_bp [bpadd -addr &XFsbl_Exit]' command is executed.
16:03:42 INFO  : 'con -block -timeout 60' command is executed.
16:03:42 INFO  : 'bpremove $bp_3_41_fsbl_bp' command is executed.
16:03:42 INFO  : Context for processor 'psu_cortexa53_0' is selected.
16:03:42 INFO  : Processor reset is completed for 'psu_cortexa53_0'.
16:03:43 INFO  : The application 'C:/Users/sunil/VivadoProjects/EE4218Labs/Lab4/lab4_hw_platform/integrated_coprocessor_v1/matrix_mult_lab4/Debug/matrix_mult_lab4.elf' is downloaded to processor 'psu_cortexa53_0'.
16:03:43 INFO  : 'configparams force-mem-access 0' command is executed.
16:03:43 INFO  : ----------------XSDB Script----------------
connect -url tcp:127.0.0.1:3121
source C:/Xilinx/Vitis/2023.2/scripts/vitis/util/zynqmp_utils.tcl
targets -set -nocase -filter {name =~"APU*"}
rst -system
after 3000
targets -set -filter {jtag_cable_name =~ "Xilinx X-MLCC-01 XFL1NH42KNRVA" && level==0 && jtag_device_ctx=="jsn-X-MLCC-01-XFL1NH42KNRVA-04724093-0"}
fpga -file C:/Users/sunil/VivadoProjects/EE4218Labs/Lab4/lab4_hw_platform/integrated_coprocessor_v1/matrix_mult_lab4/_ide/bitstream/design_HDL_HLS_v4_wrapper.bit
targets -set -nocase -filter {name =~"APU*"}
loadhw -hw C:/Users/sunil/VivadoProjects/EE4218Labs/Lab4/lab4_hw_platform/integrated_coprocessor_v1/HDL_HLS_v4_platform_proj/export/HDL_HLS_v4_platform_proj/hw/design_HDL_HLS_v4_wrapper.xsa -mem-ranges [list {0x80000000 0xbfffffff} {0x400000000 0x5ffffffff} {0x1000000000 0x7fffffffff}] -regs
configparams force-mem-access 1
targets -set -nocase -filter {name =~"APU*"}
set mode [expr [mrd -value 0xFF5E0200] & 0xf]
targets -set -nocase -filter {name =~ "*A53*#0"}
rst -processor
dow C:/Users/sunil/VivadoProjects/EE4218Labs/Lab4/lab4_hw_platform/integrated_coprocessor_v1/HDL_HLS_v4_platform_proj/export/HDL_HLS_v4_platform_proj/sw/HDL_HLS_v4_platform_proj/boot/fsbl.elf
set bp_3_41_fsbl_bp [bpadd -addr &XFsbl_Exit]
con -block -timeout 60
bpremove $bp_3_41_fsbl_bp
targets -set -nocase -filter {name =~ "*A53*#0"}
rst -processor
dow C:/Users/sunil/VivadoProjects/EE4218Labs/Lab4/lab4_hw_platform/integrated_coprocessor_v1/matrix_mult_lab4/Debug/matrix_mult_lab4.elf
configparams force-mem-access 0
----------------End of Script----------------

16:03:43 INFO  : Context for processor 'psu_cortexa53_0' is selected.
16:03:43 INFO  : 'con' command is executed.
16:03:43 INFO  : ----------------XSDB Script (After Launch)----------------
targets -set -nocase -filter {name =~ "*A53*#0"}
con
----------------End of Script----------------

16:03:43 INFO  : Launch script is exported to file 'C:\Users\sunil\VivadoProjects\EE4218Labs\Lab4\lab4_hw_platform\integrated_coprocessor_v1\matrix_mult_lab4_system\_ide\scripts\debugger_matrix_mult_lab4-v4.tcl'
22:23:45 INFO  : Disconnected from the channel tcfchan#13.
17:01:20 DEBUG : Logs will be stored at 'C:/Users/sunil/VivadoProjects/EE4218Labs/Lab4/lab4_hw_platform/integrated_coprocessor_v1/IDE.log'.
17:01:21 INFO  : Launching XSCT server: xsct.bat -n  -interactive C:\Users\sunil\VivadoProjects\EE4218Labs\Lab4\lab4_hw_platform\integrated_coprocessor_v1\temp_xsdb_launch_script.tcl
17:01:24 INFO  : XSCT server has started successfully.
17:01:24 INFO  : plnx-install-location is set to ''
17:01:24 INFO  : Successfully done setting XSCT server connection channel  
17:01:24 INFO  : Successfully done setting workspace for the tool. 
17:01:25 INFO  : Successfully done query RDI_DATADIR 
17:01:25 INFO  : Registering command handlers for Vitis TCF services
17:01:26 INFO  : Platform repository initialization has completed.
17:08:54 INFO  : Result from executing command 'getProjects': HDL_HLS_v2_platform_project;HDL_HLS_v3_platform_proj;HDL_HLS_v4_platform_proj;lab4_v2
17:08:54 INFO  : Result from executing command 'getPlatforms': HDL_HLS_v2_platform_project|C:/Users/sunil/VivadoProjects/EE4218Labs/Lab4/lab4_hw_platform/integrated_coprocessor_v1/HDL_HLS_v2_platform_project/export/HDL_HLS_v2_platform_project/HDL_HLS_v2_platform_project.xpfm;HDL_HLS_v3_platform_proj|C:/Users/sunil/VivadoProjects/EE4218Labs/Lab4/lab4_hw_platform/integrated_coprocessor_v1/HDL_HLS_v3_platform_proj/export/HDL_HLS_v3_platform_proj/HDL_HLS_v3_platform_proj.xpfm;HDL_HLS_v4_platform_proj|C:/Users/sunil/VivadoProjects/EE4218Labs/Lab4/lab4_hw_platform/integrated_coprocessor_v1/HDL_HLS_v4_platform_proj/export/HDL_HLS_v4_platform_proj/HDL_HLS_v4_platform_proj.xpfm;integrated_coprocessor_fifo|C:/Users/sunil/VivadoProjects/EE4218Labs/Lab4/integrated_coprocessor_v1/integrated_coprocessor_fifo/export/integrated_coprocessor_fifo/integrated_coprocessor_fifo.xpfm;lab4_v2|C:/Users/sunil/VivadoProjects/EE4218Labs/Lab4/lab4_hw_platform/integrated_coprocessor_v1/lab4_v2/export/lab4_v2/lab4_v2.xpfm;xilinx_zcu102_base_202320_1|C:/Xilinx/Vitis/2023.2/base_platforms/xilinx_zcu102_base_202320_1/xilinx_zcu102_base_202320_1.xpfm;xilinx_zcu102_base_dfx_202320_1|C:/Xilinx/Vitis/2023.2/base_platforms/xilinx_zcu102_base_dfx_202320_1/xilinx_zcu102_base_dfx_202320_1.xpfm;xilinx_zcu104_base_202320_1|C:/Xilinx/Vitis/2023.2/base_platforms/xilinx_zcu104_base_202320_1/xilinx_zcu104_base_202320_1.xpfm
17:08:55 INFO  : Checking for BSP changes to sync application flags for project 'MLP_Neural_network_project'...
18:25:13 INFO  : Checking for BSP changes to sync application flags for project 'MLP_Neural_network_project'...
18:25:30 INFO  : Checking for BSP changes to sync application flags for project 'MLP_Neural_network_project'...
18:26:02 INFO  : Checking for BSP changes to sync application flags for project 'MLP_Neural_network_project'...
18:26:21 INFO  : Checking for BSP changes to sync application flags for project 'MLP_Neural_network_project'...
18:26:29 INFO  : Checking for BSP changes to sync application flags for project 'MLP_Neural_network_project'...
19:30:09 INFO  : Checking for BSP changes to sync application flags for project 'MLP_Neural_network_project'...
19:30:51 INFO  : Checking for BSP changes to sync application flags for project 'MLP_Neural_network_project'...
19:31:21 INFO  : Checking for BSP changes to sync application flags for project 'MLP_Neural_network_project'...
19:31:44 INFO  : Checking for BSP changes to sync application flags for project 'MLP_Neural_network_project'...
19:32:00 INFO  : Checking for BSP changes to sync application flags for project 'MLP_Neural_network_project'...
19:34:44 INFO  : Connected to target on host '127.0.0.1' and port '3121'.
19:34:53 INFO  : Jtag cable 'Xilinx X-MLCC-01 XFL1NH42KNRVA' is selected.
19:34:53 INFO  : 'jtag frequency' command is executed.
19:34:53 INFO  : Sourcing of 'C:/Xilinx/Vitis/2023.2/scripts/vitis/util/zynqmp_utils.tcl' is done.
19:34:56 INFO  : Context for 'APU' is selected.
19:34:57 INFO  : System reset is completed.
19:35:00 INFO  : 'after 3000' command is executed.
19:35:00 INFO  : 'targets -set -filter {jtag_cable_name =~ "Xilinx X-MLCC-01 XFL1NH42KNRVA" && level==0 && jtag_device_ctx=="jsn-X-MLCC-01-XFL1NH42KNRVA-04724093-0"}' command is executed.
19:35:06 INFO  : Device configured successfully with "C:/Users/sunil/VivadoProjects/EE4218Labs/Lab4/lab4_hw_platform/integrated_coprocessor_v1/matrix_mult_lab4/_ide/bitstream/design_HDL_HLS_v4_wrapper.bit"
19:35:09 INFO  : Context for 'APU' is selected.
19:35:11 INFO  : Hardware design and registers information is loaded from 'C:/Users/sunil/VivadoProjects/EE4218Labs/Lab4/lab4_hw_platform/integrated_coprocessor_v1/HDL_HLS_v4_platform_proj/export/HDL_HLS_v4_platform_proj/hw/design_HDL_HLS_v4_wrapper.xsa'.
19:35:11 INFO  : 'configparams force-mem-access 1' command is executed.
19:35:13 INFO  : Context for 'APU' is selected.
19:35:13 INFO  : Boot mode is read from the target.
19:35:24 INFO  : Boot mode of the target is set to jtag.
19:35:24 INFO  : Context for processor 'psu_cortexa53_0' is selected.
19:35:24 INFO  : Processor reset is completed for 'psu_cortexa53_0'.
19:35:25 INFO  : The application 'C:/Users/sunil/VivadoProjects/EE4218Labs/Lab4/lab4_hw_platform/integrated_coprocessor_v1/HDL_HLS_v4_platform_proj/export/HDL_HLS_v4_platform_proj/sw/HDL_HLS_v4_platform_proj/boot/fsbl.elf' is downloaded to processor 'psu_cortexa53_0'.
19:35:25 INFO  : 'set bp_35_25_fsbl_bp [bpadd -addr &XFsbl_Exit]' command is executed.
19:35:26 INFO  : 'con -block -timeout 60' command is executed.
19:35:26 INFO  : 'bpremove $bp_35_25_fsbl_bp' command is executed.
19:35:26 INFO  : Context for processor 'psu_cortexa53_0' is selected.
19:35:26 INFO  : Processor reset is completed for 'psu_cortexa53_0'.
19:35:26 ERROR : Memory write error at 0x0. Cortex-A53 #0: EDITR not ready
19:35:26 INFO  : ----------------XSDB Script----------------
connect -url tcp:127.0.0.1:3121
source C:/Xilinx/Vitis/2023.2/scripts/vitis/util/zynqmp_utils.tcl
targets -set -nocase -filter {name =~"APU*"}
rst -system
after 3000
targets -set -filter {jtag_cable_name =~ "Xilinx X-MLCC-01 XFL1NH42KNRVA" && level==0 && jtag_device_ctx=="jsn-X-MLCC-01-XFL1NH42KNRVA-04724093-0"}
fpga -file C:/Users/sunil/VivadoProjects/EE4218Labs/Lab4/lab4_hw_platform/integrated_coprocessor_v1/matrix_mult_lab4/_ide/bitstream/design_HDL_HLS_v4_wrapper.bit
targets -set -nocase -filter {name =~"APU*"}
loadhw -hw C:/Users/sunil/VivadoProjects/EE4218Labs/Lab4/lab4_hw_platform/integrated_coprocessor_v1/HDL_HLS_v4_platform_proj/export/HDL_HLS_v4_platform_proj/hw/design_HDL_HLS_v4_wrapper.xsa -mem-ranges [list {0x80000000 0xbfffffff} {0x400000000 0x5ffffffff} {0x1000000000 0x7fffffffff}] -regs
configparams force-mem-access 1
targets -set -nocase -filter {name =~"APU*"}
set mode [expr [mrd -value 0xFF5E0200] & 0xf]
mask_write 0xFF5E0200 0xf000 0
targets -set -nocase -filter {name =~ "*A53*#0"}
rst -processor
dow C:/Users/sunil/VivadoProjects/EE4218Labs/Lab4/lab4_hw_platform/integrated_coprocessor_v1/HDL_HLS_v4_platform_proj/export/HDL_HLS_v4_platform_proj/sw/HDL_HLS_v4_platform_proj/boot/fsbl.elf
set bp_35_25_fsbl_bp [bpadd -addr &XFsbl_Exit]
con -block -timeout 60
bpremove $bp_35_25_fsbl_bp
targets -set -nocase -filter {name =~ "*A53*#0"}
rst -processor
dow C:/Users/sunil/VivadoProjects/EE4218Labs/Lab4/lab4_hw_platform/integrated_coprocessor_v1/MLP_Neural_network_project/Debug/MLP_Neural_network_project.elf
----------------End of Script----------------

19:35:26 ERROR : Memory write error at 0x0. Cortex-A53 #0: EDITR not ready
19:37:39 INFO  : Connected to target on host '127.0.0.1' and port '3121'.
19:37:40 INFO  : Jtag cable 'Xilinx X-MLCC-01 XFL1NH42KNRVA' is selected.
19:37:40 INFO  : 'jtag frequency' command is executed.
19:37:40 INFO  : Sourcing of 'C:/Xilinx/Vitis/2023.2/scripts/vitis/util/zynqmp_utils.tcl' is done.
19:37:40 INFO  : Context for 'APU' is selected.
19:37:40 INFO  : System reset is completed.
19:37:43 INFO  : 'after 3000' command is executed.
19:37:43 INFO  : 'targets -set -filter {jtag_cable_name =~ "Xilinx X-MLCC-01 XFL1NH42KNRVA" && level==0 && jtag_device_ctx=="jsn-X-MLCC-01-XFL1NH42KNRVA-04724093-0"}' command is executed.
19:37:48 INFO  : Device configured successfully with "C:/Users/sunil/VivadoProjects/EE4218Labs/Lab4/lab4_hw_platform/integrated_coprocessor_v1/matrix_mult_lab4/_ide/bitstream/design_HDL_HLS_v4_wrapper.bit"
19:37:48 INFO  : Context for 'APU' is selected.
19:37:48 INFO  : Hardware design and registers information is loaded from 'C:/Users/sunil/VivadoProjects/EE4218Labs/Lab4/lab4_hw_platform/integrated_coprocessor_v1/HDL_HLS_v4_platform_proj/export/HDL_HLS_v4_platform_proj/hw/design_HDL_HLS_v4_wrapper.xsa'.
19:37:48 INFO  : 'configparams force-mem-access 1' command is executed.
19:37:48 INFO  : Context for 'APU' is selected.
19:37:48 INFO  : Boot mode is read from the target.
19:37:48 INFO  : Context for processor 'psu_cortexa53_0' is selected.
19:37:48 INFO  : Processor reset is completed for 'psu_cortexa53_0'.
19:37:48 INFO  : The application 'C:/Users/sunil/VivadoProjects/EE4218Labs/Lab4/lab4_hw_platform/integrated_coprocessor_v1/HDL_HLS_v4_platform_proj/export/HDL_HLS_v4_platform_proj/sw/HDL_HLS_v4_platform_proj/boot/fsbl.elf' is downloaded to processor 'psu_cortexa53_0'.
19:37:48 INFO  : 'set bp_37_48_fsbl_bp [bpadd -addr &XFsbl_Exit]' command is executed.
19:37:49 INFO  : 'con -block -timeout 60' command is executed.
19:37:49 INFO  : 'bpremove $bp_37_48_fsbl_bp' command is executed.
19:37:49 INFO  : Context for processor 'psu_cortexa53_0' is selected.
19:37:49 INFO  : Processor reset is completed for 'psu_cortexa53_0'.
19:37:50 INFO  : The application 'C:/Users/sunil/VivadoProjects/EE4218Labs/Lab4/lab4_hw_platform/integrated_coprocessor_v1/MLP_Neural_network_project/Debug/MLP_Neural_network_project.elf' is downloaded to processor 'psu_cortexa53_0'.
19:37:50 INFO  : 'configparams force-mem-access 0' command is executed.
19:37:50 INFO  : ----------------XSDB Script----------------
connect -url tcp:127.0.0.1:3121
source C:/Xilinx/Vitis/2023.2/scripts/vitis/util/zynqmp_utils.tcl
targets -set -nocase -filter {name =~"APU*"}
rst -system
after 3000
targets -set -filter {jtag_cable_name =~ "Xilinx X-MLCC-01 XFL1NH42KNRVA" && level==0 && jtag_device_ctx=="jsn-X-MLCC-01-XFL1NH42KNRVA-04724093-0"}
fpga -file C:/Users/sunil/VivadoProjects/EE4218Labs/Lab4/lab4_hw_platform/integrated_coprocessor_v1/matrix_mult_lab4/_ide/bitstream/design_HDL_HLS_v4_wrapper.bit
targets -set -nocase -filter {name =~"APU*"}
loadhw -hw C:/Users/sunil/VivadoProjects/EE4218Labs/Lab4/lab4_hw_platform/integrated_coprocessor_v1/HDL_HLS_v4_platform_proj/export/HDL_HLS_v4_platform_proj/hw/design_HDL_HLS_v4_wrapper.xsa -mem-ranges [list {0x80000000 0xbfffffff} {0x400000000 0x5ffffffff} {0x1000000000 0x7fffffffff}] -regs
configparams force-mem-access 1
targets -set -nocase -filter {name =~"APU*"}
set mode [expr [mrd -value 0xFF5E0200] & 0xf]
targets -set -nocase -filter {name =~ "*A53*#0"}
rst -processor
dow C:/Users/sunil/VivadoProjects/EE4218Labs/Lab4/lab4_hw_platform/integrated_coprocessor_v1/HDL_HLS_v4_platform_proj/export/HDL_HLS_v4_platform_proj/sw/HDL_HLS_v4_platform_proj/boot/fsbl.elf
set bp_37_48_fsbl_bp [bpadd -addr &XFsbl_Exit]
con -block -timeout 60
bpremove $bp_37_48_fsbl_bp
targets -set -nocase -filter {name =~ "*A53*#0"}
rst -processor
dow C:/Users/sunil/VivadoProjects/EE4218Labs/Lab4/lab4_hw_platform/integrated_coprocessor_v1/MLP_Neural_network_project/Debug/MLP_Neural_network_project.elf
configparams force-mem-access 0
----------------End of Script----------------

19:37:50 INFO  : Context for processor 'psu_cortexa53_0' is selected.
19:37:50 INFO  : 'con' command is executed.
19:37:50 INFO  : ----------------XSDB Script (After Launch)----------------
targets -set -nocase -filter {name =~ "*A53*#0"}
con
----------------End of Script----------------

19:37:50 INFO  : Launch script is exported to file 'C:\Users\sunil\VivadoProjects\EE4218Labs\Lab4\lab4_hw_platform\integrated_coprocessor_v1\MLP_Neural_network_project_system\_ide\scripts\debugger_matrix_mult_lab4-v4.tcl'
19:39:42 INFO  : Disconnected from the channel tcfchan#2.
19:39:43 INFO  : Checking for BSP changes to sync application flags for project 'MLP_Neural_network_project'...
19:39:45 INFO  : Connected to target on host '127.0.0.1' and port '3121'.
19:39:45 INFO  : Jtag cable 'Xilinx X-MLCC-01 XFL1NH42KNRVA' is selected.
19:39:45 INFO  : 'jtag frequency' command is executed.
19:39:45 INFO  : Sourcing of 'C:/Xilinx/Vitis/2023.2/scripts/vitis/util/zynqmp_utils.tcl' is done.
19:39:45 INFO  : Context for 'APU' is selected.
19:39:45 INFO  : System reset is completed.
19:39:48 INFO  : 'after 3000' command is executed.
19:39:49 INFO  : 'targets -set -filter {jtag_cable_name =~ "Xilinx X-MLCC-01 XFL1NH42KNRVA" && level==0 && jtag_device_ctx=="jsn-X-MLCC-01-XFL1NH42KNRVA-04724093-0"}' command is executed.
19:39:53 INFO  : Device configured successfully with "C:/Users/sunil/VivadoProjects/EE4218Labs/Lab4/lab4_hw_platform/integrated_coprocessor_v1/matrix_mult_lab4/_ide/bitstream/design_HDL_HLS_v4_wrapper.bit"
19:39:53 INFO  : Context for 'APU' is selected.
19:39:53 INFO  : Hardware design and registers information is loaded from 'C:/Users/sunil/VivadoProjects/EE4218Labs/Lab4/lab4_hw_platform/integrated_coprocessor_v1/HDL_HLS_v4_platform_proj/export/HDL_HLS_v4_platform_proj/hw/design_HDL_HLS_v4_wrapper.xsa'.
19:39:53 INFO  : 'configparams force-mem-access 1' command is executed.
19:39:53 INFO  : Context for 'APU' is selected.
19:39:53 INFO  : Boot mode is read from the target.
19:39:53 INFO  : Context for processor 'psu_cortexa53_0' is selected.
19:39:53 INFO  : Processor reset is completed for 'psu_cortexa53_0'.
19:39:54 INFO  : The application 'C:/Users/sunil/VivadoProjects/EE4218Labs/Lab4/lab4_hw_platform/integrated_coprocessor_v1/HDL_HLS_v4_platform_proj/export/HDL_HLS_v4_platform_proj/sw/HDL_HLS_v4_platform_proj/boot/fsbl.elf' is downloaded to processor 'psu_cortexa53_0'.
19:39:54 INFO  : 'set bp_39_54_fsbl_bp [bpadd -addr &XFsbl_Exit]' command is executed.
19:39:54 INFO  : 'con -block -timeout 60' command is executed.
19:39:54 INFO  : 'bpremove $bp_39_54_fsbl_bp' command is executed.
19:39:54 INFO  : Context for processor 'psu_cortexa53_0' is selected.
19:39:54 INFO  : Processor reset is completed for 'psu_cortexa53_0'.
19:39:55 INFO  : The application 'C:/Users/sunil/VivadoProjects/EE4218Labs/Lab4/lab4_hw_platform/integrated_coprocessor_v1/MLP_Neural_network_project/Debug/MLP_Neural_network_project.elf' is downloaded to processor 'psu_cortexa53_0'.
19:39:55 INFO  : 'configparams force-mem-access 0' command is executed.
19:39:55 INFO  : ----------------XSDB Script----------------
connect -url tcp:127.0.0.1:3121
source C:/Xilinx/Vitis/2023.2/scripts/vitis/util/zynqmp_utils.tcl
targets -set -nocase -filter {name =~"APU*"}
rst -system
after 3000
targets -set -filter {jtag_cable_name =~ "Xilinx X-MLCC-01 XFL1NH42KNRVA" && level==0 && jtag_device_ctx=="jsn-X-MLCC-01-XFL1NH42KNRVA-04724093-0"}
fpga -file C:/Users/sunil/VivadoProjects/EE4218Labs/Lab4/lab4_hw_platform/integrated_coprocessor_v1/matrix_mult_lab4/_ide/bitstream/design_HDL_HLS_v4_wrapper.bit
targets -set -nocase -filter {name =~"APU*"}
loadhw -hw C:/Users/sunil/VivadoProjects/EE4218Labs/Lab4/lab4_hw_platform/integrated_coprocessor_v1/HDL_HLS_v4_platform_proj/export/HDL_HLS_v4_platform_proj/hw/design_HDL_HLS_v4_wrapper.xsa -mem-ranges [list {0x80000000 0xbfffffff} {0x400000000 0x5ffffffff} {0x1000000000 0x7fffffffff}] -regs
configparams force-mem-access 1
targets -set -nocase -filter {name =~"APU*"}
set mode [expr [mrd -value 0xFF5E0200] & 0xf]
targets -set -nocase -filter {name =~ "*A53*#0"}
rst -processor
dow C:/Users/sunil/VivadoProjects/EE4218Labs/Lab4/lab4_hw_platform/integrated_coprocessor_v1/HDL_HLS_v4_platform_proj/export/HDL_HLS_v4_platform_proj/sw/HDL_HLS_v4_platform_proj/boot/fsbl.elf
set bp_39_54_fsbl_bp [bpadd -addr &XFsbl_Exit]
con -block -timeout 60
bpremove $bp_39_54_fsbl_bp
targets -set -nocase -filter {name =~ "*A53*#0"}
rst -processor
dow C:/Users/sunil/VivadoProjects/EE4218Labs/Lab4/lab4_hw_platform/integrated_coprocessor_v1/MLP_Neural_network_project/Debug/MLP_Neural_network_project.elf
configparams force-mem-access 0
----------------End of Script----------------

19:39:55 INFO  : Context for processor 'psu_cortexa53_0' is selected.
19:39:55 INFO  : 'con' command is executed.
19:39:55 INFO  : ----------------XSDB Script (After Launch)----------------
targets -set -nocase -filter {name =~ "*A53*#0"}
con
----------------End of Script----------------

19:39:55 INFO  : Launch script is exported to file 'C:\Users\sunil\VivadoProjects\EE4218Labs\Lab4\lab4_hw_platform\integrated_coprocessor_v1\MLP_Neural_network_project_system\_ide\scripts\debugger_matrix_mult_lab4-v4.tcl'
19:41:57 INFO  : Disconnected from the channel tcfchan#3.
19:42:24 INFO  : Checking for BSP changes to sync application flags for project 'MLP_Neural_network_project'...
19:42:35 INFO  : Connected to target on host '127.0.0.1' and port '3121'.
19:42:37 INFO  : Jtag cable 'Xilinx X-MLCC-01 XFL1NH42KNRVA' is selected.
19:42:39 INFO  : 'jtag frequency' command is executed.
19:42:39 INFO  : Sourcing of 'C:/Xilinx/Vitis/2023.2/scripts/vitis/util/zynqmp_utils.tcl' is done.
19:42:40 INFO  : Context for 'APU' is selected.
19:42:41 INFO  : System reset is completed.
19:42:44 INFO  : 'after 3000' command is executed.
19:42:46 INFO  : 'targets -set -filter {jtag_cable_name =~ "Xilinx X-MLCC-01 XFL1NH42KNRVA" && level==0 && jtag_device_ctx=="jsn-X-MLCC-01-XFL1NH42KNRVA-04724093-0"}' command is executed.
19:42:50 INFO  : Device configured successfully with "C:/Users/sunil/VivadoProjects/EE4218Labs/Lab4/lab4_hw_platform/integrated_coprocessor_v1/matrix_mult_lab4/_ide/bitstream/design_HDL_HLS_v4_wrapper.bit"
19:42:50 INFO  : Context for 'APU' is selected.
19:42:50 INFO  : Hardware design and registers information is loaded from 'C:/Users/sunil/VivadoProjects/EE4218Labs/Lab4/lab4_hw_platform/integrated_coprocessor_v1/HDL_HLS_v4_platform_proj/export/HDL_HLS_v4_platform_proj/hw/design_HDL_HLS_v4_wrapper.xsa'.
19:42:50 INFO  : 'configparams force-mem-access 1' command is executed.
19:42:50 INFO  : Context for 'APU' is selected.
19:42:50 INFO  : Boot mode is read from the target.
19:42:50 INFO  : Context for processor 'psu_cortexa53_0' is selected.
19:42:51 INFO  : Processor reset is completed for 'psu_cortexa53_0'.
19:42:51 INFO  : The application 'C:/Users/sunil/VivadoProjects/EE4218Labs/Lab4/lab4_hw_platform/integrated_coprocessor_v1/HDL_HLS_v4_platform_proj/export/HDL_HLS_v4_platform_proj/sw/HDL_HLS_v4_platform_proj/boot/fsbl.elf' is downloaded to processor 'psu_cortexa53_0'.
19:42:51 INFO  : 'set bp_42_51_fsbl_bp [bpadd -addr &XFsbl_Exit]' command is executed.
19:42:51 INFO  : 'con -block -timeout 60' command is executed.
19:42:51 INFO  : 'bpremove $bp_42_51_fsbl_bp' command is executed.
19:42:51 INFO  : Context for processor 'psu_cortexa53_0' is selected.
19:42:51 INFO  : Processor reset is completed for 'psu_cortexa53_0'.
19:42:52 INFO  : The application 'C:/Users/sunil/VivadoProjects/EE4218Labs/Lab4/lab4_hw_platform/integrated_coprocessor_v1/MLP_Neural_network_project/Debug/MLP_Neural_network_project.elf' is downloaded to processor 'psu_cortexa53_0'.
19:42:52 INFO  : 'configparams force-mem-access 0' command is executed.
19:42:52 INFO  : ----------------XSDB Script----------------
connect -url tcp:127.0.0.1:3121
source C:/Xilinx/Vitis/2023.2/scripts/vitis/util/zynqmp_utils.tcl
targets -set -nocase -filter {name =~"APU*"}
rst -system
after 3000
targets -set -filter {jtag_cable_name =~ "Xilinx X-MLCC-01 XFL1NH42KNRVA" && level==0 && jtag_device_ctx=="jsn-X-MLCC-01-XFL1NH42KNRVA-04724093-0"}
fpga -file C:/Users/sunil/VivadoProjects/EE4218Labs/Lab4/lab4_hw_platform/integrated_coprocessor_v1/matrix_mult_lab4/_ide/bitstream/design_HDL_HLS_v4_wrapper.bit
targets -set -nocase -filter {name =~"APU*"}
loadhw -hw C:/Users/sunil/VivadoProjects/EE4218Labs/Lab4/lab4_hw_platform/integrated_coprocessor_v1/HDL_HLS_v4_platform_proj/export/HDL_HLS_v4_platform_proj/hw/design_HDL_HLS_v4_wrapper.xsa -mem-ranges [list {0x80000000 0xbfffffff} {0x400000000 0x5ffffffff} {0x1000000000 0x7fffffffff}] -regs
configparams force-mem-access 1
targets -set -nocase -filter {name =~"APU*"}
set mode [expr [mrd -value 0xFF5E0200] & 0xf]
targets -set -nocase -filter {name =~ "*A53*#0"}
rst -processor
dow C:/Users/sunil/VivadoProjects/EE4218Labs/Lab4/lab4_hw_platform/integrated_coprocessor_v1/HDL_HLS_v4_platform_proj/export/HDL_HLS_v4_platform_proj/sw/HDL_HLS_v4_platform_proj/boot/fsbl.elf
set bp_42_51_fsbl_bp [bpadd -addr &XFsbl_Exit]
con -block -timeout 60
bpremove $bp_42_51_fsbl_bp
targets -set -nocase -filter {name =~ "*A53*#0"}
rst -processor
dow C:/Users/sunil/VivadoProjects/EE4218Labs/Lab4/lab4_hw_platform/integrated_coprocessor_v1/MLP_Neural_network_project/Debug/MLP_Neural_network_project.elf
configparams force-mem-access 0
----------------End of Script----------------

19:42:52 INFO  : Context for processor 'psu_cortexa53_0' is selected.
19:42:52 INFO  : 'con' command is executed.
19:42:52 INFO  : ----------------XSDB Script (After Launch)----------------
targets -set -nocase -filter {name =~ "*A53*#0"}
con
----------------End of Script----------------

19:42:52 INFO  : Launch script is exported to file 'C:\Users\sunil\VivadoProjects\EE4218Labs\Lab4\lab4_hw_platform\integrated_coprocessor_v1\MLP_Neural_network_project_system\_ide\scripts\debugger_matrix_mult_lab4-v4.tcl'
19:43:25 INFO  : Disconnected from the channel tcfchan#4.
19:43:32 INFO  : Checking for BSP changes to sync application flags for project 'MLP_Neural_network_project'...
19:43:51 INFO  : Checking for BSP changes to sync application flags for project 'MLP_Neural_network_project'...
19:44:07 INFO  : Checking for BSP changes to sync application flags for project 'MLP_Neural_network_project'...
19:44:19 INFO  : Connected to target on host '127.0.0.1' and port '3121'.
19:44:21 INFO  : Jtag cable 'Xilinx X-MLCC-01 XFL1NH42KNRVA' is selected.
19:44:22 INFO  : 'jtag frequency' command is executed.
19:44:22 INFO  : Sourcing of 'C:/Xilinx/Vitis/2023.2/scripts/vitis/util/zynqmp_utils.tcl' is done.
19:44:24 INFO  : Context for 'APU' is selected.
19:44:24 INFO  : System reset is completed.
19:44:27 INFO  : 'after 3000' command is executed.
19:44:29 INFO  : 'targets -set -filter {jtag_cable_name =~ "Xilinx X-MLCC-01 XFL1NH42KNRVA" && level==0 && jtag_device_ctx=="jsn-X-MLCC-01-XFL1NH42KNRVA-04724093-0"}' command is executed.
19:44:34 INFO  : Device configured successfully with "C:/Users/sunil/VivadoProjects/EE4218Labs/Lab4/lab4_hw_platform/integrated_coprocessor_v1/matrix_mult_lab4/_ide/bitstream/design_HDL_HLS_v4_wrapper.bit"
19:44:35 INFO  : Context for 'APU' is selected.
19:44:35 INFO  : Hardware design and registers information is loaded from 'C:/Users/sunil/VivadoProjects/EE4218Labs/Lab4/lab4_hw_platform/integrated_coprocessor_v1/HDL_HLS_v4_platform_proj/export/HDL_HLS_v4_platform_proj/hw/design_HDL_HLS_v4_wrapper.xsa'.
19:44:35 INFO  : 'configparams force-mem-access 1' command is executed.
19:44:35 INFO  : Context for 'APU' is selected.
19:44:35 INFO  : Boot mode is read from the target.
19:44:35 INFO  : Context for processor 'psu_cortexa53_0' is selected.
19:44:35 INFO  : Processor reset is completed for 'psu_cortexa53_0'.
19:44:35 INFO  : The application 'C:/Users/sunil/VivadoProjects/EE4218Labs/Lab4/lab4_hw_platform/integrated_coprocessor_v1/HDL_HLS_v4_platform_proj/export/HDL_HLS_v4_platform_proj/sw/HDL_HLS_v4_platform_proj/boot/fsbl.elf' is downloaded to processor 'psu_cortexa53_0'.
19:44:35 INFO  : 'set bp_44_35_fsbl_bp [bpadd -addr &XFsbl_Exit]' command is executed.
19:44:35 INFO  : 'con -block -timeout 60' command is executed.
19:44:35 INFO  : 'bpremove $bp_44_35_fsbl_bp' command is executed.
19:44:35 INFO  : Context for processor 'psu_cortexa53_0' is selected.
19:44:36 INFO  : Processor reset is completed for 'psu_cortexa53_0'.
19:44:36 INFO  : The application 'C:/Users/sunil/VivadoProjects/EE4218Labs/Lab4/lab4_hw_platform/integrated_coprocessor_v1/MLP_Neural_network_project/Debug/MLP_Neural_network_project.elf' is downloaded to processor 'psu_cortexa53_0'.
19:44:36 INFO  : 'configparams force-mem-access 0' command is executed.
19:44:36 INFO  : ----------------XSDB Script----------------
connect -url tcp:127.0.0.1:3121
source C:/Xilinx/Vitis/2023.2/scripts/vitis/util/zynqmp_utils.tcl
targets -set -nocase -filter {name =~"APU*"}
rst -system
after 3000
targets -set -filter {jtag_cable_name =~ "Xilinx X-MLCC-01 XFL1NH42KNRVA" && level==0 && jtag_device_ctx=="jsn-X-MLCC-01-XFL1NH42KNRVA-04724093-0"}
fpga -file C:/Users/sunil/VivadoProjects/EE4218Labs/Lab4/lab4_hw_platform/integrated_coprocessor_v1/matrix_mult_lab4/_ide/bitstream/design_HDL_HLS_v4_wrapper.bit
targets -set -nocase -filter {name =~"APU*"}
loadhw -hw C:/Users/sunil/VivadoProjects/EE4218Labs/Lab4/lab4_hw_platform/integrated_coprocessor_v1/HDL_HLS_v4_platform_proj/export/HDL_HLS_v4_platform_proj/hw/design_HDL_HLS_v4_wrapper.xsa -mem-ranges [list {0x80000000 0xbfffffff} {0x400000000 0x5ffffffff} {0x1000000000 0x7fffffffff}] -regs
configparams force-mem-access 1
targets -set -nocase -filter {name =~"APU*"}
set mode [expr [mrd -value 0xFF5E0200] & 0xf]
targets -set -nocase -filter {name =~ "*A53*#0"}
rst -processor
dow C:/Users/sunil/VivadoProjects/EE4218Labs/Lab4/lab4_hw_platform/integrated_coprocessor_v1/HDL_HLS_v4_platform_proj/export/HDL_HLS_v4_platform_proj/sw/HDL_HLS_v4_platform_proj/boot/fsbl.elf
set bp_44_35_fsbl_bp [bpadd -addr &XFsbl_Exit]
con -block -timeout 60
bpremove $bp_44_35_fsbl_bp
targets -set -nocase -filter {name =~ "*A53*#0"}
rst -processor
dow C:/Users/sunil/VivadoProjects/EE4218Labs/Lab4/lab4_hw_platform/integrated_coprocessor_v1/MLP_Neural_network_project/Debug/MLP_Neural_network_project.elf
configparams force-mem-access 0
----------------End of Script----------------

19:44:37 INFO  : Context for processor 'psu_cortexa53_0' is selected.
19:44:37 INFO  : 'con' command is executed.
19:44:37 INFO  : ----------------XSDB Script (After Launch)----------------
targets -set -nocase -filter {name =~ "*A53*#0"}
con
----------------End of Script----------------

19:44:37 INFO  : Launch script is exported to file 'C:\Users\sunil\VivadoProjects\EE4218Labs\Lab4\lab4_hw_platform\integrated_coprocessor_v1\MLP_Neural_network_project_system\_ide\scripts\debugger_matrix_mult_lab4-v4.tcl'
19:47:07 INFO  : Disconnected from the channel tcfchan#5.
19:47:10 INFO  : Connected to target on host '127.0.0.1' and port '3121'.
19:47:12 INFO  : Jtag cable 'Xilinx X-MLCC-01 XFL1NH42KNRVA' is selected.
19:47:12 INFO  : 'jtag frequency' command is executed.
19:47:12 INFO  : Sourcing of 'C:/Xilinx/Vitis/2023.2/scripts/vitis/util/zynqmp_utils.tcl' is done.
19:47:12 INFO  : Context for 'APU' is selected.
19:47:12 INFO  : System reset is completed.
19:47:15 INFO  : 'after 3000' command is executed.
19:47:16 INFO  : 'targets -set -filter {jtag_cable_name =~ "Xilinx X-MLCC-01 XFL1NH42KNRVA" && level==0 && jtag_device_ctx=="jsn-X-MLCC-01-XFL1NH42KNRVA-04724093-0"}' command is executed.
19:47:20 INFO  : Device configured successfully with "C:/Users/sunil/VivadoProjects/EE4218Labs/Lab4/lab4_hw_platform/integrated_coprocessor_v1/matrix_mult_lab4/_ide/bitstream/design_HDL_HLS_v4_wrapper.bit"
19:47:20 INFO  : Context for 'APU' is selected.
19:47:20 INFO  : Hardware design and registers information is loaded from 'C:/Users/sunil/VivadoProjects/EE4218Labs/Lab4/lab4_hw_platform/integrated_coprocessor_v1/HDL_HLS_v4_platform_proj/export/HDL_HLS_v4_platform_proj/hw/design_HDL_HLS_v4_wrapper.xsa'.
19:47:20 INFO  : 'configparams force-mem-access 1' command is executed.
19:47:20 INFO  : Context for 'APU' is selected.
19:47:20 INFO  : Boot mode is read from the target.
19:47:20 INFO  : Context for processor 'psu_cortexa53_0' is selected.
19:47:20 INFO  : Processor reset is completed for 'psu_cortexa53_0'.
19:47:21 INFO  : The application 'C:/Users/sunil/VivadoProjects/EE4218Labs/Lab4/lab4_hw_platform/integrated_coprocessor_v1/HDL_HLS_v4_platform_proj/export/HDL_HLS_v4_platform_proj/sw/HDL_HLS_v4_platform_proj/boot/fsbl.elf' is downloaded to processor 'psu_cortexa53_0'.
19:47:21 INFO  : 'set bp_47_21_fsbl_bp [bpadd -addr &XFsbl_Exit]' command is executed.
19:47:21 INFO  : 'con -block -timeout 60' command is executed.
19:47:21 INFO  : 'bpremove $bp_47_21_fsbl_bp' command is executed.
19:47:21 INFO  : Context for processor 'psu_cortexa53_0' is selected.
19:47:21 INFO  : Processor reset is completed for 'psu_cortexa53_0'.
19:47:22 INFO  : The application 'C:/Users/sunil/VivadoProjects/EE4218Labs/Lab4/lab4_hw_platform/integrated_coprocessor_v1/MLP_Neural_network_project/Debug/MLP_Neural_network_project.elf' is downloaded to processor 'psu_cortexa53_0'.
19:47:22 INFO  : 'configparams force-mem-access 0' command is executed.
19:47:22 INFO  : ----------------XSDB Script----------------
connect -url tcp:127.0.0.1:3121
source C:/Xilinx/Vitis/2023.2/scripts/vitis/util/zynqmp_utils.tcl
targets -set -nocase -filter {name =~"APU*"}
rst -system
after 3000
targets -set -filter {jtag_cable_name =~ "Xilinx X-MLCC-01 XFL1NH42KNRVA" && level==0 && jtag_device_ctx=="jsn-X-MLCC-01-XFL1NH42KNRVA-04724093-0"}
fpga -file C:/Users/sunil/VivadoProjects/EE4218Labs/Lab4/lab4_hw_platform/integrated_coprocessor_v1/matrix_mult_lab4/_ide/bitstream/design_HDL_HLS_v4_wrapper.bit
targets -set -nocase -filter {name =~"APU*"}
loadhw -hw C:/Users/sunil/VivadoProjects/EE4218Labs/Lab4/lab4_hw_platform/integrated_coprocessor_v1/HDL_HLS_v4_platform_proj/export/HDL_HLS_v4_platform_proj/hw/design_HDL_HLS_v4_wrapper.xsa -mem-ranges [list {0x80000000 0xbfffffff} {0x400000000 0x5ffffffff} {0x1000000000 0x7fffffffff}] -regs
configparams force-mem-access 1
targets -set -nocase -filter {name =~"APU*"}
set mode [expr [mrd -value 0xFF5E0200] & 0xf]
targets -set -nocase -filter {name =~ "*A53*#0"}
rst -processor
dow C:/Users/sunil/VivadoProjects/EE4218Labs/Lab4/lab4_hw_platform/integrated_coprocessor_v1/HDL_HLS_v4_platform_proj/export/HDL_HLS_v4_platform_proj/sw/HDL_HLS_v4_platform_proj/boot/fsbl.elf
set bp_47_21_fsbl_bp [bpadd -addr &XFsbl_Exit]
con -block -timeout 60
bpremove $bp_47_21_fsbl_bp
targets -set -nocase -filter {name =~ "*A53*#0"}
rst -processor
dow C:/Users/sunil/VivadoProjects/EE4218Labs/Lab4/lab4_hw_platform/integrated_coprocessor_v1/MLP_Neural_network_project/Debug/MLP_Neural_network_project.elf
configparams force-mem-access 0
----------------End of Script----------------

19:47:22 INFO  : Context for processor 'psu_cortexa53_0' is selected.
19:47:22 INFO  : 'con' command is executed.
19:47:22 INFO  : ----------------XSDB Script (After Launch)----------------
targets -set -nocase -filter {name =~ "*A53*#0"}
con
----------------End of Script----------------

19:47:22 INFO  : Launch script is exported to file 'C:\Users\sunil\VivadoProjects\EE4218Labs\Lab4\lab4_hw_platform\integrated_coprocessor_v1\MLP_Neural_network_project_system\_ide\scripts\debugger_matrix_mult_lab4-v4.tcl'
00:30:45 INFO  : Disconnected from the channel tcfchan#6.
00:30:46 INFO  : Connected to target on host '127.0.0.1' and port '3121'.
00:30:48 INFO  : Jtag cable 'Xilinx X-MLCC-01 XFL1NH42KNRVA' is selected.
00:30:48 INFO  : 'jtag frequency' command is executed.
00:30:48 INFO  : Sourcing of 'C:/Xilinx/Vitis/2023.2/scripts/vitis/util/zynqmp_utils.tcl' is done.
00:30:48 INFO  : Context for 'APU' is selected.
00:30:49 INFO  : System reset is completed.
00:30:52 INFO  : 'after 3000' command is executed.
00:30:52 INFO  : 'targets -set -filter {jtag_cable_name =~ "Xilinx X-MLCC-01 XFL1NH42KNRVA" && level==0 && jtag_device_ctx=="jsn-X-MLCC-01-XFL1NH42KNRVA-04724093-0"}' command is executed.
00:30:56 INFO  : Device configured successfully with "C:/Users/sunil/VivadoProjects/EE4218Labs/Lab4/lab4_hw_platform/integrated_coprocessor_v1/matrix_mult_lab4/_ide/bitstream/design_HDL_HLS_v4_wrapper.bit"
00:30:56 INFO  : Context for 'APU' is selected.
00:30:56 INFO  : Hardware design and registers information is loaded from 'C:/Users/sunil/VivadoProjects/EE4218Labs/Lab4/lab4_hw_platform/integrated_coprocessor_v1/HDL_HLS_v4_platform_proj/export/HDL_HLS_v4_platform_proj/hw/design_HDL_HLS_v4_wrapper.xsa'.
00:30:56 INFO  : 'configparams force-mem-access 1' command is executed.
00:30:56 INFO  : Context for 'APU' is selected.
00:30:56 INFO  : Boot mode is read from the target.
00:30:56 INFO  : Context for processor 'psu_cortexa53_0' is selected.
00:30:56 INFO  : Processor reset is completed for 'psu_cortexa53_0'.
00:30:57 INFO  : The application 'C:/Users/sunil/VivadoProjects/EE4218Labs/Lab4/lab4_hw_platform/integrated_coprocessor_v1/HDL_HLS_v4_platform_proj/export/HDL_HLS_v4_platform_proj/sw/HDL_HLS_v4_platform_proj/boot/fsbl.elf' is downloaded to processor 'psu_cortexa53_0'.
00:30:57 INFO  : 'set bp_30_57_fsbl_bp [bpadd -addr &XFsbl_Exit]' command is executed.
00:30:57 INFO  : 'con -block -timeout 60' command is executed.
00:30:57 INFO  : 'bpremove $bp_30_57_fsbl_bp' command is executed.
00:30:57 INFO  : Context for processor 'psu_cortexa53_0' is selected.
00:30:57 INFO  : Processor reset is completed for 'psu_cortexa53_0'.
00:30:58 INFO  : The application 'C:/Users/sunil/VivadoProjects/EE4218Labs/Lab4/lab4_hw_platform/integrated_coprocessor_v1/MLP_Neural_network_project/Debug/MLP_Neural_network_project.elf' is downloaded to processor 'psu_cortexa53_0'.
00:30:58 INFO  : 'configparams force-mem-access 0' command is executed.
00:30:58 INFO  : ----------------XSDB Script----------------
connect -url tcp:127.0.0.1:3121
source C:/Xilinx/Vitis/2023.2/scripts/vitis/util/zynqmp_utils.tcl
targets -set -nocase -filter {name =~"APU*"}
rst -system
after 3000
targets -set -filter {jtag_cable_name =~ "Xilinx X-MLCC-01 XFL1NH42KNRVA" && level==0 && jtag_device_ctx=="jsn-X-MLCC-01-XFL1NH42KNRVA-04724093-0"}
fpga -file C:/Users/sunil/VivadoProjects/EE4218Labs/Lab4/lab4_hw_platform/integrated_coprocessor_v1/matrix_mult_lab4/_ide/bitstream/design_HDL_HLS_v4_wrapper.bit
targets -set -nocase -filter {name =~"APU*"}
loadhw -hw C:/Users/sunil/VivadoProjects/EE4218Labs/Lab4/lab4_hw_platform/integrated_coprocessor_v1/HDL_HLS_v4_platform_proj/export/HDL_HLS_v4_platform_proj/hw/design_HDL_HLS_v4_wrapper.xsa -mem-ranges [list {0x80000000 0xbfffffff} {0x400000000 0x5ffffffff} {0x1000000000 0x7fffffffff}] -regs
configparams force-mem-access 1
targets -set -nocase -filter {name =~"APU*"}
set mode [expr [mrd -value 0xFF5E0200] & 0xf]
targets -set -nocase -filter {name =~ "*A53*#0"}
rst -processor
dow C:/Users/sunil/VivadoProjects/EE4218Labs/Lab4/lab4_hw_platform/integrated_coprocessor_v1/HDL_HLS_v4_platform_proj/export/HDL_HLS_v4_platform_proj/sw/HDL_HLS_v4_platform_proj/boot/fsbl.elf
set bp_30_57_fsbl_bp [bpadd -addr &XFsbl_Exit]
con -block -timeout 60
bpremove $bp_30_57_fsbl_bp
targets -set -nocase -filter {name =~ "*A53*#0"}
rst -processor
dow C:/Users/sunil/VivadoProjects/EE4218Labs/Lab4/lab4_hw_platform/integrated_coprocessor_v1/MLP_Neural_network_project/Debug/MLP_Neural_network_project.elf
configparams force-mem-access 0
----------------End of Script----------------

00:30:58 INFO  : Context for processor 'psu_cortexa53_0' is selected.
00:30:58 INFO  : 'con' command is executed.
00:30:58 INFO  : ----------------XSDB Script (After Launch)----------------
targets -set -nocase -filter {name =~ "*A53*#0"}
con
----------------End of Script----------------

00:30:58 INFO  : Launch script is exported to file 'C:\Users\sunil\VivadoProjects\EE4218Labs\Lab4\lab4_hw_platform\integrated_coprocessor_v1\MLP_Neural_network_project_system\_ide\scripts\debugger_matrix_mult_lab4-v4.tcl'
00:32:58 INFO  : Disconnected from the channel tcfchan#7.
00:33:01 INFO  : Connected to target on host '127.0.0.1' and port '3121'.
00:33:03 INFO  : Jtag cable 'Xilinx X-MLCC-01 XFL1NH42KNRVA' is selected.
00:33:03 INFO  : 'jtag frequency' command is executed.
00:33:03 INFO  : Sourcing of 'C:/Xilinx/Vitis/2023.2/scripts/vitis/util/zynqmp_utils.tcl' is done.
00:33:03 INFO  : Context for 'APU' is selected.
00:33:03 INFO  : System reset is completed.
00:33:06 INFO  : 'after 3000' command is executed.
00:33:06 INFO  : 'targets -set -filter {jtag_cable_name =~ "Xilinx X-MLCC-01 XFL1NH42KNRVA" && level==0 && jtag_device_ctx=="jsn-X-MLCC-01-XFL1NH42KNRVA-04724093-0"}' command is executed.
00:33:11 INFO  : Device configured successfully with "C:/Users/sunil/VivadoProjects/EE4218Labs/Lab4/lab4_hw_platform/integrated_coprocessor_v1/matrix_mult_lab4/_ide/bitstream/design_HDL_HLS_v4_wrapper.bit"
00:33:11 INFO  : Context for 'APU' is selected.
00:33:11 INFO  : Hardware design and registers information is loaded from 'C:/Users/sunil/VivadoProjects/EE4218Labs/Lab4/lab4_hw_platform/integrated_coprocessor_v1/HDL_HLS_v4_platform_proj/export/HDL_HLS_v4_platform_proj/hw/design_HDL_HLS_v4_wrapper.xsa'.
00:33:11 INFO  : 'configparams force-mem-access 1' command is executed.
00:33:11 INFO  : Context for 'APU' is selected.
00:33:11 INFO  : Boot mode is read from the target.
00:33:11 INFO  : Context for processor 'psu_cortexa53_0' is selected.
00:33:11 INFO  : Processor reset is completed for 'psu_cortexa53_0'.
00:33:12 INFO  : The application 'C:/Users/sunil/VivadoProjects/EE4218Labs/Lab4/lab4_hw_platform/integrated_coprocessor_v1/HDL_HLS_v4_platform_proj/export/HDL_HLS_v4_platform_proj/sw/HDL_HLS_v4_platform_proj/boot/fsbl.elf' is downloaded to processor 'psu_cortexa53_0'.
00:33:12 INFO  : 'set bp_33_12_fsbl_bp [bpadd -addr &XFsbl_Exit]' command is executed.
00:33:12 INFO  : 'con -block -timeout 60' command is executed.
00:33:12 INFO  : 'bpremove $bp_33_12_fsbl_bp' command is executed.
00:33:12 INFO  : Context for processor 'psu_cortexa53_0' is selected.
00:33:12 INFO  : Processor reset is completed for 'psu_cortexa53_0'.
00:33:13 INFO  : The application 'C:/Users/sunil/VivadoProjects/EE4218Labs/Lab4/lab4_hw_platform/integrated_coprocessor_v1/MLP_Neural_network_project/Debug/MLP_Neural_network_project.elf' is downloaded to processor 'psu_cortexa53_0'.
00:33:13 INFO  : 'configparams force-mem-access 0' command is executed.
00:33:13 INFO  : ----------------XSDB Script----------------
connect -url tcp:127.0.0.1:3121
source C:/Xilinx/Vitis/2023.2/scripts/vitis/util/zynqmp_utils.tcl
targets -set -nocase -filter {name =~"APU*"}
rst -system
after 3000
targets -set -filter {jtag_cable_name =~ "Xilinx X-MLCC-01 XFL1NH42KNRVA" && level==0 && jtag_device_ctx=="jsn-X-MLCC-01-XFL1NH42KNRVA-04724093-0"}
fpga -file C:/Users/sunil/VivadoProjects/EE4218Labs/Lab4/lab4_hw_platform/integrated_coprocessor_v1/matrix_mult_lab4/_ide/bitstream/design_HDL_HLS_v4_wrapper.bit
targets -set -nocase -filter {name =~"APU*"}
loadhw -hw C:/Users/sunil/VivadoProjects/EE4218Labs/Lab4/lab4_hw_platform/integrated_coprocessor_v1/HDL_HLS_v4_platform_proj/export/HDL_HLS_v4_platform_proj/hw/design_HDL_HLS_v4_wrapper.xsa -mem-ranges [list {0x80000000 0xbfffffff} {0x400000000 0x5ffffffff} {0x1000000000 0x7fffffffff}] -regs
configparams force-mem-access 1
targets -set -nocase -filter {name =~"APU*"}
set mode [expr [mrd -value 0xFF5E0200] & 0xf]
targets -set -nocase -filter {name =~ "*A53*#0"}
rst -processor
dow C:/Users/sunil/VivadoProjects/EE4218Labs/Lab4/lab4_hw_platform/integrated_coprocessor_v1/HDL_HLS_v4_platform_proj/export/HDL_HLS_v4_platform_proj/sw/HDL_HLS_v4_platform_proj/boot/fsbl.elf
set bp_33_12_fsbl_bp [bpadd -addr &XFsbl_Exit]
con -block -timeout 60
bpremove $bp_33_12_fsbl_bp
targets -set -nocase -filter {name =~ "*A53*#0"}
rst -processor
dow C:/Users/sunil/VivadoProjects/EE4218Labs/Lab4/lab4_hw_platform/integrated_coprocessor_v1/MLP_Neural_network_project/Debug/MLP_Neural_network_project.elf
configparams force-mem-access 0
----------------End of Script----------------

00:33:13 INFO  : Context for processor 'psu_cortexa53_0' is selected.
00:33:13 INFO  : 'con' command is executed.
00:33:13 INFO  : ----------------XSDB Script (After Launch)----------------
targets -set -nocase -filter {name =~ "*A53*#0"}
con
----------------End of Script----------------

00:33:13 INFO  : Launch script is exported to file 'C:\Users\sunil\VivadoProjects\EE4218Labs\Lab4\lab4_hw_platform\integrated_coprocessor_v1\MLP_Neural_network_project_system\_ide\scripts\debugger_matrix_mult_lab4-v4.tcl'
00:37:59 INFO  : Disconnected from the channel tcfchan#8.
00:38:01 INFO  : Connected to target on host '127.0.0.1' and port '3121'.
00:38:03 INFO  : Jtag cable 'Xilinx X-MLCC-01 XFL1NH42KNRVA' is selected.
00:38:03 INFO  : 'jtag frequency' command is executed.
00:38:03 INFO  : Sourcing of 'C:/Xilinx/Vitis/2023.2/scripts/vitis/util/zynqmp_utils.tcl' is done.
00:38:03 INFO  : Context for 'APU' is selected.
00:38:03 INFO  : System reset is completed.
00:38:06 INFO  : 'after 3000' command is executed.
00:38:06 INFO  : 'targets -set -filter {jtag_cable_name =~ "Xilinx X-MLCC-01 XFL1NH42KNRVA" && level==0 && jtag_device_ctx=="jsn-X-MLCC-01-XFL1NH42KNRVA-04724093-0"}' command is executed.
00:38:11 INFO  : Device configured successfully with "C:/Users/sunil/VivadoProjects/EE4218Labs/Lab4/lab4_hw_platform/integrated_coprocessor_v1/matrix_mult_lab4/_ide/bitstream/design_HDL_HLS_v4_wrapper.bit"
00:38:11 INFO  : Context for 'APU' is selected.
00:38:11 INFO  : Hardware design and registers information is loaded from 'C:/Users/sunil/VivadoProjects/EE4218Labs/Lab4/lab4_hw_platform/integrated_coprocessor_v1/HDL_HLS_v4_platform_proj/export/HDL_HLS_v4_platform_proj/hw/design_HDL_HLS_v4_wrapper.xsa'.
00:38:11 INFO  : 'configparams force-mem-access 1' command is executed.
00:38:11 INFO  : Context for 'APU' is selected.
00:38:11 INFO  : Boot mode is read from the target.
00:38:11 INFO  : Context for processor 'psu_cortexa53_0' is selected.
00:38:11 INFO  : Processor reset is completed for 'psu_cortexa53_0'.
00:38:12 INFO  : The application 'C:/Users/sunil/VivadoProjects/EE4218Labs/Lab4/lab4_hw_platform/integrated_coprocessor_v1/HDL_HLS_v4_platform_proj/export/HDL_HLS_v4_platform_proj/sw/HDL_HLS_v4_platform_proj/boot/fsbl.elf' is downloaded to processor 'psu_cortexa53_0'.
00:38:12 INFO  : 'set bp_38_12_fsbl_bp [bpadd -addr &XFsbl_Exit]' command is executed.
00:38:12 INFO  : 'con -block -timeout 60' command is executed.
00:38:12 INFO  : 'bpremove $bp_38_12_fsbl_bp' command is executed.
00:38:12 INFO  : Context for processor 'psu_cortexa53_0' is selected.
00:38:12 INFO  : Processor reset is completed for 'psu_cortexa53_0'.
00:38:13 INFO  : The application 'C:/Users/sunil/VivadoProjects/EE4218Labs/Lab4/lab4_hw_platform/integrated_coprocessor_v1/MLP_Neural_network_project/Debug/MLP_Neural_network_project.elf' is downloaded to processor 'psu_cortexa53_0'.
00:38:13 INFO  : 'configparams force-mem-access 0' command is executed.
00:38:13 INFO  : ----------------XSDB Script----------------
connect -url tcp:127.0.0.1:3121
source C:/Xilinx/Vitis/2023.2/scripts/vitis/util/zynqmp_utils.tcl
targets -set -nocase -filter {name =~"APU*"}
rst -system
after 3000
targets -set -filter {jtag_cable_name =~ "Xilinx X-MLCC-01 XFL1NH42KNRVA" && level==0 && jtag_device_ctx=="jsn-X-MLCC-01-XFL1NH42KNRVA-04724093-0"}
fpga -file C:/Users/sunil/VivadoProjects/EE4218Labs/Lab4/lab4_hw_platform/integrated_coprocessor_v1/matrix_mult_lab4/_ide/bitstream/design_HDL_HLS_v4_wrapper.bit
targets -set -nocase -filter {name =~"APU*"}
loadhw -hw C:/Users/sunil/VivadoProjects/EE4218Labs/Lab4/lab4_hw_platform/integrated_coprocessor_v1/HDL_HLS_v4_platform_proj/export/HDL_HLS_v4_platform_proj/hw/design_HDL_HLS_v4_wrapper.xsa -mem-ranges [list {0x80000000 0xbfffffff} {0x400000000 0x5ffffffff} {0x1000000000 0x7fffffffff}] -regs
configparams force-mem-access 1
targets -set -nocase -filter {name =~"APU*"}
set mode [expr [mrd -value 0xFF5E0200] & 0xf]
targets -set -nocase -filter {name =~ "*A53*#0"}
rst -processor
dow C:/Users/sunil/VivadoProjects/EE4218Labs/Lab4/lab4_hw_platform/integrated_coprocessor_v1/HDL_HLS_v4_platform_proj/export/HDL_HLS_v4_platform_proj/sw/HDL_HLS_v4_platform_proj/boot/fsbl.elf
set bp_38_12_fsbl_bp [bpadd -addr &XFsbl_Exit]
con -block -timeout 60
bpremove $bp_38_12_fsbl_bp
targets -set -nocase -filter {name =~ "*A53*#0"}
rst -processor
dow C:/Users/sunil/VivadoProjects/EE4218Labs/Lab4/lab4_hw_platform/integrated_coprocessor_v1/MLP_Neural_network_project/Debug/MLP_Neural_network_project.elf
configparams force-mem-access 0
----------------End of Script----------------

00:38:13 INFO  : Context for processor 'psu_cortexa53_0' is selected.
00:38:13 INFO  : 'con' command is executed.
00:38:13 INFO  : ----------------XSDB Script (After Launch)----------------
targets -set -nocase -filter {name =~ "*A53*#0"}
con
----------------End of Script----------------

00:38:13 INFO  : Launch script is exported to file 'C:\Users\sunil\VivadoProjects\EE4218Labs\Lab4\lab4_hw_platform\integrated_coprocessor_v1\MLP_Neural_network_project_system\_ide\scripts\debugger_matrix_mult_lab4-v4.tcl'
00:40:07 INFO  : Disconnected from the channel tcfchan#9.
00:40:08 INFO  : Connected to target on host '127.0.0.1' and port '3121'.
00:40:10 INFO  : Jtag cable 'Xilinx X-MLCC-01 XFL1NH42KNRVA' is selected.
00:40:10 INFO  : 'jtag frequency' command is executed.
00:40:10 INFO  : Sourcing of 'C:/Xilinx/Vitis/2023.2/scripts/vitis/util/zynqmp_utils.tcl' is done.
00:40:10 INFO  : Context for 'APU' is selected.
00:40:10 INFO  : System reset is completed.
00:40:13 INFO  : 'after 3000' command is executed.
00:40:13 INFO  : 'targets -set -filter {jtag_cable_name =~ "Xilinx X-MLCC-01 XFL1NH42KNRVA" && level==0 && jtag_device_ctx=="jsn-X-MLCC-01-XFL1NH42KNRVA-04724093-0"}' command is executed.
00:40:18 INFO  : Device configured successfully with "C:/Users/sunil/VivadoProjects/EE4218Labs/Lab4/lab4_hw_platform/integrated_coprocessor_v1/matrix_mult_lab4/_ide/bitstream/design_HDL_HLS_v4_wrapper.bit"
00:40:18 INFO  : Context for 'APU' is selected.
00:40:18 INFO  : Hardware design and registers information is loaded from 'C:/Users/sunil/VivadoProjects/EE4218Labs/Lab4/lab4_hw_platform/integrated_coprocessor_v1/HDL_HLS_v4_platform_proj/export/HDL_HLS_v4_platform_proj/hw/design_HDL_HLS_v4_wrapper.xsa'.
00:40:18 INFO  : 'configparams force-mem-access 1' command is executed.
00:40:18 INFO  : Context for 'APU' is selected.
00:40:18 INFO  : Boot mode is read from the target.
00:40:18 INFO  : Context for processor 'psu_cortexa53_0' is selected.
00:40:18 INFO  : Processor reset is completed for 'psu_cortexa53_0'.
00:40:19 INFO  : The application 'C:/Users/sunil/VivadoProjects/EE4218Labs/Lab4/lab4_hw_platform/integrated_coprocessor_v1/HDL_HLS_v4_platform_proj/export/HDL_HLS_v4_platform_proj/sw/HDL_HLS_v4_platform_proj/boot/fsbl.elf' is downloaded to processor 'psu_cortexa53_0'.
00:40:19 INFO  : 'set bp_40_19_fsbl_bp [bpadd -addr &XFsbl_Exit]' command is executed.
00:40:19 INFO  : 'con -block -timeout 60' command is executed.
00:40:19 INFO  : 'bpremove $bp_40_19_fsbl_bp' command is executed.
00:40:19 INFO  : Context for processor 'psu_cortexa53_0' is selected.
00:40:19 INFO  : Processor reset is completed for 'psu_cortexa53_0'.
00:40:20 INFO  : The application 'C:/Users/sunil/VivadoProjects/EE4218Labs/Lab4/lab4_hw_platform/integrated_coprocessor_v1/MLP_Neural_network_project/Debug/MLP_Neural_network_project.elf' is downloaded to processor 'psu_cortexa53_0'.
00:40:20 INFO  : 'configparams force-mem-access 0' command is executed.
00:40:20 INFO  : ----------------XSDB Script----------------
connect -url tcp:127.0.0.1:3121
source C:/Xilinx/Vitis/2023.2/scripts/vitis/util/zynqmp_utils.tcl
targets -set -nocase -filter {name =~"APU*"}
rst -system
after 3000
targets -set -filter {jtag_cable_name =~ "Xilinx X-MLCC-01 XFL1NH42KNRVA" && level==0 && jtag_device_ctx=="jsn-X-MLCC-01-XFL1NH42KNRVA-04724093-0"}
fpga -file C:/Users/sunil/VivadoProjects/EE4218Labs/Lab4/lab4_hw_platform/integrated_coprocessor_v1/matrix_mult_lab4/_ide/bitstream/design_HDL_HLS_v4_wrapper.bit
targets -set -nocase -filter {name =~"APU*"}
loadhw -hw C:/Users/sunil/VivadoProjects/EE4218Labs/Lab4/lab4_hw_platform/integrated_coprocessor_v1/HDL_HLS_v4_platform_proj/export/HDL_HLS_v4_platform_proj/hw/design_HDL_HLS_v4_wrapper.xsa -mem-ranges [list {0x80000000 0xbfffffff} {0x400000000 0x5ffffffff} {0x1000000000 0x7fffffffff}] -regs
configparams force-mem-access 1
targets -set -nocase -filter {name =~"APU*"}
set mode [expr [mrd -value 0xFF5E0200] & 0xf]
targets -set -nocase -filter {name =~ "*A53*#0"}
rst -processor
dow C:/Users/sunil/VivadoProjects/EE4218Labs/Lab4/lab4_hw_platform/integrated_coprocessor_v1/HDL_HLS_v4_platform_proj/export/HDL_HLS_v4_platform_proj/sw/HDL_HLS_v4_platform_proj/boot/fsbl.elf
set bp_40_19_fsbl_bp [bpadd -addr &XFsbl_Exit]
con -block -timeout 60
bpremove $bp_40_19_fsbl_bp
targets -set -nocase -filter {name =~ "*A53*#0"}
rst -processor
dow C:/Users/sunil/VivadoProjects/EE4218Labs/Lab4/lab4_hw_platform/integrated_coprocessor_v1/MLP_Neural_network_project/Debug/MLP_Neural_network_project.elf
configparams force-mem-access 0
----------------End of Script----------------

00:40:20 INFO  : Context for processor 'psu_cortexa53_0' is selected.
00:40:20 INFO  : 'con' command is executed.
00:40:20 INFO  : ----------------XSDB Script (After Launch)----------------
targets -set -nocase -filter {name =~ "*A53*#0"}
con
----------------End of Script----------------

00:40:20 INFO  : Launch script is exported to file 'C:\Users\sunil\VivadoProjects\EE4218Labs\Lab4\lab4_hw_platform\integrated_coprocessor_v1\MLP_Neural_network_project_system\_ide\scripts\debugger_matrix_mult_lab4-v4.tcl'
00:47:45 INFO  : Disconnected from the channel tcfchan#10.
00:47:46 INFO  : Checking for BSP changes to sync application flags for project 'MLP_Neural_network_project'...
00:47:52 INFO  : Connected to target on host '127.0.0.1' and port '3121'.
00:47:54 INFO  : Jtag cable 'Xilinx X-MLCC-01 XFL1NH42KNRVA' is selected.
00:47:54 INFO  : 'jtag frequency' command is executed.
00:47:54 INFO  : Sourcing of 'C:/Xilinx/Vitis/2023.2/scripts/vitis/util/zynqmp_utils.tcl' is done.
00:47:54 INFO  : Context for 'APU' is selected.
00:47:54 INFO  : System reset is completed.
00:47:57 INFO  : 'after 3000' command is executed.
00:47:57 INFO  : 'targets -set -filter {jtag_cable_name =~ "Xilinx X-MLCC-01 XFL1NH42KNRVA" && level==0 && jtag_device_ctx=="jsn-X-MLCC-01-XFL1NH42KNRVA-04724093-0"}' command is executed.
00:48:02 INFO  : Device configured successfully with "C:/Users/sunil/VivadoProjects/EE4218Labs/Lab4/lab4_hw_platform/integrated_coprocessor_v1/matrix_mult_lab4/_ide/bitstream/design_HDL_HLS_v4_wrapper.bit"
00:48:02 INFO  : Context for 'APU' is selected.
00:48:02 INFO  : Hardware design and registers information is loaded from 'C:/Users/sunil/VivadoProjects/EE4218Labs/Lab4/lab4_hw_platform/integrated_coprocessor_v1/HDL_HLS_v4_platform_proj/export/HDL_HLS_v4_platform_proj/hw/design_HDL_HLS_v4_wrapper.xsa'.
00:48:02 INFO  : 'configparams force-mem-access 1' command is executed.
00:48:02 INFO  : Context for 'APU' is selected.
00:48:02 INFO  : Boot mode is read from the target.
00:48:02 INFO  : Context for processor 'psu_cortexa53_0' is selected.
00:48:02 INFO  : Processor reset is completed for 'psu_cortexa53_0'.
00:48:03 INFO  : The application 'C:/Users/sunil/VivadoProjects/EE4218Labs/Lab4/lab4_hw_platform/integrated_coprocessor_v1/HDL_HLS_v4_platform_proj/export/HDL_HLS_v4_platform_proj/sw/HDL_HLS_v4_platform_proj/boot/fsbl.elf' is downloaded to processor 'psu_cortexa53_0'.
00:48:03 INFO  : 'set bp_48_3_fsbl_bp [bpadd -addr &XFsbl_Exit]' command is executed.
00:48:03 INFO  : 'con -block -timeout 60' command is executed.
00:48:03 INFO  : 'bpremove $bp_48_3_fsbl_bp' command is executed.
00:48:03 INFO  : Context for processor 'psu_cortexa53_0' is selected.
00:48:03 INFO  : Processor reset is completed for 'psu_cortexa53_0'.
00:48:04 INFO  : The application 'C:/Users/sunil/VivadoProjects/EE4218Labs/Lab4/lab4_hw_platform/integrated_coprocessor_v1/MLP_Neural_network_project/Debug/MLP_Neural_network_project.elf' is downloaded to processor 'psu_cortexa53_0'.
00:48:04 INFO  : 'configparams force-mem-access 0' command is executed.
00:48:04 INFO  : ----------------XSDB Script----------------
connect -url tcp:127.0.0.1:3121
source C:/Xilinx/Vitis/2023.2/scripts/vitis/util/zynqmp_utils.tcl
targets -set -nocase -filter {name =~"APU*"}
rst -system
after 3000
targets -set -filter {jtag_cable_name =~ "Xilinx X-MLCC-01 XFL1NH42KNRVA" && level==0 && jtag_device_ctx=="jsn-X-MLCC-01-XFL1NH42KNRVA-04724093-0"}
fpga -file C:/Users/sunil/VivadoProjects/EE4218Labs/Lab4/lab4_hw_platform/integrated_coprocessor_v1/matrix_mult_lab4/_ide/bitstream/design_HDL_HLS_v4_wrapper.bit
targets -set -nocase -filter {name =~"APU*"}
loadhw -hw C:/Users/sunil/VivadoProjects/EE4218Labs/Lab4/lab4_hw_platform/integrated_coprocessor_v1/HDL_HLS_v4_platform_proj/export/HDL_HLS_v4_platform_proj/hw/design_HDL_HLS_v4_wrapper.xsa -mem-ranges [list {0x80000000 0xbfffffff} {0x400000000 0x5ffffffff} {0x1000000000 0x7fffffffff}] -regs
configparams force-mem-access 1
targets -set -nocase -filter {name =~"APU*"}
set mode [expr [mrd -value 0xFF5E0200] & 0xf]
targets -set -nocase -filter {name =~ "*A53*#0"}
rst -processor
dow C:/Users/sunil/VivadoProjects/EE4218Labs/Lab4/lab4_hw_platform/integrated_coprocessor_v1/HDL_HLS_v4_platform_proj/export/HDL_HLS_v4_platform_proj/sw/HDL_HLS_v4_platform_proj/boot/fsbl.elf
set bp_48_3_fsbl_bp [bpadd -addr &XFsbl_Exit]
con -block -timeout 60
bpremove $bp_48_3_fsbl_bp
targets -set -nocase -filter {name =~ "*A53*#0"}
rst -processor
dow C:/Users/sunil/VivadoProjects/EE4218Labs/Lab4/lab4_hw_platform/integrated_coprocessor_v1/MLP_Neural_network_project/Debug/MLP_Neural_network_project.elf
configparams force-mem-access 0
----------------End of Script----------------

00:48:04 INFO  : Context for processor 'psu_cortexa53_0' is selected.
00:48:04 INFO  : 'con' command is executed.
00:48:04 INFO  : ----------------XSDB Script (After Launch)----------------
targets -set -nocase -filter {name =~ "*A53*#0"}
con
----------------End of Script----------------

00:48:04 INFO  : Launch script is exported to file 'C:\Users\sunil\VivadoProjects\EE4218Labs\Lab4\lab4_hw_platform\integrated_coprocessor_v1\MLP_Neural_network_project_system\_ide\scripts\debugger_matrix_mult_lab4-v4.tcl'
00:55:41 INFO  : Disconnected from the channel tcfchan#11.
00:55:42 INFO  : Connected to target on host '127.0.0.1' and port '3121'.
00:55:44 INFO  : Jtag cable 'Xilinx X-MLCC-01 XFL1NH42KNRVA' is selected.
00:55:44 INFO  : 'jtag frequency' command is executed.
00:55:44 INFO  : Sourcing of 'C:/Xilinx/Vitis/2023.2/scripts/vitis/util/zynqmp_utils.tcl' is done.
00:55:44 INFO  : Context for 'APU' is selected.
00:55:44 INFO  : System reset is completed.
00:55:47 INFO  : 'after 3000' command is executed.
00:55:47 INFO  : 'targets -set -filter {jtag_cable_name =~ "Xilinx X-MLCC-01 XFL1NH42KNRVA" && level==0 && jtag_device_ctx=="jsn-X-MLCC-01-XFL1NH42KNRVA-04724093-0"}' command is executed.
00:55:52 INFO  : Device configured successfully with "C:/Users/sunil/VivadoProjects/EE4218Labs/Lab4/lab4_hw_platform/integrated_coprocessor_v1/matrix_mult_lab4/_ide/bitstream/design_HDL_HLS_v4_wrapper.bit"
00:55:52 INFO  : Context for 'APU' is selected.
00:55:52 INFO  : Hardware design and registers information is loaded from 'C:/Users/sunil/VivadoProjects/EE4218Labs/Lab4/lab4_hw_platform/integrated_coprocessor_v1/HDL_HLS_v4_platform_proj/export/HDL_HLS_v4_platform_proj/hw/design_HDL_HLS_v4_wrapper.xsa'.
00:55:52 INFO  : 'configparams force-mem-access 1' command is executed.
00:55:52 INFO  : Context for 'APU' is selected.
00:55:52 INFO  : Boot mode is read from the target.
00:55:52 INFO  : Context for processor 'psu_cortexa53_0' is selected.
00:55:52 INFO  : Processor reset is completed for 'psu_cortexa53_0'.
00:55:53 INFO  : The application 'C:/Users/sunil/VivadoProjects/EE4218Labs/Lab4/lab4_hw_platform/integrated_coprocessor_v1/HDL_HLS_v4_platform_proj/export/HDL_HLS_v4_platform_proj/sw/HDL_HLS_v4_platform_proj/boot/fsbl.elf' is downloaded to processor 'psu_cortexa53_0'.
00:55:53 INFO  : 'set bp_55_53_fsbl_bp [bpadd -addr &XFsbl_Exit]' command is executed.
00:55:53 INFO  : 'con -block -timeout 60' command is executed.
00:55:53 INFO  : 'bpremove $bp_55_53_fsbl_bp' command is executed.
00:55:53 INFO  : Context for processor 'psu_cortexa53_0' is selected.
00:55:53 INFO  : Processor reset is completed for 'psu_cortexa53_0'.
00:55:54 INFO  : The application 'C:/Users/sunil/VivadoProjects/EE4218Labs/Lab4/lab4_hw_platform/integrated_coprocessor_v1/MLP_Neural_network_project/Debug/MLP_Neural_network_project.elf' is downloaded to processor 'psu_cortexa53_0'.
00:55:54 INFO  : 'configparams force-mem-access 0' command is executed.
00:55:54 INFO  : ----------------XSDB Script----------------
connect -url tcp:127.0.0.1:3121
source C:/Xilinx/Vitis/2023.2/scripts/vitis/util/zynqmp_utils.tcl
targets -set -nocase -filter {name =~"APU*"}
rst -system
after 3000
targets -set -filter {jtag_cable_name =~ "Xilinx X-MLCC-01 XFL1NH42KNRVA" && level==0 && jtag_device_ctx=="jsn-X-MLCC-01-XFL1NH42KNRVA-04724093-0"}
fpga -file C:/Users/sunil/VivadoProjects/EE4218Labs/Lab4/lab4_hw_platform/integrated_coprocessor_v1/matrix_mult_lab4/_ide/bitstream/design_HDL_HLS_v4_wrapper.bit
targets -set -nocase -filter {name =~"APU*"}
loadhw -hw C:/Users/sunil/VivadoProjects/EE4218Labs/Lab4/lab4_hw_platform/integrated_coprocessor_v1/HDL_HLS_v4_platform_proj/export/HDL_HLS_v4_platform_proj/hw/design_HDL_HLS_v4_wrapper.xsa -mem-ranges [list {0x80000000 0xbfffffff} {0x400000000 0x5ffffffff} {0x1000000000 0x7fffffffff}] -regs
configparams force-mem-access 1
targets -set -nocase -filter {name =~"APU*"}
set mode [expr [mrd -value 0xFF5E0200] & 0xf]
targets -set -nocase -filter {name =~ "*A53*#0"}
rst -processor
dow C:/Users/sunil/VivadoProjects/EE4218Labs/Lab4/lab4_hw_platform/integrated_coprocessor_v1/HDL_HLS_v4_platform_proj/export/HDL_HLS_v4_platform_proj/sw/HDL_HLS_v4_platform_proj/boot/fsbl.elf
set bp_55_53_fsbl_bp [bpadd -addr &XFsbl_Exit]
con -block -timeout 60
bpremove $bp_55_53_fsbl_bp
targets -set -nocase -filter {name =~ "*A53*#0"}
rst -processor
dow C:/Users/sunil/VivadoProjects/EE4218Labs/Lab4/lab4_hw_platform/integrated_coprocessor_v1/MLP_Neural_network_project/Debug/MLP_Neural_network_project.elf
configparams force-mem-access 0
----------------End of Script----------------

00:55:54 INFO  : Context for processor 'psu_cortexa53_0' is selected.
00:55:54 INFO  : 'con' command is executed.
00:55:54 INFO  : ----------------XSDB Script (After Launch)----------------
targets -set -nocase -filter {name =~ "*A53*#0"}
con
----------------End of Script----------------

00:55:54 INFO  : Launch script is exported to file 'C:\Users\sunil\VivadoProjects\EE4218Labs\Lab4\lab4_hw_platform\integrated_coprocessor_v1\MLP_Neural_network_project_system\_ide\scripts\debugger_matrix_mult_lab4-v4.tcl'
00:58:38 INFO  : Disconnected from the channel tcfchan#12.
00:59:58 INFO  : Checking for BSP changes to sync application flags for project 'MLP_Neural_network_project'...
01:00:03 INFO  : Connected to target on host '127.0.0.1' and port '3121'.
01:00:06 INFO  : Jtag cable 'Xilinx X-MLCC-01 XFL1NH42KNRVA' is selected.
01:00:06 INFO  : 'jtag frequency' command is executed.
01:00:06 INFO  : Sourcing of 'C:/Xilinx/Vitis/2023.2/scripts/vitis/util/zynqmp_utils.tcl' is done.
01:00:08 INFO  : Context for 'APU' is selected.
01:00:08 INFO  : System reset is completed.
01:00:11 INFO  : 'after 3000' command is executed.
01:00:14 INFO  : 'targets -set -filter {jtag_cable_name =~ "Xilinx X-MLCC-01 XFL1NH42KNRVA" && level==0 && jtag_device_ctx=="jsn-X-MLCC-01-XFL1NH42KNRVA-04724093-0"}' command is executed.
01:00:19 INFO  : Device configured successfully with "C:/Users/sunil/VivadoProjects/EE4218Labs/Lab4/lab4_hw_platform/integrated_coprocessor_v1/matrix_mult_lab4/_ide/bitstream/design_HDL_HLS_v4_wrapper.bit"
01:00:19 INFO  : Context for 'APU' is selected.
01:00:19 INFO  : Hardware design and registers information is loaded from 'C:/Users/sunil/VivadoProjects/EE4218Labs/Lab4/lab4_hw_platform/integrated_coprocessor_v1/HDL_HLS_v4_platform_proj/export/HDL_HLS_v4_platform_proj/hw/design_HDL_HLS_v4_wrapper.xsa'.
01:00:19 INFO  : 'configparams force-mem-access 1' command is executed.
01:00:19 INFO  : Context for 'APU' is selected.
01:00:19 INFO  : Boot mode is read from the target.
01:00:19 INFO  : Context for processor 'psu_cortexa53_0' is selected.
01:00:19 INFO  : Processor reset is completed for 'psu_cortexa53_0'.
01:00:20 INFO  : The application 'C:/Users/sunil/VivadoProjects/EE4218Labs/Lab4/lab4_hw_platform/integrated_coprocessor_v1/HDL_HLS_v4_platform_proj/export/HDL_HLS_v4_platform_proj/sw/HDL_HLS_v4_platform_proj/boot/fsbl.elf' is downloaded to processor 'psu_cortexa53_0'.
01:00:20 INFO  : 'set bp_0_20_fsbl_bp [bpadd -addr &XFsbl_Exit]' command is executed.
01:00:20 INFO  : 'con -block -timeout 60' command is executed.
01:00:20 INFO  : 'bpremove $bp_0_20_fsbl_bp' command is executed.
01:00:20 INFO  : Context for processor 'psu_cortexa53_0' is selected.
01:00:20 INFO  : Processor reset is completed for 'psu_cortexa53_0'.
01:00:21 INFO  : The application 'C:/Users/sunil/VivadoProjects/EE4218Labs/Lab4/lab4_hw_platform/integrated_coprocessor_v1/MLP_Neural_network_project/Debug/MLP_Neural_network_project.elf' is downloaded to processor 'psu_cortexa53_0'.
01:00:21 INFO  : 'configparams force-mem-access 0' command is executed.
01:00:21 INFO  : ----------------XSDB Script----------------
connect -url tcp:127.0.0.1:3121
source C:/Xilinx/Vitis/2023.2/scripts/vitis/util/zynqmp_utils.tcl
targets -set -nocase -filter {name =~"APU*"}
rst -system
after 3000
targets -set -filter {jtag_cable_name =~ "Xilinx X-MLCC-01 XFL1NH42KNRVA" && level==0 && jtag_device_ctx=="jsn-X-MLCC-01-XFL1NH42KNRVA-04724093-0"}
fpga -file C:/Users/sunil/VivadoProjects/EE4218Labs/Lab4/lab4_hw_platform/integrated_coprocessor_v1/matrix_mult_lab4/_ide/bitstream/design_HDL_HLS_v4_wrapper.bit
targets -set -nocase -filter {name =~"APU*"}
loadhw -hw C:/Users/sunil/VivadoProjects/EE4218Labs/Lab4/lab4_hw_platform/integrated_coprocessor_v1/HDL_HLS_v4_platform_proj/export/HDL_HLS_v4_platform_proj/hw/design_HDL_HLS_v4_wrapper.xsa -mem-ranges [list {0x80000000 0xbfffffff} {0x400000000 0x5ffffffff} {0x1000000000 0x7fffffffff}] -regs
configparams force-mem-access 1
targets -set -nocase -filter {name =~"APU*"}
set mode [expr [mrd -value 0xFF5E0200] & 0xf]
targets -set -nocase -filter {name =~ "*A53*#0"}
rst -processor
dow C:/Users/sunil/VivadoProjects/EE4218Labs/Lab4/lab4_hw_platform/integrated_coprocessor_v1/HDL_HLS_v4_platform_proj/export/HDL_HLS_v4_platform_proj/sw/HDL_HLS_v4_platform_proj/boot/fsbl.elf
set bp_0_20_fsbl_bp [bpadd -addr &XFsbl_Exit]
con -block -timeout 60
bpremove $bp_0_20_fsbl_bp
targets -set -nocase -filter {name =~ "*A53*#0"}
rst -processor
dow C:/Users/sunil/VivadoProjects/EE4218Labs/Lab4/lab4_hw_platform/integrated_coprocessor_v1/MLP_Neural_network_project/Debug/MLP_Neural_network_project.elf
configparams force-mem-access 0
----------------End of Script----------------

01:00:21 INFO  : Context for processor 'psu_cortexa53_0' is selected.
01:00:21 INFO  : 'con' command is executed.
01:00:21 INFO  : ----------------XSDB Script (After Launch)----------------
targets -set -nocase -filter {name =~ "*A53*#0"}
con
----------------End of Script----------------

01:00:21 INFO  : Launch script is exported to file 'C:\Users\sunil\VivadoProjects\EE4218Labs\Lab4\lab4_hw_platform\integrated_coprocessor_v1\MLP_Neural_network_project_system\_ide\scripts\debugger_matrix_mult_lab4-v4.tcl'
01:04:28 INFO  : Disconnected from the channel tcfchan#13.
01:04:29 INFO  : Checking for BSP changes to sync application flags for project 'MLP_Neural_network_project'...
01:04:34 INFO  : Connected to target on host '127.0.0.1' and port '3121'.
01:04:36 INFO  : Jtag cable 'Xilinx X-MLCC-01 XFL1NH42KNRVA' is selected.
01:04:36 INFO  : 'jtag frequency' command is executed.
01:04:36 INFO  : Sourcing of 'C:/Xilinx/Vitis/2023.2/scripts/vitis/util/zynqmp_utils.tcl' is done.
01:04:36 INFO  : Context for 'APU' is selected.
01:04:36 INFO  : System reset is completed.
01:04:39 INFO  : 'after 3000' command is executed.
01:04:39 INFO  : 'targets -set -filter {jtag_cable_name =~ "Xilinx X-MLCC-01 XFL1NH42KNRVA" && level==0 && jtag_device_ctx=="jsn-X-MLCC-01-XFL1NH42KNRVA-04724093-0"}' command is executed.
01:04:44 INFO  : Device configured successfully with "C:/Users/sunil/VivadoProjects/EE4218Labs/Lab4/lab4_hw_platform/integrated_coprocessor_v1/matrix_mult_lab4/_ide/bitstream/design_HDL_HLS_v4_wrapper.bit"
01:04:44 INFO  : Context for 'APU' is selected.
01:04:44 INFO  : Hardware design and registers information is loaded from 'C:/Users/sunil/VivadoProjects/EE4218Labs/Lab4/lab4_hw_platform/integrated_coprocessor_v1/HDL_HLS_v4_platform_proj/export/HDL_HLS_v4_platform_proj/hw/design_HDL_HLS_v4_wrapper.xsa'.
01:04:44 INFO  : 'configparams force-mem-access 1' command is executed.
01:04:44 INFO  : Context for 'APU' is selected.
01:04:44 INFO  : Boot mode is read from the target.
01:04:44 INFO  : Context for processor 'psu_cortexa53_0' is selected.
01:04:44 INFO  : Processor reset is completed for 'psu_cortexa53_0'.
01:04:45 INFO  : The application 'C:/Users/sunil/VivadoProjects/EE4218Labs/Lab4/lab4_hw_platform/integrated_coprocessor_v1/HDL_HLS_v4_platform_proj/export/HDL_HLS_v4_platform_proj/sw/HDL_HLS_v4_platform_proj/boot/fsbl.elf' is downloaded to processor 'psu_cortexa53_0'.
01:04:45 INFO  : 'set bp_4_45_fsbl_bp [bpadd -addr &XFsbl_Exit]' command is executed.
01:04:45 INFO  : 'con -block -timeout 60' command is executed.
01:04:45 INFO  : 'bpremove $bp_4_45_fsbl_bp' command is executed.
01:04:45 INFO  : Context for processor 'psu_cortexa53_0' is selected.
01:04:45 INFO  : Processor reset is completed for 'psu_cortexa53_0'.
01:04:46 INFO  : The application 'C:/Users/sunil/VivadoProjects/EE4218Labs/Lab4/lab4_hw_platform/integrated_coprocessor_v1/MLP_Neural_network_project/Debug/MLP_Neural_network_project.elf' is downloaded to processor 'psu_cortexa53_0'.
01:04:46 INFO  : 'configparams force-mem-access 0' command is executed.
01:04:46 INFO  : ----------------XSDB Script----------------
connect -url tcp:127.0.0.1:3121
source C:/Xilinx/Vitis/2023.2/scripts/vitis/util/zynqmp_utils.tcl
targets -set -nocase -filter {name =~"APU*"}
rst -system
after 3000
targets -set -filter {jtag_cable_name =~ "Xilinx X-MLCC-01 XFL1NH42KNRVA" && level==0 && jtag_device_ctx=="jsn-X-MLCC-01-XFL1NH42KNRVA-04724093-0"}
fpga -file C:/Users/sunil/VivadoProjects/EE4218Labs/Lab4/lab4_hw_platform/integrated_coprocessor_v1/matrix_mult_lab4/_ide/bitstream/design_HDL_HLS_v4_wrapper.bit
targets -set -nocase -filter {name =~"APU*"}
loadhw -hw C:/Users/sunil/VivadoProjects/EE4218Labs/Lab4/lab4_hw_platform/integrated_coprocessor_v1/HDL_HLS_v4_platform_proj/export/HDL_HLS_v4_platform_proj/hw/design_HDL_HLS_v4_wrapper.xsa -mem-ranges [list {0x80000000 0xbfffffff} {0x400000000 0x5ffffffff} {0x1000000000 0x7fffffffff}] -regs
configparams force-mem-access 1
targets -set -nocase -filter {name =~"APU*"}
set mode [expr [mrd -value 0xFF5E0200] & 0xf]
targets -set -nocase -filter {name =~ "*A53*#0"}
rst -processor
dow C:/Users/sunil/VivadoProjects/EE4218Labs/Lab4/lab4_hw_platform/integrated_coprocessor_v1/HDL_HLS_v4_platform_proj/export/HDL_HLS_v4_platform_proj/sw/HDL_HLS_v4_platform_proj/boot/fsbl.elf
set bp_4_45_fsbl_bp [bpadd -addr &XFsbl_Exit]
con -block -timeout 60
bpremove $bp_4_45_fsbl_bp
targets -set -nocase -filter {name =~ "*A53*#0"}
rst -processor
dow C:/Users/sunil/VivadoProjects/EE4218Labs/Lab4/lab4_hw_platform/integrated_coprocessor_v1/MLP_Neural_network_project/Debug/MLP_Neural_network_project.elf
configparams force-mem-access 0
----------------End of Script----------------

01:04:46 INFO  : Context for processor 'psu_cortexa53_0' is selected.
01:04:46 INFO  : 'con' command is executed.
01:04:46 INFO  : ----------------XSDB Script (After Launch)----------------
targets -set -nocase -filter {name =~ "*A53*#0"}
con
----------------End of Script----------------

01:04:46 INFO  : Launch script is exported to file 'C:\Users\sunil\VivadoProjects\EE4218Labs\Lab4\lab4_hw_platform\integrated_coprocessor_v1\MLP_Neural_network_project_system\_ide\scripts\debugger_matrix_mult_lab4-v4.tcl'
01:06:41 INFO  : Checking for BSP changes to sync application flags for project 'MLP_Neural_network_project'...
01:06:50 INFO  : Disconnected from the channel tcfchan#14.
01:06:52 INFO  : Connected to target on host '127.0.0.1' and port '3121'.
01:06:53 INFO  : Jtag cable 'Xilinx X-MLCC-01 XFL1NH42KNRVA' is selected.
01:06:53 INFO  : 'jtag frequency' command is executed.
01:06:53 INFO  : Sourcing of 'C:/Xilinx/Vitis/2023.2/scripts/vitis/util/zynqmp_utils.tcl' is done.
01:06:53 INFO  : Context for 'APU' is selected.
01:06:54 INFO  : System reset is completed.
01:06:57 INFO  : 'after 3000' command is executed.
01:06:57 INFO  : 'targets -set -filter {jtag_cable_name =~ "Xilinx X-MLCC-01 XFL1NH42KNRVA" && level==0 && jtag_device_ctx=="jsn-X-MLCC-01-XFL1NH42KNRVA-04724093-0"}' command is executed.
01:07:01 INFO  : Device configured successfully with "C:/Users/sunil/VivadoProjects/EE4218Labs/Lab4/lab4_hw_platform/integrated_coprocessor_v1/matrix_mult_lab4/_ide/bitstream/design_HDL_HLS_v4_wrapper.bit"
01:07:01 INFO  : Context for 'APU' is selected.
01:07:01 INFO  : Hardware design and registers information is loaded from 'C:/Users/sunil/VivadoProjects/EE4218Labs/Lab4/lab4_hw_platform/integrated_coprocessor_v1/HDL_HLS_v4_platform_proj/export/HDL_HLS_v4_platform_proj/hw/design_HDL_HLS_v4_wrapper.xsa'.
01:07:01 INFO  : 'configparams force-mem-access 1' command is executed.
01:07:01 INFO  : Context for 'APU' is selected.
01:07:01 INFO  : Boot mode is read from the target.
01:07:01 INFO  : Context for processor 'psu_cortexa53_0' is selected.
01:07:01 INFO  : Processor reset is completed for 'psu_cortexa53_0'.
01:07:02 INFO  : The application 'C:/Users/sunil/VivadoProjects/EE4218Labs/Lab4/lab4_hw_platform/integrated_coprocessor_v1/HDL_HLS_v4_platform_proj/export/HDL_HLS_v4_platform_proj/sw/HDL_HLS_v4_platform_proj/boot/fsbl.elf' is downloaded to processor 'psu_cortexa53_0'.
01:07:02 INFO  : 'set bp_7_2_fsbl_bp [bpadd -addr &XFsbl_Exit]' command is executed.
01:07:02 INFO  : 'con -block -timeout 60' command is executed.
01:07:02 INFO  : 'bpremove $bp_7_2_fsbl_bp' command is executed.
01:07:02 INFO  : Context for processor 'psu_cortexa53_0' is selected.
01:07:02 INFO  : Processor reset is completed for 'psu_cortexa53_0'.
01:07:03 INFO  : The application 'C:/Users/sunil/VivadoProjects/EE4218Labs/Lab4/lab4_hw_platform/integrated_coprocessor_v1/MLP_Neural_network_project/Debug/MLP_Neural_network_project.elf' is downloaded to processor 'psu_cortexa53_0'.
01:07:03 INFO  : 'configparams force-mem-access 0' command is executed.
01:07:03 INFO  : ----------------XSDB Script----------------
connect -url tcp:127.0.0.1:3121
source C:/Xilinx/Vitis/2023.2/scripts/vitis/util/zynqmp_utils.tcl
targets -set -nocase -filter {name =~"APU*"}
rst -system
after 3000
targets -set -filter {jtag_cable_name =~ "Xilinx X-MLCC-01 XFL1NH42KNRVA" && level==0 && jtag_device_ctx=="jsn-X-MLCC-01-XFL1NH42KNRVA-04724093-0"}
fpga -file C:/Users/sunil/VivadoProjects/EE4218Labs/Lab4/lab4_hw_platform/integrated_coprocessor_v1/matrix_mult_lab4/_ide/bitstream/design_HDL_HLS_v4_wrapper.bit
targets -set -nocase -filter {name =~"APU*"}
loadhw -hw C:/Users/sunil/VivadoProjects/EE4218Labs/Lab4/lab4_hw_platform/integrated_coprocessor_v1/HDL_HLS_v4_platform_proj/export/HDL_HLS_v4_platform_proj/hw/design_HDL_HLS_v4_wrapper.xsa -mem-ranges [list {0x80000000 0xbfffffff} {0x400000000 0x5ffffffff} {0x1000000000 0x7fffffffff}] -regs
configparams force-mem-access 1
targets -set -nocase -filter {name =~"APU*"}
set mode [expr [mrd -value 0xFF5E0200] & 0xf]
targets -set -nocase -filter {name =~ "*A53*#0"}
rst -processor
dow C:/Users/sunil/VivadoProjects/EE4218Labs/Lab4/lab4_hw_platform/integrated_coprocessor_v1/HDL_HLS_v4_platform_proj/export/HDL_HLS_v4_platform_proj/sw/HDL_HLS_v4_platform_proj/boot/fsbl.elf
set bp_7_2_fsbl_bp [bpadd -addr &XFsbl_Exit]
con -block -timeout 60
bpremove $bp_7_2_fsbl_bp
targets -set -nocase -filter {name =~ "*A53*#0"}
rst -processor
dow C:/Users/sunil/VivadoProjects/EE4218Labs/Lab4/lab4_hw_platform/integrated_coprocessor_v1/MLP_Neural_network_project/Debug/MLP_Neural_network_project.elf
configparams force-mem-access 0
----------------End of Script----------------

01:07:03 INFO  : Context for processor 'psu_cortexa53_0' is selected.
01:07:03 INFO  : 'con' command is executed.
01:07:03 INFO  : ----------------XSDB Script (After Launch)----------------
targets -set -nocase -filter {name =~ "*A53*#0"}
con
----------------End of Script----------------

01:07:03 INFO  : Launch script is exported to file 'C:\Users\sunil\VivadoProjects\EE4218Labs\Lab4\lab4_hw_platform\integrated_coprocessor_v1\MLP_Neural_network_project_system\_ide\scripts\debugger_matrix_mult_lab4-v4.tcl'
01:08:13 INFO  : Disconnected from the channel tcfchan#15.
01:08:16 INFO  : Connected to target on host '127.0.0.1' and port '3121'.
01:08:18 INFO  : Jtag cable 'Xilinx X-MLCC-01 XFL1NH42KNRVA' is selected.
01:08:18 INFO  : 'jtag frequency' command is executed.
01:08:18 INFO  : Sourcing of 'C:/Xilinx/Vitis/2023.2/scripts/vitis/util/zynqmp_utils.tcl' is done.
01:08:18 INFO  : Context for 'APU' is selected.
01:08:18 INFO  : System reset is completed.
01:08:21 INFO  : 'after 3000' command is executed.
01:08:21 INFO  : 'targets -set -filter {jtag_cable_name =~ "Xilinx X-MLCC-01 XFL1NH42KNRVA" && level==0 && jtag_device_ctx=="jsn-X-MLCC-01-XFL1NH42KNRVA-04724093-0"}' command is executed.
01:08:25 INFO  : Device configured successfully with "C:/Users/sunil/VivadoProjects/EE4218Labs/Lab4/lab4_hw_platform/integrated_coprocessor_v1/matrix_mult_lab4/_ide/bitstream/design_HDL_HLS_v4_wrapper.bit"
01:08:26 INFO  : Context for 'APU' is selected.
01:08:26 INFO  : Hardware design and registers information is loaded from 'C:/Users/sunil/VivadoProjects/EE4218Labs/Lab4/lab4_hw_platform/integrated_coprocessor_v1/HDL_HLS_v4_platform_proj/export/HDL_HLS_v4_platform_proj/hw/design_HDL_HLS_v4_wrapper.xsa'.
01:08:26 INFO  : 'configparams force-mem-access 1' command is executed.
01:08:26 INFO  : Context for 'APU' is selected.
01:08:26 INFO  : Boot mode is read from the target.
01:08:26 INFO  : Context for processor 'psu_cortexa53_0' is selected.
01:08:26 INFO  : Processor reset is completed for 'psu_cortexa53_0'.
01:08:26 INFO  : The application 'C:/Users/sunil/VivadoProjects/EE4218Labs/Lab4/lab4_hw_platform/integrated_coprocessor_v1/HDL_HLS_v4_platform_proj/export/HDL_HLS_v4_platform_proj/sw/HDL_HLS_v4_platform_proj/boot/fsbl.elf' is downloaded to processor 'psu_cortexa53_0'.
01:08:26 INFO  : 'set bp_8_26_fsbl_bp [bpadd -addr &XFsbl_Exit]' command is executed.
01:08:26 INFO  : 'con -block -timeout 60' command is executed.
01:08:26 INFO  : 'bpremove $bp_8_26_fsbl_bp' command is executed.
01:08:26 INFO  : Context for processor 'psu_cortexa53_0' is selected.
01:08:27 INFO  : Processor reset is completed for 'psu_cortexa53_0'.
01:08:27 INFO  : The application 'C:/Users/sunil/VivadoProjects/EE4218Labs/Lab4/lab4_hw_platform/integrated_coprocessor_v1/MLP_Neural_network_project/Debug/MLP_Neural_network_project.elf' is downloaded to processor 'psu_cortexa53_0'.
01:08:27 INFO  : 'configparams force-mem-access 0' command is executed.
01:08:27 INFO  : ----------------XSDB Script----------------
connect -url tcp:127.0.0.1:3121
source C:/Xilinx/Vitis/2023.2/scripts/vitis/util/zynqmp_utils.tcl
targets -set -nocase -filter {name =~"APU*"}
rst -system
after 3000
targets -set -filter {jtag_cable_name =~ "Xilinx X-MLCC-01 XFL1NH42KNRVA" && level==0 && jtag_device_ctx=="jsn-X-MLCC-01-XFL1NH42KNRVA-04724093-0"}
fpga -file C:/Users/sunil/VivadoProjects/EE4218Labs/Lab4/lab4_hw_platform/integrated_coprocessor_v1/matrix_mult_lab4/_ide/bitstream/design_HDL_HLS_v4_wrapper.bit
targets -set -nocase -filter {name =~"APU*"}
loadhw -hw C:/Users/sunil/VivadoProjects/EE4218Labs/Lab4/lab4_hw_platform/integrated_coprocessor_v1/HDL_HLS_v4_platform_proj/export/HDL_HLS_v4_platform_proj/hw/design_HDL_HLS_v4_wrapper.xsa -mem-ranges [list {0x80000000 0xbfffffff} {0x400000000 0x5ffffffff} {0x1000000000 0x7fffffffff}] -regs
configparams force-mem-access 1
targets -set -nocase -filter {name =~"APU*"}
set mode [expr [mrd -value 0xFF5E0200] & 0xf]
targets -set -nocase -filter {name =~ "*A53*#0"}
rst -processor
dow C:/Users/sunil/VivadoProjects/EE4218Labs/Lab4/lab4_hw_platform/integrated_coprocessor_v1/HDL_HLS_v4_platform_proj/export/HDL_HLS_v4_platform_proj/sw/HDL_HLS_v4_platform_proj/boot/fsbl.elf
set bp_8_26_fsbl_bp [bpadd -addr &XFsbl_Exit]
con -block -timeout 60
bpremove $bp_8_26_fsbl_bp
targets -set -nocase -filter {name =~ "*A53*#0"}
rst -processor
dow C:/Users/sunil/VivadoProjects/EE4218Labs/Lab4/lab4_hw_platform/integrated_coprocessor_v1/MLP_Neural_network_project/Debug/MLP_Neural_network_project.elf
configparams force-mem-access 0
----------------End of Script----------------

01:08:28 INFO  : Context for processor 'psu_cortexa53_0' is selected.
01:08:28 INFO  : 'con' command is executed.
01:08:28 INFO  : ----------------XSDB Script (After Launch)----------------
targets -set -nocase -filter {name =~ "*A53*#0"}
con
----------------End of Script----------------

01:08:28 INFO  : Launch script is exported to file 'C:\Users\sunil\VivadoProjects\EE4218Labs\Lab4\lab4_hw_platform\integrated_coprocessor_v1\MLP_Neural_network_project_system\_ide\scripts\debugger_matrix_mult_lab4-v4.tcl'
01:17:15 INFO  : Disconnected from the channel tcfchan#16.
01:17:18 INFO  : Connected to target on host '127.0.0.1' and port '3121'.
01:17:20 INFO  : Jtag cable 'Xilinx X-MLCC-01 XFL1NH42KNRVA' is selected.
01:17:20 INFO  : 'jtag frequency' command is executed.
01:17:20 INFO  : Sourcing of 'C:/Xilinx/Vitis/2023.2/scripts/vitis/util/zynqmp_utils.tcl' is done.
01:17:20 INFO  : Context for 'APU' is selected.
01:17:21 INFO  : System reset is completed.
01:17:24 INFO  : 'after 3000' command is executed.
01:17:24 INFO  : 'targets -set -filter {jtag_cable_name =~ "Xilinx X-MLCC-01 XFL1NH42KNRVA" && level==0 && jtag_device_ctx=="jsn-X-MLCC-01-XFL1NH42KNRVA-04724093-0"}' command is executed.
01:17:28 INFO  : Device configured successfully with "C:/Users/sunil/VivadoProjects/EE4218Labs/Lab4/lab4_hw_platform/integrated_coprocessor_v1/matrix_mult_lab4/_ide/bitstream/design_HDL_HLS_v4_wrapper.bit"
01:17:28 INFO  : Context for 'APU' is selected.
01:17:28 INFO  : Hardware design and registers information is loaded from 'C:/Users/sunil/VivadoProjects/EE4218Labs/Lab4/lab4_hw_platform/integrated_coprocessor_v1/HDL_HLS_v4_platform_proj/export/HDL_HLS_v4_platform_proj/hw/design_HDL_HLS_v4_wrapper.xsa'.
01:17:28 INFO  : 'configparams force-mem-access 1' command is executed.
01:17:28 INFO  : Context for 'APU' is selected.
01:17:28 INFO  : Boot mode is read from the target.
01:17:28 INFO  : Context for processor 'psu_cortexa53_0' is selected.
01:17:28 INFO  : Processor reset is completed for 'psu_cortexa53_0'.
01:17:29 INFO  : The application 'C:/Users/sunil/VivadoProjects/EE4218Labs/Lab4/lab4_hw_platform/integrated_coprocessor_v1/HDL_HLS_v4_platform_proj/export/HDL_HLS_v4_platform_proj/sw/HDL_HLS_v4_platform_proj/boot/fsbl.elf' is downloaded to processor 'psu_cortexa53_0'.
01:17:29 INFO  : 'set bp_17_29_fsbl_bp [bpadd -addr &XFsbl_Exit]' command is executed.
01:17:29 INFO  : 'con -block -timeout 60' command is executed.
01:17:29 INFO  : 'bpremove $bp_17_29_fsbl_bp' command is executed.
01:17:29 INFO  : Context for processor 'psu_cortexa53_0' is selected.
01:17:29 INFO  : Processor reset is completed for 'psu_cortexa53_0'.
01:17:30 INFO  : The application 'C:/Users/sunil/VivadoProjects/EE4218Labs/Lab4/lab4_hw_platform/integrated_coprocessor_v1/MLP_Neural_network_project/Debug/MLP_Neural_network_project.elf' is downloaded to processor 'psu_cortexa53_0'.
01:17:30 INFO  : 'configparams force-mem-access 0' command is executed.
01:17:30 INFO  : ----------------XSDB Script----------------
connect -url tcp:127.0.0.1:3121
source C:/Xilinx/Vitis/2023.2/scripts/vitis/util/zynqmp_utils.tcl
targets -set -nocase -filter {name =~"APU*"}
rst -system
after 3000
targets -set -filter {jtag_cable_name =~ "Xilinx X-MLCC-01 XFL1NH42KNRVA" && level==0 && jtag_device_ctx=="jsn-X-MLCC-01-XFL1NH42KNRVA-04724093-0"}
fpga -file C:/Users/sunil/VivadoProjects/EE4218Labs/Lab4/lab4_hw_platform/integrated_coprocessor_v1/matrix_mult_lab4/_ide/bitstream/design_HDL_HLS_v4_wrapper.bit
targets -set -nocase -filter {name =~"APU*"}
loadhw -hw C:/Users/sunil/VivadoProjects/EE4218Labs/Lab4/lab4_hw_platform/integrated_coprocessor_v1/HDL_HLS_v4_platform_proj/export/HDL_HLS_v4_platform_proj/hw/design_HDL_HLS_v4_wrapper.xsa -mem-ranges [list {0x80000000 0xbfffffff} {0x400000000 0x5ffffffff} {0x1000000000 0x7fffffffff}] -regs
configparams force-mem-access 1
targets -set -nocase -filter {name =~"APU*"}
set mode [expr [mrd -value 0xFF5E0200] & 0xf]
targets -set -nocase -filter {name =~ "*A53*#0"}
rst -processor
dow C:/Users/sunil/VivadoProjects/EE4218Labs/Lab4/lab4_hw_platform/integrated_coprocessor_v1/HDL_HLS_v4_platform_proj/export/HDL_HLS_v4_platform_proj/sw/HDL_HLS_v4_platform_proj/boot/fsbl.elf
set bp_17_29_fsbl_bp [bpadd -addr &XFsbl_Exit]
con -block -timeout 60
bpremove $bp_17_29_fsbl_bp
targets -set -nocase -filter {name =~ "*A53*#0"}
rst -processor
dow C:/Users/sunil/VivadoProjects/EE4218Labs/Lab4/lab4_hw_platform/integrated_coprocessor_v1/MLP_Neural_network_project/Debug/MLP_Neural_network_project.elf
configparams force-mem-access 0
----------------End of Script----------------

01:17:30 INFO  : Context for processor 'psu_cortexa53_0' is selected.
01:17:30 INFO  : 'con' command is executed.
01:17:30 INFO  : ----------------XSDB Script (After Launch)----------------
targets -set -nocase -filter {name =~ "*A53*#0"}
con
----------------End of Script----------------

01:17:30 INFO  : Launch script is exported to file 'C:\Users\sunil\VivadoProjects\EE4218Labs\Lab4\lab4_hw_platform\integrated_coprocessor_v1\MLP_Neural_network_project_system\_ide\scripts\debugger_matrix_mult_lab4-v4.tcl'
01:21:24 INFO  : Disconnected from the channel tcfchan#17.
01:21:24 INFO  : Checking for BSP changes to sync application flags for project 'MLP_Neural_network_project'...
01:21:27 INFO  : Connected to target on host '127.0.0.1' and port '3121'.
01:21:29 INFO  : Jtag cable 'Xilinx X-MLCC-01 XFL1NH42KNRVA' is selected.
01:21:29 INFO  : 'jtag frequency' command is executed.
01:21:29 INFO  : Sourcing of 'C:/Xilinx/Vitis/2023.2/scripts/vitis/util/zynqmp_utils.tcl' is done.
01:21:29 INFO  : Context for 'APU' is selected.
01:21:29 INFO  : System reset is completed.
01:21:32 INFO  : 'after 3000' command is executed.
01:21:32 INFO  : 'targets -set -filter {jtag_cable_name =~ "Xilinx X-MLCC-01 XFL1NH42KNRVA" && level==0 && jtag_device_ctx=="jsn-X-MLCC-01-XFL1NH42KNRVA-04724093-0"}' command is executed.
01:21:37 INFO  : Device configured successfully with "C:/Users/sunil/VivadoProjects/EE4218Labs/Lab4/lab4_hw_platform/integrated_coprocessor_v1/matrix_mult_lab4/_ide/bitstream/design_HDL_HLS_v4_wrapper.bit"
01:21:37 INFO  : Context for 'APU' is selected.
01:21:37 INFO  : Hardware design and registers information is loaded from 'C:/Users/sunil/VivadoProjects/EE4218Labs/Lab4/lab4_hw_platform/integrated_coprocessor_v1/HDL_HLS_v4_platform_proj/export/HDL_HLS_v4_platform_proj/hw/design_HDL_HLS_v4_wrapper.xsa'.
01:21:37 INFO  : 'configparams force-mem-access 1' command is executed.
01:21:37 INFO  : Context for 'APU' is selected.
01:21:37 INFO  : Boot mode is read from the target.
01:21:37 INFO  : Context for processor 'psu_cortexa53_0' is selected.
01:21:37 INFO  : Processor reset is completed for 'psu_cortexa53_0'.
01:21:38 INFO  : The application 'C:/Users/sunil/VivadoProjects/EE4218Labs/Lab4/lab4_hw_platform/integrated_coprocessor_v1/HDL_HLS_v4_platform_proj/export/HDL_HLS_v4_platform_proj/sw/HDL_HLS_v4_platform_proj/boot/fsbl.elf' is downloaded to processor 'psu_cortexa53_0'.
01:21:38 INFO  : 'set bp_21_38_fsbl_bp [bpadd -addr &XFsbl_Exit]' command is executed.
01:21:38 INFO  : 'con -block -timeout 60' command is executed.
01:21:38 INFO  : 'bpremove $bp_21_38_fsbl_bp' command is executed.
01:21:38 INFO  : Context for processor 'psu_cortexa53_0' is selected.
01:21:38 INFO  : Processor reset is completed for 'psu_cortexa53_0'.
01:21:39 INFO  : The application 'C:/Users/sunil/VivadoProjects/EE4218Labs/Lab4/lab4_hw_platform/integrated_coprocessor_v1/MLP_Neural_network_project/Debug/MLP_Neural_network_project.elf' is downloaded to processor 'psu_cortexa53_0'.
01:21:39 INFO  : 'configparams force-mem-access 0' command is executed.
01:21:39 INFO  : ----------------XSDB Script----------------
connect -url tcp:127.0.0.1:3121
source C:/Xilinx/Vitis/2023.2/scripts/vitis/util/zynqmp_utils.tcl
targets -set -nocase -filter {name =~"APU*"}
rst -system
after 3000
targets -set -filter {jtag_cable_name =~ "Xilinx X-MLCC-01 XFL1NH42KNRVA" && level==0 && jtag_device_ctx=="jsn-X-MLCC-01-XFL1NH42KNRVA-04724093-0"}
fpga -file C:/Users/sunil/VivadoProjects/EE4218Labs/Lab4/lab4_hw_platform/integrated_coprocessor_v1/matrix_mult_lab4/_ide/bitstream/design_HDL_HLS_v4_wrapper.bit
targets -set -nocase -filter {name =~"APU*"}
loadhw -hw C:/Users/sunil/VivadoProjects/EE4218Labs/Lab4/lab4_hw_platform/integrated_coprocessor_v1/HDL_HLS_v4_platform_proj/export/HDL_HLS_v4_platform_proj/hw/design_HDL_HLS_v4_wrapper.xsa -mem-ranges [list {0x80000000 0xbfffffff} {0x400000000 0x5ffffffff} {0x1000000000 0x7fffffffff}] -regs
configparams force-mem-access 1
targets -set -nocase -filter {name =~"APU*"}
set mode [expr [mrd -value 0xFF5E0200] & 0xf]
targets -set -nocase -filter {name =~ "*A53*#0"}
rst -processor
dow C:/Users/sunil/VivadoProjects/EE4218Labs/Lab4/lab4_hw_platform/integrated_coprocessor_v1/HDL_HLS_v4_platform_proj/export/HDL_HLS_v4_platform_proj/sw/HDL_HLS_v4_platform_proj/boot/fsbl.elf
set bp_21_38_fsbl_bp [bpadd -addr &XFsbl_Exit]
con -block -timeout 60
bpremove $bp_21_38_fsbl_bp
targets -set -nocase -filter {name =~ "*A53*#0"}
rst -processor
dow C:/Users/sunil/VivadoProjects/EE4218Labs/Lab4/lab4_hw_platform/integrated_coprocessor_v1/MLP_Neural_network_project/Debug/MLP_Neural_network_project.elf
configparams force-mem-access 0
----------------End of Script----------------

01:21:39 INFO  : Context for processor 'psu_cortexa53_0' is selected.
01:21:39 INFO  : 'con' command is executed.
01:21:39 INFO  : ----------------XSDB Script (After Launch)----------------
targets -set -nocase -filter {name =~ "*A53*#0"}
con
----------------End of Script----------------

01:21:39 INFO  : Launch script is exported to file 'C:\Users\sunil\VivadoProjects\EE4218Labs\Lab4\lab4_hw_platform\integrated_coprocessor_v1\MLP_Neural_network_project_system\_ide\scripts\debugger_matrix_mult_lab4-v4.tcl'
01:22:03 INFO  : Disconnected from the channel tcfchan#18.
01:22:04 INFO  : Connected to target on host '127.0.0.1' and port '3121'.
01:22:06 INFO  : Jtag cable 'Xilinx X-MLCC-01 XFL1NH42KNRVA' is selected.
01:22:06 INFO  : 'jtag frequency' command is executed.
01:22:06 INFO  : Sourcing of 'C:/Xilinx/Vitis/2023.2/scripts/vitis/util/zynqmp_utils.tcl' is done.
01:22:06 INFO  : Context for 'APU' is selected.
01:22:06 INFO  : System reset is completed.
01:22:09 INFO  : 'after 3000' command is executed.
01:22:10 INFO  : 'targets -set -filter {jtag_cable_name =~ "Xilinx X-MLCC-01 XFL1NH42KNRVA" && level==0 && jtag_device_ctx=="jsn-X-MLCC-01-XFL1NH42KNRVA-04724093-0"}' command is executed.
01:22:14 INFO  : Device configured successfully with "C:/Users/sunil/VivadoProjects/EE4218Labs/Lab4/lab4_hw_platform/integrated_coprocessor_v1/matrix_mult_lab4/_ide/bitstream/design_HDL_HLS_v4_wrapper.bit"
01:22:14 INFO  : Context for 'APU' is selected.
01:22:14 INFO  : Hardware design and registers information is loaded from 'C:/Users/sunil/VivadoProjects/EE4218Labs/Lab4/lab4_hw_platform/integrated_coprocessor_v1/HDL_HLS_v4_platform_proj/export/HDL_HLS_v4_platform_proj/hw/design_HDL_HLS_v4_wrapper.xsa'.
01:22:14 INFO  : 'configparams force-mem-access 1' command is executed.
01:22:14 INFO  : Context for 'APU' is selected.
01:22:14 INFO  : Boot mode is read from the target.
01:22:14 INFO  : Context for processor 'psu_cortexa53_0' is selected.
01:22:14 INFO  : Processor reset is completed for 'psu_cortexa53_0'.
01:22:15 INFO  : The application 'C:/Users/sunil/VivadoProjects/EE4218Labs/Lab4/lab4_hw_platform/integrated_coprocessor_v1/HDL_HLS_v4_platform_proj/export/HDL_HLS_v4_platform_proj/sw/HDL_HLS_v4_platform_proj/boot/fsbl.elf' is downloaded to processor 'psu_cortexa53_0'.
01:22:15 INFO  : 'set bp_22_15_fsbl_bp [bpadd -addr &XFsbl_Exit]' command is executed.
01:22:15 INFO  : 'con -block -timeout 60' command is executed.
01:22:15 INFO  : 'bpremove $bp_22_15_fsbl_bp' command is executed.
01:22:15 INFO  : Context for processor 'psu_cortexa53_0' is selected.
01:22:15 INFO  : Processor reset is completed for 'psu_cortexa53_0'.
01:22:16 INFO  : The application 'C:/Users/sunil/VivadoProjects/EE4218Labs/Lab4/lab4_hw_platform/integrated_coprocessor_v1/MLP_Neural_network_project/Debug/MLP_Neural_network_project.elf' is downloaded to processor 'psu_cortexa53_0'.
01:22:16 INFO  : 'configparams force-mem-access 0' command is executed.
01:22:16 INFO  : ----------------XSDB Script----------------
connect -url tcp:127.0.0.1:3121
source C:/Xilinx/Vitis/2023.2/scripts/vitis/util/zynqmp_utils.tcl
targets -set -nocase -filter {name =~"APU*"}
rst -system
after 3000
targets -set -filter {jtag_cable_name =~ "Xilinx X-MLCC-01 XFL1NH42KNRVA" && level==0 && jtag_device_ctx=="jsn-X-MLCC-01-XFL1NH42KNRVA-04724093-0"}
fpga -file C:/Users/sunil/VivadoProjects/EE4218Labs/Lab4/lab4_hw_platform/integrated_coprocessor_v1/matrix_mult_lab4/_ide/bitstream/design_HDL_HLS_v4_wrapper.bit
targets -set -nocase -filter {name =~"APU*"}
loadhw -hw C:/Users/sunil/VivadoProjects/EE4218Labs/Lab4/lab4_hw_platform/integrated_coprocessor_v1/HDL_HLS_v4_platform_proj/export/HDL_HLS_v4_platform_proj/hw/design_HDL_HLS_v4_wrapper.xsa -mem-ranges [list {0x80000000 0xbfffffff} {0x400000000 0x5ffffffff} {0x1000000000 0x7fffffffff}] -regs
configparams force-mem-access 1
targets -set -nocase -filter {name =~"APU*"}
set mode [expr [mrd -value 0xFF5E0200] & 0xf]
targets -set -nocase -filter {name =~ "*A53*#0"}
rst -processor
dow C:/Users/sunil/VivadoProjects/EE4218Labs/Lab4/lab4_hw_platform/integrated_coprocessor_v1/HDL_HLS_v4_platform_proj/export/HDL_HLS_v4_platform_proj/sw/HDL_HLS_v4_platform_proj/boot/fsbl.elf
set bp_22_15_fsbl_bp [bpadd -addr &XFsbl_Exit]
con -block -timeout 60
bpremove $bp_22_15_fsbl_bp
targets -set -nocase -filter {name =~ "*A53*#0"}
rst -processor
dow C:/Users/sunil/VivadoProjects/EE4218Labs/Lab4/lab4_hw_platform/integrated_coprocessor_v1/MLP_Neural_network_project/Debug/MLP_Neural_network_project.elf
configparams force-mem-access 0
----------------End of Script----------------

01:22:16 INFO  : Context for processor 'psu_cortexa53_0' is selected.
01:22:16 INFO  : 'con' command is executed.
01:22:16 INFO  : ----------------XSDB Script (After Launch)----------------
targets -set -nocase -filter {name =~ "*A53*#0"}
con
----------------End of Script----------------

01:22:16 INFO  : Launch script is exported to file 'C:\Users\sunil\VivadoProjects\EE4218Labs\Lab4\lab4_hw_platform\integrated_coprocessor_v1\MLP_Neural_network_project_system\_ide\scripts\debugger_matrix_mult_lab4-v4.tcl'
01:23:13 INFO  : Disconnected from the channel tcfchan#19.
01:24:15 INFO  : Connected to target on host '127.0.0.1' and port '3121'.
01:24:17 INFO  : Jtag cable 'Xilinx X-MLCC-01 XFL1NH42KNRVA' is selected.
01:24:18 INFO  : 'jtag frequency' command is executed.
01:24:18 INFO  : Sourcing of 'C:/Xilinx/Vitis/2023.2/scripts/vitis/util/zynqmp_utils.tcl' is done.
01:24:20 INFO  : Context for 'APU' is selected.
01:24:20 INFO  : System reset is completed.
01:24:23 INFO  : Checking for BSP changes to sync application flags for project 'MLP_Neural_network_project'...
01:24:23 INFO  : 'after 3000' command is executed.
01:24:26 INFO  : 'targets -set -filter {jtag_cable_name =~ "Xilinx X-MLCC-01 XFL1NH42KNRVA" && level==0 && jtag_device_ctx=="jsn-X-MLCC-01-XFL1NH42KNRVA-04724093-0"}' command is executed.
01:24:26 ERROR : 'fpga -file C:/Users/sunil/VivadoProjects/EE4218Labs/Lab4/lab4_hw_platform/integrated_coprocessor_v1/matrix_mult_lab4/_ide/bitstream/design_HDL_HLS_v4_wrapper.bit' is cancelled.
01:24:26 ERROR : Exception occured while running Program Device.
java.lang.RuntimeException: 'fpga -file C:/Users/sunil/VivadoProjects/EE4218Labs/Lab4/lab4_hw_platform/integrated_coprocessor_v1/matrix_mult_lab4/_ide/bitstream/design_HDL_HLS_v4_wrapper.bit' is cancelled.
01:24:26 INFO  : ----------------XSDB Script----------------
connect -url tcp:127.0.0.1:3121
source C:/Xilinx/Vitis/2023.2/scripts/vitis/util/zynqmp_utils.tcl
targets -set -nocase -filter {name =~"APU*"}
rst -system
after 3000
----------------End of Script----------------

01:24:26 ERROR : 'fpga -file C:/Users/sunil/VivadoProjects/EE4218Labs/Lab4/lab4_hw_platform/integrated_coprocessor_v1/matrix_mult_lab4/_ide/bitstream/design_HDL_HLS_v4_wrapper.bit' is cancelled.
01:24:33 INFO  : Connected to target on host '127.0.0.1' and port '3121'.
01:24:33 INFO  : Jtag cable 'Xilinx X-MLCC-01 XFL1NH42KNRVA' is selected.
01:24:33 INFO  : 'jtag frequency' command is executed.
01:24:33 INFO  : Sourcing of 'C:/Xilinx/Vitis/2023.2/scripts/vitis/util/zynqmp_utils.tcl' is done.
01:24:33 INFO  : Context for 'APU' is selected.
01:24:34 INFO  : System reset is completed.
01:24:37 INFO  : 'after 3000' command is executed.
01:24:37 INFO  : 'targets -set -filter {jtag_cable_name =~ "Xilinx X-MLCC-01 XFL1NH42KNRVA" && level==0 && jtag_device_ctx=="jsn-X-MLCC-01-XFL1NH42KNRVA-04724093-0"}' command is executed.
01:24:41 INFO  : Device configured successfully with "C:/Users/sunil/VivadoProjects/EE4218Labs/Lab4/lab4_hw_platform/integrated_coprocessor_v1/matrix_mult_lab4/_ide/bitstream/design_HDL_HLS_v4_wrapper.bit"
01:24:41 INFO  : Context for 'APU' is selected.
01:24:41 INFO  : Hardware design and registers information is loaded from 'C:/Users/sunil/VivadoProjects/EE4218Labs/Lab4/lab4_hw_platform/integrated_coprocessor_v1/HDL_HLS_v4_platform_proj/export/HDL_HLS_v4_platform_proj/hw/design_HDL_HLS_v4_wrapper.xsa'.
01:24:41 INFO  : 'configparams force-mem-access 1' command is executed.
01:24:41 INFO  : Context for 'APU' is selected.
01:24:41 INFO  : Boot mode is read from the target.
01:24:41 INFO  : Context for processor 'psu_cortexa53_0' is selected.
01:24:42 INFO  : Processor reset is completed for 'psu_cortexa53_0'.
01:24:42 INFO  : The application 'C:/Users/sunil/VivadoProjects/EE4218Labs/Lab4/lab4_hw_platform/integrated_coprocessor_v1/HDL_HLS_v4_platform_proj/export/HDL_HLS_v4_platform_proj/sw/HDL_HLS_v4_platform_proj/boot/fsbl.elf' is downloaded to processor 'psu_cortexa53_0'.
01:24:42 INFO  : 'set bp_24_42_fsbl_bp [bpadd -addr &XFsbl_Exit]' command is executed.
01:24:42 INFO  : 'con -block -timeout 60' command is executed.
01:24:42 INFO  : 'bpremove $bp_24_42_fsbl_bp' command is executed.
01:24:42 INFO  : Context for processor 'psu_cortexa53_0' is selected.
01:24:42 INFO  : Processor reset is completed for 'psu_cortexa53_0'.
01:24:43 INFO  : The application 'C:/Users/sunil/VivadoProjects/EE4218Labs/Lab4/lab4_hw_platform/integrated_coprocessor_v1/MLP_Neural_network_project/Debug/MLP_Neural_network_project.elf' is downloaded to processor 'psu_cortexa53_0'.
01:24:43 INFO  : 'configparams force-mem-access 0' command is executed.
01:24:43 INFO  : ----------------XSDB Script----------------
connect -url tcp:127.0.0.1:3121
source C:/Xilinx/Vitis/2023.2/scripts/vitis/util/zynqmp_utils.tcl
targets -set -nocase -filter {name =~"APU*"}
rst -system
after 3000
targets -set -filter {jtag_cable_name =~ "Xilinx X-MLCC-01 XFL1NH42KNRVA" && level==0 && jtag_device_ctx=="jsn-X-MLCC-01-XFL1NH42KNRVA-04724093-0"}
fpga -file C:/Users/sunil/VivadoProjects/EE4218Labs/Lab4/lab4_hw_platform/integrated_coprocessor_v1/matrix_mult_lab4/_ide/bitstream/design_HDL_HLS_v4_wrapper.bit
targets -set -nocase -filter {name =~"APU*"}
loadhw -hw C:/Users/sunil/VivadoProjects/EE4218Labs/Lab4/lab4_hw_platform/integrated_coprocessor_v1/HDL_HLS_v4_platform_proj/export/HDL_HLS_v4_platform_proj/hw/design_HDL_HLS_v4_wrapper.xsa -mem-ranges [list {0x80000000 0xbfffffff} {0x400000000 0x5ffffffff} {0x1000000000 0x7fffffffff}] -regs
configparams force-mem-access 1
targets -set -nocase -filter {name =~"APU*"}
set mode [expr [mrd -value 0xFF5E0200] & 0xf]
targets -set -nocase -filter {name =~ "*A53*#0"}
rst -processor
dow C:/Users/sunil/VivadoProjects/EE4218Labs/Lab4/lab4_hw_platform/integrated_coprocessor_v1/HDL_HLS_v4_platform_proj/export/HDL_HLS_v4_platform_proj/sw/HDL_HLS_v4_platform_proj/boot/fsbl.elf
set bp_24_42_fsbl_bp [bpadd -addr &XFsbl_Exit]
con -block -timeout 60
bpremove $bp_24_42_fsbl_bp
targets -set -nocase -filter {name =~ "*A53*#0"}
rst -processor
dow C:/Users/sunil/VivadoProjects/EE4218Labs/Lab4/lab4_hw_platform/integrated_coprocessor_v1/MLP_Neural_network_project/Debug/MLP_Neural_network_project.elf
configparams force-mem-access 0
----------------End of Script----------------

01:24:43 INFO  : Context for processor 'psu_cortexa53_0' is selected.
01:24:43 INFO  : 'con' command is executed.
01:24:43 INFO  : ----------------XSDB Script (After Launch)----------------
targets -set -nocase -filter {name =~ "*A53*#0"}
con
----------------End of Script----------------

01:24:43 INFO  : Launch script is exported to file 'C:\Users\sunil\VivadoProjects\EE4218Labs\Lab4\lab4_hw_platform\integrated_coprocessor_v1\MLP_Neural_network_project_system\_ide\scripts\debugger_matrix_mult_lab4-v4.tcl'
01:24:56 INFO  : Disconnected from the channel tcfchan#20.
01:26:02 INFO  : Checking for BSP changes to sync application flags for project 'MLP_Neural_network_project'...
01:26:07 INFO  : Connected to target on host '127.0.0.1' and port '3121'.
01:26:09 INFO  : Jtag cable 'Xilinx X-MLCC-01 XFL1NH42KNRVA' is selected.
01:26:10 INFO  : 'jtag frequency' command is executed.
01:26:10 INFO  : Sourcing of 'C:/Xilinx/Vitis/2023.2/scripts/vitis/util/zynqmp_utils.tcl' is done.
01:26:12 INFO  : Context for 'APU' is selected.
01:26:13 INFO  : System reset is completed.
01:26:16 INFO  : 'after 3000' command is executed.
01:26:17 INFO  : 'targets -set -filter {jtag_cable_name =~ "Xilinx X-MLCC-01 XFL1NH42KNRVA" && level==0 && jtag_device_ctx=="jsn-X-MLCC-01-XFL1NH42KNRVA-04724093-0"}' command is executed.
01:26:22 INFO  : Device configured successfully with "C:/Users/sunil/VivadoProjects/EE4218Labs/Lab4/lab4_hw_platform/integrated_coprocessor_v1/matrix_mult_lab4/_ide/bitstream/design_HDL_HLS_v4_wrapper.bit"
01:26:22 INFO  : Context for 'APU' is selected.
01:26:22 INFO  : Hardware design and registers information is loaded from 'C:/Users/sunil/VivadoProjects/EE4218Labs/Lab4/lab4_hw_platform/integrated_coprocessor_v1/HDL_HLS_v4_platform_proj/export/HDL_HLS_v4_platform_proj/hw/design_HDL_HLS_v4_wrapper.xsa'.
01:26:22 INFO  : 'configparams force-mem-access 1' command is executed.
01:26:22 INFO  : Context for 'APU' is selected.
01:26:22 INFO  : Boot mode is read from the target.
01:26:22 INFO  : Context for processor 'psu_cortexa53_0' is selected.
01:26:22 INFO  : Processor reset is completed for 'psu_cortexa53_0'.
01:26:23 INFO  : The application 'C:/Users/sunil/VivadoProjects/EE4218Labs/Lab4/lab4_hw_platform/integrated_coprocessor_v1/HDL_HLS_v4_platform_proj/export/HDL_HLS_v4_platform_proj/sw/HDL_HLS_v4_platform_proj/boot/fsbl.elf' is downloaded to processor 'psu_cortexa53_0'.
01:26:23 INFO  : 'set bp_26_23_fsbl_bp [bpadd -addr &XFsbl_Exit]' command is executed.
01:26:23 INFO  : 'con -block -timeout 60' command is executed.
01:26:23 INFO  : 'bpremove $bp_26_23_fsbl_bp' command is executed.
01:26:23 INFO  : Context for processor 'psu_cortexa53_0' is selected.
01:26:23 INFO  : Processor reset is completed for 'psu_cortexa53_0'.
01:26:24 INFO  : The application 'C:/Users/sunil/VivadoProjects/EE4218Labs/Lab4/lab4_hw_platform/integrated_coprocessor_v1/MLP_Neural_network_project/Debug/MLP_Neural_network_project.elf' is downloaded to processor 'psu_cortexa53_0'.
01:26:24 INFO  : 'configparams force-mem-access 0' command is executed.
01:26:24 INFO  : ----------------XSDB Script----------------
connect -url tcp:127.0.0.1:3121
source C:/Xilinx/Vitis/2023.2/scripts/vitis/util/zynqmp_utils.tcl
targets -set -nocase -filter {name =~"APU*"}
rst -system
after 3000
targets -set -filter {jtag_cable_name =~ "Xilinx X-MLCC-01 XFL1NH42KNRVA" && level==0 && jtag_device_ctx=="jsn-X-MLCC-01-XFL1NH42KNRVA-04724093-0"}
fpga -file C:/Users/sunil/VivadoProjects/EE4218Labs/Lab4/lab4_hw_platform/integrated_coprocessor_v1/matrix_mult_lab4/_ide/bitstream/design_HDL_HLS_v4_wrapper.bit
targets -set -nocase -filter {name =~"APU*"}
loadhw -hw C:/Users/sunil/VivadoProjects/EE4218Labs/Lab4/lab4_hw_platform/integrated_coprocessor_v1/HDL_HLS_v4_platform_proj/export/HDL_HLS_v4_platform_proj/hw/design_HDL_HLS_v4_wrapper.xsa -mem-ranges [list {0x80000000 0xbfffffff} {0x400000000 0x5ffffffff} {0x1000000000 0x7fffffffff}] -regs
configparams force-mem-access 1
targets -set -nocase -filter {name =~"APU*"}
set mode [expr [mrd -value 0xFF5E0200] & 0xf]
targets -set -nocase -filter {name =~ "*A53*#0"}
rst -processor
dow C:/Users/sunil/VivadoProjects/EE4218Labs/Lab4/lab4_hw_platform/integrated_coprocessor_v1/HDL_HLS_v4_platform_proj/export/HDL_HLS_v4_platform_proj/sw/HDL_HLS_v4_platform_proj/boot/fsbl.elf
set bp_26_23_fsbl_bp [bpadd -addr &XFsbl_Exit]
con -block -timeout 60
bpremove $bp_26_23_fsbl_bp
targets -set -nocase -filter {name =~ "*A53*#0"}
rst -processor
dow C:/Users/sunil/VivadoProjects/EE4218Labs/Lab4/lab4_hw_platform/integrated_coprocessor_v1/MLP_Neural_network_project/Debug/MLP_Neural_network_project.elf
configparams force-mem-access 0
----------------End of Script----------------

01:26:24 INFO  : Context for processor 'psu_cortexa53_0' is selected.
01:26:24 INFO  : 'con' command is executed.
01:26:24 INFO  : ----------------XSDB Script (After Launch)----------------
targets -set -nocase -filter {name =~ "*A53*#0"}
con
----------------End of Script----------------

01:26:24 INFO  : Launch script is exported to file 'C:\Users\sunil\VivadoProjects\EE4218Labs\Lab4\lab4_hw_platform\integrated_coprocessor_v1\MLP_Neural_network_project_system\_ide\scripts\debugger_matrix_mult_lab4-v4.tcl'
01:27:36 INFO  : Disconnected from the channel tcfchan#21.
01:28:01 INFO  : Checking for BSP changes to sync application flags for project 'MLP_Neural_network_project'...
01:28:11 INFO  : Connected to target on host '127.0.0.1' and port '3121'.
01:28:13 INFO  : Jtag cable 'Xilinx X-MLCC-01 XFL1NH42KNRVA' is selected.
01:28:14 INFO  : 'jtag frequency' command is executed.
01:28:14 INFO  : Sourcing of 'C:/Xilinx/Vitis/2023.2/scripts/vitis/util/zynqmp_utils.tcl' is done.
01:28:15 INFO  : Context for 'APU' is selected.
01:28:16 INFO  : System reset is completed.
01:28:19 INFO  : 'after 3000' command is executed.
01:28:22 INFO  : 'targets -set -filter {jtag_cable_name =~ "Xilinx X-MLCC-01 XFL1NH42KNRVA" && level==0 && jtag_device_ctx=="jsn-X-MLCC-01-XFL1NH42KNRVA-04724093-0"}' command is executed.
01:28:26 INFO  : Device configured successfully with "C:/Users/sunil/VivadoProjects/EE4218Labs/Lab4/lab4_hw_platform/integrated_coprocessor_v1/matrix_mult_lab4/_ide/bitstream/design_HDL_HLS_v4_wrapper.bit"
01:28:26 INFO  : Context for 'APU' is selected.
01:28:26 INFO  : Hardware design and registers information is loaded from 'C:/Users/sunil/VivadoProjects/EE4218Labs/Lab4/lab4_hw_platform/integrated_coprocessor_v1/HDL_HLS_v4_platform_proj/export/HDL_HLS_v4_platform_proj/hw/design_HDL_HLS_v4_wrapper.xsa'.
01:28:26 INFO  : 'configparams force-mem-access 1' command is executed.
01:28:26 INFO  : Context for 'APU' is selected.
01:28:26 INFO  : Boot mode is read from the target.
01:28:26 INFO  : Context for processor 'psu_cortexa53_0' is selected.
01:28:26 INFO  : Processor reset is completed for 'psu_cortexa53_0'.
01:28:27 INFO  : The application 'C:/Users/sunil/VivadoProjects/EE4218Labs/Lab4/lab4_hw_platform/integrated_coprocessor_v1/HDL_HLS_v4_platform_proj/export/HDL_HLS_v4_platform_proj/sw/HDL_HLS_v4_platform_proj/boot/fsbl.elf' is downloaded to processor 'psu_cortexa53_0'.
01:28:27 INFO  : 'set bp_28_27_fsbl_bp [bpadd -addr &XFsbl_Exit]' command is executed.
01:28:27 INFO  : 'con -block -timeout 60' command is executed.
01:28:27 INFO  : 'bpremove $bp_28_27_fsbl_bp' command is executed.
01:28:27 INFO  : Context for processor 'psu_cortexa53_0' is selected.
01:28:27 INFO  : Processor reset is completed for 'psu_cortexa53_0'.
01:28:28 INFO  : The application 'C:/Users/sunil/VivadoProjects/EE4218Labs/Lab4/lab4_hw_platform/integrated_coprocessor_v1/MLP_Neural_network_project/Debug/MLP_Neural_network_project.elf' is downloaded to processor 'psu_cortexa53_0'.
01:28:28 INFO  : 'configparams force-mem-access 0' command is executed.
01:28:28 INFO  : ----------------XSDB Script----------------
connect -url tcp:127.0.0.1:3121
source C:/Xilinx/Vitis/2023.2/scripts/vitis/util/zynqmp_utils.tcl
targets -set -nocase -filter {name =~"APU*"}
rst -system
after 3000
targets -set -filter {jtag_cable_name =~ "Xilinx X-MLCC-01 XFL1NH42KNRVA" && level==0 && jtag_device_ctx=="jsn-X-MLCC-01-XFL1NH42KNRVA-04724093-0"}
fpga -file C:/Users/sunil/VivadoProjects/EE4218Labs/Lab4/lab4_hw_platform/integrated_coprocessor_v1/matrix_mult_lab4/_ide/bitstream/design_HDL_HLS_v4_wrapper.bit
targets -set -nocase -filter {name =~"APU*"}
loadhw -hw C:/Users/sunil/VivadoProjects/EE4218Labs/Lab4/lab4_hw_platform/integrated_coprocessor_v1/HDL_HLS_v4_platform_proj/export/HDL_HLS_v4_platform_proj/hw/design_HDL_HLS_v4_wrapper.xsa -mem-ranges [list {0x80000000 0xbfffffff} {0x400000000 0x5ffffffff} {0x1000000000 0x7fffffffff}] -regs
configparams force-mem-access 1
targets -set -nocase -filter {name =~"APU*"}
set mode [expr [mrd -value 0xFF5E0200] & 0xf]
targets -set -nocase -filter {name =~ "*A53*#0"}
rst -processor
dow C:/Users/sunil/VivadoProjects/EE4218Labs/Lab4/lab4_hw_platform/integrated_coprocessor_v1/HDL_HLS_v4_platform_proj/export/HDL_HLS_v4_platform_proj/sw/HDL_HLS_v4_platform_proj/boot/fsbl.elf
set bp_28_27_fsbl_bp [bpadd -addr &XFsbl_Exit]
con -block -timeout 60
bpremove $bp_28_27_fsbl_bp
targets -set -nocase -filter {name =~ "*A53*#0"}
rst -processor
dow C:/Users/sunil/VivadoProjects/EE4218Labs/Lab4/lab4_hw_platform/integrated_coprocessor_v1/MLP_Neural_network_project/Debug/MLP_Neural_network_project.elf
configparams force-mem-access 0
----------------End of Script----------------

01:28:28 INFO  : Context for processor 'psu_cortexa53_0' is selected.
01:28:28 INFO  : 'con' command is executed.
01:28:28 INFO  : ----------------XSDB Script (After Launch)----------------
targets -set -nocase -filter {name =~ "*A53*#0"}
con
----------------End of Script----------------

01:28:28 INFO  : Launch script is exported to file 'C:\Users\sunil\VivadoProjects\EE4218Labs\Lab4\lab4_hw_platform\integrated_coprocessor_v1\MLP_Neural_network_project_system\_ide\scripts\debugger_matrix_mult_lab4-v4.tcl'
01:36:38 INFO  : Disconnected from the channel tcfchan#22.
14:43:30 DEBUG : Logs will be stored at 'C:/Users/sunil/VivadoProjects/EE4218Labs/Lab4/lab4_hw_platform/integrated_coprocessor_v1/IDE.log'.
14:43:32 INFO  : Launching XSCT server: xsct.bat -n  -interactive C:\Users\sunil\VivadoProjects\EE4218Labs\Lab4\lab4_hw_platform\integrated_coprocessor_v1\temp_xsdb_launch_script.tcl
14:43:36 INFO  : XSCT server has started successfully.
14:43:36 INFO  : plnx-install-location is set to ''
14:43:36 INFO  : Successfully done setting XSCT server connection channel  
14:43:36 INFO  : Successfully done setting workspace for the tool. 
14:43:47 INFO  : Registering command handlers for Vitis TCF services
14:43:49 INFO  : Platform repository initialization has completed.
14:43:53 INFO  : Successfully done query RDI_DATADIR 
14:44:50 INFO  : Checking for BSP changes to sync application flags for project 'MLP_Neural_network_project'...
14:45:24 INFO  : Connected to target on host '127.0.0.1' and port '3121'.
14:45:40 INFO  : ----------------XSDB Script----------------
connect -url tcp:127.0.0.1:3121
----------------End of Script----------------

14:45:40 ERROR : Could not find ARM device on the board for connection 'Local'.
Check if the target is in:
1. Split JTAG - No operations are possible with ARM DAP.
2. Non JTAG bootmode - Bootrom may need time to enable DAP.
Please try again.


Troubleshooting hints:
1. Check whether board is connected to system properly.
2. In case of zynq board, check whether Digilent/Xilinx cable switch settings are correct.
3. If you are using Xilinx Platform Cable USB, ensure that status LED is green.
14:45:43 INFO  : Connected to target on host '127.0.0.1' and port '3121'.
14:45:52 INFO  : ----------------XSDB Script----------------
connect -url tcp:127.0.0.1:3121
----------------End of Script----------------

14:45:52 ERROR : Could not find ARM device on the board for connection 'Local'.
Check if the target is in:
1. Split JTAG - No operations are possible with ARM DAP.
2. Non JTAG bootmode - Bootrom may need time to enable DAP.
Please try again.


Troubleshooting hints:
1. Check whether board is connected to system properly.
2. In case of zynq board, check whether Digilent/Xilinx cable switch settings are correct.
3. If you are using Xilinx Platform Cable USB, ensure that status LED is green.
14:46:35 INFO  : Connected to target on host '127.0.0.1' and port '3121'.
14:46:44 INFO  : ----------------XSDB Script----------------
connect -url tcp:127.0.0.1:3121
----------------End of Script----------------

14:46:44 ERROR : Could not find ARM device on the board for connection 'Local'.
Check if the target is in:
1. Split JTAG - No operations are possible with ARM DAP.
2. Non JTAG bootmode - Bootrom may need time to enable DAP.
Please try again.


Troubleshooting hints:
1. Check whether board is connected to system properly.
2. In case of zynq board, check whether Digilent/Xilinx cable switch settings are correct.
3. If you are using Xilinx Platform Cable USB, ensure that status LED is green.
14:46:47 INFO  : Connected to target on host '127.0.0.1' and port '3121'.
14:46:47 INFO  : Jtag cable 'Xilinx X-MLCC-01 XFL1NH42KNRVA' is selected.
14:46:47 INFO  : 'jtag frequency' command is executed.
14:46:47 INFO  : Sourcing of 'C:/Xilinx/Vitis/2023.2/scripts/vitis/util/zynqmp_utils.tcl' is done.
14:46:47 INFO  : Context for 'APU' is selected.
14:46:48 INFO  : System reset is completed.
14:46:51 INFO  : 'after 3000' command is executed.
14:46:51 INFO  : 'targets -set -filter {jtag_cable_name =~ "Xilinx X-MLCC-01 XFL1NH42KNRVA" && level==0 && jtag_device_ctx=="jsn-X-MLCC-01-XFL1NH42KNRVA-04724093-0"}' command is executed.
14:46:55 INFO  : Device configured successfully with "C:/Users/sunil/VivadoProjects/EE4218Labs/Lab4/lab4_hw_platform/integrated_coprocessor_v1/matrix_mult_lab4/_ide/bitstream/design_HDL_HLS_v4_wrapper.bit"
14:46:55 INFO  : Context for 'APU' is selected.
14:46:56 INFO  : Hardware design and registers information is loaded from 'C:/Users/sunil/VivadoProjects/EE4218Labs/Lab4/lab4_hw_platform/integrated_coprocessor_v1/HDL_HLS_v4_platform_proj/export/HDL_HLS_v4_platform_proj/hw/design_HDL_HLS_v4_wrapper.xsa'.
14:46:56 INFO  : 'configparams force-mem-access 1' command is executed.
14:46:56 INFO  : Context for 'APU' is selected.
14:46:56 INFO  : Boot mode is read from the target.
14:46:58 INFO  : Boot mode of the target is set to jtag.
14:46:58 INFO  : Context for processor 'psu_cortexa53_0' is selected.
14:46:58 INFO  : Processor reset is completed for 'psu_cortexa53_0'.
14:46:58 INFO  : The application 'C:/Users/sunil/VivadoProjects/EE4218Labs/Lab4/lab4_hw_platform/integrated_coprocessor_v1/HDL_HLS_v4_platform_proj/export/HDL_HLS_v4_platform_proj/sw/HDL_HLS_v4_platform_proj/boot/fsbl.elf' is downloaded to processor 'psu_cortexa53_0'.
14:46:58 INFO  : 'set bp_46_58_fsbl_bp [bpadd -addr &XFsbl_Exit]' command is executed.
14:47:00 INFO  : 'con -block -timeout 60' command is executed.
14:47:00 INFO  : 'bpremove $bp_46_58_fsbl_bp' command is executed.
14:47:00 INFO  : Context for processor 'psu_cortexa53_0' is selected.
14:47:00 INFO  : Processor reset is completed for 'psu_cortexa53_0'.
14:47:00 ERROR : Memory write error at 0x0. Cortex-A53 #0: EDITR not ready
14:47:00 INFO  : ----------------XSDB Script----------------
connect -url tcp:127.0.0.1:3121
source C:/Xilinx/Vitis/2023.2/scripts/vitis/util/zynqmp_utils.tcl
targets -set -nocase -filter {name =~"APU*"}
rst -system
after 3000
targets -set -filter {jtag_cable_name =~ "Xilinx X-MLCC-01 XFL1NH42KNRVA" && level==0 && jtag_device_ctx=="jsn-X-MLCC-01-XFL1NH42KNRVA-04724093-0"}
fpga -file C:/Users/sunil/VivadoProjects/EE4218Labs/Lab4/lab4_hw_platform/integrated_coprocessor_v1/matrix_mult_lab4/_ide/bitstream/design_HDL_HLS_v4_wrapper.bit
targets -set -nocase -filter {name =~"APU*"}
loadhw -hw C:/Users/sunil/VivadoProjects/EE4218Labs/Lab4/lab4_hw_platform/integrated_coprocessor_v1/HDL_HLS_v4_platform_proj/export/HDL_HLS_v4_platform_proj/hw/design_HDL_HLS_v4_wrapper.xsa -mem-ranges [list {0x80000000 0xbfffffff} {0x400000000 0x5ffffffff} {0x1000000000 0x7fffffffff}] -regs
configparams force-mem-access 1
targets -set -nocase -filter {name =~"APU*"}
set mode [expr [mrd -value 0xFF5E0200] & 0xf]
mask_write 0xFF5E0200 0xf000 0
targets -set -nocase -filter {name =~ "*A53*#0"}
rst -processor
dow C:/Users/sunil/VivadoProjects/EE4218Labs/Lab4/lab4_hw_platform/integrated_coprocessor_v1/HDL_HLS_v4_platform_proj/export/HDL_HLS_v4_platform_proj/sw/HDL_HLS_v4_platform_proj/boot/fsbl.elf
set bp_46_58_fsbl_bp [bpadd -addr &XFsbl_Exit]
con -block -timeout 60
bpremove $bp_46_58_fsbl_bp
targets -set -nocase -filter {name =~ "*A53*#0"}
rst -processor
dow C:/Users/sunil/VivadoProjects/EE4218Labs/Lab4/lab4_hw_platform/integrated_coprocessor_v1/MLP_Neural_network_project/Debug/MLP_Neural_network_project.elf
----------------End of Script----------------

14:47:00 ERROR : Memory write error at 0x0. Cortex-A53 #0: EDITR not ready
14:47:25 INFO  : Connected to target on host '127.0.0.1' and port '3121'.
14:47:25 INFO  : Jtag cable 'Xilinx X-MLCC-01 XFL1NH42KNRVA' is selected.
14:47:25 INFO  : 'jtag frequency' command is executed.
14:47:25 INFO  : Sourcing of 'C:/Xilinx/Vitis/2023.2/scripts/vitis/util/zynqmp_utils.tcl' is done.
14:47:25 INFO  : Context for 'APU' is selected.
14:47:26 INFO  : System reset is completed.
14:47:29 INFO  : 'after 3000' command is executed.
14:47:29 INFO  : 'targets -set -filter {jtag_cable_name =~ "Xilinx X-MLCC-01 XFL1NH42KNRVA" && level==0 && jtag_device_ctx=="jsn-X-MLCC-01-XFL1NH42KNRVA-04724093-0"}' command is executed.
14:47:33 INFO  : Device configured successfully with "C:/Users/sunil/VivadoProjects/EE4218Labs/Lab4/lab4_hw_platform/integrated_coprocessor_v1/matrix_mult_lab4/_ide/bitstream/design_HDL_HLS_v4_wrapper.bit"
14:47:33 INFO  : Context for 'APU' is selected.
14:47:33 INFO  : Hardware design and registers information is loaded from 'C:/Users/sunil/VivadoProjects/EE4218Labs/Lab4/lab4_hw_platform/integrated_coprocessor_v1/HDL_HLS_v4_platform_proj/export/HDL_HLS_v4_platform_proj/hw/design_HDL_HLS_v4_wrapper.xsa'.
14:47:33 INFO  : 'configparams force-mem-access 1' command is executed.
14:47:34 INFO  : Context for 'APU' is selected.
14:47:34 INFO  : Boot mode is read from the target.
14:47:34 INFO  : Context for processor 'psu_cortexa53_0' is selected.
14:47:34 INFO  : Processor reset is completed for 'psu_cortexa53_0'.
14:47:34 INFO  : The application 'C:/Users/sunil/VivadoProjects/EE4218Labs/Lab4/lab4_hw_platform/integrated_coprocessor_v1/HDL_HLS_v4_platform_proj/export/HDL_HLS_v4_platform_proj/sw/HDL_HLS_v4_platform_proj/boot/fsbl.elf' is downloaded to processor 'psu_cortexa53_0'.
14:47:34 INFO  : 'set bp_47_34_fsbl_bp [bpadd -addr &XFsbl_Exit]' command is executed.
14:47:35 INFO  : 'con -block -timeout 60' command is executed.
14:47:35 INFO  : 'bpremove $bp_47_34_fsbl_bp' command is executed.
14:47:35 INFO  : Context for processor 'psu_cortexa53_0' is selected.
14:47:35 INFO  : Processor reset is completed for 'psu_cortexa53_0'.
14:47:36 INFO  : The application 'C:/Users/sunil/VivadoProjects/EE4218Labs/Lab4/lab4_hw_platform/integrated_coprocessor_v1/MLP_Neural_network_project/Debug/MLP_Neural_network_project.elf' is downloaded to processor 'psu_cortexa53_0'.
14:47:36 INFO  : 'configparams force-mem-access 0' command is executed.
14:47:36 INFO  : ----------------XSDB Script----------------
connect -url tcp:127.0.0.1:3121
source C:/Xilinx/Vitis/2023.2/scripts/vitis/util/zynqmp_utils.tcl
targets -set -nocase -filter {name =~"APU*"}
rst -system
after 3000
targets -set -filter {jtag_cable_name =~ "Xilinx X-MLCC-01 XFL1NH42KNRVA" && level==0 && jtag_device_ctx=="jsn-X-MLCC-01-XFL1NH42KNRVA-04724093-0"}
fpga -file C:/Users/sunil/VivadoProjects/EE4218Labs/Lab4/lab4_hw_platform/integrated_coprocessor_v1/matrix_mult_lab4/_ide/bitstream/design_HDL_HLS_v4_wrapper.bit
targets -set -nocase -filter {name =~"APU*"}
loadhw -hw C:/Users/sunil/VivadoProjects/EE4218Labs/Lab4/lab4_hw_platform/integrated_coprocessor_v1/HDL_HLS_v4_platform_proj/export/HDL_HLS_v4_platform_proj/hw/design_HDL_HLS_v4_wrapper.xsa -mem-ranges [list {0x80000000 0xbfffffff} {0x400000000 0x5ffffffff} {0x1000000000 0x7fffffffff}] -regs
configparams force-mem-access 1
targets -set -nocase -filter {name =~"APU*"}
set mode [expr [mrd -value 0xFF5E0200] & 0xf]
targets -set -nocase -filter {name =~ "*A53*#0"}
rst -processor
dow C:/Users/sunil/VivadoProjects/EE4218Labs/Lab4/lab4_hw_platform/integrated_coprocessor_v1/HDL_HLS_v4_platform_proj/export/HDL_HLS_v4_platform_proj/sw/HDL_HLS_v4_platform_proj/boot/fsbl.elf
set bp_47_34_fsbl_bp [bpadd -addr &XFsbl_Exit]
con -block -timeout 60
bpremove $bp_47_34_fsbl_bp
targets -set -nocase -filter {name =~ "*A53*#0"}
rst -processor
dow C:/Users/sunil/VivadoProjects/EE4218Labs/Lab4/lab4_hw_platform/integrated_coprocessor_v1/MLP_Neural_network_project/Debug/MLP_Neural_network_project.elf
configparams force-mem-access 0
----------------End of Script----------------

14:47:36 INFO  : Context for processor 'psu_cortexa53_0' is selected.
14:47:36 INFO  : 'con' command is executed.
14:47:36 INFO  : ----------------XSDB Script (After Launch)----------------
targets -set -nocase -filter {name =~ "*A53*#0"}
con
----------------End of Script----------------

14:47:36 INFO  : Launch script is exported to file 'C:\Users\sunil\VivadoProjects\EE4218Labs\Lab4\lab4_hw_platform\integrated_coprocessor_v1\MLP_Neural_network_project_system\_ide\scripts\debugger_matrix_mult_lab4-v4.tcl'
14:47:59 INFO  : Disconnected from the channel tcfchan#1.
14:48:02 INFO  : Connected to target on host '127.0.0.1' and port '3121'.
14:48:03 INFO  : Jtag cable 'Xilinx X-MLCC-01 XFL1NH42KNRVA' is selected.
14:48:03 INFO  : 'jtag frequency' command is executed.
14:48:03 INFO  : Sourcing of 'C:/Xilinx/Vitis/2023.2/scripts/vitis/util/zynqmp_utils.tcl' is done.
14:48:03 INFO  : Context for 'APU' is selected.
14:48:04 INFO  : System reset is completed.
14:48:07 INFO  : 'after 3000' command is executed.
14:48:07 INFO  : 'targets -set -filter {jtag_cable_name =~ "Xilinx X-MLCC-01 XFL1NH42KNRVA" && level==0 && jtag_device_ctx=="jsn-X-MLCC-01-XFL1NH42KNRVA-04724093-0"}' command is executed.
14:48:11 INFO  : Device configured successfully with "C:/Users/sunil/VivadoProjects/EE4218Labs/Lab4/lab4_hw_platform/integrated_coprocessor_v1/matrix_mult_lab4/_ide/bitstream/design_HDL_HLS_v4_wrapper.bit"
14:48:11 INFO  : Context for 'APU' is selected.
14:48:11 INFO  : Hardware design and registers information is loaded from 'C:/Users/sunil/VivadoProjects/EE4218Labs/Lab4/lab4_hw_platform/integrated_coprocessor_v1/HDL_HLS_v4_platform_proj/export/HDL_HLS_v4_platform_proj/hw/design_HDL_HLS_v4_wrapper.xsa'.
14:48:11 INFO  : 'configparams force-mem-access 1' command is executed.
14:48:11 INFO  : Context for 'APU' is selected.
14:48:11 INFO  : Boot mode is read from the target.
14:48:11 INFO  : Context for processor 'psu_cortexa53_0' is selected.
14:48:11 INFO  : Processor reset is completed for 'psu_cortexa53_0'.
14:48:12 INFO  : The application 'C:/Users/sunil/VivadoProjects/EE4218Labs/Lab4/lab4_hw_platform/integrated_coprocessor_v1/HDL_HLS_v4_platform_proj/export/HDL_HLS_v4_platform_proj/sw/HDL_HLS_v4_platform_proj/boot/fsbl.elf' is downloaded to processor 'psu_cortexa53_0'.
14:48:12 INFO  : 'set bp_48_12_fsbl_bp [bpadd -addr &XFsbl_Exit]' command is executed.
14:48:12 INFO  : 'con -block -timeout 60' command is executed.
14:48:12 INFO  : 'bpremove $bp_48_12_fsbl_bp' command is executed.
14:48:12 INFO  : Context for processor 'psu_cortexa53_0' is selected.
14:48:12 INFO  : Processor reset is completed for 'psu_cortexa53_0'.
14:48:13 INFO  : The application 'C:/Users/sunil/VivadoProjects/EE4218Labs/Lab4/lab4_hw_platform/integrated_coprocessor_v1/MLP_Neural_network_project/Debug/MLP_Neural_network_project.elf' is downloaded to processor 'psu_cortexa53_0'.
14:48:13 INFO  : 'configparams force-mem-access 0' command is executed.
14:48:13 INFO  : ----------------XSDB Script----------------
connect -url tcp:127.0.0.1:3121
source C:/Xilinx/Vitis/2023.2/scripts/vitis/util/zynqmp_utils.tcl
targets -set -nocase -filter {name =~"APU*"}
rst -system
after 3000
targets -set -filter {jtag_cable_name =~ "Xilinx X-MLCC-01 XFL1NH42KNRVA" && level==0 && jtag_device_ctx=="jsn-X-MLCC-01-XFL1NH42KNRVA-04724093-0"}
fpga -file C:/Users/sunil/VivadoProjects/EE4218Labs/Lab4/lab4_hw_platform/integrated_coprocessor_v1/matrix_mult_lab4/_ide/bitstream/design_HDL_HLS_v4_wrapper.bit
targets -set -nocase -filter {name =~"APU*"}
loadhw -hw C:/Users/sunil/VivadoProjects/EE4218Labs/Lab4/lab4_hw_platform/integrated_coprocessor_v1/HDL_HLS_v4_platform_proj/export/HDL_HLS_v4_platform_proj/hw/design_HDL_HLS_v4_wrapper.xsa -mem-ranges [list {0x80000000 0xbfffffff} {0x400000000 0x5ffffffff} {0x1000000000 0x7fffffffff}] -regs
configparams force-mem-access 1
targets -set -nocase -filter {name =~"APU*"}
set mode [expr [mrd -value 0xFF5E0200] & 0xf]
targets -set -nocase -filter {name =~ "*A53*#0"}
rst -processor
dow C:/Users/sunil/VivadoProjects/EE4218Labs/Lab4/lab4_hw_platform/integrated_coprocessor_v1/HDL_HLS_v4_platform_proj/export/HDL_HLS_v4_platform_proj/sw/HDL_HLS_v4_platform_proj/boot/fsbl.elf
set bp_48_12_fsbl_bp [bpadd -addr &XFsbl_Exit]
con -block -timeout 60
bpremove $bp_48_12_fsbl_bp
targets -set -nocase -filter {name =~ "*A53*#0"}
rst -processor
dow C:/Users/sunil/VivadoProjects/EE4218Labs/Lab4/lab4_hw_platform/integrated_coprocessor_v1/MLP_Neural_network_project/Debug/MLP_Neural_network_project.elf
configparams force-mem-access 0
----------------End of Script----------------

14:48:13 INFO  : Context for processor 'psu_cortexa53_0' is selected.
14:48:13 INFO  : 'con' command is executed.
14:48:13 INFO  : ----------------XSDB Script (After Launch)----------------
targets -set -nocase -filter {name =~ "*A53*#0"}
con
----------------End of Script----------------

14:48:13 INFO  : Launch script is exported to file 'C:\Users\sunil\VivadoProjects\EE4218Labs\Lab4\lab4_hw_platform\integrated_coprocessor_v1\MLP_Neural_network_project_system\_ide\scripts\debugger_matrix_mult_lab4-v4.tcl'
14:50:05 INFO  : Disconnected from the channel tcfchan#2.
00:03:42 DEBUG : Logs will be stored at 'C:/Users/sunil/VivadoProjects/EE4218Labs/Lab4/lab4_hw_platform/integrated_coprocessor_v1/IDE.log'.
00:03:43 INFO  : Launching XSCT server: xsct.bat -n  -interactive C:\Users\sunil\VivadoProjects\EE4218Labs\Lab4\lab4_hw_platform\integrated_coprocessor_v1\temp_xsdb_launch_script.tcl
00:03:49 INFO  : XSCT server has started successfully.
00:03:49 INFO  : plnx-install-location is set to ''
00:03:49 INFO  : Successfully done setting XSCT server connection channel  
00:03:49 INFO  : Successfully done setting workspace for the tool. 
00:04:02 INFO  : Registering command handlers for Vitis TCF services
00:04:03 INFO  : Platform repository initialization has completed.
00:04:07 INFO  : Successfully done query RDI_DATADIR 
02:42:37 INFO  : Checking for BSP changes to sync application flags for project 'MLP_Neural_network_project'...
02:43:19 INFO  : Checking for BSP changes to sync application flags for project 'MLP_Neural_network_project'...
02:46:43 INFO  : Connected to target on host '127.0.0.1' and port '3121'.
02:46:46 INFO  : Jtag cable 'Xilinx X-MLCC-01 XFL1NH42KNRVA' is selected.
02:46:46 INFO  : 'jtag frequency' command is executed.
02:46:46 INFO  : Sourcing of 'C:/Xilinx/Vitis/2023.2/scripts/vitis/util/zynqmp_utils.tcl' is done.
02:46:48 INFO  : Context for 'APU' is selected.
02:46:49 INFO  : System reset is completed.
02:46:52 INFO  : 'after 3000' command is executed.
02:46:53 INFO  : 'targets -set -filter {jtag_cable_name =~ "Xilinx X-MLCC-01 XFL1NH42KNRVA" && level==0 && jtag_device_ctx=="jsn-X-MLCC-01-XFL1NH42KNRVA-04724093-0"}' command is executed.
02:46:58 INFO  : Device configured successfully with "C:/Users/sunil/VivadoProjects/EE4218Labs/Lab4/lab4_hw_platform/integrated_coprocessor_v1/matrix_mult_lab4/_ide/bitstream/design_HDL_HLS_v4_wrapper.bit"
02:46:58 INFO  : Context for 'APU' is selected.
02:46:59 INFO  : Hardware design and registers information is loaded from 'C:/Users/sunil/VivadoProjects/EE4218Labs/Lab4/lab4_hw_platform/integrated_coprocessor_v1/HDL_HLS_v4_platform_proj/export/HDL_HLS_v4_platform_proj/hw/design_HDL_HLS_v4_wrapper.xsa'.
02:46:59 INFO  : 'configparams force-mem-access 1' command is executed.
02:46:59 INFO  : Context for 'APU' is selected.
02:46:59 INFO  : Boot mode is read from the target.
02:47:01 INFO  : Boot mode of the target is set to jtag.
02:47:01 INFO  : Context for processor 'psu_cortexa53_0' is selected.
02:47:01 INFO  : Processor reset is completed for 'psu_cortexa53_0'.
02:47:01 INFO  : The application 'C:/Users/sunil/VivadoProjects/EE4218Labs/Lab4/lab4_hw_platform/integrated_coprocessor_v1/HDL_HLS_v4_platform_proj/export/HDL_HLS_v4_platform_proj/sw/HDL_HLS_v4_platform_proj/boot/fsbl.elf' is downloaded to processor 'psu_cortexa53_0'.
02:47:01 INFO  : 'set bp_47_1_fsbl_bp [bpadd -addr &XFsbl_Exit]' command is executed.
02:47:02 INFO  : 'con -block -timeout 60' command is executed.
02:47:02 INFO  : 'bpremove $bp_47_1_fsbl_bp' command is executed.
02:47:02 INFO  : Context for processor 'psu_cortexa53_0' is selected.
02:47:03 INFO  : Processor reset is completed for 'psu_cortexa53_0'.
02:47:03 ERROR : Memory write error at 0x0. Cortex-A53 #0: EDITR not ready
02:47:03 INFO  : ----------------XSDB Script----------------
connect -url tcp:127.0.0.1:3121
source C:/Xilinx/Vitis/2023.2/scripts/vitis/util/zynqmp_utils.tcl
targets -set -nocase -filter {name =~"APU*"}
rst -system
after 3000
targets -set -filter {jtag_cable_name =~ "Xilinx X-MLCC-01 XFL1NH42KNRVA" && level==0 && jtag_device_ctx=="jsn-X-MLCC-01-XFL1NH42KNRVA-04724093-0"}
fpga -file C:/Users/sunil/VivadoProjects/EE4218Labs/Lab4/lab4_hw_platform/integrated_coprocessor_v1/matrix_mult_lab4/_ide/bitstream/design_HDL_HLS_v4_wrapper.bit
targets -set -nocase -filter {name =~"APU*"}
loadhw -hw C:/Users/sunil/VivadoProjects/EE4218Labs/Lab4/lab4_hw_platform/integrated_coprocessor_v1/HDL_HLS_v4_platform_proj/export/HDL_HLS_v4_platform_proj/hw/design_HDL_HLS_v4_wrapper.xsa -mem-ranges [list {0x80000000 0xbfffffff} {0x400000000 0x5ffffffff} {0x1000000000 0x7fffffffff}] -regs
configparams force-mem-access 1
targets -set -nocase -filter {name =~"APU*"}
set mode [expr [mrd -value 0xFF5E0200] & 0xf]
mask_write 0xFF5E0200 0xf000 0
targets -set -nocase -filter {name =~ "*A53*#0"}
rst -processor
dow C:/Users/sunil/VivadoProjects/EE4218Labs/Lab4/lab4_hw_platform/integrated_coprocessor_v1/HDL_HLS_v4_platform_proj/export/HDL_HLS_v4_platform_proj/sw/HDL_HLS_v4_platform_proj/boot/fsbl.elf
set bp_47_1_fsbl_bp [bpadd -addr &XFsbl_Exit]
con -block -timeout 60
bpremove $bp_47_1_fsbl_bp
targets -set -nocase -filter {name =~ "*A53*#0"}
rst -processor
dow C:/Users/sunil/VivadoProjects/EE4218Labs/Lab4/lab4_hw_platform/integrated_coprocessor_v1/MLP_Neural_network_project/Debug/MLP_Neural_network_project.elf
----------------End of Script----------------

02:47:03 ERROR : Memory write error at 0x0. Cortex-A53 #0: EDITR not ready
02:47:45 INFO  : Connected to target on host '127.0.0.1' and port '3121'.
02:47:45 INFO  : Jtag cable 'Xilinx X-MLCC-01 XFL1NH42KNRVA' is selected.
02:47:45 INFO  : 'jtag frequency' command is executed.
02:47:45 INFO  : Sourcing of 'C:/Xilinx/Vitis/2023.2/scripts/vitis/util/zynqmp_utils.tcl' is done.
02:47:45 INFO  : Context for 'APU' is selected.
02:47:45 INFO  : System reset is completed.
02:47:48 INFO  : 'after 3000' command is executed.
02:47:49 INFO  : 'targets -set -filter {jtag_cable_name =~ "Xilinx X-MLCC-01 XFL1NH42KNRVA" && level==0 && jtag_device_ctx=="jsn-X-MLCC-01-XFL1NH42KNRVA-04724093-0"}' command is executed.
02:47:53 INFO  : Device configured successfully with "C:/Users/sunil/VivadoProjects/EE4218Labs/Lab4/lab4_hw_platform/integrated_coprocessor_v1/matrix_mult_lab4/_ide/bitstream/design_HDL_HLS_v4_wrapper.bit"
02:47:53 INFO  : Context for 'APU' is selected.
02:47:53 INFO  : Hardware design and registers information is loaded from 'C:/Users/sunil/VivadoProjects/EE4218Labs/Lab4/lab4_hw_platform/integrated_coprocessor_v1/HDL_HLS_v4_platform_proj/export/HDL_HLS_v4_platform_proj/hw/design_HDL_HLS_v4_wrapper.xsa'.
02:47:53 INFO  : 'configparams force-mem-access 1' command is executed.
02:47:53 INFO  : Context for 'APU' is selected.
02:47:53 INFO  : Boot mode is read from the target.
02:47:53 INFO  : Context for processor 'psu_cortexa53_0' is selected.
02:47:53 INFO  : Processor reset is completed for 'psu_cortexa53_0'.
02:47:54 INFO  : The application 'C:/Users/sunil/VivadoProjects/EE4218Labs/Lab4/lab4_hw_platform/integrated_coprocessor_v1/HDL_HLS_v4_platform_proj/export/HDL_HLS_v4_platform_proj/sw/HDL_HLS_v4_platform_proj/boot/fsbl.elf' is downloaded to processor 'psu_cortexa53_0'.
02:47:54 INFO  : 'set bp_47_54_fsbl_bp [bpadd -addr &XFsbl_Exit]' command is executed.
02:47:54 INFO  : 'con -block -timeout 60' command is executed.
02:47:54 INFO  : 'bpremove $bp_47_54_fsbl_bp' command is executed.
02:47:54 INFO  : Context for processor 'psu_cortexa53_0' is selected.
02:47:54 INFO  : Processor reset is completed for 'psu_cortexa53_0'.
02:47:55 INFO  : The application 'C:/Users/sunil/VivadoProjects/EE4218Labs/Lab4/lab4_hw_platform/integrated_coprocessor_v1/MLP_Neural_network_project/Debug/MLP_Neural_network_project.elf' is downloaded to processor 'psu_cortexa53_0'.
02:47:55 INFO  : 'configparams force-mem-access 0' command is executed.
02:47:55 INFO  : ----------------XSDB Script----------------
connect -url tcp:127.0.0.1:3121
source C:/Xilinx/Vitis/2023.2/scripts/vitis/util/zynqmp_utils.tcl
targets -set -nocase -filter {name =~"APU*"}
rst -system
after 3000
targets -set -filter {jtag_cable_name =~ "Xilinx X-MLCC-01 XFL1NH42KNRVA" && level==0 && jtag_device_ctx=="jsn-X-MLCC-01-XFL1NH42KNRVA-04724093-0"}
fpga -file C:/Users/sunil/VivadoProjects/EE4218Labs/Lab4/lab4_hw_platform/integrated_coprocessor_v1/matrix_mult_lab4/_ide/bitstream/design_HDL_HLS_v4_wrapper.bit
targets -set -nocase -filter {name =~"APU*"}
loadhw -hw C:/Users/sunil/VivadoProjects/EE4218Labs/Lab4/lab4_hw_platform/integrated_coprocessor_v1/HDL_HLS_v4_platform_proj/export/HDL_HLS_v4_platform_proj/hw/design_HDL_HLS_v4_wrapper.xsa -mem-ranges [list {0x80000000 0xbfffffff} {0x400000000 0x5ffffffff} {0x1000000000 0x7fffffffff}] -regs
configparams force-mem-access 1
targets -set -nocase -filter {name =~"APU*"}
set mode [expr [mrd -value 0xFF5E0200] & 0xf]
targets -set -nocase -filter {name =~ "*A53*#0"}
rst -processor
dow C:/Users/sunil/VivadoProjects/EE4218Labs/Lab4/lab4_hw_platform/integrated_coprocessor_v1/HDL_HLS_v4_platform_proj/export/HDL_HLS_v4_platform_proj/sw/HDL_HLS_v4_platform_proj/boot/fsbl.elf
set bp_47_54_fsbl_bp [bpadd -addr &XFsbl_Exit]
con -block -timeout 60
bpremove $bp_47_54_fsbl_bp
targets -set -nocase -filter {name =~ "*A53*#0"}
rst -processor
dow C:/Users/sunil/VivadoProjects/EE4218Labs/Lab4/lab4_hw_platform/integrated_coprocessor_v1/MLP_Neural_network_project/Debug/MLP_Neural_network_project.elf
configparams force-mem-access 0
----------------End of Script----------------

02:47:55 INFO  : Context for processor 'psu_cortexa53_0' is selected.
02:47:55 INFO  : 'con' command is executed.
02:47:55 INFO  : ----------------XSDB Script (After Launch)----------------
targets -set -nocase -filter {name =~ "*A53*#0"}
con
----------------End of Script----------------

02:47:55 INFO  : Launch script is exported to file 'C:\Users\sunil\VivadoProjects\EE4218Labs\Lab4\lab4_hw_platform\integrated_coprocessor_v1\MLP_Neural_network_project_system\_ide\scripts\debugger_matrix_mult_lab4-v4.tcl'
02:48:07 INFO  : Disconnected from the channel tcfchan#1.
02:48:09 INFO  : Connected to target on host '127.0.0.1' and port '3121'.
02:48:10 INFO  : Jtag cable 'Xilinx X-MLCC-01 XFL1NH42KNRVA' is selected.
02:48:10 INFO  : 'jtag frequency' command is executed.
02:48:10 INFO  : Sourcing of 'C:/Xilinx/Vitis/2023.2/scripts/vitis/util/zynqmp_utils.tcl' is done.
02:48:10 INFO  : Context for 'APU' is selected.
02:48:11 INFO  : System reset is completed.
02:48:14 INFO  : 'after 3000' command is executed.
02:48:14 INFO  : 'targets -set -filter {jtag_cable_name =~ "Xilinx X-MLCC-01 XFL1NH42KNRVA" && level==0 && jtag_device_ctx=="jsn-X-MLCC-01-XFL1NH42KNRVA-04724093-0"}' command is executed.
02:48:18 INFO  : Device configured successfully with "C:/Users/sunil/VivadoProjects/EE4218Labs/Lab4/lab4_hw_platform/integrated_coprocessor_v1/matrix_mult_lab4/_ide/bitstream/design_HDL_HLS_v4_wrapper.bit"
02:48:18 INFO  : Context for 'APU' is selected.
02:48:18 INFO  : Hardware design and registers information is loaded from 'C:/Users/sunil/VivadoProjects/EE4218Labs/Lab4/lab4_hw_platform/integrated_coprocessor_v1/HDL_HLS_v4_platform_proj/export/HDL_HLS_v4_platform_proj/hw/design_HDL_HLS_v4_wrapper.xsa'.
02:48:18 INFO  : 'configparams force-mem-access 1' command is executed.
02:48:18 INFO  : Context for 'APU' is selected.
02:48:18 INFO  : Boot mode is read from the target.
02:48:18 INFO  : Context for processor 'psu_cortexa53_0' is selected.
02:48:19 INFO  : Processor reset is completed for 'psu_cortexa53_0'.
02:48:19 INFO  : The application 'C:/Users/sunil/VivadoProjects/EE4218Labs/Lab4/lab4_hw_platform/integrated_coprocessor_v1/HDL_HLS_v4_platform_proj/export/HDL_HLS_v4_platform_proj/sw/HDL_HLS_v4_platform_proj/boot/fsbl.elf' is downloaded to processor 'psu_cortexa53_0'.
02:48:19 INFO  : 'set bp_48_19_fsbl_bp [bpadd -addr &XFsbl_Exit]' command is executed.
02:48:19 INFO  : 'con -block -timeout 60' command is executed.
02:48:19 INFO  : 'bpremove $bp_48_19_fsbl_bp' command is executed.
02:48:19 INFO  : Context for processor 'psu_cortexa53_0' is selected.
02:48:19 INFO  : Processor reset is completed for 'psu_cortexa53_0'.
02:48:20 INFO  : The application 'C:/Users/sunil/VivadoProjects/EE4218Labs/Lab4/lab4_hw_platform/integrated_coprocessor_v1/MLP_Neural_network_project/Debug/MLP_Neural_network_project.elf' is downloaded to processor 'psu_cortexa53_0'.
02:48:20 INFO  : 'configparams force-mem-access 0' command is executed.
02:48:20 INFO  : ----------------XSDB Script----------------
connect -url tcp:127.0.0.1:3121
source C:/Xilinx/Vitis/2023.2/scripts/vitis/util/zynqmp_utils.tcl
targets -set -nocase -filter {name =~"APU*"}
rst -system
after 3000
targets -set -filter {jtag_cable_name =~ "Xilinx X-MLCC-01 XFL1NH42KNRVA" && level==0 && jtag_device_ctx=="jsn-X-MLCC-01-XFL1NH42KNRVA-04724093-0"}
fpga -file C:/Users/sunil/VivadoProjects/EE4218Labs/Lab4/lab4_hw_platform/integrated_coprocessor_v1/matrix_mult_lab4/_ide/bitstream/design_HDL_HLS_v4_wrapper.bit
targets -set -nocase -filter {name =~"APU*"}
loadhw -hw C:/Users/sunil/VivadoProjects/EE4218Labs/Lab4/lab4_hw_platform/integrated_coprocessor_v1/HDL_HLS_v4_platform_proj/export/HDL_HLS_v4_platform_proj/hw/design_HDL_HLS_v4_wrapper.xsa -mem-ranges [list {0x80000000 0xbfffffff} {0x400000000 0x5ffffffff} {0x1000000000 0x7fffffffff}] -regs
configparams force-mem-access 1
targets -set -nocase -filter {name =~"APU*"}
set mode [expr [mrd -value 0xFF5E0200] & 0xf]
targets -set -nocase -filter {name =~ "*A53*#0"}
rst -processor
dow C:/Users/sunil/VivadoProjects/EE4218Labs/Lab4/lab4_hw_platform/integrated_coprocessor_v1/HDL_HLS_v4_platform_proj/export/HDL_HLS_v4_platform_proj/sw/HDL_HLS_v4_platform_proj/boot/fsbl.elf
set bp_48_19_fsbl_bp [bpadd -addr &XFsbl_Exit]
con -block -timeout 60
bpremove $bp_48_19_fsbl_bp
targets -set -nocase -filter {name =~ "*A53*#0"}
rst -processor
dow C:/Users/sunil/VivadoProjects/EE4218Labs/Lab4/lab4_hw_platform/integrated_coprocessor_v1/MLP_Neural_network_project/Debug/MLP_Neural_network_project.elf
configparams force-mem-access 0
----------------End of Script----------------

02:48:20 INFO  : Context for processor 'psu_cortexa53_0' is selected.
02:48:20 INFO  : 'con' command is executed.
02:48:20 INFO  : ----------------XSDB Script (After Launch)----------------
targets -set -nocase -filter {name =~ "*A53*#0"}
con
----------------End of Script----------------

02:48:20 INFO  : Launch script is exported to file 'C:\Users\sunil\VivadoProjects\EE4218Labs\Lab4\lab4_hw_platform\integrated_coprocessor_v1\MLP_Neural_network_project_system\_ide\scripts\debugger_matrix_mult_lab4-v4.tcl'
02:52:23 INFO  : Disconnected from the channel tcfchan#2.
02:52:25 INFO  : Checking for BSP changes to sync application flags for project 'MLP_Neural_network_project'...
02:52:27 INFO  : Connected to target on host '127.0.0.1' and port '3121'.
02:52:29 INFO  : Jtag cable 'Xilinx X-MLCC-01 XFL1NH42KNRVA' is selected.
02:52:29 INFO  : 'jtag frequency' command is executed.
02:52:29 INFO  : Sourcing of 'C:/Xilinx/Vitis/2023.2/scripts/vitis/util/zynqmp_utils.tcl' is done.
02:52:29 INFO  : Context for 'APU' is selected.
02:52:29 INFO  : System reset is completed.
02:52:32 INFO  : 'after 3000' command is executed.
02:52:32 INFO  : 'targets -set -filter {jtag_cable_name =~ "Xilinx X-MLCC-01 XFL1NH42KNRVA" && level==0 && jtag_device_ctx=="jsn-X-MLCC-01-XFL1NH42KNRVA-04724093-0"}' command is executed.
02:52:36 INFO  : Device configured successfully with "C:/Users/sunil/VivadoProjects/EE4218Labs/Lab4/lab4_hw_platform/integrated_coprocessor_v1/matrix_mult_lab4/_ide/bitstream/design_HDL_HLS_v4_wrapper.bit"
02:52:36 INFO  : Context for 'APU' is selected.
02:52:36 INFO  : Hardware design and registers information is loaded from 'C:/Users/sunil/VivadoProjects/EE4218Labs/Lab4/lab4_hw_platform/integrated_coprocessor_v1/HDL_HLS_v4_platform_proj/export/HDL_HLS_v4_platform_proj/hw/design_HDL_HLS_v4_wrapper.xsa'.
02:52:36 INFO  : 'configparams force-mem-access 1' command is executed.
02:52:36 INFO  : Context for 'APU' is selected.
02:52:37 INFO  : Boot mode is read from the target.
02:52:37 INFO  : Context for processor 'psu_cortexa53_0' is selected.
02:52:37 INFO  : Processor reset is completed for 'psu_cortexa53_0'.
02:52:37 INFO  : The application 'C:/Users/sunil/VivadoProjects/EE4218Labs/Lab4/lab4_hw_platform/integrated_coprocessor_v1/HDL_HLS_v4_platform_proj/export/HDL_HLS_v4_platform_proj/sw/HDL_HLS_v4_platform_proj/boot/fsbl.elf' is downloaded to processor 'psu_cortexa53_0'.
02:52:37 INFO  : 'set bp_52_37_fsbl_bp [bpadd -addr &XFsbl_Exit]' command is executed.
02:52:37 INFO  : 'con -block -timeout 60' command is executed.
02:52:37 INFO  : 'bpremove $bp_52_37_fsbl_bp' command is executed.
02:52:37 INFO  : Context for processor 'psu_cortexa53_0' is selected.
02:52:37 INFO  : Processor reset is completed for 'psu_cortexa53_0'.
02:52:38 INFO  : The application 'C:/Users/sunil/VivadoProjects/EE4218Labs/Lab4/lab4_hw_platform/integrated_coprocessor_v1/MLP_Neural_network_project/Debug/MLP_Neural_network_project.elf' is downloaded to processor 'psu_cortexa53_0'.
02:52:38 INFO  : 'configparams force-mem-access 0' command is executed.
02:52:38 INFO  : ----------------XSDB Script----------------
connect -url tcp:127.0.0.1:3121
source C:/Xilinx/Vitis/2023.2/scripts/vitis/util/zynqmp_utils.tcl
targets -set -nocase -filter {name =~"APU*"}
rst -system
after 3000
targets -set -filter {jtag_cable_name =~ "Xilinx X-MLCC-01 XFL1NH42KNRVA" && level==0 && jtag_device_ctx=="jsn-X-MLCC-01-XFL1NH42KNRVA-04724093-0"}
fpga -file C:/Users/sunil/VivadoProjects/EE4218Labs/Lab4/lab4_hw_platform/integrated_coprocessor_v1/matrix_mult_lab4/_ide/bitstream/design_HDL_HLS_v4_wrapper.bit
targets -set -nocase -filter {name =~"APU*"}
loadhw -hw C:/Users/sunil/VivadoProjects/EE4218Labs/Lab4/lab4_hw_platform/integrated_coprocessor_v1/HDL_HLS_v4_platform_proj/export/HDL_HLS_v4_platform_proj/hw/design_HDL_HLS_v4_wrapper.xsa -mem-ranges [list {0x80000000 0xbfffffff} {0x400000000 0x5ffffffff} {0x1000000000 0x7fffffffff}] -regs
configparams force-mem-access 1
targets -set -nocase -filter {name =~"APU*"}
set mode [expr [mrd -value 0xFF5E0200] & 0xf]
targets -set -nocase -filter {name =~ "*A53*#0"}
rst -processor
dow C:/Users/sunil/VivadoProjects/EE4218Labs/Lab4/lab4_hw_platform/integrated_coprocessor_v1/HDL_HLS_v4_platform_proj/export/HDL_HLS_v4_platform_proj/sw/HDL_HLS_v4_platform_proj/boot/fsbl.elf
set bp_52_37_fsbl_bp [bpadd -addr &XFsbl_Exit]
con -block -timeout 60
bpremove $bp_52_37_fsbl_bp
targets -set -nocase -filter {name =~ "*A53*#0"}
rst -processor
dow C:/Users/sunil/VivadoProjects/EE4218Labs/Lab4/lab4_hw_platform/integrated_coprocessor_v1/MLP_Neural_network_project/Debug/MLP_Neural_network_project.elf
configparams force-mem-access 0
----------------End of Script----------------

02:52:38 INFO  : Context for processor 'psu_cortexa53_0' is selected.
02:52:38 INFO  : 'con' command is executed.
02:52:38 INFO  : ----------------XSDB Script (After Launch)----------------
targets -set -nocase -filter {name =~ "*A53*#0"}
con
----------------End of Script----------------

02:52:38 INFO  : Launch script is exported to file 'C:\Users\sunil\VivadoProjects\EE4218Labs\Lab4\lab4_hw_platform\integrated_coprocessor_v1\MLP_Neural_network_project_system\_ide\scripts\debugger_matrix_mult_lab4-v4.tcl'
02:54:21 INFO  : Disconnected from the channel tcfchan#3.
02:54:23 INFO  : Connected to target on host '127.0.0.1' and port '3121'.
02:54:24 INFO  : Jtag cable 'Xilinx X-MLCC-01 XFL1NH42KNRVA' is selected.
02:54:24 INFO  : 'jtag frequency' command is executed.
02:54:24 INFO  : Sourcing of 'C:/Xilinx/Vitis/2023.2/scripts/vitis/util/zynqmp_utils.tcl' is done.
02:54:24 INFO  : Context for 'APU' is selected.
02:54:25 INFO  : System reset is completed.
02:54:28 INFO  : 'after 3000' command is executed.
02:54:28 INFO  : 'targets -set -filter {jtag_cable_name =~ "Xilinx X-MLCC-01 XFL1NH42KNRVA" && level==0 && jtag_device_ctx=="jsn-X-MLCC-01-XFL1NH42KNRVA-04724093-0"}' command is executed.
02:54:32 INFO  : Device configured successfully with "C:/Users/sunil/VivadoProjects/EE4218Labs/Lab4/lab4_hw_platform/integrated_coprocessor_v1/matrix_mult_lab4/_ide/bitstream/design_HDL_HLS_v4_wrapper.bit"
02:54:32 INFO  : Context for 'APU' is selected.
02:54:32 INFO  : Hardware design and registers information is loaded from 'C:/Users/sunil/VivadoProjects/EE4218Labs/Lab4/lab4_hw_platform/integrated_coprocessor_v1/HDL_HLS_v4_platform_proj/export/HDL_HLS_v4_platform_proj/hw/design_HDL_HLS_v4_wrapper.xsa'.
02:54:32 INFO  : 'configparams force-mem-access 1' command is executed.
02:54:32 INFO  : Context for 'APU' is selected.
02:54:32 INFO  : Boot mode is read from the target.
02:54:32 INFO  : Context for processor 'psu_cortexa53_0' is selected.
02:54:33 INFO  : Processor reset is completed for 'psu_cortexa53_0'.
02:54:33 INFO  : The application 'C:/Users/sunil/VivadoProjects/EE4218Labs/Lab4/lab4_hw_platform/integrated_coprocessor_v1/HDL_HLS_v4_platform_proj/export/HDL_HLS_v4_platform_proj/sw/HDL_HLS_v4_platform_proj/boot/fsbl.elf' is downloaded to processor 'psu_cortexa53_0'.
02:54:33 INFO  : 'set bp_54_33_fsbl_bp [bpadd -addr &XFsbl_Exit]' command is executed.
02:54:33 INFO  : 'con -block -timeout 60' command is executed.
02:54:33 INFO  : 'bpremove $bp_54_33_fsbl_bp' command is executed.
02:54:33 INFO  : Context for processor 'psu_cortexa53_0' is selected.
02:54:33 INFO  : Processor reset is completed for 'psu_cortexa53_0'.
02:54:34 INFO  : The application 'C:/Users/sunil/VivadoProjects/EE4218Labs/Lab4/lab4_hw_platform/integrated_coprocessor_v1/MLP_Neural_network_project/Debug/MLP_Neural_network_project.elf' is downloaded to processor 'psu_cortexa53_0'.
02:54:34 INFO  : 'configparams force-mem-access 0' command is executed.
02:54:34 INFO  : ----------------XSDB Script----------------
connect -url tcp:127.0.0.1:3121
source C:/Xilinx/Vitis/2023.2/scripts/vitis/util/zynqmp_utils.tcl
targets -set -nocase -filter {name =~"APU*"}
rst -system
after 3000
targets -set -filter {jtag_cable_name =~ "Xilinx X-MLCC-01 XFL1NH42KNRVA" && level==0 && jtag_device_ctx=="jsn-X-MLCC-01-XFL1NH42KNRVA-04724093-0"}
fpga -file C:/Users/sunil/VivadoProjects/EE4218Labs/Lab4/lab4_hw_platform/integrated_coprocessor_v1/matrix_mult_lab4/_ide/bitstream/design_HDL_HLS_v4_wrapper.bit
targets -set -nocase -filter {name =~"APU*"}
loadhw -hw C:/Users/sunil/VivadoProjects/EE4218Labs/Lab4/lab4_hw_platform/integrated_coprocessor_v1/HDL_HLS_v4_platform_proj/export/HDL_HLS_v4_platform_proj/hw/design_HDL_HLS_v4_wrapper.xsa -mem-ranges [list {0x80000000 0xbfffffff} {0x400000000 0x5ffffffff} {0x1000000000 0x7fffffffff}] -regs
configparams force-mem-access 1
targets -set -nocase -filter {name =~"APU*"}
set mode [expr [mrd -value 0xFF5E0200] & 0xf]
targets -set -nocase -filter {name =~ "*A53*#0"}
rst -processor
dow C:/Users/sunil/VivadoProjects/EE4218Labs/Lab4/lab4_hw_platform/integrated_coprocessor_v1/HDL_HLS_v4_platform_proj/export/HDL_HLS_v4_platform_proj/sw/HDL_HLS_v4_platform_proj/boot/fsbl.elf
set bp_54_33_fsbl_bp [bpadd -addr &XFsbl_Exit]
con -block -timeout 60
bpremove $bp_54_33_fsbl_bp
targets -set -nocase -filter {name =~ "*A53*#0"}
rst -processor
dow C:/Users/sunil/VivadoProjects/EE4218Labs/Lab4/lab4_hw_platform/integrated_coprocessor_v1/MLP_Neural_network_project/Debug/MLP_Neural_network_project.elf
configparams force-mem-access 0
----------------End of Script----------------

02:54:34 INFO  : Context for processor 'psu_cortexa53_0' is selected.
02:54:34 INFO  : 'con' command is executed.
02:54:34 INFO  : ----------------XSDB Script (After Launch)----------------
targets -set -nocase -filter {name =~ "*A53*#0"}
con
----------------End of Script----------------

02:54:34 INFO  : Launch script is exported to file 'C:\Users\sunil\VivadoProjects\EE4218Labs\Lab4\lab4_hw_platform\integrated_coprocessor_v1\MLP_Neural_network_project_system\_ide\scripts\debugger_matrix_mult_lab4-v4.tcl'
02:57:27 INFO  : Disconnected from the channel tcfchan#4.
02:57:28 INFO  : Checking for BSP changes to sync application flags for project 'MLP_Neural_network_project'...
02:57:29 INFO  : Connected to target on host '127.0.0.1' and port '3121'.
02:57:31 INFO  : Jtag cable 'Xilinx X-MLCC-01 XFL1NH42KNRVA' is selected.
02:57:31 INFO  : 'jtag frequency' command is executed.
02:57:31 INFO  : Sourcing of 'C:/Xilinx/Vitis/2023.2/scripts/vitis/util/zynqmp_utils.tcl' is done.
02:57:31 INFO  : Context for 'APU' is selected.
02:57:32 INFO  : System reset is completed.
02:57:35 INFO  : 'after 3000' command is executed.
02:57:35 INFO  : 'targets -set -filter {jtag_cable_name =~ "Xilinx X-MLCC-01 XFL1NH42KNRVA" && level==0 && jtag_device_ctx=="jsn-X-MLCC-01-XFL1NH42KNRVA-04724093-0"}' command is executed.
02:57:39 INFO  : Device configured successfully with "C:/Users/sunil/VivadoProjects/EE4218Labs/Lab4/lab4_hw_platform/integrated_coprocessor_v1/matrix_mult_lab4/_ide/bitstream/design_HDL_HLS_v4_wrapper.bit"
02:57:39 INFO  : Context for 'APU' is selected.
02:57:39 INFO  : Hardware design and registers information is loaded from 'C:/Users/sunil/VivadoProjects/EE4218Labs/Lab4/lab4_hw_platform/integrated_coprocessor_v1/HDL_HLS_v4_platform_proj/export/HDL_HLS_v4_platform_proj/hw/design_HDL_HLS_v4_wrapper.xsa'.
02:57:39 INFO  : 'configparams force-mem-access 1' command is executed.
02:57:39 INFO  : Context for 'APU' is selected.
02:57:39 INFO  : Boot mode is read from the target.
02:57:39 INFO  : Context for processor 'psu_cortexa53_0' is selected.
02:57:39 INFO  : Processor reset is completed for 'psu_cortexa53_0'.
02:57:40 INFO  : The application 'C:/Users/sunil/VivadoProjects/EE4218Labs/Lab4/lab4_hw_platform/integrated_coprocessor_v1/HDL_HLS_v4_platform_proj/export/HDL_HLS_v4_platform_proj/sw/HDL_HLS_v4_platform_proj/boot/fsbl.elf' is downloaded to processor 'psu_cortexa53_0'.
02:57:40 INFO  : 'set bp_57_40_fsbl_bp [bpadd -addr &XFsbl_Exit]' command is executed.
02:57:40 INFO  : 'con -block -timeout 60' command is executed.
02:57:40 INFO  : 'bpremove $bp_57_40_fsbl_bp' command is executed.
02:57:40 INFO  : Context for processor 'psu_cortexa53_0' is selected.
02:57:40 INFO  : Processor reset is completed for 'psu_cortexa53_0'.
02:57:41 INFO  : The application 'C:/Users/sunil/VivadoProjects/EE4218Labs/Lab4/lab4_hw_platform/integrated_coprocessor_v1/MLP_Neural_network_project/Debug/MLP_Neural_network_project.elf' is downloaded to processor 'psu_cortexa53_0'.
02:57:41 INFO  : 'configparams force-mem-access 0' command is executed.
02:57:41 INFO  : ----------------XSDB Script----------------
connect -url tcp:127.0.0.1:3121
source C:/Xilinx/Vitis/2023.2/scripts/vitis/util/zynqmp_utils.tcl
targets -set -nocase -filter {name =~"APU*"}
rst -system
after 3000
targets -set -filter {jtag_cable_name =~ "Xilinx X-MLCC-01 XFL1NH42KNRVA" && level==0 && jtag_device_ctx=="jsn-X-MLCC-01-XFL1NH42KNRVA-04724093-0"}
fpga -file C:/Users/sunil/VivadoProjects/EE4218Labs/Lab4/lab4_hw_platform/integrated_coprocessor_v1/matrix_mult_lab4/_ide/bitstream/design_HDL_HLS_v4_wrapper.bit
targets -set -nocase -filter {name =~"APU*"}
loadhw -hw C:/Users/sunil/VivadoProjects/EE4218Labs/Lab4/lab4_hw_platform/integrated_coprocessor_v1/HDL_HLS_v4_platform_proj/export/HDL_HLS_v4_platform_proj/hw/design_HDL_HLS_v4_wrapper.xsa -mem-ranges [list {0x80000000 0xbfffffff} {0x400000000 0x5ffffffff} {0x1000000000 0x7fffffffff}] -regs
configparams force-mem-access 1
targets -set -nocase -filter {name =~"APU*"}
set mode [expr [mrd -value 0xFF5E0200] & 0xf]
targets -set -nocase -filter {name =~ "*A53*#0"}
rst -processor
dow C:/Users/sunil/VivadoProjects/EE4218Labs/Lab4/lab4_hw_platform/integrated_coprocessor_v1/HDL_HLS_v4_platform_proj/export/HDL_HLS_v4_platform_proj/sw/HDL_HLS_v4_platform_proj/boot/fsbl.elf
set bp_57_40_fsbl_bp [bpadd -addr &XFsbl_Exit]
con -block -timeout 60
bpremove $bp_57_40_fsbl_bp
targets -set -nocase -filter {name =~ "*A53*#0"}
rst -processor
dow C:/Users/sunil/VivadoProjects/EE4218Labs/Lab4/lab4_hw_platform/integrated_coprocessor_v1/MLP_Neural_network_project/Debug/MLP_Neural_network_project.elf
configparams force-mem-access 0
----------------End of Script----------------

02:57:41 INFO  : Context for processor 'psu_cortexa53_0' is selected.
02:57:41 INFO  : 'con' command is executed.
02:57:41 INFO  : ----------------XSDB Script (After Launch)----------------
targets -set -nocase -filter {name =~ "*A53*#0"}
con
----------------End of Script----------------

02:57:41 INFO  : Launch script is exported to file 'C:\Users\sunil\VivadoProjects\EE4218Labs\Lab4\lab4_hw_platform\integrated_coprocessor_v1\MLP_Neural_network_project_system\_ide\scripts\debugger_matrix_mult_lab4-v4.tcl'
02:57:53 INFO  : Disconnected from the channel tcfchan#5.
02:57:55 INFO  : Connected to target on host '127.0.0.1' and port '3121'.
02:57:56 INFO  : Jtag cable 'Xilinx X-MLCC-01 XFL1NH42KNRVA' is selected.
02:57:56 INFO  : 'jtag frequency' command is executed.
02:57:56 INFO  : Sourcing of 'C:/Xilinx/Vitis/2023.2/scripts/vitis/util/zynqmp_utils.tcl' is done.
02:57:56 INFO  : Context for 'APU' is selected.
02:57:57 INFO  : System reset is completed.
02:58:00 INFO  : 'after 3000' command is executed.
02:58:00 INFO  : 'targets -set -filter {jtag_cable_name =~ "Xilinx X-MLCC-01 XFL1NH42KNRVA" && level==0 && jtag_device_ctx=="jsn-X-MLCC-01-XFL1NH42KNRVA-04724093-0"}' command is executed.
02:58:04 INFO  : Device configured successfully with "C:/Users/sunil/VivadoProjects/EE4218Labs/Lab4/lab4_hw_platform/integrated_coprocessor_v1/matrix_mult_lab4/_ide/bitstream/design_HDL_HLS_v4_wrapper.bit"
02:58:04 INFO  : Context for 'APU' is selected.
02:58:04 INFO  : Hardware design and registers information is loaded from 'C:/Users/sunil/VivadoProjects/EE4218Labs/Lab4/lab4_hw_platform/integrated_coprocessor_v1/HDL_HLS_v4_platform_proj/export/HDL_HLS_v4_platform_proj/hw/design_HDL_HLS_v4_wrapper.xsa'.
02:58:04 INFO  : 'configparams force-mem-access 1' command is executed.
02:58:04 INFO  : Context for 'APU' is selected.
02:58:04 INFO  : Boot mode is read from the target.
02:58:04 INFO  : Context for processor 'psu_cortexa53_0' is selected.
02:58:04 INFO  : Processor reset is completed for 'psu_cortexa53_0'.
02:58:05 INFO  : The application 'C:/Users/sunil/VivadoProjects/EE4218Labs/Lab4/lab4_hw_platform/integrated_coprocessor_v1/HDL_HLS_v4_platform_proj/export/HDL_HLS_v4_platform_proj/sw/HDL_HLS_v4_platform_proj/boot/fsbl.elf' is downloaded to processor 'psu_cortexa53_0'.
02:58:05 INFO  : 'set bp_58_5_fsbl_bp [bpadd -addr &XFsbl_Exit]' command is executed.
02:58:05 INFO  : 'con -block -timeout 60' command is executed.
02:58:05 INFO  : 'bpremove $bp_58_5_fsbl_bp' command is executed.
02:58:05 INFO  : Context for processor 'psu_cortexa53_0' is selected.
02:58:05 INFO  : Processor reset is completed for 'psu_cortexa53_0'.
02:58:06 INFO  : The application 'C:/Users/sunil/VivadoProjects/EE4218Labs/Lab4/lab4_hw_platform/integrated_coprocessor_v1/MLP_Neural_network_project/Debug/MLP_Neural_network_project.elf' is downloaded to processor 'psu_cortexa53_0'.
02:58:06 INFO  : 'configparams force-mem-access 0' command is executed.
02:58:06 INFO  : ----------------XSDB Script----------------
connect -url tcp:127.0.0.1:3121
source C:/Xilinx/Vitis/2023.2/scripts/vitis/util/zynqmp_utils.tcl
targets -set -nocase -filter {name =~"APU*"}
rst -system
after 3000
targets -set -filter {jtag_cable_name =~ "Xilinx X-MLCC-01 XFL1NH42KNRVA" && level==0 && jtag_device_ctx=="jsn-X-MLCC-01-XFL1NH42KNRVA-04724093-0"}
fpga -file C:/Users/sunil/VivadoProjects/EE4218Labs/Lab4/lab4_hw_platform/integrated_coprocessor_v1/matrix_mult_lab4/_ide/bitstream/design_HDL_HLS_v4_wrapper.bit
targets -set -nocase -filter {name =~"APU*"}
loadhw -hw C:/Users/sunil/VivadoProjects/EE4218Labs/Lab4/lab4_hw_platform/integrated_coprocessor_v1/HDL_HLS_v4_platform_proj/export/HDL_HLS_v4_platform_proj/hw/design_HDL_HLS_v4_wrapper.xsa -mem-ranges [list {0x80000000 0xbfffffff} {0x400000000 0x5ffffffff} {0x1000000000 0x7fffffffff}] -regs
configparams force-mem-access 1
targets -set -nocase -filter {name =~"APU*"}
set mode [expr [mrd -value 0xFF5E0200] & 0xf]
targets -set -nocase -filter {name =~ "*A53*#0"}
rst -processor
dow C:/Users/sunil/VivadoProjects/EE4218Labs/Lab4/lab4_hw_platform/integrated_coprocessor_v1/HDL_HLS_v4_platform_proj/export/HDL_HLS_v4_platform_proj/sw/HDL_HLS_v4_platform_proj/boot/fsbl.elf
set bp_58_5_fsbl_bp [bpadd -addr &XFsbl_Exit]
con -block -timeout 60
bpremove $bp_58_5_fsbl_bp
targets -set -nocase -filter {name =~ "*A53*#0"}
rst -processor
dow C:/Users/sunil/VivadoProjects/EE4218Labs/Lab4/lab4_hw_platform/integrated_coprocessor_v1/MLP_Neural_network_project/Debug/MLP_Neural_network_project.elf
configparams force-mem-access 0
----------------End of Script----------------

02:58:06 INFO  : Context for processor 'psu_cortexa53_0' is selected.
02:58:06 INFO  : 'con' command is executed.
02:58:06 INFO  : ----------------XSDB Script (After Launch)----------------
targets -set -nocase -filter {name =~ "*A53*#0"}
con
----------------End of Script----------------

02:58:06 INFO  : Launch script is exported to file 'C:\Users\sunil\VivadoProjects\EE4218Labs\Lab4\lab4_hw_platform\integrated_coprocessor_v1\MLP_Neural_network_project_system\_ide\scripts\debugger_matrix_mult_lab4-v4.tcl'
03:01:19 INFO  : Disconnected from the channel tcfchan#6.
03:01:20 INFO  : Connected to target on host '127.0.0.1' and port '3121'.
03:01:21 INFO  : Jtag cable 'Xilinx X-MLCC-01 XFL1NH42KNRVA' is selected.
03:01:21 INFO  : 'jtag frequency' command is executed.
03:01:21 INFO  : Sourcing of 'C:/Xilinx/Vitis/2023.2/scripts/vitis/util/zynqmp_utils.tcl' is done.
03:01:21 INFO  : Context for 'APU' is selected.
03:01:21 INFO  : System reset is completed.
03:01:24 INFO  : 'after 3000' command is executed.
03:01:24 INFO  : 'targets -set -filter {jtag_cable_name =~ "Xilinx X-MLCC-01 XFL1NH42KNRVA" && level==0 && jtag_device_ctx=="jsn-X-MLCC-01-XFL1NH42KNRVA-04724093-0"}' command is executed.
03:01:28 INFO  : Device configured successfully with "C:/Users/sunil/VivadoProjects/EE4218Labs/Lab4/lab4_hw_platform/integrated_coprocessor_v1/matrix_mult_lab4/_ide/bitstream/design_HDL_HLS_v4_wrapper.bit"
03:01:28 INFO  : Context for 'APU' is selected.
03:01:28 INFO  : Hardware design and registers information is loaded from 'C:/Users/sunil/VivadoProjects/EE4218Labs/Lab4/lab4_hw_platform/integrated_coprocessor_v1/HDL_HLS_v4_platform_proj/export/HDL_HLS_v4_platform_proj/hw/design_HDL_HLS_v4_wrapper.xsa'.
03:01:28 INFO  : 'configparams force-mem-access 1' command is executed.
03:01:29 INFO  : Context for 'APU' is selected.
03:01:29 INFO  : Boot mode is read from the target.
03:01:29 INFO  : Context for processor 'psu_cortexa53_0' is selected.
03:01:29 INFO  : Processor reset is completed for 'psu_cortexa53_0'.
03:01:29 INFO  : The application 'C:/Users/sunil/VivadoProjects/EE4218Labs/Lab4/lab4_hw_platform/integrated_coprocessor_v1/HDL_HLS_v4_platform_proj/export/HDL_HLS_v4_platform_proj/sw/HDL_HLS_v4_platform_proj/boot/fsbl.elf' is downloaded to processor 'psu_cortexa53_0'.
03:01:29 INFO  : 'set bp_1_29_fsbl_bp [bpadd -addr &XFsbl_Exit]' command is executed.
03:01:29 INFO  : 'con -block -timeout 60' command is executed.
03:01:29 INFO  : 'bpremove $bp_1_29_fsbl_bp' command is executed.
03:01:29 INFO  : Context for processor 'psu_cortexa53_0' is selected.
03:01:30 INFO  : Processor reset is completed for 'psu_cortexa53_0'.
03:01:30 INFO  : The application 'C:/Users/sunil/VivadoProjects/EE4218Labs/Lab4/lab4_hw_platform/integrated_coprocessor_v1/MLP_Neural_network_project/Debug/MLP_Neural_network_project.elf' is downloaded to processor 'psu_cortexa53_0'.
03:01:30 INFO  : 'configparams force-mem-access 0' command is executed.
03:01:30 INFO  : ----------------XSDB Script----------------
connect -url tcp:127.0.0.1:3121
source C:/Xilinx/Vitis/2023.2/scripts/vitis/util/zynqmp_utils.tcl
targets -set -nocase -filter {name =~"APU*"}
rst -system
after 3000
targets -set -filter {jtag_cable_name =~ "Xilinx X-MLCC-01 XFL1NH42KNRVA" && level==0 && jtag_device_ctx=="jsn-X-MLCC-01-XFL1NH42KNRVA-04724093-0"}
fpga -file C:/Users/sunil/VivadoProjects/EE4218Labs/Lab4/lab4_hw_platform/integrated_coprocessor_v1/matrix_mult_lab4/_ide/bitstream/design_HDL_HLS_v4_wrapper.bit
targets -set -nocase -filter {name =~"APU*"}
loadhw -hw C:/Users/sunil/VivadoProjects/EE4218Labs/Lab4/lab4_hw_platform/integrated_coprocessor_v1/HDL_HLS_v4_platform_proj/export/HDL_HLS_v4_platform_proj/hw/design_HDL_HLS_v4_wrapper.xsa -mem-ranges [list {0x80000000 0xbfffffff} {0x400000000 0x5ffffffff} {0x1000000000 0x7fffffffff}] -regs
configparams force-mem-access 1
targets -set -nocase -filter {name =~"APU*"}
set mode [expr [mrd -value 0xFF5E0200] & 0xf]
targets -set -nocase -filter {name =~ "*A53*#0"}
rst -processor
dow C:/Users/sunil/VivadoProjects/EE4218Labs/Lab4/lab4_hw_platform/integrated_coprocessor_v1/HDL_HLS_v4_platform_proj/export/HDL_HLS_v4_platform_proj/sw/HDL_HLS_v4_platform_proj/boot/fsbl.elf
set bp_1_29_fsbl_bp [bpadd -addr &XFsbl_Exit]
con -block -timeout 60
bpremove $bp_1_29_fsbl_bp
targets -set -nocase -filter {name =~ "*A53*#0"}
rst -processor
dow C:/Users/sunil/VivadoProjects/EE4218Labs/Lab4/lab4_hw_platform/integrated_coprocessor_v1/MLP_Neural_network_project/Debug/MLP_Neural_network_project.elf
configparams force-mem-access 0
----------------End of Script----------------

03:01:31 INFO  : Context for processor 'psu_cortexa53_0' is selected.
03:01:31 INFO  : 'con' command is executed.
03:01:31 INFO  : ----------------XSDB Script (After Launch)----------------
targets -set -nocase -filter {name =~ "*A53*#0"}
con
----------------End of Script----------------

03:01:31 INFO  : Launch script is exported to file 'C:\Users\sunil\VivadoProjects\EE4218Labs\Lab4\lab4_hw_platform\integrated_coprocessor_v1\MLP_Neural_network_project_system\_ide\scripts\debugger_matrix_mult_lab4-v4.tcl'
03:03:20 INFO  : Disconnected from the channel tcfchan#7.
03:03:43 INFO  : Result from executing command 'getProjects': HDL_HLS_v2_platform_project;HDL_HLS_v3_platform_proj;HDL_HLS_v4_platform_proj;lab4_v2
03:03:43 INFO  : Result from executing command 'getPlatforms': HDL_HLS_v2_platform_project|C:/Users/sunil/VivadoProjects/EE4218Labs/Lab4/lab4_hw_platform/integrated_coprocessor_v1/HDL_HLS_v2_platform_project/export/HDL_HLS_v2_platform_project/HDL_HLS_v2_platform_project.xpfm;HDL_HLS_v3_platform_proj|C:/Users/sunil/VivadoProjects/EE4218Labs/Lab4/lab4_hw_platform/integrated_coprocessor_v1/HDL_HLS_v3_platform_proj/export/HDL_HLS_v3_platform_proj/HDL_HLS_v3_platform_proj.xpfm;HDL_HLS_v4_platform_proj|C:/Users/sunil/VivadoProjects/EE4218Labs/Lab4/lab4_hw_platform/integrated_coprocessor_v1/HDL_HLS_v4_platform_proj/export/HDL_HLS_v4_platform_proj/HDL_HLS_v4_platform_proj.xpfm;integrated_coprocessor_fifo|C:/Users/sunil/VivadoProjects/EE4218Labs/Lab4/integrated_coprocessor_v1/integrated_coprocessor_fifo/export/integrated_coprocessor_fifo/integrated_coprocessor_fifo.xpfm;lab4_v2|C:/Users/sunil/VivadoProjects/EE4218Labs/Lab4/lab4_hw_platform/integrated_coprocessor_v1/lab4_v2/export/lab4_v2/lab4_v2.xpfm;xilinx_zcu102_base_202320_1|C:/Xilinx/Vitis/2023.2/base_platforms/xilinx_zcu102_base_202320_1/xilinx_zcu102_base_202320_1.xpfm;xilinx_zcu102_base_dfx_202320_1|C:/Xilinx/Vitis/2023.2/base_platforms/xilinx_zcu102_base_dfx_202320_1/xilinx_zcu102_base_dfx_202320_1.xpfm;xilinx_zcu104_base_202320_1|C:/Xilinx/Vitis/2023.2/base_platforms/xilinx_zcu104_base_202320_1/xilinx_zcu104_base_202320_1.xpfm
03:03:44 INFO  : Checking for BSP changes to sync application flags for project 'MLP_Neural_network_project'...
03:03:48 INFO  : Connected to target on host '127.0.0.1' and port '3121'.
03:03:51 INFO  : Jtag cable 'Xilinx X-MLCC-01 XFL1NH42KNRVA' is selected.
03:03:51 INFO  : 'jtag frequency' command is executed.
03:03:51 INFO  : Sourcing of 'C:/Xilinx/Vitis/2023.2/scripts/vitis/util/zynqmp_utils.tcl' is done.
03:03:53 INFO  : Context for 'APU' is selected.
03:03:53 INFO  : System reset is completed.
03:03:56 INFO  : 'after 3000' command is executed.
03:03:59 INFO  : 'targets -set -filter {jtag_cable_name =~ "Xilinx X-MLCC-01 XFL1NH42KNRVA" && level==0 && jtag_device_ctx=="jsn-X-MLCC-01-XFL1NH42KNRVA-04724093-0"}' command is executed.
03:03:59 ERROR : 'fpga -file C:/Users/sunil/VivadoProjects/EE4218Labs/Lab4/lab4_hw_platform/integrated_coprocessor_v1/matrix_mult_lab4/_ide/bitstream/design_HDL_HLS_v4_wrapper.bit' is cancelled.
03:03:59 ERROR : Exception occured while running Program Device.
java.lang.RuntimeException: 'fpga -file C:/Users/sunil/VivadoProjects/EE4218Labs/Lab4/lab4_hw_platform/integrated_coprocessor_v1/matrix_mult_lab4/_ide/bitstream/design_HDL_HLS_v4_wrapper.bit' is cancelled.
03:03:59 INFO  : ----------------XSDB Script----------------
connect -url tcp:127.0.0.1:3121
source C:/Xilinx/Vitis/2023.2/scripts/vitis/util/zynqmp_utils.tcl
targets -set -nocase -filter {name =~"APU*"}
rst -system
after 3000
----------------End of Script----------------

03:03:59 ERROR : 'fpga -file C:/Users/sunil/VivadoProjects/EE4218Labs/Lab4/lab4_hw_platform/integrated_coprocessor_v1/matrix_mult_lab4/_ide/bitstream/design_HDL_HLS_v4_wrapper.bit' is cancelled.
03:04:44 INFO  : Checking for BSP changes to sync application flags for project 'MLP_Neural_network_project'...
03:04:45 INFO  : Connected to target on host '127.0.0.1' and port '3121'.
03:04:45 INFO  : Jtag cable 'Xilinx X-MLCC-01 XFL1NH42KNRVA' is selected.
03:04:45 INFO  : 'jtag frequency' command is executed.
03:04:45 INFO  : Sourcing of 'C:/Xilinx/Vitis/2023.2/scripts/vitis/util/zynqmp_utils.tcl' is done.
03:04:45 INFO  : Context for 'APU' is selected.
03:04:46 INFO  : System reset is completed.
03:04:49 INFO  : 'after 3000' command is executed.
03:04:49 INFO  : 'targets -set -filter {jtag_cable_name =~ "Xilinx X-MLCC-01 XFL1NH42KNRVA" && level==0 && jtag_device_ctx=="jsn-X-MLCC-01-XFL1NH42KNRVA-04724093-0"}' command is executed.
03:04:53 INFO  : Device configured successfully with "C:/Users/sunil/VivadoProjects/EE4218Labs/Lab4/lab4_hw_platform/integrated_coprocessor_v1/matrix_mult_lab4/_ide/bitstream/design_HDL_HLS_v4_wrapper.bit"
03:04:53 INFO  : Context for 'APU' is selected.
03:04:53 INFO  : Hardware design and registers information is loaded from 'C:/Users/sunil/VivadoProjects/EE4218Labs/Lab4/lab4_hw_platform/integrated_coprocessor_v1/HDL_HLS_v4_platform_proj/export/HDL_HLS_v4_platform_proj/hw/design_HDL_HLS_v4_wrapper.xsa'.
03:04:53 INFO  : 'configparams force-mem-access 1' command is executed.
03:04:53 INFO  : Context for 'APU' is selected.
03:04:53 INFO  : Boot mode is read from the target.
03:04:54 INFO  : Context for processor 'psu_cortexa53_0' is selected.
03:04:54 INFO  : Processor reset is completed for 'psu_cortexa53_0'.
03:04:54 INFO  : The application 'C:/Users/sunil/VivadoProjects/EE4218Labs/Lab4/lab4_hw_platform/integrated_coprocessor_v1/HDL_HLS_v4_platform_proj/export/HDL_HLS_v4_platform_proj/sw/HDL_HLS_v4_platform_proj/boot/fsbl.elf' is downloaded to processor 'psu_cortexa53_0'.
03:04:54 INFO  : 'set bp_4_54_fsbl_bp [bpadd -addr &XFsbl_Exit]' command is executed.
03:04:54 INFO  : 'con -block -timeout 60' command is executed.
03:04:54 INFO  : 'bpremove $bp_4_54_fsbl_bp' command is executed.
03:04:54 INFO  : Context for processor 'psu_cortexa53_0' is selected.
03:04:54 INFO  : Processor reset is completed for 'psu_cortexa53_0'.
03:04:55 INFO  : The application 'C:/Users/sunil/VivadoProjects/EE4218Labs/Lab4/lab4_hw_platform/integrated_coprocessor_v1/MLP_Neural_network_project/Debug/MLP_Neural_network_project.elf' is downloaded to processor 'psu_cortexa53_0'.
03:04:55 INFO  : 'configparams force-mem-access 0' command is executed.
03:04:55 INFO  : ----------------XSDB Script----------------
connect -url tcp:127.0.0.1:3121
source C:/Xilinx/Vitis/2023.2/scripts/vitis/util/zynqmp_utils.tcl
targets -set -nocase -filter {name =~"APU*"}
rst -system
after 3000
targets -set -filter {jtag_cable_name =~ "Xilinx X-MLCC-01 XFL1NH42KNRVA" && level==0 && jtag_device_ctx=="jsn-X-MLCC-01-XFL1NH42KNRVA-04724093-0"}
fpga -file C:/Users/sunil/VivadoProjects/EE4218Labs/Lab4/lab4_hw_platform/integrated_coprocessor_v1/matrix_mult_lab4/_ide/bitstream/design_HDL_HLS_v4_wrapper.bit
targets -set -nocase -filter {name =~"APU*"}
loadhw -hw C:/Users/sunil/VivadoProjects/EE4218Labs/Lab4/lab4_hw_platform/integrated_coprocessor_v1/HDL_HLS_v4_platform_proj/export/HDL_HLS_v4_platform_proj/hw/design_HDL_HLS_v4_wrapper.xsa -mem-ranges [list {0x80000000 0xbfffffff} {0x400000000 0x5ffffffff} {0x1000000000 0x7fffffffff}] -regs
configparams force-mem-access 1
targets -set -nocase -filter {name =~"APU*"}
set mode [expr [mrd -value 0xFF5E0200] & 0xf]
targets -set -nocase -filter {name =~ "*A53*#0"}
rst -processor
dow C:/Users/sunil/VivadoProjects/EE4218Labs/Lab4/lab4_hw_platform/integrated_coprocessor_v1/HDL_HLS_v4_platform_proj/export/HDL_HLS_v4_platform_proj/sw/HDL_HLS_v4_platform_proj/boot/fsbl.elf
set bp_4_54_fsbl_bp [bpadd -addr &XFsbl_Exit]
con -block -timeout 60
bpremove $bp_4_54_fsbl_bp
targets -set -nocase -filter {name =~ "*A53*#0"}
rst -processor
dow C:/Users/sunil/VivadoProjects/EE4218Labs/Lab4/lab4_hw_platform/integrated_coprocessor_v1/MLP_Neural_network_project/Debug/MLP_Neural_network_project.elf
configparams force-mem-access 0
----------------End of Script----------------

03:04:55 INFO  : Context for processor 'psu_cortexa53_0' is selected.
03:04:55 INFO  : 'con' command is executed.
03:04:55 INFO  : ----------------XSDB Script (After Launch)----------------
targets -set -nocase -filter {name =~ "*A53*#0"}
con
----------------End of Script----------------

03:04:55 INFO  : Launch script is exported to file 'C:\Users\sunil\VivadoProjects\EE4218Labs\Lab4\lab4_hw_platform\integrated_coprocessor_v1\MLP_Neural_network_project_system\_ide\scripts\debugger_matrix_mult_lab4-v4.tcl'
03:05:38 INFO  : Disconnected from the channel tcfchan#9.
03:05:39 INFO  : Connected to target on host '127.0.0.1' and port '3121'.
03:05:49 INFO  : ----------------XSDB Script----------------
connect -url tcp:127.0.0.1:3121
----------------End of Script----------------

03:05:49 ERROR : Could not find ARM device on the board for connection 'Local'.
Check if the target is in:
1. Split JTAG - No operations are possible with ARM DAP.
2. Non JTAG bootmode - Bootrom may need time to enable DAP.
Please try again.


Troubleshooting hints:
1. Check whether board is connected to system properly.
2. In case of zynq board, check whether Digilent/Xilinx cable switch settings are correct.
3. If you are using Xilinx Platform Cable USB, ensure that status LED is green.
03:05:54 INFO  : Connected to target on host '127.0.0.1' and port '3121'.
03:05:54 INFO  : Jtag cable 'Xilinx X-MLCC-01 XFL1NH42KNRVA' is selected.
03:05:54 INFO  : 'jtag frequency' command is executed.
03:05:54 INFO  : Sourcing of 'C:/Xilinx/Vitis/2023.2/scripts/vitis/util/zynqmp_utils.tcl' is done.
03:05:54 INFO  : Context for 'APU' is selected.
03:05:55 INFO  : System reset is completed.
03:05:58 INFO  : 'after 3000' command is executed.
03:05:58 INFO  : 'targets -set -filter {jtag_cable_name =~ "Xilinx X-MLCC-01 XFL1NH42KNRVA" && level==0 && jtag_device_ctx=="jsn-X-MLCC-01-XFL1NH42KNRVA-04724093-0"}' command is executed.
03:06:02 INFO  : Device configured successfully with "C:/Users/sunil/VivadoProjects/EE4218Labs/Lab4/lab4_hw_platform/integrated_coprocessor_v1/matrix_mult_lab4/_ide/bitstream/design_HDL_HLS_v4_wrapper.bit"
03:06:02 INFO  : Context for 'APU' is selected.
03:06:02 INFO  : Hardware design and registers information is loaded from 'C:/Users/sunil/VivadoProjects/EE4218Labs/Lab4/lab4_hw_platform/integrated_coprocessor_v1/HDL_HLS_v4_platform_proj/export/HDL_HLS_v4_platform_proj/hw/design_HDL_HLS_v4_wrapper.xsa'.
03:06:02 INFO  : 'configparams force-mem-access 1' command is executed.
03:06:02 INFO  : Context for 'APU' is selected.
03:06:02 INFO  : Boot mode is read from the target.
03:06:02 INFO  : Context for processor 'psu_cortexa53_0' is selected.
03:06:02 INFO  : Processor reset is completed for 'psu_cortexa53_0'.
03:06:03 INFO  : The application 'C:/Users/sunil/VivadoProjects/EE4218Labs/Lab4/lab4_hw_platform/integrated_coprocessor_v1/HDL_HLS_v4_platform_proj/export/HDL_HLS_v4_platform_proj/sw/HDL_HLS_v4_platform_proj/boot/fsbl.elf' is downloaded to processor 'psu_cortexa53_0'.
03:06:03 INFO  : 'set bp_6_3_fsbl_bp [bpadd -addr &XFsbl_Exit]' command is executed.
03:06:03 INFO  : 'con -block -timeout 60' command is executed.
03:06:03 INFO  : 'bpremove $bp_6_3_fsbl_bp' command is executed.
03:06:03 INFO  : Context for processor 'psu_cortexa53_0' is selected.
03:06:03 INFO  : Processor reset is completed for 'psu_cortexa53_0'.
03:06:04 INFO  : The application 'C:/Users/sunil/VivadoProjects/EE4218Labs/Lab4/lab4_hw_platform/integrated_coprocessor_v1/MLP_Neural_network_project/Debug/MLP_Neural_network_project.elf' is downloaded to processor 'psu_cortexa53_0'.
03:06:04 INFO  : 'configparams force-mem-access 0' command is executed.
03:06:04 INFO  : ----------------XSDB Script----------------
connect -url tcp:127.0.0.1:3121
source C:/Xilinx/Vitis/2023.2/scripts/vitis/util/zynqmp_utils.tcl
targets -set -nocase -filter {name =~"APU*"}
rst -system
after 3000
targets -set -filter {jtag_cable_name =~ "Xilinx X-MLCC-01 XFL1NH42KNRVA" && level==0 && jtag_device_ctx=="jsn-X-MLCC-01-XFL1NH42KNRVA-04724093-0"}
fpga -file C:/Users/sunil/VivadoProjects/EE4218Labs/Lab4/lab4_hw_platform/integrated_coprocessor_v1/matrix_mult_lab4/_ide/bitstream/design_HDL_HLS_v4_wrapper.bit
targets -set -nocase -filter {name =~"APU*"}
loadhw -hw C:/Users/sunil/VivadoProjects/EE4218Labs/Lab4/lab4_hw_platform/integrated_coprocessor_v1/HDL_HLS_v4_platform_proj/export/HDL_HLS_v4_platform_proj/hw/design_HDL_HLS_v4_wrapper.xsa -mem-ranges [list {0x80000000 0xbfffffff} {0x400000000 0x5ffffffff} {0x1000000000 0x7fffffffff}] -regs
configparams force-mem-access 1
targets -set -nocase -filter {name =~"APU*"}
set mode [expr [mrd -value 0xFF5E0200] & 0xf]
targets -set -nocase -filter {name =~ "*A53*#0"}
rst -processor
dow C:/Users/sunil/VivadoProjects/EE4218Labs/Lab4/lab4_hw_platform/integrated_coprocessor_v1/HDL_HLS_v4_platform_proj/export/HDL_HLS_v4_platform_proj/sw/HDL_HLS_v4_platform_proj/boot/fsbl.elf
set bp_6_3_fsbl_bp [bpadd -addr &XFsbl_Exit]
con -block -timeout 60
bpremove $bp_6_3_fsbl_bp
targets -set -nocase -filter {name =~ "*A53*#0"}
rst -processor
dow C:/Users/sunil/VivadoProjects/EE4218Labs/Lab4/lab4_hw_platform/integrated_coprocessor_v1/MLP_Neural_network_project/Debug/MLP_Neural_network_project.elf
configparams force-mem-access 0
----------------End of Script----------------

03:06:04 INFO  : Context for processor 'psu_cortexa53_0' is selected.
03:06:04 INFO  : 'con' command is executed.
03:06:04 INFO  : ----------------XSDB Script (After Launch)----------------
targets -set -nocase -filter {name =~ "*A53*#0"}
con
----------------End of Script----------------

03:06:04 INFO  : Launch script is exported to file 'C:\Users\sunil\VivadoProjects\EE4218Labs\Lab4\lab4_hw_platform\integrated_coprocessor_v1\MLP_Neural_network_project_system\_ide\scripts\debugger_matrix_mult_lab4-v4.tcl'
03:08:17 INFO  : Disconnected from the channel tcfchan#10.
