Copyright 1986-2022 Xilinx, Inc. All Rights Reserved. Copyright 2022-2023 Advanced Micro Devices, Inc. All Rights Reserved.
--------------------------------------------------------------------------------------------------------------------------------------------------------------------------------------------------------------------------------------------------
| Tool Version      : Vivado v.2023.2 (win64) Build 4029153 Fri Oct 13 20:14:34 MDT 2023
| Date              : Wed Mar 19 15:12:55 2025
| Host              : linus_zenbook running 64-bit major release  (build 9200)
| Command           : report_timing_summary -max_paths 10 -report_unconstrained -file design_1_wrapper_timing_summary_routed.rpt -pb design_1_wrapper_timing_summary_routed.pb -rpx design_1_wrapper_timing_summary_routed.rpx -warn_on_violation
| Design            : design_1_wrapper
| Device            : xck26-sfvc784
| Speed File        : -2LV  PRODUCTION 1.30 05-15-2022
| Design State      : Routed
| Temperature Grade : C
--------------------------------------------------------------------------------------------------------------------------------------------------------------------------------------------------------------------------------------------------

Timing Summary Report

------------------------------------------------------------------------------------------------
| Timer Settings
| --------------
------------------------------------------------------------------------------------------------

  Enable Multi Corner Analysis               :  Yes
  Enable Pessimism Removal                   :  Yes
  Pessimism Removal Resolution               :  Nearest Common Node
  Enable Input Delay Default Clock           :  No
  Enable Preset / Clear Arcs                 :  No
  Disable Flight Delays                      :  No
  Ignore I/O Paths                           :  No
  Timing Early Launch at Borrowing Latches   :  No
  Borrow Time for Max Delay Exceptions       :  Yes
  Merge Timing Exceptions                    :  Yes
  Inter-SLR Compensation                     :  Conservative

  Corner  Analyze    Analyze    
  Name    Max Paths  Min Paths  
  ------  ---------  ---------  
  Slow    Yes        Yes        
  Fast    Yes        Yes        


------------------------------------------------------------------------------------------------
| Report Methodology
| ------------------
------------------------------------------------------------------------------------------------

No report available as report_methodology has not been run prior. Run report_methodology on the current design for the summary of methodology violations.



check_timing report

Table of Contents
-----------------
1. checking no_clock (0)
2. checking constant_clock (0)
3. checking pulse_width_clock (0)
4. checking unconstrained_internal_endpoints (0)
5. checking no_input_delay (0)
6. checking no_output_delay (0)
7. checking multiple_clock (0)
8. checking generated_clocks (0)
9. checking loops (0)
10. checking partial_input_delay (0)
11. checking partial_output_delay (0)
12. checking latch_loops (0)

1. checking no_clock (0)
------------------------
 There are 0 register/latch pins with no clock.


2. checking constant_clock (0)
------------------------------
 There are 0 register/latch pins with constant_clock.


3. checking pulse_width_clock (0)
---------------------------------
 There are 0 register/latch pins which need pulse_width check


4. checking unconstrained_internal_endpoints (0)
------------------------------------------------
 There are 0 pins that are not constrained for maximum delay.

 There are 0 pins that are not constrained for maximum delay due to constant clock.


5. checking no_input_delay (0)
------------------------------
 There are 0 input ports with no input delay specified.

 There are 0 input ports with no input delay but user has a false path constraint.


6. checking no_output_delay (0)
-------------------------------
 There are 0 ports with no output delay specified.

 There are 0 ports with no output delay but user has a false path constraint

 There are 0 ports with no output delay but with a timing clock defined on it or propagating through it


7. checking multiple_clock (0)
------------------------------
 There are 0 register/latch pins with multiple clocks.


8. checking generated_clocks (0)
--------------------------------
 There are 0 generated clocks that are not connected to a clock source.


9. checking loops (0)
---------------------
 There are 0 combinational loops in the design.


10. checking partial_input_delay (0)
------------------------------------
 There are 0 input ports with partial input delay specified.


11. checking partial_output_delay (0)
-------------------------------------
 There are 0 ports with partial output delay specified.


12. checking latch_loops (0)
----------------------------
 There are 0 combinational latch loops in the design through latch input



------------------------------------------------------------------------------------------------
| Design Timing Summary
| ---------------------
------------------------------------------------------------------------------------------------

    WNS(ns)      TNS(ns)  TNS Failing Endpoints  TNS Total Endpoints      WHS(ns)      THS(ns)  THS Failing Endpoints  THS Total Endpoints     WPWS(ns)     TPWS(ns)  TPWS Failing Endpoints  TPWS Total Endpoints  
    -------      -------  ---------------------  -------------------      -------      -------  ---------------------  -------------------     --------     --------  ----------------------  --------------------  
      4.303        0.000                      0                27133        0.011        0.000                      0                27133        3.500        0.000                       0                 11359  


All user specified timing constraints are met.


------------------------------------------------------------------------------------------------
| Clock Summary
| -------------
------------------------------------------------------------------------------------------------

Clock     Waveform(ns)       Period(ns)      Frequency(MHz)
-----     ------------       ----------      --------------
clk_pl_0  {0.000 5.000}      10.000          100.000         


------------------------------------------------------------------------------------------------
| Intra Clock Table
| -----------------
------------------------------------------------------------------------------------------------

Clock             WNS(ns)      TNS(ns)  TNS Failing Endpoints  TNS Total Endpoints      WHS(ns)      THS(ns)  THS Failing Endpoints  THS Total Endpoints     WPWS(ns)     TPWS(ns)  TPWS Failing Endpoints  TPWS Total Endpoints  
-----             -------      -------  ---------------------  -------------------      -------      -------  ---------------------  -------------------     --------     --------  ----------------------  --------------------  
clk_pl_0            4.303        0.000                      0                27133        0.011        0.000                      0                27133        3.500        0.000                       0                 11359  


------------------------------------------------------------------------------------------------
| Inter Clock Table
| -----------------
------------------------------------------------------------------------------------------------

From Clock    To Clock          WNS(ns)      TNS(ns)  TNS Failing Endpoints  TNS Total Endpoints      WHS(ns)      THS(ns)  THS Failing Endpoints  THS Total Endpoints  
----------    --------          -------      -------  ---------------------  -------------------      -------      -------  ---------------------  -------------------  


------------------------------------------------------------------------------------------------
| Other Path Groups Table
| -----------------------
------------------------------------------------------------------------------------------------

Path Group    From Clock    To Clock          WNS(ns)      TNS(ns)  TNS Failing Endpoints  TNS Total Endpoints      WHS(ns)      THS(ns)  THS Failing Endpoints  THS Total Endpoints  
----------    ----------    --------          -------      -------  ---------------------  -------------------      -------      -------  ---------------------  -------------------  


------------------------------------------------------------------------------------------------
| User Ignored Path Table
| -----------------------
------------------------------------------------------------------------------------------------

Path Group    From Clock    To Clock    
----------    ----------    --------    
(none)                      clk_pl_0      
(none)        clk_pl_0      clk_pl_0      


------------------------------------------------------------------------------------------------
| Unconstrained Path Table
| ------------------------
------------------------------------------------------------------------------------------------

Path Group    From Clock    To Clock    
----------    ----------    --------    


------------------------------------------------------------------------------------------------
| Timing Details
| --------------
------------------------------------------------------------------------------------------------


---------------------------------------------------------------------------------------------------
From Clock:  clk_pl_0
  To Clock:  clk_pl_0

Setup :            0  Failing Endpoints,  Worst Slack        4.303ns,  Total Violation        0.000ns
Hold  :            0  Failing Endpoints,  Worst Slack        0.011ns,  Total Violation        0.000ns
PW    :            0  Failing Endpoints,  Worst Slack        3.500ns,  Total Violation        0.000ns
---------------------------------------------------------------------------------------------------


Max Delay Paths
--------------------------------------------------------------------------------------
Slack (MET) :             4.303ns  (required time - arrival time)
  Source:                 design_1_i/zynq_ultra_ps_e_0/inst/PS8_i/MAXIGP0ACLK
                            (rising edge-triggered cell PS8 clocked by clk_pl_0  {rise@0.000ns fall@5.000ns period=10.000ns})
  Destination:            design_1_i/axi_fifo_mm_s_0/U0/COMP_IPIC2AXI_S/sig_register_array_reg[0][6]/D
                            (rising edge-triggered cell FDRE clocked by clk_pl_0  {rise@0.000ns fall@5.000ns period=10.000ns})
  Path Group:             clk_pl_0
  Path Type:              Setup (Max at Slow Process Corner)
  Requirement:            10.000ns  (clk_pl_0 rise@10.000ns - clk_pl_0 rise@0.000ns)
  Data Path Delay:        5.576ns  (logic 1.503ns (26.955%)  route 4.073ns (73.045%))
  Logic Levels:           6  (CARRY8=2 LUT4=1 LUT6=3)
  Clock Path Skew:        -0.004ns (DCD - SCD + CPR)
    Destination Clock Delay (DCD):    2.122ns = ( 12.122 - 10.000 ) 
    Source Clock Delay      (SCD):    2.287ns
    Clock Pessimism Removal (CPR):    0.161ns
  Clock Uncertainty:      0.160ns  ((TSJ^2 + DJ^2)^1/2) / 2 + PE
    Total System Jitter     (TSJ):    0.071ns
    Discrete Jitter          (DJ):    0.312ns
    Phase Error              (PE):    0.000ns
  Clock Net Delay (Source):      2.020ns (routing 0.768ns, distribution 1.252ns)
  Clock Net Delay (Destination): 1.906ns (routing 0.702ns, distribution 1.204ns)

    Location             Delay type                Incr(ns)  Path(ns)    Netlist Resource(s)
  -------------------------------------------------------------------    -------------------
                         (clock clk_pl_0 rise edge)
                                                      0.000     0.000 r  
    PS8_X0Y0             PS8                          0.000     0.000 r  design_1_i/zynq_ultra_ps_e_0/inst/PS8_i/PLCLK[0]
                         net (fo=1, routed)           0.229     0.229    design_1_i/zynq_ultra_ps_e_0/inst/pl_clk_unbuffered[0]
    BUFG_PS_X0Y80        BUFG_PS (Prop_BUFG_PS_I_O)
                                                      0.038     0.267 r  design_1_i/zynq_ultra_ps_e_0/inst/buffer_pl_clk_0.PL_CLK_0_BUFG/O
    X0Y2 (CLOCK_ROOT)    net (fo=11423, routed)       2.020     2.287    design_1_i/zynq_ultra_ps_e_0/inst/maxihpm0_fpd_aclk
    PS8_X0Y0             PS8                                          r  design_1_i/zynq_ultra_ps_e_0/inst/PS8_i/MAXIGP0ACLK
  -------------------------------------------------------------------    -------------------
    PS8_X0Y0             PS8 (Prop_PS8_MAXIGP0ACLK_MAXIGP0WDATA[17])
                                                      0.600     2.887 r  design_1_i/zynq_ultra_ps_e_0/inst/PS8_i/MAXIGP0WDATA[17]
                         net (fo=16, routed)          3.034     5.921    design_1_i/axi_fifo_mm_s_0/U0/COMP_IPIC2AXI_S/s_axi_wdata[17]
    SLICE_X14Y109        LUT6 (Prop_F6LUT_SLICEL_I5_O)
                                                      0.150     6.071 r  design_1_i/axi_fifo_mm_s_0/U0/COMP_IPIC2AXI_S/i__carry_i_3/O
                         net (fo=1, routed)           0.015     6.086    design_1_i/axi_fifo_mm_s_0/U0/COMP_IPIC2AXI_S/i__carry_i_3_n_0
    SLICE_X14Y109        CARRY8 (Prop_CARRY8_SLICEL_S[5]_CO[7])
                                                      0.232     6.318 f  design_1_i/axi_fifo_mm_s_0/U0/COMP_IPIC2AXI_S/eqOp_inferred__1/i__carry/CO[7]
                         net (fo=1, routed)           0.030     6.348    design_1_i/axi_fifo_mm_s_0/U0/COMP_IPIC2AXI_S/eqOp_inferred__1/i__carry_n_0
    SLICE_X14Y110        CARRY8 (Prop_CARRY8_SLICEL_CI_CO[2])
                                                      0.079     6.427 f  design_1_i/axi_fifo_mm_s_0/U0/COMP_IPIC2AXI_S/eqOp_inferred__1/i__carry__0/CO[2]
                         net (fo=1, routed)           0.283     6.710    design_1_i/axi_fifo_mm_s_0/U0/COMP_IPIC2AXI_S/eqOp1_out
    SLICE_X14Y110        LUT4 (Prop_H6LUT_SLICEL_I3_O)
                                                      0.227     6.937 f  design_1_i/axi_fifo_mm_s_0/U0/COMP_IPIC2AXI_S/sig_txd_sb_wr_en_i_3/O
                         net (fo=2, routed)           0.517     7.454    design_1_i/axi_fifo_mm_s_0/U0/COMP_IPIF/I_SLAVE_ATTACHMENT/I_DECODER/sig_txd_sb_wr_en_reg
    SLICE_X17Y91         LUT6 (Prop_C6LUT_SLICEM_I1_O)
                                                      0.080     7.534 r  design_1_i/axi_fifo_mm_s_0/U0/COMP_IPIF/I_SLAVE_ATTACHMENT/I_DECODER/sig_register_array[0][6]_i_3/O
                         net (fo=1, routed)           0.099     7.633    design_1_i/axi_fifo_mm_s_0/U0/COMP_IPIF/I_SLAVE_ATTACHMENT/I_DECODER/sig_register_array[0][6]_i_3_n_0
    SLICE_X17Y92         LUT6 (Prop_C6LUT_SLICEM_I3_O)
                                                      0.135     7.768 r  design_1_i/axi_fifo_mm_s_0/U0/COMP_IPIF/I_SLAVE_ATTACHMENT/I_DECODER/sig_register_array[0][6]_i_1/O
                         net (fo=1, routed)           0.095     7.863    design_1_i/axi_fifo_mm_s_0/U0/COMP_IPIC2AXI_S/sig_register_array_reg[0][6]_1
    SLICE_X17Y92         FDRE                                         r  design_1_i/axi_fifo_mm_s_0/U0/COMP_IPIC2AXI_S/sig_register_array_reg[0][6]/D
  -------------------------------------------------------------------    -------------------

                         (clock clk_pl_0 rise edge)
                                                     10.000    10.000 r  
    PS8_X0Y0             PS8                          0.000    10.000 r  design_1_i/zynq_ultra_ps_e_0/inst/PS8_i/PLCLK[0]
                         net (fo=1, routed)           0.181    10.181    design_1_i/zynq_ultra_ps_e_0/inst/pl_clk_unbuffered[0]
    BUFG_PS_X0Y80        BUFG_PS (Prop_BUFG_PS_I_O)
                                                      0.035    10.216 r  design_1_i/zynq_ultra_ps_e_0/inst/buffer_pl_clk_0.PL_CLK_0_BUFG/O
    X0Y2 (CLOCK_ROOT)    net (fo=11423, routed)       1.906    12.122    design_1_i/axi_fifo_mm_s_0/U0/COMP_IPIC2AXI_S/s_axi_aclk
    SLICE_X17Y92         FDRE                                         r  design_1_i/axi_fifo_mm_s_0/U0/COMP_IPIC2AXI_S/sig_register_array_reg[0][6]/C
                         clock pessimism              0.161    12.283    
                         clock uncertainty           -0.160    12.123    
    SLICE_X17Y92         FDRE (Setup_CFF_SLICEM_C_D)
                                                      0.043    12.166    design_1_i/axi_fifo_mm_s_0/U0/COMP_IPIC2AXI_S/sig_register_array_reg[0][6]
  -------------------------------------------------------------------
                         required time                         12.166    
                         arrival time                          -7.863    
  -------------------------------------------------------------------
                         slack                                  4.303    

Slack (MET) :             4.368ns  (required time - arrival time)
  Source:                 design_1_i/zynq_ultra_ps_e_0/inst/PS8_i/MAXIGP0ACLK
                            (rising edge-triggered cell PS8 clocked by clk_pl_0  {rise@0.000ns fall@5.000ns period=10.000ns})
  Destination:            design_1_i/axi_fifo_mm_s_2/U0/COMP_IPIC2AXI_S/sig_register_array_reg[0][6]/D
                            (rising edge-triggered cell FDRE clocked by clk_pl_0  {rise@0.000ns fall@5.000ns period=10.000ns})
  Path Group:             clk_pl_0
  Path Type:              Setup (Max at Slow Process Corner)
  Requirement:            10.000ns  (clk_pl_0 rise@10.000ns - clk_pl_0 rise@0.000ns)
  Data Path Delay:        5.544ns  (logic 1.377ns (24.836%)  route 4.167ns (75.164%))
  Logic Levels:           6  (CARRY8=2 LUT4=1 LUT6=3)
  Clock Path Skew:        0.029ns (DCD - SCD + CPR)
    Destination Clock Delay (DCD):    2.155ns = ( 12.155 - 10.000 ) 
    Source Clock Delay      (SCD):    2.287ns
    Clock Pessimism Removal (CPR):    0.161ns
  Clock Uncertainty:      0.160ns  ((TSJ^2 + DJ^2)^1/2) / 2 + PE
    Total System Jitter     (TSJ):    0.071ns
    Discrete Jitter          (DJ):    0.312ns
    Phase Error              (PE):    0.000ns
  Clock Net Delay (Source):      2.020ns (routing 0.768ns, distribution 1.252ns)
  Clock Net Delay (Destination): 1.939ns (routing 0.702ns, distribution 1.237ns)

    Location             Delay type                Incr(ns)  Path(ns)    Netlist Resource(s)
  -------------------------------------------------------------------    -------------------
                         (clock clk_pl_0 rise edge)
                                                      0.000     0.000 r  
    PS8_X0Y0             PS8                          0.000     0.000 r  design_1_i/zynq_ultra_ps_e_0/inst/PS8_i/PLCLK[0]
                         net (fo=1, routed)           0.229     0.229    design_1_i/zynq_ultra_ps_e_0/inst/pl_clk_unbuffered[0]
    BUFG_PS_X0Y80        BUFG_PS (Prop_BUFG_PS_I_O)
                                                      0.038     0.267 r  design_1_i/zynq_ultra_ps_e_0/inst/buffer_pl_clk_0.PL_CLK_0_BUFG/O
    X0Y2 (CLOCK_ROOT)    net (fo=11423, routed)       2.020     2.287    design_1_i/zynq_ultra_ps_e_0/inst/maxihpm0_fpd_aclk
    PS8_X0Y0             PS8                                          r  design_1_i/zynq_ultra_ps_e_0/inst/PS8_i/MAXIGP0ACLK
  -------------------------------------------------------------------    -------------------
    PS8_X0Y0             PS8 (Prop_PS8_MAXIGP0ACLK_MAXIGP0WDATA[17])
                                                      0.600     2.887 r  design_1_i/zynq_ultra_ps_e_0/inst/PS8_i/MAXIGP0WDATA[17]
                         net (fo=16, routed)          3.560     6.447    design_1_i/axi_fifo_mm_s_2/U0/COMP_IPIC2AXI_S/s_axi_wdata[17]
    SLICE_X17Y113        LUT6 (Prop_F6LUT_SLICEM_I4_O)
                                                      0.080     6.527 r  design_1_i/axi_fifo_mm_s_2/U0/COMP_IPIC2AXI_S/i__carry_i_3__0/O
                         net (fo=1, routed)           0.029     6.556    design_1_i/axi_fifo_mm_s_2/U0/COMP_IPIC2AXI_S/i__carry_i_3__0_n_0
    SLICE_X17Y113        CARRY8 (Prop_CARRY8_SLICEM_S[5]_CO[7])
                                                      0.238     6.794 f  design_1_i/axi_fifo_mm_s_2/U0/COMP_IPIC2AXI_S/eqOp_inferred__2/i__carry/CO[7]
                         net (fo=1, routed)           0.030     6.824    design_1_i/axi_fifo_mm_s_2/U0/COMP_IPIC2AXI_S/eqOp_inferred__2/i__carry_n_0
    SLICE_X17Y114        CARRY8 (Prop_CARRY8_SLICEM_CI_CO[2])
                                                      0.079     6.903 f  design_1_i/axi_fifo_mm_s_2/U0/COMP_IPIC2AXI_S/eqOp_inferred__2/i__carry__0/CO[2]
                         net (fo=1, routed)           0.275     7.178    design_1_i/axi_fifo_mm_s_2/U0/COMP_IPIC2AXI_S/eqOp_inferred__2/i__carry__0_n_5
    SLICE_X18Y113        LUT4 (Prop_G6LUT_SLICEM_I0_O)
                                                      0.137     7.315 f  design_1_i/axi_fifo_mm_s_2/U0/COMP_IPIC2AXI_S/sig_txd_sb_wr_en_i_3/O
                         net (fo=2, routed)           0.113     7.428    design_1_i/axi_fifo_mm_s_2/U0/COMP_IPIF/I_SLAVE_ATTACHMENT/I_DECODER/sig_txd_sb_wr_en_reg
    SLICE_X18Y111        LUT6 (Prop_G6LUT_SLICEM_I1_O)
                                                      0.057     7.485 r  design_1_i/axi_fifo_mm_s_2/U0/COMP_IPIF/I_SLAVE_ATTACHMENT/I_DECODER/sig_register_array[0][6]_i_3/O
                         net (fo=1, routed)           0.065     7.550    design_1_i/axi_fifo_mm_s_2/U0/COMP_IPIF/I_SLAVE_ATTACHMENT/I_DECODER/sig_register_array[0][6]_i_3_n_0
    SLICE_X18Y111        LUT6 (Prop_C6LUT_SLICEM_I3_O)
                                                      0.186     7.736 r  design_1_i/axi_fifo_mm_s_2/U0/COMP_IPIF/I_SLAVE_ATTACHMENT/I_DECODER/sig_register_array[0][6]_i_1/O
                         net (fo=1, routed)           0.095     7.831    design_1_i/axi_fifo_mm_s_2/U0/COMP_IPIC2AXI_S/sig_register_array_reg[0][6]_1
    SLICE_X18Y111        FDRE                                         r  design_1_i/axi_fifo_mm_s_2/U0/COMP_IPIC2AXI_S/sig_register_array_reg[0][6]/D
  -------------------------------------------------------------------    -------------------

                         (clock clk_pl_0 rise edge)
                                                     10.000    10.000 r  
    PS8_X0Y0             PS8                          0.000    10.000 r  design_1_i/zynq_ultra_ps_e_0/inst/PS8_i/PLCLK[0]
                         net (fo=1, routed)           0.181    10.181    design_1_i/zynq_ultra_ps_e_0/inst/pl_clk_unbuffered[0]
    BUFG_PS_X0Y80        BUFG_PS (Prop_BUFG_PS_I_O)
                                                      0.035    10.216 r  design_1_i/zynq_ultra_ps_e_0/inst/buffer_pl_clk_0.PL_CLK_0_BUFG/O
    X0Y2 (CLOCK_ROOT)    net (fo=11423, routed)       1.939    12.155    design_1_i/axi_fifo_mm_s_2/U0/COMP_IPIC2AXI_S/s_axi_aclk
    SLICE_X18Y111        FDRE                                         r  design_1_i/axi_fifo_mm_s_2/U0/COMP_IPIC2AXI_S/sig_register_array_reg[0][6]/C
                         clock pessimism              0.161    12.316    
                         clock uncertainty           -0.160    12.156    
    SLICE_X18Y111        FDRE (Setup_CFF_SLICEM_C_D)
                                                      0.043    12.199    design_1_i/axi_fifo_mm_s_2/U0/COMP_IPIC2AXI_S/sig_register_array_reg[0][6]
  -------------------------------------------------------------------
                         required time                         12.199    
                         arrival time                          -7.831    
  -------------------------------------------------------------------
                         slack                                  4.368    

Slack (MET) :             4.374ns  (required time - arrival time)
  Source:                 design_1_i/zynq_ultra_ps_e_0/inst/PS8_i/MAXIGP0ACLK
                            (rising edge-triggered cell PS8 clocked by clk_pl_0  {rise@0.000ns fall@5.000ns period=10.000ns})
  Destination:            design_1_i/axi_fifo_mm_s_0/U0/COMP_IPIC2AXI_S/sig_txd_sb_wr_en_reg/D
                            (rising edge-triggered cell FDRE clocked by clk_pl_0  {rise@0.000ns fall@5.000ns period=10.000ns})
  Path Group:             clk_pl_0
  Path Type:              Setup (Max at Slow Process Corner)
  Requirement:            10.000ns  (clk_pl_0 rise@10.000ns - clk_pl_0 rise@0.000ns)
  Data Path Delay:        5.498ns  (logic 1.508ns (27.428%)  route 3.990ns (72.572%))
  Logic Levels:           5  (CARRY8=2 LUT4=1 LUT6=2)
  Clock Path Skew:        -0.011ns (DCD - SCD + CPR)
    Destination Clock Delay (DCD):    2.115ns = ( 12.115 - 10.000 ) 
    Source Clock Delay      (SCD):    2.287ns
    Clock Pessimism Removal (CPR):    0.161ns
  Clock Uncertainty:      0.160ns  ((TSJ^2 + DJ^2)^1/2) / 2 + PE
    Total System Jitter     (TSJ):    0.071ns
    Discrete Jitter          (DJ):    0.312ns
    Phase Error              (PE):    0.000ns
  Clock Net Delay (Source):      2.020ns (routing 0.768ns, distribution 1.252ns)
  Clock Net Delay (Destination): 1.899ns (routing 0.702ns, distribution 1.197ns)

    Location             Delay type                Incr(ns)  Path(ns)    Netlist Resource(s)
  -------------------------------------------------------------------    -------------------
                         (clock clk_pl_0 rise edge)
                                                      0.000     0.000 r  
    PS8_X0Y0             PS8                          0.000     0.000 r  design_1_i/zynq_ultra_ps_e_0/inst/PS8_i/PLCLK[0]
                         net (fo=1, routed)           0.229     0.229    design_1_i/zynq_ultra_ps_e_0/inst/pl_clk_unbuffered[0]
    BUFG_PS_X0Y80        BUFG_PS (Prop_BUFG_PS_I_O)
                                                      0.038     0.267 r  design_1_i/zynq_ultra_ps_e_0/inst/buffer_pl_clk_0.PL_CLK_0_BUFG/O
    X0Y2 (CLOCK_ROOT)    net (fo=11423, routed)       2.020     2.287    design_1_i/zynq_ultra_ps_e_0/inst/maxihpm0_fpd_aclk
    PS8_X0Y0             PS8                                          r  design_1_i/zynq_ultra_ps_e_0/inst/PS8_i/MAXIGP0ACLK
  -------------------------------------------------------------------    -------------------
    PS8_X0Y0             PS8 (Prop_PS8_MAXIGP0ACLK_MAXIGP0WDATA[17])
                                                      0.600     2.887 r  design_1_i/zynq_ultra_ps_e_0/inst/PS8_i/MAXIGP0WDATA[17]
                         net (fo=16, routed)          3.034     5.921    design_1_i/axi_fifo_mm_s_0/U0/COMP_IPIC2AXI_S/s_axi_wdata[17]
    SLICE_X14Y109        LUT6 (Prop_F6LUT_SLICEL_I5_O)
                                                      0.150     6.071 r  design_1_i/axi_fifo_mm_s_0/U0/COMP_IPIC2AXI_S/i__carry_i_3/O
                         net (fo=1, routed)           0.015     6.086    design_1_i/axi_fifo_mm_s_0/U0/COMP_IPIC2AXI_S/i__carry_i_3_n_0
    SLICE_X14Y109        CARRY8 (Prop_CARRY8_SLICEL_S[5]_CO[7])
                                                      0.232     6.318 r  design_1_i/axi_fifo_mm_s_0/U0/COMP_IPIC2AXI_S/eqOp_inferred__1/i__carry/CO[7]
                         net (fo=1, routed)           0.030     6.348    design_1_i/axi_fifo_mm_s_0/U0/COMP_IPIC2AXI_S/eqOp_inferred__1/i__carry_n_0
    SLICE_X14Y110        CARRY8 (Prop_CARRY8_SLICEL_CI_CO[2])
                                                      0.079     6.427 r  design_1_i/axi_fifo_mm_s_0/U0/COMP_IPIC2AXI_S/eqOp_inferred__1/i__carry__0/CO[2]
                         net (fo=1, routed)           0.283     6.710    design_1_i/axi_fifo_mm_s_0/U0/COMP_IPIC2AXI_S/eqOp1_out
    SLICE_X14Y110        LUT4 (Prop_H6LUT_SLICEL_I3_O)
                                                      0.227     6.937 r  design_1_i/axi_fifo_mm_s_0/U0/COMP_IPIC2AXI_S/sig_txd_sb_wr_en_i_3/O
                         net (fo=2, routed)           0.532     7.469    design_1_i/axi_fifo_mm_s_0/U0/COMP_IPIF/I_SLAVE_ATTACHMENT/I_DECODER/sig_txd_sb_wr_en_reg
    SLICE_X17Y91         LUT6 (Prop_D6LUT_SLICEM_I4_O)
                                                      0.220     7.689 r  design_1_i/axi_fifo_mm_s_0/U0/COMP_IPIF/I_SLAVE_ATTACHMENT/I_DECODER/sig_txd_sb_wr_en_i_1/O
                         net (fo=1, routed)           0.096     7.785    design_1_i/axi_fifo_mm_s_0/U0/COMP_IPIC2AXI_S/sig_txd_sb_wr_en
    SLICE_X17Y91         FDRE                                         r  design_1_i/axi_fifo_mm_s_0/U0/COMP_IPIC2AXI_S/sig_txd_sb_wr_en_reg/D
  -------------------------------------------------------------------    -------------------

                         (clock clk_pl_0 rise edge)
                                                     10.000    10.000 r  
    PS8_X0Y0             PS8                          0.000    10.000 r  design_1_i/zynq_ultra_ps_e_0/inst/PS8_i/PLCLK[0]
                         net (fo=1, routed)           0.181    10.181    design_1_i/zynq_ultra_ps_e_0/inst/pl_clk_unbuffered[0]
    BUFG_PS_X0Y80        BUFG_PS (Prop_BUFG_PS_I_O)
                                                      0.035    10.216 r  design_1_i/zynq_ultra_ps_e_0/inst/buffer_pl_clk_0.PL_CLK_0_BUFG/O
    X0Y2 (CLOCK_ROOT)    net (fo=11423, routed)       1.899    12.115    design_1_i/axi_fifo_mm_s_0/U0/COMP_IPIC2AXI_S/s_axi_aclk
    SLICE_X17Y91         FDRE                                         r  design_1_i/axi_fifo_mm_s_0/U0/COMP_IPIC2AXI_S/sig_txd_sb_wr_en_reg/C
                         clock pessimism              0.161    12.276    
                         clock uncertainty           -0.160    12.116    
    SLICE_X17Y91         FDRE (Setup_DFF_SLICEM_C_D)
                                                      0.043    12.159    design_1_i/axi_fifo_mm_s_0/U0/COMP_IPIC2AXI_S/sig_txd_sb_wr_en_reg
  -------------------------------------------------------------------
                         required time                         12.159    
                         arrival time                          -7.785    
  -------------------------------------------------------------------
                         slack                                  4.374    

Slack (MET) :             4.455ns  (required time - arrival time)
  Source:                 design_1_i/myip_0/inst/A_RAM/RAM_reg_bram_0/CLKARDCLK
                            (rising edge-triggered cell RAMB18E2 clocked by clk_pl_0  {rise@0.000ns fall@5.000ns period=10.000ns})
  Destination:            design_1_i/myip_0/inst/matrix_multiply_0/sum_reg[15]/D
                            (rising edge-triggered cell FDRE clocked by clk_pl_0  {rise@0.000ns fall@5.000ns period=10.000ns})
  Path Group:             clk_pl_0
  Path Type:              Setup (Max at Slow Process Corner)
  Requirement:            10.000ns  (clk_pl_0 rise@10.000ns - clk_pl_0 rise@0.000ns)
  Data Path Delay:        5.225ns  (logic 2.888ns (55.274%)  route 2.337ns (44.726%))
  Logic Levels:           8  (CARRY8=3 LUT2=1 LUT4=1 LUT6=3)
  Clock Path Skew:        -0.204ns (DCD - SCD + CPR)
    Destination Clock Delay (DCD):    2.252ns = ( 12.252 - 10.000 ) 
    Source Clock Delay      (SCD):    2.682ns
    Clock Pessimism Removal (CPR):    0.226ns
  Clock Uncertainty:      0.160ns  ((TSJ^2 + DJ^2)^1/2) / 2 + PE
    Total System Jitter     (TSJ):    0.071ns
    Discrete Jitter          (DJ):    0.312ns
    Phase Error              (PE):    0.000ns
  Clock Net Delay (Source):      2.415ns (routing 0.768ns, distribution 1.647ns)
  Clock Net Delay (Destination): 2.036ns (routing 0.702ns, distribution 1.334ns)

    Location             Delay type                Incr(ns)  Path(ns)    Netlist Resource(s)
  -------------------------------------------------------------------    -------------------
                         (clock clk_pl_0 rise edge)
                                                      0.000     0.000 r  
    PS8_X0Y0             PS8                          0.000     0.000 r  design_1_i/zynq_ultra_ps_e_0/inst/PS8_i/PLCLK[0]
                         net (fo=1, routed)           0.229     0.229    design_1_i/zynq_ultra_ps_e_0/inst/pl_clk_unbuffered[0]
    BUFG_PS_X0Y80        BUFG_PS (Prop_BUFG_PS_I_O)
                                                      0.038     0.267 r  design_1_i/zynq_ultra_ps_e_0/inst/buffer_pl_clk_0.PL_CLK_0_BUFG/O
    X0Y2 (CLOCK_ROOT)    net (fo=11423, routed)       2.415     2.682    design_1_i/myip_0/inst/A_RAM/ACLK
    RAMB18_X0Y34         RAMB18E2                                     r  design_1_i/myip_0/inst/A_RAM/RAM_reg_bram_0/CLKARDCLK
  -------------------------------------------------------------------    -------------------
    RAMB18_X0Y34         RAMB18E2 (Prop_RAMB18E2_L_RAMB180_CLKARDCLK_DOUTADOUT[2])
                                                      1.310     3.992 r  design_1_i/myip_0/inst/A_RAM/RAM_reg_bram_0/DOUTADOUT[2]
                         net (fo=20, routed)          0.889     4.881    design_1_i/myip_0/inst/A_RAM/DOUTADOUT[2]
    SLICE_X28Y82         LUT6 (Prop_G6LUT_SLICEM_I0_O)
                                                      0.186     5.067 r  design_1_i/myip_0/inst/A_RAM/sum1__30_carry_i_4/O
                         net (fo=2, routed)           0.110     5.177    design_1_i/myip_0/inst/A_RAM/RAM_reg_bram_0_3[2]
    SLICE_X28Y83         LUT6 (Prop_E6LUT_SLICEM_I0_O)
                                                      0.152     5.329 r  design_1_i/myip_0/inst/A_RAM/sum1__30_carry_i_11/O
                         net (fo=1, routed)           0.018     5.347    design_1_i/myip_0/inst/matrix_multiply_0/sum1__60_carry_i_13_1[4]
    SLICE_X28Y83         CARRY8 (Prop_CARRY8_SLICEM_S[4]_O[7])
                                                      0.202     5.549 r  design_1_i/myip_0/inst/matrix_multiply_0/sum1__30_carry/O[7]
                         net (fo=3, routed)           0.436     5.985    design_1_i/myip_0/inst/B_RAM/O[2]
    SLICE_X26Y85         LUT4 (Prop_D5LUT_SLICEL_I2_O)
                                                      0.217     6.202 r  design_1_i/myip_0/inst/B_RAM/sum1__60_carry_i_20/O
                         net (fo=3, routed)           0.288     6.490    design_1_i/myip_0/inst/B_RAM/sum1__60_carry_i_20_n_0
    SLICE_X28Y85         LUT6 (Prop_G6LUT_SLICEM_I5_O)
                                                      0.226     6.716 r  design_1_i/myip_0/inst/B_RAM/sum1__60_carry__0_i_4/O
                         net (fo=1, routed)           0.378     7.094    design_1_i/myip_0/inst/matrix_multiply_0/sum0_carry__0_i_5_0[0]
    SLICE_X27Y86         CARRY8 (Prop_CARRY8_SLICEL_DI[0]_O[4])
                                                      0.289     7.383 r  design_1_i/myip_0/inst/matrix_multiply_0/sum1__60_carry__0/O[4]
                         net (fo=1, routed)           0.169     7.552    design_1_i/myip_0/inst/matrix_multiply_0/sum1[15]
    SLICE_X27Y89         LUT2 (Prop_H6LUT_SLICEL_I1_O)
                                                      0.227     7.779 r  design_1_i/myip_0/inst/matrix_multiply_0/sum0_carry__0_i_1/O
                         net (fo=1, routed)           0.015     7.794    design_1_i/myip_0/inst/matrix_multiply_0/sum0_carry__0_i_1_n_0
    SLICE_X27Y89         CARRY8 (Prop_CARRY8_SLICEL_S[7]_O[7])
                                                      0.079     7.873 r  design_1_i/myip_0/inst/matrix_multiply_0/sum0_carry__0/O[7]
                         net (fo=1, routed)           0.034     7.907    design_1_i/myip_0/inst/matrix_multiply_0/sum0[15]
    SLICE_X27Y89         FDRE                                         r  design_1_i/myip_0/inst/matrix_multiply_0/sum_reg[15]/D
  -------------------------------------------------------------------    -------------------

                         (clock clk_pl_0 rise edge)
                                                     10.000    10.000 r  
    PS8_X0Y0             PS8                          0.000    10.000 r  design_1_i/zynq_ultra_ps_e_0/inst/PS8_i/PLCLK[0]
                         net (fo=1, routed)           0.181    10.181    design_1_i/zynq_ultra_ps_e_0/inst/pl_clk_unbuffered[0]
    BUFG_PS_X0Y80        BUFG_PS (Prop_BUFG_PS_I_O)
                                                      0.035    10.216 r  design_1_i/zynq_ultra_ps_e_0/inst/buffer_pl_clk_0.PL_CLK_0_BUFG/O
    X0Y2 (CLOCK_ROOT)    net (fo=11423, routed)       2.036    12.252    design_1_i/myip_0/inst/matrix_multiply_0/ACLK
    SLICE_X27Y89         FDRE                                         r  design_1_i/myip_0/inst/matrix_multiply_0/sum_reg[15]/C
                         clock pessimism              0.226    12.478    
                         clock uncertainty           -0.160    12.318    
    SLICE_X27Y89         FDRE (Setup_HFF_SLICEL_C_D)
                                                      0.044    12.362    design_1_i/myip_0/inst/matrix_multiply_0/sum_reg[15]
  -------------------------------------------------------------------
                         required time                         12.362    
                         arrival time                          -7.907    
  -------------------------------------------------------------------
                         slack                                  4.455    

Slack (MET) :             4.591ns  (required time - arrival time)
  Source:                 design_1_i/myip_0/inst/A_RAM/RAM_reg_bram_0/CLKARDCLK
                            (rising edge-triggered cell RAMB18E2 clocked by clk_pl_0  {rise@0.000ns fall@5.000ns period=10.000ns})
  Destination:            design_1_i/myip_0/inst/matrix_multiply_0/sum_reg[14]/D
                            (rising edge-triggered cell FDRE clocked by clk_pl_0  {rise@0.000ns fall@5.000ns period=10.000ns})
  Path Group:             clk_pl_0
  Path Type:              Setup (Max at Slow Process Corner)
  Requirement:            10.000ns  (clk_pl_0 rise@10.000ns - clk_pl_0 rise@0.000ns)
  Data Path Delay:        5.089ns  (logic 2.677ns (52.605%)  route 2.412ns (47.395%))
  Logic Levels:           8  (CARRY8=3 LUT2=1 LUT4=1 LUT6=3)
  Clock Path Skew:        -0.204ns (DCD - SCD + CPR)
    Destination Clock Delay (DCD):    2.252ns = ( 12.252 - 10.000 ) 
    Source Clock Delay      (SCD):    2.682ns
    Clock Pessimism Removal (CPR):    0.226ns
  Clock Uncertainty:      0.160ns  ((TSJ^2 + DJ^2)^1/2) / 2 + PE
    Total System Jitter     (TSJ):    0.071ns
    Discrete Jitter          (DJ):    0.312ns
    Phase Error              (PE):    0.000ns
  Clock Net Delay (Source):      2.415ns (routing 0.768ns, distribution 1.647ns)
  Clock Net Delay (Destination): 2.036ns (routing 0.702ns, distribution 1.334ns)

    Location             Delay type                Incr(ns)  Path(ns)    Netlist Resource(s)
  -------------------------------------------------------------------    -------------------
                         (clock clk_pl_0 rise edge)
                                                      0.000     0.000 r  
    PS8_X0Y0             PS8                          0.000     0.000 r  design_1_i/zynq_ultra_ps_e_0/inst/PS8_i/PLCLK[0]
                         net (fo=1, routed)           0.229     0.229    design_1_i/zynq_ultra_ps_e_0/inst/pl_clk_unbuffered[0]
    BUFG_PS_X0Y80        BUFG_PS (Prop_BUFG_PS_I_O)
                                                      0.038     0.267 r  design_1_i/zynq_ultra_ps_e_0/inst/buffer_pl_clk_0.PL_CLK_0_BUFG/O
    X0Y2 (CLOCK_ROOT)    net (fo=11423, routed)       2.415     2.682    design_1_i/myip_0/inst/A_RAM/ACLK
    RAMB18_X0Y34         RAMB18E2                                     r  design_1_i/myip_0/inst/A_RAM/RAM_reg_bram_0/CLKARDCLK
  -------------------------------------------------------------------    -------------------
    RAMB18_X0Y34         RAMB18E2 (Prop_RAMB18E2_L_RAMB180_CLKARDCLK_DOUTADOUT[2])
                                                      1.310     3.992 r  design_1_i/myip_0/inst/A_RAM/RAM_reg_bram_0/DOUTADOUT[2]
                         net (fo=20, routed)          0.889     4.881    design_1_i/myip_0/inst/A_RAM/DOUTADOUT[2]
    SLICE_X28Y82         LUT6 (Prop_G6LUT_SLICEM_I0_O)
                                                      0.186     5.067 r  design_1_i/myip_0/inst/A_RAM/sum1__30_carry_i_4/O
                         net (fo=2, routed)           0.110     5.177    design_1_i/myip_0/inst/A_RAM/RAM_reg_bram_0_3[2]
    SLICE_X28Y83         LUT6 (Prop_E6LUT_SLICEM_I0_O)
                                                      0.152     5.329 r  design_1_i/myip_0/inst/A_RAM/sum1__30_carry_i_11/O
                         net (fo=1, routed)           0.018     5.347    design_1_i/myip_0/inst/matrix_multiply_0/sum1__60_carry_i_13_1[4]
    SLICE_X28Y83         CARRY8 (Prop_CARRY8_SLICEM_S[4]_O[7])
                                                      0.202     5.549 r  design_1_i/myip_0/inst/matrix_multiply_0/sum1__30_carry/O[7]
                         net (fo=3, routed)           0.436     5.985    design_1_i/myip_0/inst/B_RAM/O[2]
    SLICE_X26Y85         LUT4 (Prop_D5LUT_SLICEL_I2_O)
                                                      0.217     6.202 r  design_1_i/myip_0/inst/B_RAM/sum1__60_carry_i_20/O
                         net (fo=3, routed)           0.288     6.490    design_1_i/myip_0/inst/B_RAM/sum1__60_carry_i_20_n_0
    SLICE_X28Y85         LUT6 (Prop_G6LUT_SLICEM_I5_O)
                                                      0.226     6.716 r  design_1_i/myip_0/inst/B_RAM/sum1__60_carry__0_i_4/O
                         net (fo=1, routed)           0.378     7.094    design_1_i/myip_0/inst/matrix_multiply_0/sum0_carry__0_i_5_0[0]
    SLICE_X27Y86         CARRY8 (Prop_CARRY8_SLICEL_DI[0]_O[3])
                                                      0.169     7.263 r  design_1_i/myip_0/inst/matrix_multiply_0/sum1__60_carry__0/O[3]
                         net (fo=1, routed)           0.247     7.510    design_1_i/myip_0/inst/matrix_multiply_0/sum1[14]
    SLICE_X27Y89         LUT2 (Prop_G6LUT_SLICEL_I1_O)
                                                      0.137     7.647 r  design_1_i/myip_0/inst/matrix_multiply_0/sum0_carry__0_i_2/O
                         net (fo=1, routed)           0.012     7.659    design_1_i/myip_0/inst/matrix_multiply_0/sum0_carry__0_i_2_n_0
    SLICE_X27Y89         CARRY8 (Prop_CARRY8_SLICEL_S[6]_O[6])
                                                      0.078     7.737 r  design_1_i/myip_0/inst/matrix_multiply_0/sum0_carry__0/O[6]
                         net (fo=1, routed)           0.034     7.771    design_1_i/myip_0/inst/matrix_multiply_0/sum0[14]
    SLICE_X27Y89         FDRE                                         r  design_1_i/myip_0/inst/matrix_multiply_0/sum_reg[14]/D
  -------------------------------------------------------------------    -------------------

                         (clock clk_pl_0 rise edge)
                                                     10.000    10.000 r  
    PS8_X0Y0             PS8                          0.000    10.000 r  design_1_i/zynq_ultra_ps_e_0/inst/PS8_i/PLCLK[0]
                         net (fo=1, routed)           0.181    10.181    design_1_i/zynq_ultra_ps_e_0/inst/pl_clk_unbuffered[0]
    BUFG_PS_X0Y80        BUFG_PS (Prop_BUFG_PS_I_O)
                                                      0.035    10.216 r  design_1_i/zynq_ultra_ps_e_0/inst/buffer_pl_clk_0.PL_CLK_0_BUFG/O
    X0Y2 (CLOCK_ROOT)    net (fo=11423, routed)       2.036    12.252    design_1_i/myip_0/inst/matrix_multiply_0/ACLK
    SLICE_X27Y89         FDRE                                         r  design_1_i/myip_0/inst/matrix_multiply_0/sum_reg[14]/C
                         clock pessimism              0.226    12.478    
                         clock uncertainty           -0.160    12.318    
    SLICE_X27Y89         FDRE (Setup_GFF_SLICEL_C_D)
                                                      0.044    12.362    design_1_i/myip_0/inst/matrix_multiply_0/sum_reg[14]
  -------------------------------------------------------------------
                         required time                         12.362    
                         arrival time                          -7.771    
  -------------------------------------------------------------------
                         slack                                  4.591    

Slack (MET) :             4.630ns  (required time - arrival time)
  Source:                 design_1_i/zynq_ultra_ps_e_0/inst/PS8_i/MAXIGP0ACLK
                            (rising edge-triggered cell PS8 clocked by clk_pl_0  {rise@0.000ns fall@5.000ns period=10.000ns})
  Destination:            design_1_i/axi_fifo_mm_s_2/U0/COMP_IPIC2AXI_S/sig_txd_sb_wr_en_reg/D
                            (rising edge-triggered cell FDRE clocked by clk_pl_0  {rise@0.000ns fall@5.000ns period=10.000ns})
  Path Group:             clk_pl_0
  Path Type:              Setup (Max at Slow Process Corner)
  Requirement:            10.000ns  (clk_pl_0 rise@10.000ns - clk_pl_0 rise@0.000ns)
  Data Path Delay:        5.283ns  (logic 1.194ns (22.599%)  route 4.089ns (77.401%))
  Logic Levels:           5  (CARRY8=2 LUT4=1 LUT6=2)
  Clock Path Skew:        0.029ns (DCD - SCD + CPR)
    Destination Clock Delay (DCD):    2.155ns = ( 12.155 - 10.000 ) 
    Source Clock Delay      (SCD):    2.287ns
    Clock Pessimism Removal (CPR):    0.161ns
  Clock Uncertainty:      0.160ns  ((TSJ^2 + DJ^2)^1/2) / 2 + PE
    Total System Jitter     (TSJ):    0.071ns
    Discrete Jitter          (DJ):    0.312ns
    Phase Error              (PE):    0.000ns
  Clock Net Delay (Source):      2.020ns (routing 0.768ns, distribution 1.252ns)
  Clock Net Delay (Destination): 1.939ns (routing 0.702ns, distribution 1.237ns)

    Location             Delay type                Incr(ns)  Path(ns)    Netlist Resource(s)
  -------------------------------------------------------------------    -------------------
                         (clock clk_pl_0 rise edge)
                                                      0.000     0.000 r  
    PS8_X0Y0             PS8                          0.000     0.000 r  design_1_i/zynq_ultra_ps_e_0/inst/PS8_i/PLCLK[0]
                         net (fo=1, routed)           0.229     0.229    design_1_i/zynq_ultra_ps_e_0/inst/pl_clk_unbuffered[0]
    BUFG_PS_X0Y80        BUFG_PS (Prop_BUFG_PS_I_O)
                                                      0.038     0.267 r  design_1_i/zynq_ultra_ps_e_0/inst/buffer_pl_clk_0.PL_CLK_0_BUFG/O
    X0Y2 (CLOCK_ROOT)    net (fo=11423, routed)       2.020     2.287    design_1_i/zynq_ultra_ps_e_0/inst/maxihpm0_fpd_aclk
    PS8_X0Y0             PS8                                          r  design_1_i/zynq_ultra_ps_e_0/inst/PS8_i/MAXIGP0ACLK
  -------------------------------------------------------------------    -------------------
    PS8_X0Y0             PS8 (Prop_PS8_MAXIGP0ACLK_MAXIGP0WDATA[17])
                                                      0.600     2.887 r  design_1_i/zynq_ultra_ps_e_0/inst/PS8_i/MAXIGP0WDATA[17]
                         net (fo=16, routed)          3.560     6.447    design_1_i/axi_fifo_mm_s_2/U0/COMP_IPIC2AXI_S/s_axi_wdata[17]
    SLICE_X17Y113        LUT6 (Prop_F6LUT_SLICEM_I4_O)
                                                      0.080     6.527 r  design_1_i/axi_fifo_mm_s_2/U0/COMP_IPIC2AXI_S/i__carry_i_3__0/O
                         net (fo=1, routed)           0.029     6.556    design_1_i/axi_fifo_mm_s_2/U0/COMP_IPIC2AXI_S/i__carry_i_3__0_n_0
    SLICE_X17Y113        CARRY8 (Prop_CARRY8_SLICEM_S[5]_CO[7])
                                                      0.238     6.794 r  design_1_i/axi_fifo_mm_s_2/U0/COMP_IPIC2AXI_S/eqOp_inferred__2/i__carry/CO[7]
                         net (fo=1, routed)           0.030     6.824    design_1_i/axi_fifo_mm_s_2/U0/COMP_IPIC2AXI_S/eqOp_inferred__2/i__carry_n_0
    SLICE_X17Y114        CARRY8 (Prop_CARRY8_SLICEM_CI_CO[2])
                                                      0.079     6.903 r  design_1_i/axi_fifo_mm_s_2/U0/COMP_IPIC2AXI_S/eqOp_inferred__2/i__carry__0/CO[2]
                         net (fo=1, routed)           0.275     7.178    design_1_i/axi_fifo_mm_s_2/U0/COMP_IPIC2AXI_S/eqOp_inferred__2/i__carry__0_n_5
    SLICE_X18Y113        LUT4 (Prop_G6LUT_SLICEM_I0_O)
                                                      0.137     7.315 r  design_1_i/axi_fifo_mm_s_2/U0/COMP_IPIC2AXI_S/sig_txd_sb_wr_en_i_3/O
                         net (fo=2, routed)           0.115     7.430    design_1_i/axi_fifo_mm_s_2/U0/COMP_IPIF/I_SLAVE_ATTACHMENT/I_DECODER/sig_txd_sb_wr_en_reg
    SLICE_X18Y111        LUT6 (Prop_H6LUT_SLICEM_I4_O)
                                                      0.060     7.490 r  design_1_i/axi_fifo_mm_s_2/U0/COMP_IPIF/I_SLAVE_ATTACHMENT/I_DECODER/sig_txd_sb_wr_en_i_1/O
                         net (fo=1, routed)           0.080     7.570    design_1_i/axi_fifo_mm_s_2/U0/COMP_IPIC2AXI_S/sig_txd_sb_wr_en
    SLICE_X18Y111        FDRE                                         r  design_1_i/axi_fifo_mm_s_2/U0/COMP_IPIC2AXI_S/sig_txd_sb_wr_en_reg/D
  -------------------------------------------------------------------    -------------------

                         (clock clk_pl_0 rise edge)
                                                     10.000    10.000 r  
    PS8_X0Y0             PS8                          0.000    10.000 r  design_1_i/zynq_ultra_ps_e_0/inst/PS8_i/PLCLK[0]
                         net (fo=1, routed)           0.181    10.181    design_1_i/zynq_ultra_ps_e_0/inst/pl_clk_unbuffered[0]
    BUFG_PS_X0Y80        BUFG_PS (Prop_BUFG_PS_I_O)
                                                      0.035    10.216 r  design_1_i/zynq_ultra_ps_e_0/inst/buffer_pl_clk_0.PL_CLK_0_BUFG/O
    X0Y2 (CLOCK_ROOT)    net (fo=11423, routed)       1.939    12.155    design_1_i/axi_fifo_mm_s_2/U0/COMP_IPIC2AXI_S/s_axi_aclk
    SLICE_X18Y111        FDRE                                         r  design_1_i/axi_fifo_mm_s_2/U0/COMP_IPIC2AXI_S/sig_txd_sb_wr_en_reg/C
                         clock pessimism              0.161    12.316    
                         clock uncertainty           -0.160    12.156    
    SLICE_X18Y111        FDRE (Setup_HFF_SLICEM_C_D)
                                                      0.044    12.200    design_1_i/axi_fifo_mm_s_2/U0/COMP_IPIC2AXI_S/sig_txd_sb_wr_en_reg
  -------------------------------------------------------------------
                         required time                         12.200    
                         arrival time                          -7.570    
  -------------------------------------------------------------------
                         slack                                  4.630    

Slack (MET) :             4.634ns  (required time - arrival time)
  Source:                 design_1_i/ps8_0_axi_periph/xbar/inst/gen_samd.crossbar_samd/gen_master_slots[4].reg_slice_mi/r.r_pipe/m_valid_i_reg/C
                            (rising edge-triggered cell FDRE clocked by clk_pl_0  {rise@0.000ns fall@5.000ns period=10.000ns})
  Destination:            design_1_i/zynq_ultra_ps_e_0/inst/PS8_i/MAXIGP0RDATA[6]
                            (rising edge-triggered cell PS8 clocked by clk_pl_0  {rise@0.000ns fall@5.000ns period=10.000ns})
  Path Group:             clk_pl_0
  Path Type:              Setup (Max at Slow Process Corner)
  Requirement:            10.000ns  (clk_pl_0 rise@10.000ns - clk_pl_0 rise@0.000ns)
  Data Path Delay:        4.216ns  (logic 0.724ns (17.175%)  route 3.492ns (82.825%))
  Logic Levels:           4  (LUT2=1 LUT6=3)
  Clock Path Skew:        -0.122ns (DCD - SCD + CPR)
    Destination Clock Delay (DCD):    2.054ns = ( 12.054 - 10.000 ) 
    Source Clock Delay      (SCD):    2.337ns
    Clock Pessimism Removal (CPR):    0.161ns
  Clock Uncertainty:      0.160ns  ((TSJ^2 + DJ^2)^1/2) / 2 + PE
    Total System Jitter     (TSJ):    0.071ns
    Discrete Jitter          (DJ):    0.312ns
    Phase Error              (PE):    0.000ns
  Clock Net Delay (Source):      2.070ns (routing 0.768ns, distribution 1.302ns)
  Clock Net Delay (Destination): 1.838ns (routing 0.702ns, distribution 1.136ns)

    Location             Delay type                Incr(ns)  Path(ns)    Netlist Resource(s)
  -------------------------------------------------------------------    -------------------
                         (clock clk_pl_0 rise edge)
                                                      0.000     0.000 r  
    PS8_X0Y0             PS8                          0.000     0.000 r  design_1_i/zynq_ultra_ps_e_0/inst/PS8_i/PLCLK[0]
                         net (fo=1, routed)           0.229     0.229    design_1_i/zynq_ultra_ps_e_0/inst/pl_clk_unbuffered[0]
    BUFG_PS_X0Y80        BUFG_PS (Prop_BUFG_PS_I_O)
                                                      0.038     0.267 r  design_1_i/zynq_ultra_ps_e_0/inst/buffer_pl_clk_0.PL_CLK_0_BUFG/O
    X0Y2 (CLOCK_ROOT)    net (fo=11423, routed)       2.070     2.337    design_1_i/ps8_0_axi_periph/xbar/inst/gen_samd.crossbar_samd/gen_master_slots[4].reg_slice_mi/r.r_pipe/aclk
    SLICE_X4Y96          FDRE                                         r  design_1_i/ps8_0_axi_periph/xbar/inst/gen_samd.crossbar_samd/gen_master_slots[4].reg_slice_mi/r.r_pipe/m_valid_i_reg/C
  -------------------------------------------------------------------    -------------------
    SLICE_X4Y96          FDRE (Prop_DFF_SLICEM_C_Q)
                                                      0.116     2.453 r  design_1_i/ps8_0_axi_periph/xbar/inst/gen_samd.crossbar_samd/gen_master_slots[4].reg_slice_mi/r.r_pipe/m_valid_i_reg/Q
                         net (fo=22, routed)          0.402     2.854    design_1_i/ps8_0_axi_periph/xbar/inst/gen_samd.crossbar_samd/gen_slave_slots[0].gen_si_read.si_transactor_ar/gen_multi_thread.arbiter_resp_inst/st_mr_rvalid[4]
    SLICE_X5Y94          LUT2 (Prop_H5LUT_SLICEM_I1_O)
                                                      0.223     3.077 r  design_1_i/ps8_0_axi_periph/xbar/inst/gen_samd.crossbar_samd/gen_slave_slots[0].gen_si_read.si_transactor_ar/gen_multi_thread.arbiter_resp_inst/s_axi_rid[15]_INST_0_i_8/O
                         net (fo=8, routed)           0.179     3.257    design_1_i/ps8_0_axi_periph/xbar/inst/gen_samd.crossbar_samd/gen_slave_slots[0].gen_si_read.si_transactor_ar/gen_multi_thread.arbiter_resp_inst/p_0_in1_in[4]
    SLICE_X5Y92          LUT6 (Prop_C6LUT_SLICEM_I4_O)
                                                      0.220     3.477 r  design_1_i/ps8_0_axi_periph/xbar/inst/gen_samd.crossbar_samd/gen_slave_slots[0].gen_si_read.si_transactor_ar/gen_multi_thread.arbiter_resp_inst/s_axi_rid[15]_INST_0_i_6/O
                         net (fo=50, routed)          2.086     5.562    design_1_i/ps8_0_axi_periph/xbar/inst/gen_samd.crossbar_samd/gen_slave_slots[0].gen_si_read.si_transactor_ar/gen_multi_thread.arbiter_resp_inst/s_axi_rid[15]_INST_0_i_6_n_0
    SLICE_X22Y100        LUT6 (Prop_G6LUT_SLICEL_I2_O)
                                                      0.082     5.644 r  design_1_i/ps8_0_axi_periph/xbar/inst/gen_samd.crossbar_samd/gen_slave_slots[0].gen_si_read.si_transactor_ar/gen_multi_thread.arbiter_resp_inst/s_axi_rdata[6]_INST_0_i_1/O
                         net (fo=1, routed)           0.054     5.698    design_1_i/ps8_0_axi_periph/xbar/inst/gen_samd.crossbar_samd/gen_slave_slots[0].gen_si_read.si_transactor_ar/gen_multi_thread.arbiter_resp_inst/s_axi_rdata[6]_INST_0_i_1_n_0
    SLICE_X22Y100        LUT6 (Prop_H6LUT_SLICEL_I0_O)
                                                      0.083     5.781 r  design_1_i/ps8_0_axi_periph/xbar/inst/gen_samd.crossbar_samd/gen_slave_slots[0].gen_si_read.si_transactor_ar/gen_multi_thread.arbiter_resp_inst/s_axi_rdata[6]_INST_0/O
                         net (fo=1, routed)           0.771     6.552    design_1_i/zynq_ultra_ps_e_0/inst/maxigp0_rdata[6]
    PS8_X0Y0             PS8                                          r  design_1_i/zynq_ultra_ps_e_0/inst/PS8_i/MAXIGP0RDATA[6]
  -------------------------------------------------------------------    -------------------

                         (clock clk_pl_0 rise edge)
                                                     10.000    10.000 r  
    PS8_X0Y0             PS8                          0.000    10.000 r  design_1_i/zynq_ultra_ps_e_0/inst/PS8_i/PLCLK[0]
                         net (fo=1, routed)           0.181    10.181    design_1_i/zynq_ultra_ps_e_0/inst/pl_clk_unbuffered[0]
    BUFG_PS_X0Y80        BUFG_PS (Prop_BUFG_PS_I_O)
                                                      0.035    10.216 r  design_1_i/zynq_ultra_ps_e_0/inst/buffer_pl_clk_0.PL_CLK_0_BUFG/O
    X0Y2 (CLOCK_ROOT)    net (fo=11423, routed)       1.838    12.054    design_1_i/zynq_ultra_ps_e_0/inst/maxihpm0_fpd_aclk
    PS8_X0Y0             PS8                                          r  design_1_i/zynq_ultra_ps_e_0/inst/PS8_i/MAXIGP0ACLK
                         clock pessimism              0.161    12.215    
                         clock uncertainty           -0.160    12.055    
    PS8_X0Y0             PS8 (Setup_PS8_MAXIGP0ACLK_MAXIGP0RDATA[6])
                                                     -0.869    11.186    design_1_i/zynq_ultra_ps_e_0/inst/PS8_i
  -------------------------------------------------------------------
                         required time                         11.186    
                         arrival time                          -6.552    
  -------------------------------------------------------------------
                         slack                                  4.634    

Slack (MET) :             4.698ns  (required time - arrival time)
  Source:                 design_1_i/myip_0/inst/A_RAM/RAM_reg_bram_0/CLKARDCLK
                            (rising edge-triggered cell RAMB18E2 clocked by clk_pl_0  {rise@0.000ns fall@5.000ns period=10.000ns})
  Destination:            design_1_i/myip_0/inst/matrix_multiply_0/sum_reg[13]/D
                            (rising edge-triggered cell FDRE clocked by clk_pl_0  {rise@0.000ns fall@5.000ns period=10.000ns})
  Path Group:             clk_pl_0
  Path Type:              Setup (Max at Slow Process Corner)
  Requirement:            10.000ns  (clk_pl_0 rise@10.000ns - clk_pl_0 rise@0.000ns)
  Data Path Delay:        4.982ns  (logic 2.615ns (52.490%)  route 2.367ns (47.510%))
  Logic Levels:           8  (CARRY8=3 LUT2=1 LUT4=1 LUT6=3)
  Clock Path Skew:        -0.204ns (DCD - SCD + CPR)
    Destination Clock Delay (DCD):    2.252ns = ( 12.252 - 10.000 ) 
    Source Clock Delay      (SCD):    2.682ns
    Clock Pessimism Removal (CPR):    0.226ns
  Clock Uncertainty:      0.160ns  ((TSJ^2 + DJ^2)^1/2) / 2 + PE
    Total System Jitter     (TSJ):    0.071ns
    Discrete Jitter          (DJ):    0.312ns
    Phase Error              (PE):    0.000ns
  Clock Net Delay (Source):      2.415ns (routing 0.768ns, distribution 1.647ns)
  Clock Net Delay (Destination): 2.036ns (routing 0.702ns, distribution 1.334ns)

    Location             Delay type                Incr(ns)  Path(ns)    Netlist Resource(s)
  -------------------------------------------------------------------    -------------------
                         (clock clk_pl_0 rise edge)
                                                      0.000     0.000 r  
    PS8_X0Y0             PS8                          0.000     0.000 r  design_1_i/zynq_ultra_ps_e_0/inst/PS8_i/PLCLK[0]
                         net (fo=1, routed)           0.229     0.229    design_1_i/zynq_ultra_ps_e_0/inst/pl_clk_unbuffered[0]
    BUFG_PS_X0Y80        BUFG_PS (Prop_BUFG_PS_I_O)
                                                      0.038     0.267 r  design_1_i/zynq_ultra_ps_e_0/inst/buffer_pl_clk_0.PL_CLK_0_BUFG/O
    X0Y2 (CLOCK_ROOT)    net (fo=11423, routed)       2.415     2.682    design_1_i/myip_0/inst/A_RAM/ACLK
    RAMB18_X0Y34         RAMB18E2                                     r  design_1_i/myip_0/inst/A_RAM/RAM_reg_bram_0/CLKARDCLK
  -------------------------------------------------------------------    -------------------
    RAMB18_X0Y34         RAMB18E2 (Prop_RAMB18E2_L_RAMB180_CLKARDCLK_DOUTADOUT[2])
                                                      1.310     3.992 r  design_1_i/myip_0/inst/A_RAM/RAM_reg_bram_0/DOUTADOUT[2]
                         net (fo=20, routed)          0.889     4.881    design_1_i/myip_0/inst/A_RAM/DOUTADOUT[2]
    SLICE_X28Y82         LUT6 (Prop_G6LUT_SLICEM_I0_O)
                                                      0.186     5.067 r  design_1_i/myip_0/inst/A_RAM/sum1__30_carry_i_4/O
                         net (fo=2, routed)           0.110     5.177    design_1_i/myip_0/inst/A_RAM/RAM_reg_bram_0_3[2]
    SLICE_X28Y83         LUT6 (Prop_E6LUT_SLICEM_I0_O)
                                                      0.152     5.329 r  design_1_i/myip_0/inst/A_RAM/sum1__30_carry_i_11/O
                         net (fo=1, routed)           0.018     5.347    design_1_i/myip_0/inst/matrix_multiply_0/sum1__60_carry_i_13_1[4]
    SLICE_X28Y83         CARRY8 (Prop_CARRY8_SLICEM_S[4]_O[7])
                                                      0.202     5.549 r  design_1_i/myip_0/inst/matrix_multiply_0/sum1__30_carry/O[7]
                         net (fo=3, routed)           0.436     5.985    design_1_i/myip_0/inst/B_RAM/O[2]
    SLICE_X26Y85         LUT4 (Prop_D5LUT_SLICEL_I2_O)
                                                      0.217     6.202 r  design_1_i/myip_0/inst/B_RAM/sum1__60_carry_i_20/O
                         net (fo=3, routed)           0.288     6.490    design_1_i/myip_0/inst/B_RAM/sum1__60_carry_i_20_n_0
    SLICE_X28Y85         LUT6 (Prop_G6LUT_SLICEM_I5_O)
                                                      0.226     6.716 r  design_1_i/myip_0/inst/B_RAM/sum1__60_carry__0_i_4/O
                         net (fo=1, routed)           0.378     7.094    design_1_i/myip_0/inst/matrix_multiply_0/sum0_carry__0_i_5_0[0]
    SLICE_X27Y86         CARRY8 (Prop_CARRY8_SLICEL_DI[0]_O[1])
                                                      0.111     7.205 r  design_1_i/myip_0/inst/matrix_multiply_0/sum1__60_carry__0/O[1]
                         net (fo=1, routed)           0.204     7.409    design_1_i/myip_0/inst/matrix_multiply_0/sum1[12]
    SLICE_X27Y89         LUT2 (Prop_E6LUT_SLICEL_I1_O)
                                                      0.083     7.492 r  design_1_i/myip_0/inst/matrix_multiply_0/sum0_carry__0_i_4/O
                         net (fo=1, routed)           0.011     7.503    design_1_i/myip_0/inst/matrix_multiply_0/sum0_carry__0_i_4_n_0
    SLICE_X27Y89         CARRY8 (Prop_CARRY8_SLICEL_S[4]_O[5])
                                                      0.128     7.631 r  design_1_i/myip_0/inst/matrix_multiply_0/sum0_carry__0/O[5]
                         net (fo=1, routed)           0.033     7.664    design_1_i/myip_0/inst/matrix_multiply_0/sum0[13]
    SLICE_X27Y89         FDRE                                         r  design_1_i/myip_0/inst/matrix_multiply_0/sum_reg[13]/D
  -------------------------------------------------------------------    -------------------

                         (clock clk_pl_0 rise edge)
                                                     10.000    10.000 r  
    PS8_X0Y0             PS8                          0.000    10.000 r  design_1_i/zynq_ultra_ps_e_0/inst/PS8_i/PLCLK[0]
                         net (fo=1, routed)           0.181    10.181    design_1_i/zynq_ultra_ps_e_0/inst/pl_clk_unbuffered[0]
    BUFG_PS_X0Y80        BUFG_PS (Prop_BUFG_PS_I_O)
                                                      0.035    10.216 r  design_1_i/zynq_ultra_ps_e_0/inst/buffer_pl_clk_0.PL_CLK_0_BUFG/O
    X0Y2 (CLOCK_ROOT)    net (fo=11423, routed)       2.036    12.252    design_1_i/myip_0/inst/matrix_multiply_0/ACLK
    SLICE_X27Y89         FDRE                                         r  design_1_i/myip_0/inst/matrix_multiply_0/sum_reg[13]/C
                         clock pessimism              0.226    12.478    
                         clock uncertainty           -0.160    12.318    
    SLICE_X27Y89         FDRE (Setup_FFF_SLICEL_C_D)
                                                      0.044    12.362    design_1_i/myip_0/inst/matrix_multiply_0/sum_reg[13]
  -------------------------------------------------------------------
                         required time                         12.362    
                         arrival time                          -7.664    
  -------------------------------------------------------------------
                         slack                                  4.698    

Slack (MET) :             4.740ns  (required time - arrival time)
  Source:                 design_1_i/ps8_0_axi_periph/xbar/inst/gen_samd.crossbar_samd/gen_master_slots[3].reg_slice_mi/r.r_pipe/s_ready_i_reg/C
                            (rising edge-triggered cell FDRE clocked by clk_pl_0  {rise@0.000ns fall@5.000ns period=10.000ns})
  Destination:            design_1_i/axi_fifo_mm_s_1/U0/COMP_IPIC2AXI_S/grxd.COMP_RX_FIFO/gfifo_gen.COMP_AXIS_FG_FIFO/COMP_FIFO/xpm_fifo_base_inst/gen_sdpram.xpm_memory_base_inst/gen_wr_a.gen_word_narrow.mem_reg/ENARDEN
                            (rising edge-triggered cell RAMB36E2 clocked by clk_pl_0  {rise@0.000ns fall@5.000ns period=10.000ns})
  Path Group:             clk_pl_0
  Path Type:              Setup (Max at Slow Process Corner)
  Requirement:            10.000ns  (clk_pl_0 rise@10.000ns - clk_pl_0 rise@0.000ns)
  Data Path Delay:        4.731ns  (logic 0.591ns (12.493%)  route 4.140ns (87.507%))
  Logic Levels:           3  (LUT2=2 LUT4=1)
  Clock Path Skew:        0.093ns (DCD - SCD + CPR)
    Destination Clock Delay (DCD):    2.293ns = ( 12.293 - 10.000 ) 
    Source Clock Delay      (SCD):    2.364ns
    Clock Pessimism Removal (CPR):    0.164ns
  Clock Uncertainty:      0.160ns  ((TSJ^2 + DJ^2)^1/2) / 2 + PE
    Total System Jitter     (TSJ):    0.071ns
    Discrete Jitter          (DJ):    0.312ns
    Phase Error              (PE):    0.000ns
  Clock Net Delay (Source):      2.097ns (routing 0.768ns, distribution 1.329ns)
  Clock Net Delay (Destination): 2.077ns (routing 0.702ns, distribution 1.375ns)

    Location             Delay type                Incr(ns)  Path(ns)    Netlist Resource(s)
  -------------------------------------------------------------------    -------------------
                         (clock clk_pl_0 rise edge)
                                                      0.000     0.000 r  
    PS8_X0Y0             PS8                          0.000     0.000 r  design_1_i/zynq_ultra_ps_e_0/inst/PS8_i/PLCLK[0]
                         net (fo=1, routed)           0.229     0.229    design_1_i/zynq_ultra_ps_e_0/inst/pl_clk_unbuffered[0]
    BUFG_PS_X0Y80        BUFG_PS (Prop_BUFG_PS_I_O)
                                                      0.038     0.267 r  design_1_i/zynq_ultra_ps_e_0/inst/buffer_pl_clk_0.PL_CLK_0_BUFG/O
    X0Y2 (CLOCK_ROOT)    net (fo=11423, routed)       2.097     2.364    design_1_i/ps8_0_axi_periph/xbar/inst/gen_samd.crossbar_samd/gen_master_slots[3].reg_slice_mi/r.r_pipe/aclk
    SLICE_X6Y96          FDRE                                         r  design_1_i/ps8_0_axi_periph/xbar/inst/gen_samd.crossbar_samd/gen_master_slots[3].reg_slice_mi/r.r_pipe/s_ready_i_reg/C
  -------------------------------------------------------------------    -------------------
    SLICE_X6Y96          FDRE (Prop_FFF2_SLICEL_C_Q)
                                                      0.117     2.481 r  design_1_i/ps8_0_axi_periph/xbar/inst/gen_samd.crossbar_samd/gen_master_slots[3].reg_slice_mi/r.r_pipe/s_ready_i_reg/Q
                         net (fo=114, routed)         2.184     4.665    design_1_i/axi_fifo_mm_s_1/U0/gaxif.COMP_AXI4/axi_rd_sm/axi_read_fsm/s_axi4_rready
    SLICE_X15Y118        LUT2 (Prop_C6LUT_SLICEL_I1_O)
                                                      0.150     4.815 r  design_1_i/axi_fifo_mm_s_1/U0/gaxif.COMP_AXI4/axi_rd_sm/axi_read_fsm/COMP_FIFO_i_2/O
                         net (fo=2, routed)           0.367     5.182    design_1_i/axi_fifo_mm_s_1/U0/COMP_IPIC2AXI_S/grxd.COMP_RX_FIFO/gfifo_gen.COMP_AXIS_FG_FIFO/COMP_FIFO/m_axis_tready
    SLICE_X21Y118        LUT2 (Prop_E6LUT_SLICEM_I1_O)
                                                      0.187     5.369 r  design_1_i/axi_fifo_mm_s_1/U0/COMP_IPIC2AXI_S/grxd.COMP_RX_FIFO/gfifo_gen.COMP_AXIS_FG_FIFO/COMP_FIFO/xpm_fifo_base_inst_i_1/O
                         net (fo=15, routed)          0.214     5.583    design_1_i/axi_fifo_mm_s_1/U0/COMP_IPIC2AXI_S/grxd.COMP_RX_FIFO/gfifo_gen.COMP_AXIS_FG_FIFO/COMP_FIFO/xpm_fifo_base_inst/rdp_inst/rd_en
    SLICE_X22Y120        LUT4 (Prop_H6LUT_SLICEL_I2_O)
                                                      0.137     5.720 r  design_1_i/axi_fifo_mm_s_1/U0/COMP_IPIC2AXI_S/grxd.COMP_RX_FIFO/gfifo_gen.COMP_AXIS_FG_FIFO/COMP_FIFO/xpm_fifo_base_inst/rdp_inst/gen_sdpram.xpm_memory_base_inst_i_2/O
                         net (fo=33, routed)          1.374     7.094    design_1_i/axi_fifo_mm_s_1/U0/COMP_IPIC2AXI_S/grxd.COMP_RX_FIFO/gfifo_gen.COMP_AXIS_FG_FIFO/COMP_FIFO/xpm_fifo_base_inst/gen_sdpram.xpm_memory_base_inst/enb
    RAMB36_X0Y22         RAMB36E2                                     r  design_1_i/axi_fifo_mm_s_1/U0/COMP_IPIC2AXI_S/grxd.COMP_RX_FIFO/gfifo_gen.COMP_AXIS_FG_FIFO/COMP_FIFO/xpm_fifo_base_inst/gen_sdpram.xpm_memory_base_inst/gen_wr_a.gen_word_narrow.mem_reg/ENARDEN
  -------------------------------------------------------------------    -------------------

                         (clock clk_pl_0 rise edge)
                                                     10.000    10.000 r  
    PS8_X0Y0             PS8                          0.000    10.000 r  design_1_i/zynq_ultra_ps_e_0/inst/PS8_i/PLCLK[0]
                         net (fo=1, routed)           0.181    10.181    design_1_i/zynq_ultra_ps_e_0/inst/pl_clk_unbuffered[0]
    BUFG_PS_X0Y80        BUFG_PS (Prop_BUFG_PS_I_O)
                                                      0.035    10.216 r  design_1_i/zynq_ultra_ps_e_0/inst/buffer_pl_clk_0.PL_CLK_0_BUFG/O
    X0Y2 (CLOCK_ROOT)    net (fo=11423, routed)       2.077    12.293    design_1_i/axi_fifo_mm_s_1/U0/COMP_IPIC2AXI_S/grxd.COMP_RX_FIFO/gfifo_gen.COMP_AXIS_FG_FIFO/COMP_FIFO/xpm_fifo_base_inst/gen_sdpram.xpm_memory_base_inst/clka
    RAMB36_X0Y22         RAMB36E2                                     r  design_1_i/axi_fifo_mm_s_1/U0/COMP_IPIC2AXI_S/grxd.COMP_RX_FIFO/gfifo_gen.COMP_AXIS_FG_FIFO/COMP_FIFO/xpm_fifo_base_inst/gen_sdpram.xpm_memory_base_inst/gen_wr_a.gen_word_narrow.mem_reg/CLKARDCLK
                         clock pessimism              0.164    12.457    
                         clock uncertainty           -0.160    12.297    
    RAMB36_X0Y22         RAMB36E2 (Setup_RAMB36E2_RAMB36_CLKARDCLK_ENARDEN)
                                                     -0.462    11.835    design_1_i/axi_fifo_mm_s_1/U0/COMP_IPIC2AXI_S/grxd.COMP_RX_FIFO/gfifo_gen.COMP_AXIS_FG_FIFO/COMP_FIFO/xpm_fifo_base_inst/gen_sdpram.xpm_memory_base_inst/gen_wr_a.gen_word_narrow.mem_reg
  -------------------------------------------------------------------
                         required time                         11.835    
                         arrival time                          -7.094    
  -------------------------------------------------------------------
                         slack                                  4.740    

Slack (MET) :             4.752ns  (required time - arrival time)
  Source:                 design_1_i/myip_0/inst/A_RAM/RAM_reg_bram_0/CLKARDCLK
                            (rising edge-triggered cell RAMB18E2 clocked by clk_pl_0  {rise@0.000ns fall@5.000ns period=10.000ns})
  Destination:            design_1_i/myip_0/inst/matrix_multiply_0/sum_reg[12]/D
                            (rising edge-triggered cell FDRE clocked by clk_pl_0  {rise@0.000ns fall@5.000ns period=10.000ns})
  Path Group:             clk_pl_0
  Path Type:              Setup (Max at Slow Process Corner)
  Requirement:            10.000ns  (clk_pl_0 rise@10.000ns - clk_pl_0 rise@0.000ns)
  Data Path Delay:        4.928ns  (logic 2.562ns (51.990%)  route 2.366ns (48.010%))
  Logic Levels:           8  (CARRY8=3 LUT2=1 LUT4=1 LUT6=3)
  Clock Path Skew:        -0.204ns (DCD - SCD + CPR)
    Destination Clock Delay (DCD):    2.252ns = ( 12.252 - 10.000 ) 
    Source Clock Delay      (SCD):    2.682ns
    Clock Pessimism Removal (CPR):    0.226ns
  Clock Uncertainty:      0.160ns  ((TSJ^2 + DJ^2)^1/2) / 2 + PE
    Total System Jitter     (TSJ):    0.071ns
    Discrete Jitter          (DJ):    0.312ns
    Phase Error              (PE):    0.000ns
  Clock Net Delay (Source):      2.415ns (routing 0.768ns, distribution 1.647ns)
  Clock Net Delay (Destination): 2.036ns (routing 0.702ns, distribution 1.334ns)

    Location             Delay type                Incr(ns)  Path(ns)    Netlist Resource(s)
  -------------------------------------------------------------------    -------------------
                         (clock clk_pl_0 rise edge)
                                                      0.000     0.000 r  
    PS8_X0Y0             PS8                          0.000     0.000 r  design_1_i/zynq_ultra_ps_e_0/inst/PS8_i/PLCLK[0]
                         net (fo=1, routed)           0.229     0.229    design_1_i/zynq_ultra_ps_e_0/inst/pl_clk_unbuffered[0]
    BUFG_PS_X0Y80        BUFG_PS (Prop_BUFG_PS_I_O)
                                                      0.038     0.267 r  design_1_i/zynq_ultra_ps_e_0/inst/buffer_pl_clk_0.PL_CLK_0_BUFG/O
    X0Y2 (CLOCK_ROOT)    net (fo=11423, routed)       2.415     2.682    design_1_i/myip_0/inst/A_RAM/ACLK
    RAMB18_X0Y34         RAMB18E2                                     r  design_1_i/myip_0/inst/A_RAM/RAM_reg_bram_0/CLKARDCLK
  -------------------------------------------------------------------    -------------------
    RAMB18_X0Y34         RAMB18E2 (Prop_RAMB18E2_L_RAMB180_CLKARDCLK_DOUTADOUT[2])
                                                      1.310     3.992 r  design_1_i/myip_0/inst/A_RAM/RAM_reg_bram_0/DOUTADOUT[2]
                         net (fo=20, routed)          0.889     4.881    design_1_i/myip_0/inst/A_RAM/DOUTADOUT[2]
    SLICE_X28Y82         LUT6 (Prop_G6LUT_SLICEM_I0_O)
                                                      0.186     5.067 r  design_1_i/myip_0/inst/A_RAM/sum1__30_carry_i_4/O
                         net (fo=2, routed)           0.110     5.177    design_1_i/myip_0/inst/A_RAM/RAM_reg_bram_0_3[2]
    SLICE_X28Y83         LUT6 (Prop_E6LUT_SLICEM_I0_O)
                                                      0.152     5.329 r  design_1_i/myip_0/inst/A_RAM/sum1__30_carry_i_11/O
                         net (fo=1, routed)           0.018     5.347    design_1_i/myip_0/inst/matrix_multiply_0/sum1__60_carry_i_13_1[4]
    SLICE_X28Y83         CARRY8 (Prop_CARRY8_SLICEM_S[4]_O[7])
                                                      0.202     5.549 r  design_1_i/myip_0/inst/matrix_multiply_0/sum1__30_carry/O[7]
                         net (fo=3, routed)           0.436     5.985    design_1_i/myip_0/inst/B_RAM/O[2]
    SLICE_X26Y85         LUT4 (Prop_D5LUT_SLICEL_I2_O)
                                                      0.217     6.202 r  design_1_i/myip_0/inst/B_RAM/sum1__60_carry_i_20/O
                         net (fo=3, routed)           0.288     6.490    design_1_i/myip_0/inst/B_RAM/sum1__60_carry_i_20_n_0
    SLICE_X28Y85         LUT6 (Prop_G6LUT_SLICEM_I5_O)
                                                      0.226     6.716 r  design_1_i/myip_0/inst/B_RAM/sum1__60_carry__0_i_4/O
                         net (fo=1, routed)           0.378     7.094    design_1_i/myip_0/inst/matrix_multiply_0/sum0_carry__0_i_5_0[0]
    SLICE_X27Y86         CARRY8 (Prop_CARRY8_SLICEL_DI[0]_O[1])
                                                      0.111     7.205 r  design_1_i/myip_0/inst/matrix_multiply_0/sum1__60_carry__0/O[1]
                         net (fo=1, routed)           0.204     7.409    design_1_i/myip_0/inst/matrix_multiply_0/sum1[12]
    SLICE_X27Y89         LUT2 (Prop_E6LUT_SLICEL_I1_O)
                                                      0.083     7.492 r  design_1_i/myip_0/inst/matrix_multiply_0/sum0_carry__0_i_4/O
                         net (fo=1, routed)           0.011     7.503    design_1_i/myip_0/inst/matrix_multiply_0/sum0_carry__0_i_4_n_0
    SLICE_X27Y89         CARRY8 (Prop_CARRY8_SLICEL_S[4]_O[4])
                                                      0.075     7.578 r  design_1_i/myip_0/inst/matrix_multiply_0/sum0_carry__0/O[4]
                         net (fo=1, routed)           0.032     7.610    design_1_i/myip_0/inst/matrix_multiply_0/sum0[12]
    SLICE_X27Y89         FDRE                                         r  design_1_i/myip_0/inst/matrix_multiply_0/sum_reg[12]/D
  -------------------------------------------------------------------    -------------------

                         (clock clk_pl_0 rise edge)
                                                     10.000    10.000 r  
    PS8_X0Y0             PS8                          0.000    10.000 r  design_1_i/zynq_ultra_ps_e_0/inst/PS8_i/PLCLK[0]
                         net (fo=1, routed)           0.181    10.181    design_1_i/zynq_ultra_ps_e_0/inst/pl_clk_unbuffered[0]
    BUFG_PS_X0Y80        BUFG_PS (Prop_BUFG_PS_I_O)
                                                      0.035    10.216 r  design_1_i/zynq_ultra_ps_e_0/inst/buffer_pl_clk_0.PL_CLK_0_BUFG/O
    X0Y2 (CLOCK_ROOT)    net (fo=11423, routed)       2.036    12.252    design_1_i/myip_0/inst/matrix_multiply_0/ACLK
    SLICE_X27Y89         FDRE                                         r  design_1_i/myip_0/inst/matrix_multiply_0/sum_reg[12]/C
                         clock pessimism              0.226    12.478    
                         clock uncertainty           -0.160    12.318    
    SLICE_X27Y89         FDRE (Setup_EFF_SLICEL_C_D)
                                                      0.044    12.362    design_1_i/myip_0/inst/matrix_multiply_0/sum_reg[12]
  -------------------------------------------------------------------
                         required time                         12.362    
                         arrival time                          -7.610    
  -------------------------------------------------------------------
                         slack                                  4.752    





Min Delay Paths
--------------------------------------------------------------------------------------
Slack (MET) :             0.011ns  (arrival time - required time)
  Source:                 design_1_i/ps8_0_axi_periph/m00_couplers/auto_pc/inst/gen_axilite.gen_b2s_conv.axilite_b2s/SI_REG/r.r_pipe/m_payload_i_reg[26]/C
                            (rising edge-triggered cell FDRE clocked by clk_pl_0  {rise@0.000ns fall@5.000ns period=10.000ns})
  Destination:            design_1_i/ps8_0_axi_periph/xbar/inst/gen_samd.crossbar_samd/gen_master_slots[0].reg_slice_mi/r.r_pipe/skid_buffer_reg[26]/D
                            (rising edge-triggered cell FDRE clocked by clk_pl_0  {rise@0.000ns fall@5.000ns period=10.000ns})
  Path Group:             clk_pl_0
  Path Type:              Hold (Min at Slow Process Corner)
  Requirement:            0.000ns  (clk_pl_0 rise@0.000ns - clk_pl_0 rise@0.000ns)
  Data Path Delay:        0.221ns  (logic 0.113ns (51.131%)  route 0.108ns (48.869%))
  Logic Levels:           0  
  Clock Path Skew:        0.109ns (DCD - SCD - CPR)
    Destination Clock Delay (DCD):    2.400ns
    Source Clock Delay      (SCD):    2.130ns
    Clock Pessimism Removal (CPR):    0.161ns
  Clock Net Delay (Source):      1.914ns (routing 0.702ns, distribution 1.212ns)
  Clock Net Delay (Destination): 2.133ns (routing 0.768ns, distribution 1.365ns)

    Location             Delay type                Incr(ns)  Path(ns)    Netlist Resource(s)
  -------------------------------------------------------------------    -------------------
                         (clock clk_pl_0 rise edge)
                                                      0.000     0.000 r  
    PS8_X0Y0             PS8                          0.000     0.000 r  design_1_i/zynq_ultra_ps_e_0/inst/PS8_i/PLCLK[0]
                         net (fo=1, routed)           0.181     0.181    design_1_i/zynq_ultra_ps_e_0/inst/pl_clk_unbuffered[0]
    BUFG_PS_X0Y80        BUFG_PS (Prop_BUFG_PS_I_O)
                                                      0.035     0.216 r  design_1_i/zynq_ultra_ps_e_0/inst/buffer_pl_clk_0.PL_CLK_0_BUFG/O
    X0Y2 (CLOCK_ROOT)    net (fo=11423, routed)       1.914     2.130    design_1_i/ps8_0_axi_periph/m00_couplers/auto_pc/inst/gen_axilite.gen_b2s_conv.axilite_b2s/SI_REG/r.r_pipe/aclk
    SLICE_X17Y99         FDRE                                         r  design_1_i/ps8_0_axi_periph/m00_couplers/auto_pc/inst/gen_axilite.gen_b2s_conv.axilite_b2s/SI_REG/r.r_pipe/m_payload_i_reg[26]/C
  -------------------------------------------------------------------    -------------------
    SLICE_X17Y99         FDRE (Prop_HFF2_SLICEM_C_Q)
                                                      0.113     2.243 r  design_1_i/ps8_0_axi_periph/m00_couplers/auto_pc/inst/gen_axilite.gen_b2s_conv.axilite_b2s/SI_REG/r.r_pipe/m_payload_i_reg[26]/Q
                         net (fo=2, routed)           0.108     2.351    design_1_i/ps8_0_axi_periph/xbar/inst/gen_samd.crossbar_samd/gen_master_slots[0].reg_slice_mi/r.r_pipe/m_axi_rdata[26]
    SLICE_X16Y99         FDRE                                         r  design_1_i/ps8_0_axi_periph/xbar/inst/gen_samd.crossbar_samd/gen_master_slots[0].reg_slice_mi/r.r_pipe/skid_buffer_reg[26]/D
  -------------------------------------------------------------------    -------------------

                         (clock clk_pl_0 rise edge)
                                                      0.000     0.000 r  
    PS8_X0Y0             PS8                          0.000     0.000 r  design_1_i/zynq_ultra_ps_e_0/inst/PS8_i/PLCLK[0]
                         net (fo=1, routed)           0.229     0.229    design_1_i/zynq_ultra_ps_e_0/inst/pl_clk_unbuffered[0]
    BUFG_PS_X0Y80        BUFG_PS (Prop_BUFG_PS_I_O)
                                                      0.038     0.267 r  design_1_i/zynq_ultra_ps_e_0/inst/buffer_pl_clk_0.PL_CLK_0_BUFG/O
    X0Y2 (CLOCK_ROOT)    net (fo=11423, routed)       2.133     2.400    design_1_i/ps8_0_axi_periph/xbar/inst/gen_samd.crossbar_samd/gen_master_slots[0].reg_slice_mi/r.r_pipe/aclk
    SLICE_X16Y99         FDRE                                         r  design_1_i/ps8_0_axi_periph/xbar/inst/gen_samd.crossbar_samd/gen_master_slots[0].reg_slice_mi/r.r_pipe/skid_buffer_reg[26]/C
                         clock pessimism             -0.161     2.239    
    SLICE_X16Y99         FDRE (Hold_HFF_SLICEL_C_D)
                                                      0.101     2.340    design_1_i/ps8_0_axi_periph/xbar/inst/gen_samd.crossbar_samd/gen_master_slots[0].reg_slice_mi/r.r_pipe/skid_buffer_reg[26]
  -------------------------------------------------------------------
                         required time                         -2.340    
                         arrival time                           2.351    
  -------------------------------------------------------------------
                         slack                                  0.011    

Slack (MET) :             0.011ns  (arrival time - required time)
  Source:                 design_1_i/ps8_0_axi_periph/m02_couplers/auto_pc/inst/gen_axilite.gen_b2s_conv.axilite_b2s/WR.aw_channel_0/s_awlen_r_reg[6]/C
                            (rising edge-triggered cell FDRE clocked by clk_pl_0  {rise@0.000ns fall@5.000ns period=10.000ns})
  Destination:            design_1_i/ps8_0_axi_periph/m02_couplers/auto_pc/inst/gen_axilite.gen_b2s_conv.axilite_b2s/WR.b_channel_0/bid_fifo_0/memory_reg[3][6]_srl4/D
                            (rising edge-triggered cell SRL16E clocked by clk_pl_0  {rise@0.000ns fall@5.000ns period=10.000ns})
  Path Group:             clk_pl_0
  Path Type:              Hold (Min at Slow Process Corner)
  Requirement:            0.000ns  (clk_pl_0 rise@0.000ns - clk_pl_0 rise@0.000ns)
  Data Path Delay:        0.221ns  (logic 0.111ns (50.226%)  route 0.110ns (49.774%))
  Logic Levels:           0  
  Clock Path Skew:        0.188ns (DCD - SCD - CPR)
    Destination Clock Delay (DCD):    2.450ns
    Source Clock Delay      (SCD):    2.094ns
    Clock Pessimism Removal (CPR):    0.168ns
  Clock Net Delay (Source):      1.878ns (routing 0.702ns, distribution 1.176ns)
  Clock Net Delay (Destination): 2.183ns (routing 0.768ns, distribution 1.415ns)

    Location             Delay type                Incr(ns)  Path(ns)    Netlist Resource(s)
  -------------------------------------------------------------------    -------------------
                         (clock clk_pl_0 rise edge)
                                                      0.000     0.000 r  
    PS8_X0Y0             PS8                          0.000     0.000 r  design_1_i/zynq_ultra_ps_e_0/inst/PS8_i/PLCLK[0]
                         net (fo=1, routed)           0.181     0.181    design_1_i/zynq_ultra_ps_e_0/inst/pl_clk_unbuffered[0]
    BUFG_PS_X0Y80        BUFG_PS (Prop_BUFG_PS_I_O)
                                                      0.035     0.216 r  design_1_i/zynq_ultra_ps_e_0/inst/buffer_pl_clk_0.PL_CLK_0_BUFG/O
    X0Y2 (CLOCK_ROOT)    net (fo=11423, routed)       1.878     2.094    design_1_i/ps8_0_axi_periph/m02_couplers/auto_pc/inst/gen_axilite.gen_b2s_conv.axilite_b2s/WR.aw_channel_0/aclk
    SLICE_X7Y123         FDRE                                         r  design_1_i/ps8_0_axi_periph/m02_couplers/auto_pc/inst/gen_axilite.gen_b2s_conv.axilite_b2s/WR.aw_channel_0/s_awlen_r_reg[6]/C
  -------------------------------------------------------------------    -------------------
    SLICE_X7Y123         FDRE (Prop_FFF_SLICEM_C_Q)
                                                      0.111     2.205 r  design_1_i/ps8_0_axi_periph/m02_couplers/auto_pc/inst/gen_axilite.gen_b2s_conv.axilite_b2s/WR.aw_channel_0/s_awlen_r_reg[6]/Q
                         net (fo=1, routed)           0.110     2.315    design_1_i/ps8_0_axi_periph/m02_couplers/auto_pc/inst/gen_axilite.gen_b2s_conv.axilite_b2s/WR.b_channel_0/bid_fifo_0/in[6]
    SLICE_X8Y123         SRL16E                                       r  design_1_i/ps8_0_axi_periph/m02_couplers/auto_pc/inst/gen_axilite.gen_b2s_conv.axilite_b2s/WR.b_channel_0/bid_fifo_0/memory_reg[3][6]_srl4/D
  -------------------------------------------------------------------    -------------------

                         (clock clk_pl_0 rise edge)
                                                      0.000     0.000 r  
    PS8_X0Y0             PS8                          0.000     0.000 r  design_1_i/zynq_ultra_ps_e_0/inst/PS8_i/PLCLK[0]
                         net (fo=1, routed)           0.229     0.229    design_1_i/zynq_ultra_ps_e_0/inst/pl_clk_unbuffered[0]
    BUFG_PS_X0Y80        BUFG_PS (Prop_BUFG_PS_I_O)
                                                      0.038     0.267 r  design_1_i/zynq_ultra_ps_e_0/inst/buffer_pl_clk_0.PL_CLK_0_BUFG/O
    X0Y2 (CLOCK_ROOT)    net (fo=11423, routed)       2.183     2.450    design_1_i/ps8_0_axi_periph/m02_couplers/auto_pc/inst/gen_axilite.gen_b2s_conv.axilite_b2s/WR.b_channel_0/bid_fifo_0/aclk
    SLICE_X8Y123         SRL16E                                       r  design_1_i/ps8_0_axi_periph/m02_couplers/auto_pc/inst/gen_axilite.gen_b2s_conv.axilite_b2s/WR.b_channel_0/bid_fifo_0/memory_reg[3][6]_srl4/CLK
                         clock pessimism             -0.168     2.282    
    SLICE_X8Y123         SRL16E (Hold_G6LUT_SLICEM_CLK_D)
                                                      0.022     2.304    design_1_i/ps8_0_axi_periph/m02_couplers/auto_pc/inst/gen_axilite.gen_b2s_conv.axilite_b2s/WR.b_channel_0/bid_fifo_0/memory_reg[3][6]_srl4
  -------------------------------------------------------------------
                         required time                         -2.304    
                         arrival time                           2.315    
  -------------------------------------------------------------------
                         slack                                  0.011    

Slack (MET) :             0.013ns  (arrival time - required time)
  Source:                 design_1_i/axi_fifo_mm_s_1/U0/gaxif.COMP_AXI4/axi_rd_sm/grid.S_AXI_RID_reg[0]/C
                            (rising edge-triggered cell FDRE clocked by clk_pl_0  {rise@0.000ns fall@5.000ns period=10.000ns})
  Destination:            design_1_i/ps8_0_axi_periph/xbar/inst/gen_samd.crossbar_samd/gen_master_slots[3].reg_slice_mi/r.r_pipe/skid_buffer_reg[35]/D
                            (rising edge-triggered cell FDRE clocked by clk_pl_0  {rise@0.000ns fall@5.000ns period=10.000ns})
  Path Group:             clk_pl_0
  Path Type:              Hold (Min at Slow Process Corner)
  Requirement:            0.000ns  (clk_pl_0 rise@0.000ns - clk_pl_0 rise@0.000ns)
  Data Path Delay:        0.236ns  (logic 0.112ns (47.458%)  route 0.124ns (52.542%))
  Logic Levels:           0  
  Clock Path Skew:        0.121ns (DCD - SCD - CPR)
    Destination Clock Delay (DCD):    2.363ns
    Source Clock Delay      (SCD):    2.080ns
    Clock Pessimism Removal (CPR):    0.161ns
  Clock Net Delay (Source):      1.864ns (routing 0.702ns, distribution 1.162ns)
  Clock Net Delay (Destination): 2.096ns (routing 0.768ns, distribution 1.328ns)

    Location             Delay type                Incr(ns)  Path(ns)    Netlist Resource(s)
  -------------------------------------------------------------------    -------------------
                         (clock clk_pl_0 rise edge)
                                                      0.000     0.000 r  
    PS8_X0Y0             PS8                          0.000     0.000 r  design_1_i/zynq_ultra_ps_e_0/inst/PS8_i/PLCLK[0]
                         net (fo=1, routed)           0.181     0.181    design_1_i/zynq_ultra_ps_e_0/inst/pl_clk_unbuffered[0]
    BUFG_PS_X0Y80        BUFG_PS (Prop_BUFG_PS_I_O)
                                                      0.035     0.216 r  design_1_i/zynq_ultra_ps_e_0/inst/buffer_pl_clk_0.PL_CLK_0_BUFG/O
    X0Y2 (CLOCK_ROOT)    net (fo=11423, routed)       1.864     2.080    design_1_i/axi_fifo_mm_s_1/U0/gaxif.COMP_AXI4/axi_rd_sm/s_axi_aclk
    SLICE_X4Y95          FDRE                                         r  design_1_i/axi_fifo_mm_s_1/U0/gaxif.COMP_AXI4/axi_rd_sm/grid.S_AXI_RID_reg[0]/C
  -------------------------------------------------------------------    -------------------
    SLICE_X4Y95          FDRE (Prop_EFF_SLICEM_C_Q)
                                                      0.112     2.192 r  design_1_i/axi_fifo_mm_s_1/U0/gaxif.COMP_AXI4/axi_rd_sm/grid.S_AXI_RID_reg[0]/Q
                         net (fo=2, routed)           0.124     2.316    design_1_i/ps8_0_axi_periph/xbar/inst/gen_samd.crossbar_samd/gen_master_slots[3].reg_slice_mi/r.r_pipe/m_axi_rid[0]
    SLICE_X5Y95          FDRE                                         r  design_1_i/ps8_0_axi_periph/xbar/inst/gen_samd.crossbar_samd/gen_master_slots[3].reg_slice_mi/r.r_pipe/skid_buffer_reg[35]/D
  -------------------------------------------------------------------    -------------------

                         (clock clk_pl_0 rise edge)
                                                      0.000     0.000 r  
    PS8_X0Y0             PS8                          0.000     0.000 r  design_1_i/zynq_ultra_ps_e_0/inst/PS8_i/PLCLK[0]
                         net (fo=1, routed)           0.229     0.229    design_1_i/zynq_ultra_ps_e_0/inst/pl_clk_unbuffered[0]
    BUFG_PS_X0Y80        BUFG_PS (Prop_BUFG_PS_I_O)
                                                      0.038     0.267 r  design_1_i/zynq_ultra_ps_e_0/inst/buffer_pl_clk_0.PL_CLK_0_BUFG/O
    X0Y2 (CLOCK_ROOT)    net (fo=11423, routed)       2.096     2.363    design_1_i/ps8_0_axi_periph/xbar/inst/gen_samd.crossbar_samd/gen_master_slots[3].reg_slice_mi/r.r_pipe/aclk
    SLICE_X5Y95          FDRE                                         r  design_1_i/ps8_0_axi_periph/xbar/inst/gen_samd.crossbar_samd/gen_master_slots[3].reg_slice_mi/r.r_pipe/skid_buffer_reg[35]/C
                         clock pessimism             -0.161     2.201    
    SLICE_X5Y95          FDRE (Hold_EFF2_SLICEM_C_D)
                                                      0.102     2.303    design_1_i/ps8_0_axi_periph/xbar/inst/gen_samd.crossbar_samd/gen_master_slots[3].reg_slice_mi/r.r_pipe/skid_buffer_reg[35]
  -------------------------------------------------------------------
                         required time                         -2.303    
                         arrival time                           2.316    
  -------------------------------------------------------------------
                         slack                                  0.013    

Slack (MET) :             0.013ns  (arrival time - required time)
  Source:                 design_1_i/ps8_0_axi_periph/m04_couplers/auto_pc/inst/gen_axilite.gen_b2s_conv.axilite_b2s/RD.r_channel_0/r_arid_r_reg[15]/C
                            (rising edge-triggered cell FDRE clocked by clk_pl_0  {rise@0.000ns fall@5.000ns period=10.000ns})
  Destination:            design_1_i/ps8_0_axi_periph/m04_couplers/auto_pc/inst/gen_axilite.gen_b2s_conv.axilite_b2s/RD.r_channel_0/transaction_fifo_0/memory_reg[31][16]_srl32/D
                            (rising edge-triggered cell SRLC32E clocked by clk_pl_0  {rise@0.000ns fall@5.000ns period=10.000ns})
  Path Group:             clk_pl_0
  Path Type:              Hold (Min at Slow Process Corner)
  Requirement:            0.000ns  (clk_pl_0 rise@0.000ns - clk_pl_0 rise@0.000ns)
  Data Path Delay:        0.270ns  (logic 0.112ns (41.481%)  route 0.158ns (58.519%))
  Logic Levels:           0  
  Clock Path Skew:        0.153ns (DCD - SCD - CPR)
    Destination Clock Delay (DCD):    2.400ns
    Source Clock Delay      (SCD):    2.086ns
    Clock Pessimism Removal (CPR):    0.161ns
  Clock Net Delay (Source):      1.870ns (routing 0.702ns, distribution 1.168ns)
  Clock Net Delay (Destination): 2.133ns (routing 0.768ns, distribution 1.365ns)

    Location             Delay type                Incr(ns)  Path(ns)    Netlist Resource(s)
  -------------------------------------------------------------------    -------------------
                         (clock clk_pl_0 rise edge)
                                                      0.000     0.000 r  
    PS8_X0Y0             PS8                          0.000     0.000 r  design_1_i/zynq_ultra_ps_e_0/inst/PS8_i/PLCLK[0]
                         net (fo=1, routed)           0.181     0.181    design_1_i/zynq_ultra_ps_e_0/inst/pl_clk_unbuffered[0]
    BUFG_PS_X0Y80        BUFG_PS (Prop_BUFG_PS_I_O)
                                                      0.035     0.216 r  design_1_i/zynq_ultra_ps_e_0/inst/buffer_pl_clk_0.PL_CLK_0_BUFG/O
    X0Y2 (CLOCK_ROOT)    net (fo=11423, routed)       1.870     2.086    design_1_i/ps8_0_axi_periph/m04_couplers/auto_pc/inst/gen_axilite.gen_b2s_conv.axilite_b2s/RD.r_channel_0/aclk
    SLICE_X3Y83          FDRE                                         r  design_1_i/ps8_0_axi_periph/m04_couplers/auto_pc/inst/gen_axilite.gen_b2s_conv.axilite_b2s/RD.r_channel_0/r_arid_r_reg[15]/C
  -------------------------------------------------------------------    -------------------
    SLICE_X3Y83          FDRE (Prop_EFF_SLICEL_C_Q)
                                                      0.112     2.198 r  design_1_i/ps8_0_axi_periph/m04_couplers/auto_pc/inst/gen_axilite.gen_b2s_conv.axilite_b2s/RD.r_channel_0/r_arid_r_reg[15]/Q
                         net (fo=1, routed)           0.158     2.356    design_1_i/ps8_0_axi_periph/m04_couplers/auto_pc/inst/gen_axilite.gen_b2s_conv.axilite_b2s/RD.r_channel_0/transaction_fifo_0/in[16]
    SLICE_X4Y86          SRLC32E                                      r  design_1_i/ps8_0_axi_periph/m04_couplers/auto_pc/inst/gen_axilite.gen_b2s_conv.axilite_b2s/RD.r_channel_0/transaction_fifo_0/memory_reg[31][16]_srl32/D
  -------------------------------------------------------------------    -------------------

                         (clock clk_pl_0 rise edge)
                                                      0.000     0.000 r  
    PS8_X0Y0             PS8                          0.000     0.000 r  design_1_i/zynq_ultra_ps_e_0/inst/PS8_i/PLCLK[0]
                         net (fo=1, routed)           0.229     0.229    design_1_i/zynq_ultra_ps_e_0/inst/pl_clk_unbuffered[0]
    BUFG_PS_X0Y80        BUFG_PS (Prop_BUFG_PS_I_O)
                                                      0.038     0.267 r  design_1_i/zynq_ultra_ps_e_0/inst/buffer_pl_clk_0.PL_CLK_0_BUFG/O
    X0Y2 (CLOCK_ROOT)    net (fo=11423, routed)       2.133     2.400    design_1_i/ps8_0_axi_periph/m04_couplers/auto_pc/inst/gen_axilite.gen_b2s_conv.axilite_b2s/RD.r_channel_0/transaction_fifo_0/aclk
    SLICE_X4Y86          SRLC32E                                      r  design_1_i/ps8_0_axi_periph/m04_couplers/auto_pc/inst/gen_axilite.gen_b2s_conv.axilite_b2s/RD.r_channel_0/transaction_fifo_0/memory_reg[31][16]_srl32/CLK
                         clock pessimism             -0.161     2.239    
    SLICE_X4Y86          SRLC32E (Hold_H6LUT_SLICEM_CLK_D)
                                                      0.104     2.343    design_1_i/ps8_0_axi_periph/m04_couplers/auto_pc/inst/gen_axilite.gen_b2s_conv.axilite_b2s/RD.r_channel_0/transaction_fifo_0/memory_reg[31][16]_srl32
  -------------------------------------------------------------------
                         required time                         -2.343    
                         arrival time                           2.356    
  -------------------------------------------------------------------
                         slack                                  0.013    

Slack (MET) :             0.013ns  (arrival time - required time)
  Source:                 design_1_i/myip_v1_0_HLS_0/inst/conv3_i11_i_6_loc_channel_U/U_myip_v1_0_HLS_fifo_w16_d2_S_ShiftReg/SRL_SIG_reg[0][6]/C
                            (rising edge-triggered cell FDRE clocked by clk_pl_0  {rise@0.000ns fall@5.000ns period=10.000ns})
  Destination:            design_1_i/myip_v1_0_HLS_0/inst/conv3_i11_i_6_loc_channel_U/U_myip_v1_0_HLS_fifo_w16_d2_S_ShiftReg/SRL_SIG_reg[1][6]/D
                            (rising edge-triggered cell FDRE clocked by clk_pl_0  {rise@0.000ns fall@5.000ns period=10.000ns})
  Path Group:             clk_pl_0
  Path Type:              Hold (Min at Slow Process Corner)
  Requirement:            0.000ns  (clk_pl_0 rise@0.000ns - clk_pl_0 rise@0.000ns)
  Data Path Delay:        0.249ns  (logic 0.112ns (44.989%)  route 0.137ns (55.011%))
  Logic Levels:           0  
  Clock Path Skew:        0.133ns (DCD - SCD - CPR)
    Destination Clock Delay (DCD):    2.424ns
    Source Clock Delay      (SCD):    2.123ns
    Clock Pessimism Removal (CPR):    0.168ns
  Clock Net Delay (Source):      1.907ns (routing 0.702ns, distribution 1.205ns)
  Clock Net Delay (Destination): 2.157ns (routing 0.768ns, distribution 1.389ns)

    Location             Delay type                Incr(ns)  Path(ns)    Netlist Resource(s)
  -------------------------------------------------------------------    -------------------
                         (clock clk_pl_0 rise edge)
                                                      0.000     0.000 r  
    PS8_X0Y0             PS8                          0.000     0.000 r  design_1_i/zynq_ultra_ps_e_0/inst/PS8_i/PLCLK[0]
                         net (fo=1, routed)           0.181     0.181    design_1_i/zynq_ultra_ps_e_0/inst/pl_clk_unbuffered[0]
    BUFG_PS_X0Y80        BUFG_PS (Prop_BUFG_PS_I_O)
                                                      0.035     0.216 r  design_1_i/zynq_ultra_ps_e_0/inst/buffer_pl_clk_0.PL_CLK_0_BUFG/O
    X0Y2 (CLOCK_ROOT)    net (fo=11423, routed)       1.907     2.123    design_1_i/myip_v1_0_HLS_0/inst/conv3_i11_i_6_loc_channel_U/U_myip_v1_0_HLS_fifo_w16_d2_S_ShiftReg/ap_clk
    SLICE_X14Y176        FDRE                                         r  design_1_i/myip_v1_0_HLS_0/inst/conv3_i11_i_6_loc_channel_U/U_myip_v1_0_HLS_fifo_w16_d2_S_ShiftReg/SRL_SIG_reg[0][6]/C
  -------------------------------------------------------------------    -------------------
    SLICE_X14Y176        FDRE (Prop_AFF_SLICEL_C_Q)
                                                      0.112     2.235 r  design_1_i/myip_v1_0_HLS_0/inst/conv3_i11_i_6_loc_channel_U/U_myip_v1_0_HLS_fifo_w16_d2_S_ShiftReg/SRL_SIG_reg[0][6]/Q
                         net (fo=2, routed)           0.137     2.372    design_1_i/myip_v1_0_HLS_0/inst/conv3_i11_i_6_loc_channel_U/U_myip_v1_0_HLS_fifo_w16_d2_S_ShiftReg/SRL_SIG_reg_n_0_[0][6]
    SLICE_X15Y176        FDRE                                         r  design_1_i/myip_v1_0_HLS_0/inst/conv3_i11_i_6_loc_channel_U/U_myip_v1_0_HLS_fifo_w16_d2_S_ShiftReg/SRL_SIG_reg[1][6]/D
  -------------------------------------------------------------------    -------------------

                         (clock clk_pl_0 rise edge)
                                                      0.000     0.000 r  
    PS8_X0Y0             PS8                          0.000     0.000 r  design_1_i/zynq_ultra_ps_e_0/inst/PS8_i/PLCLK[0]
                         net (fo=1, routed)           0.229     0.229    design_1_i/zynq_ultra_ps_e_0/inst/pl_clk_unbuffered[0]
    BUFG_PS_X0Y80        BUFG_PS (Prop_BUFG_PS_I_O)
                                                      0.038     0.267 r  design_1_i/zynq_ultra_ps_e_0/inst/buffer_pl_clk_0.PL_CLK_0_BUFG/O
    X0Y2 (CLOCK_ROOT)    net (fo=11423, routed)       2.157     2.424    design_1_i/myip_v1_0_HLS_0/inst/conv3_i11_i_6_loc_channel_U/U_myip_v1_0_HLS_fifo_w16_d2_S_ShiftReg/ap_clk
    SLICE_X15Y176        FDRE                                         r  design_1_i/myip_v1_0_HLS_0/inst/conv3_i11_i_6_loc_channel_U/U_myip_v1_0_HLS_fifo_w16_d2_S_ShiftReg/SRL_SIG_reg[1][6]/C
                         clock pessimism             -0.168     2.256    
    SLICE_X15Y176        FDRE (Hold_FFF2_SLICEL_C_D)
                                                      0.103     2.359    design_1_i/myip_v1_0_HLS_0/inst/conv3_i11_i_6_loc_channel_U/U_myip_v1_0_HLS_fifo_w16_d2_S_ShiftReg/SRL_SIG_reg[1][6]
  -------------------------------------------------------------------
                         required time                         -2.359    
                         arrival time                           2.372    
  -------------------------------------------------------------------
                         slack                                  0.013    

Slack (MET) :             0.014ns  (arrival time - required time)
  Source:                 design_1_i/axi_timer_0/U0/AXI4_LITE_I/I_SLAVE_ATTACHMENT/s_axi_rdata_i_reg[8]/C
                            (rising edge-triggered cell FDRE clocked by clk_pl_0  {rise@0.000ns fall@5.000ns period=10.000ns})
  Destination:            design_1_i/ps8_0_axi_periph/m04_couplers/auto_pc/inst/gen_axilite.gen_b2s_conv.axilite_b2s/RD.r_channel_0/rd_data_fifo_0/memory_reg[31][8]_srl32/D
                            (rising edge-triggered cell SRLC32E clocked by clk_pl_0  {rise@0.000ns fall@5.000ns period=10.000ns})
  Path Group:             clk_pl_0
  Path Type:              Hold (Min at Slow Process Corner)
  Requirement:            0.000ns  (clk_pl_0 rise@0.000ns - clk_pl_0 rise@0.000ns)
  Data Path Delay:        0.221ns  (logic 0.112ns (50.679%)  route 0.109ns (49.321%))
  Logic Levels:           0  
  Clock Path Skew:        0.137ns (DCD - SCD - CPR)
    Destination Clock Delay (DCD):    2.408ns
    Source Clock Delay      (SCD):    2.110ns
    Clock Pessimism Removal (CPR):    0.161ns
  Clock Net Delay (Source):      1.894ns (routing 0.702ns, distribution 1.192ns)
  Clock Net Delay (Destination): 2.141ns (routing 0.768ns, distribution 1.373ns)

    Location             Delay type                Incr(ns)  Path(ns)    Netlist Resource(s)
  -------------------------------------------------------------------    -------------------
                         (clock clk_pl_0 rise edge)
                                                      0.000     0.000 r  
    PS8_X0Y0             PS8                          0.000     0.000 r  design_1_i/zynq_ultra_ps_e_0/inst/PS8_i/PLCLK[0]
                         net (fo=1, routed)           0.181     0.181    design_1_i/zynq_ultra_ps_e_0/inst/pl_clk_unbuffered[0]
    BUFG_PS_X0Y80        BUFG_PS (Prop_BUFG_PS_I_O)
                                                      0.035     0.216 r  design_1_i/zynq_ultra_ps_e_0/inst/buffer_pl_clk_0.PL_CLK_0_BUFG/O
    X0Y2 (CLOCK_ROOT)    net (fo=11423, routed)       1.894     2.110    design_1_i/axi_timer_0/U0/AXI4_LITE_I/I_SLAVE_ATTACHMENT/s_axi_aclk
    SLICE_X11Y96         FDRE                                         r  design_1_i/axi_timer_0/U0/AXI4_LITE_I/I_SLAVE_ATTACHMENT/s_axi_rdata_i_reg[8]/C
  -------------------------------------------------------------------    -------------------
    SLICE_X11Y96         FDRE (Prop_BFF_SLICEL_C_Q)
                                                      0.112     2.222 r  design_1_i/axi_timer_0/U0/AXI4_LITE_I/I_SLAVE_ATTACHMENT/s_axi_rdata_i_reg[8]/Q
                         net (fo=1, routed)           0.109     2.331    design_1_i/ps8_0_axi_periph/m04_couplers/auto_pc/inst/gen_axilite.gen_b2s_conv.axilite_b2s/RD.r_channel_0/rd_data_fifo_0/in[8]
    SLICE_X12Y97         SRLC32E                                      r  design_1_i/ps8_0_axi_periph/m04_couplers/auto_pc/inst/gen_axilite.gen_b2s_conv.axilite_b2s/RD.r_channel_0/rd_data_fifo_0/memory_reg[31][8]_srl32/D
  -------------------------------------------------------------------    -------------------

                         (clock clk_pl_0 rise edge)
                                                      0.000     0.000 r  
    PS8_X0Y0             PS8                          0.000     0.000 r  design_1_i/zynq_ultra_ps_e_0/inst/PS8_i/PLCLK[0]
                         net (fo=1, routed)           0.229     0.229    design_1_i/zynq_ultra_ps_e_0/inst/pl_clk_unbuffered[0]
    BUFG_PS_X0Y80        BUFG_PS (Prop_BUFG_PS_I_O)
                                                      0.038     0.267 r  design_1_i/zynq_ultra_ps_e_0/inst/buffer_pl_clk_0.PL_CLK_0_BUFG/O
    X0Y2 (CLOCK_ROOT)    net (fo=11423, routed)       2.141     2.408    design_1_i/ps8_0_axi_periph/m04_couplers/auto_pc/inst/gen_axilite.gen_b2s_conv.axilite_b2s/RD.r_channel_0/rd_data_fifo_0/aclk
    SLICE_X12Y97         SRLC32E                                      r  design_1_i/ps8_0_axi_periph/m04_couplers/auto_pc/inst/gen_axilite.gen_b2s_conv.axilite_b2s/RD.r_channel_0/rd_data_fifo_0/memory_reg[31][8]_srl32/CLK
                         clock pessimism             -0.161     2.247    
    SLICE_X12Y97         SRLC32E (Hold_B6LUT_SLICEM_CLK_D)
                                                      0.070     2.317    design_1_i/ps8_0_axi_periph/m04_couplers/auto_pc/inst/gen_axilite.gen_b2s_conv.axilite_b2s/RD.r_channel_0/rd_data_fifo_0/memory_reg[31][8]_srl32
  -------------------------------------------------------------------
                         required time                         -2.317    
                         arrival time                           2.331    
  -------------------------------------------------------------------
                         slack                                  0.014    

Slack (MET) :             0.016ns  (arrival time - required time)
  Source:                 design_1_i/ps8_0_axi_periph/m02_couplers/auto_pc/inst/gen_axilite.gen_b2s_conv.axilite_b2s/RD.r_channel_0/r_arid_r_reg[6]/C
                            (rising edge-triggered cell FDRE clocked by clk_pl_0  {rise@0.000ns fall@5.000ns period=10.000ns})
  Destination:            design_1_i/ps8_0_axi_periph/m02_couplers/auto_pc/inst/gen_axilite.gen_b2s_conv.axilite_b2s/RD.r_channel_0/transaction_fifo_0/memory_reg[31][7]_srl32/D
                            (rising edge-triggered cell SRLC32E clocked by clk_pl_0  {rise@0.000ns fall@5.000ns period=10.000ns})
  Path Group:             clk_pl_0
  Path Type:              Hold (Min at Slow Process Corner)
  Requirement:            0.000ns  (clk_pl_0 rise@0.000ns - clk_pl_0 rise@0.000ns)
  Data Path Delay:        0.230ns  (logic 0.112ns (48.696%)  route 0.118ns (51.304%))
  Logic Levels:           0  
  Clock Path Skew:        0.144ns (DCD - SCD - CPR)
    Destination Clock Delay (DCD):    2.400ns
    Source Clock Delay      (SCD):    2.095ns
    Clock Pessimism Removal (CPR):    0.161ns
  Clock Net Delay (Source):      1.879ns (routing 0.702ns, distribution 1.177ns)
  Clock Net Delay (Destination): 2.133ns (routing 0.768ns, distribution 1.365ns)

    Location             Delay type                Incr(ns)  Path(ns)    Netlist Resource(s)
  -------------------------------------------------------------------    -------------------
                         (clock clk_pl_0 rise edge)
                                                      0.000     0.000 r  
    PS8_X0Y0             PS8                          0.000     0.000 r  design_1_i/zynq_ultra_ps_e_0/inst/PS8_i/PLCLK[0]
                         net (fo=1, routed)           0.181     0.181    design_1_i/zynq_ultra_ps_e_0/inst/pl_clk_unbuffered[0]
    BUFG_PS_X0Y80        BUFG_PS (Prop_BUFG_PS_I_O)
                                                      0.035     0.216 r  design_1_i/zynq_ultra_ps_e_0/inst/buffer_pl_clk_0.PL_CLK_0_BUFG/O
    X0Y2 (CLOCK_ROOT)    net (fo=11423, routed)       1.879     2.095    design_1_i/ps8_0_axi_periph/m02_couplers/auto_pc/inst/gen_axilite.gen_b2s_conv.axilite_b2s/RD.r_channel_0/aclk
    SLICE_X10Y87         FDRE                                         r  design_1_i/ps8_0_axi_periph/m02_couplers/auto_pc/inst/gen_axilite.gen_b2s_conv.axilite_b2s/RD.r_channel_0/r_arid_r_reg[6]/C
  -------------------------------------------------------------------    -------------------
    SLICE_X10Y87         FDRE (Prop_DFF_SLICEM_C_Q)
                                                      0.112     2.207 r  design_1_i/ps8_0_axi_periph/m02_couplers/auto_pc/inst/gen_axilite.gen_b2s_conv.axilite_b2s/RD.r_channel_0/r_arid_r_reg[6]/Q
                         net (fo=1, routed)           0.118     2.325    design_1_i/ps8_0_axi_periph/m02_couplers/auto_pc/inst/gen_axilite.gen_b2s_conv.axilite_b2s/RD.r_channel_0/transaction_fifo_0/in[7]
    SLICE_X8Y88          SRLC32E                                      r  design_1_i/ps8_0_axi_periph/m02_couplers/auto_pc/inst/gen_axilite.gen_b2s_conv.axilite_b2s/RD.r_channel_0/transaction_fifo_0/memory_reg[31][7]_srl32/D
  -------------------------------------------------------------------    -------------------

                         (clock clk_pl_0 rise edge)
                                                      0.000     0.000 r  
    PS8_X0Y0             PS8                          0.000     0.000 r  design_1_i/zynq_ultra_ps_e_0/inst/PS8_i/PLCLK[0]
                         net (fo=1, routed)           0.229     0.229    design_1_i/zynq_ultra_ps_e_0/inst/pl_clk_unbuffered[0]
    BUFG_PS_X0Y80        BUFG_PS (Prop_BUFG_PS_I_O)
                                                      0.038     0.267 r  design_1_i/zynq_ultra_ps_e_0/inst/buffer_pl_clk_0.PL_CLK_0_BUFG/O
    X0Y2 (CLOCK_ROOT)    net (fo=11423, routed)       2.133     2.400    design_1_i/ps8_0_axi_periph/m02_couplers/auto_pc/inst/gen_axilite.gen_b2s_conv.axilite_b2s/RD.r_channel_0/transaction_fifo_0/aclk
    SLICE_X8Y88          SRLC32E                                      r  design_1_i/ps8_0_axi_periph/m02_couplers/auto_pc/inst/gen_axilite.gen_b2s_conv.axilite_b2s/RD.r_channel_0/transaction_fifo_0/memory_reg[31][7]_srl32/CLK
                         clock pessimism             -0.161     2.239    
    SLICE_X8Y88          SRLC32E (Hold_A6LUT_SLICEM_CLK_D)
                                                      0.070     2.309    design_1_i/ps8_0_axi_periph/m02_couplers/auto_pc/inst/gen_axilite.gen_b2s_conv.axilite_b2s/RD.r_channel_0/transaction_fifo_0/memory_reg[31][7]_srl32
  -------------------------------------------------------------------
                         required time                         -2.309    
                         arrival time                           2.325    
  -------------------------------------------------------------------
                         slack                                  0.016    

Slack (MET) :             0.016ns  (arrival time - required time)
  Source:                 design_1_i/axi_fifo_mm_s_1/U0/COMP_IPIC2AXI_S/gtxd.COMP_TXD_FIFO/gfifo_gen.gmm2s.wr_data_int_reg[7]/C
                            (rising edge-triggered cell FDRE clocked by clk_pl_0  {rise@0.000ns fall@5.000ns period=10.000ns})
  Destination:            design_1_i/axi_fifo_mm_s_1/U0/COMP_IPIC2AXI_S/gtxd.COMP_TXD_FIFO/gfifo_gen.COMP_AXIS_FG_FIFO/COMP_FIFO/xpm_fifo_base_inst/gen_sdpram.xpm_memory_base_inst/gen_wr_a.gen_word_narrow.mem_reg_bram_0/DINADIN[7]
                            (rising edge-triggered cell RAMB36E2 clocked by clk_pl_0  {rise@0.000ns fall@5.000ns period=10.000ns})
  Path Group:             clk_pl_0
  Path Type:              Hold (Min at Slow Process Corner)
  Requirement:            0.000ns  (clk_pl_0 rise@0.000ns - clk_pl_0 rise@0.000ns)
  Data Path Delay:        0.202ns  (logic 0.112ns (55.446%)  route 0.090ns (44.554%))
  Logic Levels:           0  
  Clock Path Skew:        0.234ns (DCD - SCD - CPR)
    Destination Clock Delay (DCD):    2.729ns
    Source Clock Delay      (SCD):    2.263ns
    Clock Pessimism Removal (CPR):    0.231ns
  Clock Net Delay (Source):      2.047ns (routing 0.702ns, distribution 1.345ns)
  Clock Net Delay (Destination): 2.462ns (routing 0.768ns, distribution 1.694ns)

    Location             Delay type                Incr(ns)  Path(ns)    Netlist Resource(s)
  -------------------------------------------------------------------    -------------------
                         (clock clk_pl_0 rise edge)
                                                      0.000     0.000 r  
    PS8_X0Y0             PS8                          0.000     0.000 r  design_1_i/zynq_ultra_ps_e_0/inst/PS8_i/PLCLK[0]
                         net (fo=1, routed)           0.181     0.181    design_1_i/zynq_ultra_ps_e_0/inst/pl_clk_unbuffered[0]
    BUFG_PS_X0Y80        BUFG_PS (Prop_BUFG_PS_I_O)
                                                      0.035     0.216 r  design_1_i/zynq_ultra_ps_e_0/inst/buffer_pl_clk_0.PL_CLK_0_BUFG/O
    X0Y2 (CLOCK_ROOT)    net (fo=11423, routed)       2.047     2.263    design_1_i/axi_fifo_mm_s_1/U0/COMP_IPIC2AXI_S/gtxd.COMP_TXD_FIFO/s_axi_aclk
    SLICE_X27Y127        FDRE                                         r  design_1_i/axi_fifo_mm_s_1/U0/COMP_IPIC2AXI_S/gtxd.COMP_TXD_FIFO/gfifo_gen.gmm2s.wr_data_int_reg[7]/C
  -------------------------------------------------------------------    -------------------
    SLICE_X27Y127        FDRE (Prop_HFF_SLICEL_C_Q)
                                                      0.112     2.375 r  design_1_i/axi_fifo_mm_s_1/U0/COMP_IPIC2AXI_S/gtxd.COMP_TXD_FIFO/gfifo_gen.gmm2s.wr_data_int_reg[7]/Q
                         net (fo=1, routed)           0.090     2.465    design_1_i/axi_fifo_mm_s_1/U0/COMP_IPIC2AXI_S/gtxd.COMP_TXD_FIFO/gfifo_gen.COMP_AXIS_FG_FIFO/COMP_FIFO/xpm_fifo_base_inst/gen_sdpram.xpm_memory_base_inst/dina[7]
    RAMB36_X0Y25         RAMB36E2                                     r  design_1_i/axi_fifo_mm_s_1/U0/COMP_IPIC2AXI_S/gtxd.COMP_TXD_FIFO/gfifo_gen.COMP_AXIS_FG_FIFO/COMP_FIFO/xpm_fifo_base_inst/gen_sdpram.xpm_memory_base_inst/gen_wr_a.gen_word_narrow.mem_reg_bram_0/DINADIN[7]
  -------------------------------------------------------------------    -------------------

                         (clock clk_pl_0 rise edge)
                                                      0.000     0.000 r  
    PS8_X0Y0             PS8                          0.000     0.000 r  design_1_i/zynq_ultra_ps_e_0/inst/PS8_i/PLCLK[0]
                         net (fo=1, routed)           0.229     0.229    design_1_i/zynq_ultra_ps_e_0/inst/pl_clk_unbuffered[0]
    BUFG_PS_X0Y80        BUFG_PS (Prop_BUFG_PS_I_O)
                                                      0.038     0.267 r  design_1_i/zynq_ultra_ps_e_0/inst/buffer_pl_clk_0.PL_CLK_0_BUFG/O
    X0Y2 (CLOCK_ROOT)    net (fo=11423, routed)       2.462     2.729    design_1_i/axi_fifo_mm_s_1/U0/COMP_IPIC2AXI_S/gtxd.COMP_TXD_FIFO/gfifo_gen.COMP_AXIS_FG_FIFO/COMP_FIFO/xpm_fifo_base_inst/gen_sdpram.xpm_memory_base_inst/clka
    RAMB36_X0Y25         RAMB36E2                                     r  design_1_i/axi_fifo_mm_s_1/U0/COMP_IPIC2AXI_S/gtxd.COMP_TXD_FIFO/gfifo_gen.COMP_AXIS_FG_FIFO/COMP_FIFO/xpm_fifo_base_inst/gen_sdpram.xpm_memory_base_inst/gen_wr_a.gen_word_narrow.mem_reg_bram_0/CLKARDCLK
                         clock pessimism             -0.231     2.497    
    RAMB36_X0Y25         RAMB36E2 (Hold_RAMB36E2_RAMB36_CLKARDCLK_DINADIN[7])
                                                     -0.048     2.449    design_1_i/axi_fifo_mm_s_1/U0/COMP_IPIC2AXI_S/gtxd.COMP_TXD_FIFO/gfifo_gen.COMP_AXIS_FG_FIFO/COMP_FIFO/xpm_fifo_base_inst/gen_sdpram.xpm_memory_base_inst/gen_wr_a.gen_word_narrow.mem_reg_bram_0
  -------------------------------------------------------------------
                         required time                         -2.449    
                         arrival time                           2.465    
  -------------------------------------------------------------------
                         slack                                  0.016    

Slack (MET) :             0.017ns  (arrival time - required time)
  Source:                 design_1_i/ps8_0_axi_periph/m02_couplers/auto_pc/inst/gen_axilite.gen_b2s_conv.axilite_b2s/SI_REG/r.r_pipe/m_payload_i_reg[6]/C
                            (rising edge-triggered cell FDRE clocked by clk_pl_0  {rise@0.000ns fall@5.000ns period=10.000ns})
  Destination:            design_1_i/ps8_0_axi_periph/xbar/inst/gen_samd.crossbar_samd/gen_master_slots[2].reg_slice_mi/r.r_pipe/skid_buffer_reg[6]/D
                            (rising edge-triggered cell FDRE clocked by clk_pl_0  {rise@0.000ns fall@5.000ns period=10.000ns})
  Path Group:             clk_pl_0
  Path Type:              Hold (Min at Slow Process Corner)
  Requirement:            0.000ns  (clk_pl_0 rise@0.000ns - clk_pl_0 rise@0.000ns)
  Data Path Delay:        0.248ns  (logic 0.114ns (46.051%)  route 0.134ns (53.949%))
  Logic Levels:           0  
  Clock Path Skew:        0.131ns (DCD - SCD - CPR)
    Destination Clock Delay (DCD):    2.427ns
    Source Clock Delay      (SCD):    2.135ns
    Clock Pessimism Removal (CPR):    0.161ns
  Clock Net Delay (Source):      1.919ns (routing 0.702ns, distribution 1.217ns)
  Clock Net Delay (Destination): 2.160ns (routing 0.768ns, distribution 1.392ns)

    Location             Delay type                Incr(ns)  Path(ns)    Netlist Resource(s)
  -------------------------------------------------------------------    -------------------
                         (clock clk_pl_0 rise edge)
                                                      0.000     0.000 r  
    PS8_X0Y0             PS8                          0.000     0.000 r  design_1_i/zynq_ultra_ps_e_0/inst/PS8_i/PLCLK[0]
                         net (fo=1, routed)           0.181     0.181    design_1_i/zynq_ultra_ps_e_0/inst/pl_clk_unbuffered[0]
    BUFG_PS_X0Y80        BUFG_PS (Prop_BUFG_PS_I_O)
                                                      0.035     0.216 r  design_1_i/zynq_ultra_ps_e_0/inst/buffer_pl_clk_0.PL_CLK_0_BUFG/O
    X0Y2 (CLOCK_ROOT)    net (fo=11423, routed)       1.919     2.135    design_1_i/ps8_0_axi_periph/m02_couplers/auto_pc/inst/gen_axilite.gen_b2s_conv.axilite_b2s/SI_REG/r.r_pipe/aclk
    SLICE_X17Y105        FDRE                                         r  design_1_i/ps8_0_axi_periph/m02_couplers/auto_pc/inst/gen_axilite.gen_b2s_conv.axilite_b2s/SI_REG/r.r_pipe/m_payload_i_reg[6]/C
  -------------------------------------------------------------------    -------------------
    SLICE_X17Y105        FDRE (Prop_AFF2_SLICEM_C_Q)
                                                      0.114     2.249 r  design_1_i/ps8_0_axi_periph/m02_couplers/auto_pc/inst/gen_axilite.gen_b2s_conv.axilite_b2s/SI_REG/r.r_pipe/m_payload_i_reg[6]/Q
                         net (fo=2, routed)           0.134     2.383    design_1_i/ps8_0_axi_periph/xbar/inst/gen_samd.crossbar_samd/gen_master_slots[2].reg_slice_mi/r.r_pipe/m_axi_rdata[6]
    SLICE_X18Y105        FDRE                                         r  design_1_i/ps8_0_axi_periph/xbar/inst/gen_samd.crossbar_samd/gen_master_slots[2].reg_slice_mi/r.r_pipe/skid_buffer_reg[6]/D
  -------------------------------------------------------------------    -------------------

                         (clock clk_pl_0 rise edge)
                                                      0.000     0.000 r  
    PS8_X0Y0             PS8                          0.000     0.000 r  design_1_i/zynq_ultra_ps_e_0/inst/PS8_i/PLCLK[0]
                         net (fo=1, routed)           0.229     0.229    design_1_i/zynq_ultra_ps_e_0/inst/pl_clk_unbuffered[0]
    BUFG_PS_X0Y80        BUFG_PS (Prop_BUFG_PS_I_O)
                                                      0.038     0.267 r  design_1_i/zynq_ultra_ps_e_0/inst/buffer_pl_clk_0.PL_CLK_0_BUFG/O
    X0Y2 (CLOCK_ROOT)    net (fo=11423, routed)       2.160     2.427    design_1_i/ps8_0_axi_periph/xbar/inst/gen_samd.crossbar_samd/gen_master_slots[2].reg_slice_mi/r.r_pipe/aclk
    SLICE_X18Y105        FDRE                                         r  design_1_i/ps8_0_axi_periph/xbar/inst/gen_samd.crossbar_samd/gen_master_slots[2].reg_slice_mi/r.r_pipe/skid_buffer_reg[6]/C
                         clock pessimism             -0.161     2.266    
    SLICE_X18Y105        FDRE (Hold_GFF_SLICEM_C_D)
                                                      0.100     2.366    design_1_i/ps8_0_axi_periph/xbar/inst/gen_samd.crossbar_samd/gen_master_slots[2].reg_slice_mi/r.r_pipe/skid_buffer_reg[6]
  -------------------------------------------------------------------
                         required time                         -2.366    
                         arrival time                           2.383    
  -------------------------------------------------------------------
                         slack                                  0.017    

Slack (MET) :             0.017ns  (arrival time - required time)
  Source:                 design_1_i/myip_v1_0_HLS_0/inst/conv3_i11_i_6_loc_channel_U/U_myip_v1_0_HLS_fifo_w16_d2_S_ShiftReg/SRL_SIG_reg[0][2]/C
                            (rising edge-triggered cell FDRE clocked by clk_pl_0  {rise@0.000ns fall@5.000ns period=10.000ns})
  Destination:            design_1_i/myip_v1_0_HLS_0/inst/conv3_i11_i_6_loc_channel_U/U_myip_v1_0_HLS_fifo_w16_d2_S_ShiftReg/SRL_SIG_reg[1][2]/D
                            (rising edge-triggered cell FDRE clocked by clk_pl_0  {rise@0.000ns fall@5.000ns period=10.000ns})
  Path Group:             clk_pl_0
  Path Type:              Hold (Min at Slow Process Corner)
  Requirement:            0.000ns  (clk_pl_0 rise@0.000ns - clk_pl_0 rise@0.000ns)
  Data Path Delay:        0.247ns  (logic 0.112ns (45.353%)  route 0.135ns (54.647%))
  Logic Levels:           0  
  Clock Path Skew:        0.127ns (DCD - SCD - CPR)
    Destination Clock Delay (DCD):    2.418ns
    Source Clock Delay      (SCD):    2.123ns
    Clock Pessimism Removal (CPR):    0.168ns
  Clock Net Delay (Source):      1.907ns (routing 0.702ns, distribution 1.205ns)
  Clock Net Delay (Destination): 2.151ns (routing 0.768ns, distribution 1.383ns)

    Location             Delay type                Incr(ns)  Path(ns)    Netlist Resource(s)
  -------------------------------------------------------------------    -------------------
                         (clock clk_pl_0 rise edge)
                                                      0.000     0.000 r  
    PS8_X0Y0             PS8                          0.000     0.000 r  design_1_i/zynq_ultra_ps_e_0/inst/PS8_i/PLCLK[0]
                         net (fo=1, routed)           0.181     0.181    design_1_i/zynq_ultra_ps_e_0/inst/pl_clk_unbuffered[0]
    BUFG_PS_X0Y80        BUFG_PS (Prop_BUFG_PS_I_O)
                                                      0.035     0.216 r  design_1_i/zynq_ultra_ps_e_0/inst/buffer_pl_clk_0.PL_CLK_0_BUFG/O
    X0Y2 (CLOCK_ROOT)    net (fo=11423, routed)       1.907     2.123    design_1_i/myip_v1_0_HLS_0/inst/conv3_i11_i_6_loc_channel_U/U_myip_v1_0_HLS_fifo_w16_d2_S_ShiftReg/ap_clk
    SLICE_X14Y176        FDRE                                         r  design_1_i/myip_v1_0_HLS_0/inst/conv3_i11_i_6_loc_channel_U/U_myip_v1_0_HLS_fifo_w16_d2_S_ShiftReg/SRL_SIG_reg[0][2]/C
  -------------------------------------------------------------------    -------------------
    SLICE_X14Y176        FDRE (Prop_CFF_SLICEL_C_Q)
                                                      0.112     2.235 r  design_1_i/myip_v1_0_HLS_0/inst/conv3_i11_i_6_loc_channel_U/U_myip_v1_0_HLS_fifo_w16_d2_S_ShiftReg/SRL_SIG_reg[0][2]/Q
                         net (fo=2, routed)           0.135     2.370    design_1_i/myip_v1_0_HLS_0/inst/conv3_i11_i_6_loc_channel_U/U_myip_v1_0_HLS_fifo_w16_d2_S_ShiftReg/SRL_SIG_reg_n_0_[0][2]
    SLICE_X15Y176        FDRE                                         r  design_1_i/myip_v1_0_HLS_0/inst/conv3_i11_i_6_loc_channel_U/U_myip_v1_0_HLS_fifo_w16_d2_S_ShiftReg/SRL_SIG_reg[1][2]/D
  -------------------------------------------------------------------    -------------------

                         (clock clk_pl_0 rise edge)
                                                      0.000     0.000 r  
    PS8_X0Y0             PS8                          0.000     0.000 r  design_1_i/zynq_ultra_ps_e_0/inst/PS8_i/PLCLK[0]
                         net (fo=1, routed)           0.229     0.229    design_1_i/zynq_ultra_ps_e_0/inst/pl_clk_unbuffered[0]
    BUFG_PS_X0Y80        BUFG_PS (Prop_BUFG_PS_I_O)
                                                      0.038     0.267 r  design_1_i/zynq_ultra_ps_e_0/inst/buffer_pl_clk_0.PL_CLK_0_BUFG/O
    X0Y2 (CLOCK_ROOT)    net (fo=11423, routed)       2.151     2.418    design_1_i/myip_v1_0_HLS_0/inst/conv3_i11_i_6_loc_channel_U/U_myip_v1_0_HLS_fifo_w16_d2_S_ShiftReg/ap_clk
    SLICE_X15Y176        FDRE                                         r  design_1_i/myip_v1_0_HLS_0/inst/conv3_i11_i_6_loc_channel_U/U_myip_v1_0_HLS_fifo_w16_d2_S_ShiftReg/SRL_SIG_reg[1][2]/C
                         clock pessimism             -0.168     2.250    
    SLICE_X15Y176        FDRE (Hold_CFF2_SLICEL_C_D)
                                                      0.103     2.353    design_1_i/myip_v1_0_HLS_0/inst/conv3_i11_i_6_loc_channel_U/U_myip_v1_0_HLS_fifo_w16_d2_S_ShiftReg/SRL_SIG_reg[1][2]
  -------------------------------------------------------------------
                         required time                         -2.353    
                         arrival time                           2.370    
  -------------------------------------------------------------------
                         slack                                  0.017    





Pulse Width Checks
--------------------------------------------------------------------------------------
Clock Name:         clk_pl_0
Waveform(ns):       { 0.000 5.000 }
Period(ns):         10.000
Sources:            { design_1_i/zynq_ultra_ps_e_0/inst/PS8_i/PLCLK[0] }

Check Type        Corner  Lib Pin             Reference Pin  Required(ns)  Actual(ns)  Slack(ns)  Location      Pin
Min Period        n/a     PS8/MAXIGP0ACLK     n/a            3.000         10.000      7.000      PS8_X0Y0      design_1_i/zynq_ultra_ps_e_0/inst/PS8_i/MAXIGP0ACLK
Min Period        n/a     RAMB36E2/CLKARDCLK  n/a            1.709         10.000      8.291      RAMB36_X0Y20  design_1_i/axi_fifo_mm_s_0/U0/COMP_IPIC2AXI_S/grxd.COMP_RX_FIFO/gfifo_gen.COMP_AXIS_FG_FIFO/COMP_FIFO/xpm_fifo_base_inst/gen_sdpram.xpm_memory_base_inst/gen_wr_a.gen_word_narrow.mem_reg/CLKARDCLK
Min Period        n/a     RAMB36E2/CLKBWRCLK  n/a            1.709         10.000      8.291      RAMB36_X0Y20  design_1_i/axi_fifo_mm_s_0/U0/COMP_IPIC2AXI_S/grxd.COMP_RX_FIFO/gfifo_gen.COMP_AXIS_FG_FIFO/COMP_FIFO/xpm_fifo_base_inst/gen_sdpram.xpm_memory_base_inst/gen_wr_a.gen_word_narrow.mem_reg/CLKBWRCLK
Min Period        n/a     RAMB36E2/CLKARDCLK  n/a            1.709         10.000      8.291      RAMB36_X0Y19  design_1_i/axi_fifo_mm_s_0/U0/COMP_IPIC2AXI_S/gtxd.COMP_TXD_FIFO/gfifo_gen.COMP_AXIS_FG_FIFO/COMP_FIFO/xpm_fifo_base_inst/gen_sdpram.xpm_memory_base_inst/gen_wr_a.gen_word_narrow.mem_reg_bram_0/CLKARDCLK
Min Period        n/a     RAMB36E2/CLKBWRCLK  n/a            1.709         10.000      8.291      RAMB36_X0Y19  design_1_i/axi_fifo_mm_s_0/U0/COMP_IPIC2AXI_S/gtxd.COMP_TXD_FIFO/gfifo_gen.COMP_AXIS_FG_FIFO/COMP_FIFO/xpm_fifo_base_inst/gen_sdpram.xpm_memory_base_inst/gen_wr_a.gen_word_narrow.mem_reg_bram_0/CLKBWRCLK
Min Period        n/a     RAMB18E2/CLKARDCLK  n/a            1.709         10.000      8.291      RAMB18_X0Y36  design_1_i/axi_fifo_mm_s_0/U0/COMP_IPIC2AXI_S/gtxd.COMP_TXD_FIFO/gfifo_gen.COMP_AXIS_FG_FIFO/COMP_FIFO/xpm_fifo_base_inst/gen_sdpram.xpm_memory_base_inst/gen_wr_a.gen_word_narrow.mem_reg_bram_1/CLKARDCLK
Min Period        n/a     RAMB18E2/CLKBWRCLK  n/a            1.709         10.000      8.291      RAMB18_X0Y36  design_1_i/axi_fifo_mm_s_0/U0/COMP_IPIC2AXI_S/gtxd.COMP_TXD_FIFO/gfifo_gen.COMP_AXIS_FG_FIFO/COMP_FIFO/xpm_fifo_base_inst/gen_sdpram.xpm_memory_base_inst/gen_wr_a.gen_word_narrow.mem_reg_bram_1/CLKBWRCLK
Min Period        n/a     RAMB36E2/CLKARDCLK  n/a            1.709         10.000      8.291      RAMB36_X0Y22  design_1_i/axi_fifo_mm_s_1/U0/COMP_IPIC2AXI_S/grxd.COMP_RX_FIFO/gfifo_gen.COMP_AXIS_FG_FIFO/COMP_FIFO/xpm_fifo_base_inst/gen_sdpram.xpm_memory_base_inst/gen_wr_a.gen_word_narrow.mem_reg/CLKARDCLK
Min Period        n/a     RAMB36E2/CLKBWRCLK  n/a            1.709         10.000      8.291      RAMB36_X0Y22  design_1_i/axi_fifo_mm_s_1/U0/COMP_IPIC2AXI_S/grxd.COMP_RX_FIFO/gfifo_gen.COMP_AXIS_FG_FIFO/COMP_FIFO/xpm_fifo_base_inst/gen_sdpram.xpm_memory_base_inst/gen_wr_a.gen_word_narrow.mem_reg/CLKBWRCLK
Min Period        n/a     RAMB36E2/CLKARDCLK  n/a            1.709         10.000      8.291      RAMB36_X0Y25  design_1_i/axi_fifo_mm_s_1/U0/COMP_IPIC2AXI_S/gtxd.COMP_TXD_FIFO/gfifo_gen.COMP_AXIS_FG_FIFO/COMP_FIFO/xpm_fifo_base_inst/gen_sdpram.xpm_memory_base_inst/gen_wr_a.gen_word_narrow.mem_reg_bram_0/CLKARDCLK
Low Pulse Width   Slow    PS8/MAXIGP0ACLK     n/a            1.500         5.000       3.500      PS8_X0Y0      design_1_i/zynq_ultra_ps_e_0/inst/PS8_i/MAXIGP0ACLK
Low Pulse Width   Fast    PS8/MAXIGP0ACLK     n/a            1.500         5.000       3.500      PS8_X0Y0      design_1_i/zynq_ultra_ps_e_0/inst/PS8_i/MAXIGP0ACLK
Low Pulse Width   Slow    RAMD64E/CLK         n/a            0.762         5.000       4.238      SLICE_X20Y94  design_1_i/axi_fifo_mm_s_0/U0/COMP_IPIC2AXI_S/grxd.COMP_rx_len_fifo/xpm_fifo_base_inst/gen_sdpram.xpm_memory_base_inst/gen_wr_a.gen_word_narrow.mem_reg_0_63_14_20/RAMA/CLK
Low Pulse Width   Fast    RAMD64E/CLK         n/a            0.762         5.000       4.238      SLICE_X20Y94  design_1_i/axi_fifo_mm_s_0/U0/COMP_IPIC2AXI_S/grxd.COMP_rx_len_fifo/xpm_fifo_base_inst/gen_sdpram.xpm_memory_base_inst/gen_wr_a.gen_word_narrow.mem_reg_0_63_14_20/RAMA/CLK
Low Pulse Width   Slow    RAMD64E/CLK         n/a            0.762         5.000       4.238      SLICE_X20Y94  design_1_i/axi_fifo_mm_s_0/U0/COMP_IPIC2AXI_S/grxd.COMP_rx_len_fifo/xpm_fifo_base_inst/gen_sdpram.xpm_memory_base_inst/gen_wr_a.gen_word_narrow.mem_reg_0_63_14_20/RAMB/CLK
Low Pulse Width   Fast    RAMD64E/CLK         n/a            0.762         5.000       4.238      SLICE_X20Y94  design_1_i/axi_fifo_mm_s_0/U0/COMP_IPIC2AXI_S/grxd.COMP_rx_len_fifo/xpm_fifo_base_inst/gen_sdpram.xpm_memory_base_inst/gen_wr_a.gen_word_narrow.mem_reg_0_63_14_20/RAMB/CLK
Low Pulse Width   Slow    RAMD64E/CLK         n/a            0.762         5.000       4.238      SLICE_X20Y94  design_1_i/axi_fifo_mm_s_0/U0/COMP_IPIC2AXI_S/grxd.COMP_rx_len_fifo/xpm_fifo_base_inst/gen_sdpram.xpm_memory_base_inst/gen_wr_a.gen_word_narrow.mem_reg_0_63_14_20/RAMC/CLK
Low Pulse Width   Fast    RAMD64E/CLK         n/a            0.762         5.000       4.238      SLICE_X20Y94  design_1_i/axi_fifo_mm_s_0/U0/COMP_IPIC2AXI_S/grxd.COMP_rx_len_fifo/xpm_fifo_base_inst/gen_sdpram.xpm_memory_base_inst/gen_wr_a.gen_word_narrow.mem_reg_0_63_14_20/RAMC/CLK
Low Pulse Width   Slow    RAMD64E/CLK         n/a            0.762         5.000       4.238      SLICE_X20Y94  design_1_i/axi_fifo_mm_s_0/U0/COMP_IPIC2AXI_S/grxd.COMP_rx_len_fifo/xpm_fifo_base_inst/gen_sdpram.xpm_memory_base_inst/gen_wr_a.gen_word_narrow.mem_reg_0_63_14_20/RAMD/CLK
Low Pulse Width   Fast    RAMD64E/CLK         n/a            0.762         5.000       4.238      SLICE_X20Y94  design_1_i/axi_fifo_mm_s_0/U0/COMP_IPIC2AXI_S/grxd.COMP_rx_len_fifo/xpm_fifo_base_inst/gen_sdpram.xpm_memory_base_inst/gen_wr_a.gen_word_narrow.mem_reg_0_63_14_20/RAMD/CLK
High Pulse Width  Slow    PS8/MAXIGP0ACLK     n/a            1.500         5.000       3.500      PS8_X0Y0      design_1_i/zynq_ultra_ps_e_0/inst/PS8_i/MAXIGP0ACLK
High Pulse Width  Fast    PS8/MAXIGP0ACLK     n/a            1.500         5.000       3.500      PS8_X0Y0      design_1_i/zynq_ultra_ps_e_0/inst/PS8_i/MAXIGP0ACLK
High Pulse Width  Slow    RAMD64E/CLK         n/a            0.762         5.000       4.238      SLICE_X20Y94  design_1_i/axi_fifo_mm_s_0/U0/COMP_IPIC2AXI_S/grxd.COMP_rx_len_fifo/xpm_fifo_base_inst/gen_sdpram.xpm_memory_base_inst/gen_wr_a.gen_word_narrow.mem_reg_0_63_14_20/RAMA/CLK
High Pulse Width  Fast    RAMD64E/CLK         n/a            0.762         5.000       4.238      SLICE_X20Y94  design_1_i/axi_fifo_mm_s_0/U0/COMP_IPIC2AXI_S/grxd.COMP_rx_len_fifo/xpm_fifo_base_inst/gen_sdpram.xpm_memory_base_inst/gen_wr_a.gen_word_narrow.mem_reg_0_63_14_20/RAMA/CLK
High Pulse Width  Slow    RAMD64E/CLK         n/a            0.762         5.000       4.238      SLICE_X20Y94  design_1_i/axi_fifo_mm_s_0/U0/COMP_IPIC2AXI_S/grxd.COMP_rx_len_fifo/xpm_fifo_base_inst/gen_sdpram.xpm_memory_base_inst/gen_wr_a.gen_word_narrow.mem_reg_0_63_14_20/RAMB/CLK
High Pulse Width  Fast    RAMD64E/CLK         n/a            0.762         5.000       4.238      SLICE_X20Y94  design_1_i/axi_fifo_mm_s_0/U0/COMP_IPIC2AXI_S/grxd.COMP_rx_len_fifo/xpm_fifo_base_inst/gen_sdpram.xpm_memory_base_inst/gen_wr_a.gen_word_narrow.mem_reg_0_63_14_20/RAMB/CLK
High Pulse Width  Slow    RAMD64E/CLK         n/a            0.762         5.000       4.238      SLICE_X20Y94  design_1_i/axi_fifo_mm_s_0/U0/COMP_IPIC2AXI_S/grxd.COMP_rx_len_fifo/xpm_fifo_base_inst/gen_sdpram.xpm_memory_base_inst/gen_wr_a.gen_word_narrow.mem_reg_0_63_14_20/RAMC/CLK
High Pulse Width  Fast    RAMD64E/CLK         n/a            0.762         5.000       4.238      SLICE_X20Y94  design_1_i/axi_fifo_mm_s_0/U0/COMP_IPIC2AXI_S/grxd.COMP_rx_len_fifo/xpm_fifo_base_inst/gen_sdpram.xpm_memory_base_inst/gen_wr_a.gen_word_narrow.mem_reg_0_63_14_20/RAMC/CLK
High Pulse Width  Slow    RAMD64E/CLK         n/a            0.762         5.000       4.238      SLICE_X20Y94  design_1_i/axi_fifo_mm_s_0/U0/COMP_IPIC2AXI_S/grxd.COMP_rx_len_fifo/xpm_fifo_base_inst/gen_sdpram.xpm_memory_base_inst/gen_wr_a.gen_word_narrow.mem_reg_0_63_14_20/RAMD/CLK
High Pulse Width  Fast    RAMD64E/CLK         n/a            0.762         5.000       4.238      SLICE_X20Y94  design_1_i/axi_fifo_mm_s_0/U0/COMP_IPIC2AXI_S/grxd.COMP_rx_len_fifo/xpm_fifo_base_inst/gen_sdpram.xpm_memory_base_inst/gen_wr_a.gen_word_narrow.mem_reg_0_63_14_20/RAMD/CLK



--------------------------------------------------------------------------------------
Path Group:  (none)
From Clock:  
  To Clock:  clk_pl_0

Max Delay             1 Endpoint
Min Delay             1 Endpoint
--------------------------------------------------------------------------------------


Max Delay Paths
--------------------------------------------------------------------------------------
Slack:                    inf
  Source:                 design_1_i/zynq_ultra_ps_e_0/inst/PS8_i/EMIOGPIOO[95]
                            (internal pin)
  Destination:            design_1_i/rst_ps8_0_99M/U0/EXT_LPF/ACTIVE_LOW_EXT.ACT_LO_EXT/GENERATE_LEVEL_P_S_CDC.SINGLE_BIT.CROSS_PLEVEL_IN2SCNDRY_IN_cdc_to/D
                            (rising edge-triggered cell FDRE clocked by clk_pl_0  {rise@0.000ns fall@5.000ns period=10.000ns})
  Path Group:             (none)
  Path Type:              Setup (Max at Slow Process Corner)
  Data Path Delay:        2.045ns  (logic 0.224ns (10.954%)  route 1.821ns (89.046%))
  Logic Levels:           1  (LUT1=1)
  Clock Uncertainty:      0.158ns  ((TSJ^2 + DJ^2)^1/2) / 2 + PE
    Total System Jitter     (TSJ):    0.050ns
    Discrete Jitter          (DJ):    0.312ns
    Phase Error              (PE):    0.000ns
  Clock Net Delay (Destination): 2.059ns (routing 0.702ns, distribution 1.357ns)
  Timing Exception:       False Path

    Location             Delay type                Incr(ns)  Path(ns)    Netlist Resource(s)
  -------------------------------------------------------------------    -------------------
    PS8_X0Y0             PS8                          0.000     0.000 f  design_1_i/zynq_ultra_ps_e_0/inst/PS8_i/EMIOGPIOO[95]
                         net (fo=1, routed)           0.872     0.872    design_1_i/rst_ps8_0_99M/U0/EXT_LPF/ACTIVE_LOW_EXT.ACT_LO_EXT/ext_reset_in
    SLICE_X21Y234        LUT1 (Prop_F6LUT_SLICEM_I0_O)
                                                      0.224     1.096 r  design_1_i/rst_ps8_0_99M/U0/EXT_LPF/ACTIVE_LOW_EXT.ACT_LO_EXT/GENERATE_LEVEL_P_S_CDC.SINGLE_BIT.CROSS_PLEVEL_IN2SCNDRY_IN_cdc_to_i_1/O
                         net (fo=1, routed)           0.949     2.045    design_1_i/rst_ps8_0_99M/U0/EXT_LPF/ACTIVE_LOW_EXT.ACT_LO_EXT/exr_d1
    SLICE_X23Y234        FDRE                                         r  design_1_i/rst_ps8_0_99M/U0/EXT_LPF/ACTIVE_LOW_EXT.ACT_LO_EXT/GENERATE_LEVEL_P_S_CDC.SINGLE_BIT.CROSS_PLEVEL_IN2SCNDRY_IN_cdc_to/D
  -------------------------------------------------------------------    -------------------

                         (clock clk_pl_0 rise edge)
                                                      0.000     0.000 r  
    PS8_X0Y0             PS8                          0.000     0.000 r  design_1_i/zynq_ultra_ps_e_0/inst/PS8_i/PLCLK[0]
                         net (fo=1, routed)           0.181     0.181    design_1_i/zynq_ultra_ps_e_0/inst/pl_clk_unbuffered[0]
    BUFG_PS_X0Y80        BUFG_PS (Prop_BUFG_PS_I_O)
                                                      0.035     0.216 r  design_1_i/zynq_ultra_ps_e_0/inst/buffer_pl_clk_0.PL_CLK_0_BUFG/O
    X0Y2 (CLOCK_ROOT)    net (fo=11423, routed)       2.059     2.275    design_1_i/rst_ps8_0_99M/U0/EXT_LPF/ACTIVE_LOW_EXT.ACT_LO_EXT/slowest_sync_clk
    SLICE_X23Y234        FDRE                                         r  design_1_i/rst_ps8_0_99M/U0/EXT_LPF/ACTIVE_LOW_EXT.ACT_LO_EXT/GENERATE_LEVEL_P_S_CDC.SINGLE_BIT.CROSS_PLEVEL_IN2SCNDRY_IN_cdc_to/C





Min Delay Paths
--------------------------------------------------------------------------------------
Slack:                    inf
  Source:                 design_1_i/zynq_ultra_ps_e_0/inst/PS8_i/EMIOGPIOO[95]
                            (internal pin)
  Destination:            design_1_i/rst_ps8_0_99M/U0/EXT_LPF/ACTIVE_LOW_EXT.ACT_LO_EXT/GENERATE_LEVEL_P_S_CDC.SINGLE_BIT.CROSS_PLEVEL_IN2SCNDRY_IN_cdc_to/D
                            (rising edge-triggered cell FDRE clocked by clk_pl_0  {rise@0.000ns fall@5.000ns period=10.000ns})
  Path Group:             (none)
  Path Type:              Hold (Min at Fast Process Corner)
  Data Path Delay:        0.870ns  (logic 0.103ns (11.839%)  route 0.767ns (88.161%))
  Logic Levels:           1  (LUT1=1)
  Clock Uncertainty:      0.158ns  ((TSJ^2 + DJ^2)^1/2) / 2 + PE
    Total System Jitter     (TSJ):    0.050ns
    Discrete Jitter          (DJ):    0.312ns
    Phase Error              (PE):    0.000ns
  Clock Net Delay (Destination): 1.354ns (routing 0.454ns, distribution 0.900ns)
  Timing Exception:       False Path

    Location             Delay type                Incr(ns)  Path(ns)    Netlist Resource(s)
  -------------------------------------------------------------------    -------------------
    PS8_X0Y0             PS8                          0.000     0.000 f  design_1_i/zynq_ultra_ps_e_0/inst/PS8_i/EMIOGPIOO[95]
                         net (fo=1, routed)           0.391     0.391    design_1_i/rst_ps8_0_99M/U0/EXT_LPF/ACTIVE_LOW_EXT.ACT_LO_EXT/ext_reset_in
    SLICE_X21Y234        LUT1 (Prop_F6LUT_SLICEM_I0_O)
                                                      0.103     0.494 r  design_1_i/rst_ps8_0_99M/U0/EXT_LPF/ACTIVE_LOW_EXT.ACT_LO_EXT/GENERATE_LEVEL_P_S_CDC.SINGLE_BIT.CROSS_PLEVEL_IN2SCNDRY_IN_cdc_to_i_1/O
                         net (fo=1, routed)           0.376     0.870    design_1_i/rst_ps8_0_99M/U0/EXT_LPF/ACTIVE_LOW_EXT.ACT_LO_EXT/exr_d1
    SLICE_X23Y234        FDRE                                         r  design_1_i/rst_ps8_0_99M/U0/EXT_LPF/ACTIVE_LOW_EXT.ACT_LO_EXT/GENERATE_LEVEL_P_S_CDC.SINGLE_BIT.CROSS_PLEVEL_IN2SCNDRY_IN_cdc_to/D
  -------------------------------------------------------------------    -------------------

                         (clock clk_pl_0 rise edge)
                                                      0.000     0.000 r  
    PS8_X0Y0             PS8                          0.000     0.000 r  design_1_i/zynq_ultra_ps_e_0/inst/PS8_i/PLCLK[0]
                         net (fo=1, routed)           0.164     0.164    design_1_i/zynq_ultra_ps_e_0/inst/pl_clk_unbuffered[0]
    BUFG_PS_X0Y80        BUFG_PS (Prop_BUFG_PS_I_O)
                                                      0.023     0.187 r  design_1_i/zynq_ultra_ps_e_0/inst/buffer_pl_clk_0.PL_CLK_0_BUFG/O
    X0Y2 (CLOCK_ROOT)    net (fo=11423, routed)       1.354     1.541    design_1_i/rst_ps8_0_99M/U0/EXT_LPF/ACTIVE_LOW_EXT.ACT_LO_EXT/slowest_sync_clk
    SLICE_X23Y234        FDRE                                         r  design_1_i/rst_ps8_0_99M/U0/EXT_LPF/ACTIVE_LOW_EXT.ACT_LO_EXT/GENERATE_LEVEL_P_S_CDC.SINGLE_BIT.CROSS_PLEVEL_IN2SCNDRY_IN_cdc_to/C





--------------------------------------------------------------------------------------
Path Group:  (none)
From Clock:  clk_pl_0
  To Clock:  clk_pl_0

Max Delay             6 Endpoints
Min Delay             6 Endpoints
--------------------------------------------------------------------------------------


Max Delay Paths
--------------------------------------------------------------------------------------
Slack:                    inf
  Source:                 design_1_i/rst_ps8_0_99M/U0/ACTIVE_LOW_PR_OUT_DFF[0].FDRE_PER_N_replica/C
                            (rising edge-triggered cell FDRE clocked by clk_pl_0  {rise@0.000ns fall@5.000ns period=10.000ns})
  Destination:            design_1_i/axi_fifo_mm_s_0/U0/COMP_IPIC2AXI_S/grxd.COMP_RX_FIFO/gfifo_gen.COMP_AXIS_FG_FIFO/COMP_FIFO/gaxis_rst_sync.xpm_cdc_sync_rst_inst/syncstages_ff_reg[0]/D
                            (rising edge-triggered cell FDRE clocked by clk_pl_0  {rise@0.000ns fall@5.000ns period=10.000ns})
  Path Group:             (none)
  Path Type:              Setup (Max at Slow Process Corner)
  Data Path Delay:        3.203ns  (logic 0.264ns (8.243%)  route 2.939ns (91.757%))
  Logic Levels:           1  (LUT3=1)
  Clock Path Skew:        -0.281ns (DCD - SCD + CPR)
    Destination Clock Delay (DCD):    2.232ns
    Source Clock Delay      (SCD):    2.513ns
    Clock Pessimism Removal (CPR):    0.000ns
  Clock Uncertainty:      0.160ns  ((TSJ^2 + DJ^2)^1/2) / 2 + PE
    Total System Jitter     (TSJ):    0.071ns
    Discrete Jitter          (DJ):    0.312ns
    Phase Error              (PE):    0.000ns
  Clock Net Delay (Source):      2.246ns (routing 0.768ns, distribution 1.478ns)
  Clock Net Delay (Destination): 2.016ns (routing 0.702ns, distribution 1.314ns)
  Timing Exception:       False Path

    Location             Delay type                Incr(ns)  Path(ns)    Netlist Resource(s)
  -------------------------------------------------------------------    -------------------
                         (clock clk_pl_0 rise edge)
                                                      0.000     0.000 r  
    PS8_X0Y0             PS8                          0.000     0.000 r  design_1_i/zynq_ultra_ps_e_0/inst/PS8_i/PLCLK[0]
                         net (fo=1, routed)           0.229     0.229    design_1_i/zynq_ultra_ps_e_0/inst/pl_clk_unbuffered[0]
    BUFG_PS_X0Y80        BUFG_PS (Prop_BUFG_PS_I_O)
                                                      0.038     0.267 r  design_1_i/zynq_ultra_ps_e_0/inst/buffer_pl_clk_0.PL_CLK_0_BUFG/O
    X0Y2 (CLOCK_ROOT)    net (fo=11423, routed)       2.246     2.513    design_1_i/rst_ps8_0_99M/U0/slowest_sync_clk
    SLICE_X25Y177        FDRE                                         r  design_1_i/rst_ps8_0_99M/U0/ACTIVE_LOW_PR_OUT_DFF[0].FDRE_PER_N_replica/C
  -------------------------------------------------------------------    -------------------
    SLICE_X25Y177        FDRE (Prop_AFF_SLICEM_C_Q)
                                                      0.113     2.626 f  design_1_i/rst_ps8_0_99M/U0/ACTIVE_LOW_PR_OUT_DFF[0].FDRE_PER_N_replica/Q
                         net (fo=71, routed)          1.904     4.530    design_1_i/axi_fifo_mm_s_0/U0/COMP_IPIC2AXI_S/grxd.COMP_RX_FIFO/gfifo_gen.COMP_AXIS_FG_FIFO/peripheral_aresetn[0]_bufg_place_replica
    SLICE_X21Y91         LUT3 (Prop_H5LUT_SLICEM_I2_O)
                                                      0.151     4.681 r  design_1_i/axi_fifo_mm_s_0/U0/COMP_IPIC2AXI_S/grxd.COMP_RX_FIFO/gfifo_gen.COMP_AXIS_FG_FIFO/s2mm_prmry_reset_out_n_INST_0/O
                         net (fo=1, routed)           1.035     5.716    design_1_i/axi_fifo_mm_s_0/U0/COMP_IPIC2AXI_S/grxd.COMP_RX_FIFO/gfifo_gen.COMP_AXIS_FG_FIFO/COMP_FIFO/gaxis_rst_sync.xpm_cdc_sync_rst_inst/src_rst
    SLICE_X23Y99         FDRE                                         r  design_1_i/axi_fifo_mm_s_0/U0/COMP_IPIC2AXI_S/grxd.COMP_RX_FIFO/gfifo_gen.COMP_AXIS_FG_FIFO/COMP_FIFO/gaxis_rst_sync.xpm_cdc_sync_rst_inst/syncstages_ff_reg[0]/D
  -------------------------------------------------------------------    -------------------

                         (clock clk_pl_0 rise edge)
                                                      0.000     0.000 r  
    PS8_X0Y0             PS8                          0.000     0.000 r  design_1_i/zynq_ultra_ps_e_0/inst/PS8_i/PLCLK[0]
                         net (fo=1, routed)           0.181     0.181    design_1_i/zynq_ultra_ps_e_0/inst/pl_clk_unbuffered[0]
    BUFG_PS_X0Y80        BUFG_PS (Prop_BUFG_PS_I_O)
                                                      0.035     0.216 r  design_1_i/zynq_ultra_ps_e_0/inst/buffer_pl_clk_0.PL_CLK_0_BUFG/O
    X0Y2 (CLOCK_ROOT)    net (fo=11423, routed)       2.016     2.232    design_1_i/axi_fifo_mm_s_0/U0/COMP_IPIC2AXI_S/grxd.COMP_RX_FIFO/gfifo_gen.COMP_AXIS_FG_FIFO/COMP_FIFO/gaxis_rst_sync.xpm_cdc_sync_rst_inst/dest_clk
    SLICE_X23Y99         FDRE                                         r  design_1_i/axi_fifo_mm_s_0/U0/COMP_IPIC2AXI_S/grxd.COMP_RX_FIFO/gfifo_gen.COMP_AXIS_FG_FIFO/COMP_FIFO/gaxis_rst_sync.xpm_cdc_sync_rst_inst/syncstages_ff_reg[0]/C

Slack:                    inf
  Source:                 design_1_i/rst_ps8_0_99M/U0/ACTIVE_LOW_PR_OUT_DFF[0].FDRE_PER_N_replica/C
                            (rising edge-triggered cell FDRE clocked by clk_pl_0  {rise@0.000ns fall@5.000ns period=10.000ns})
  Destination:            design_1_i/axi_fifo_mm_s_2/U0/COMP_IPIC2AXI_S/grxd.COMP_RX_FIFO/gfifo_gen.COMP_AXIS_FG_FIFO/COMP_FIFO/gaxis_rst_sync.xpm_cdc_sync_rst_inst/syncstages_ff_reg[0]/D
                            (rising edge-triggered cell FDRE clocked by clk_pl_0  {rise@0.000ns fall@5.000ns period=10.000ns})
  Path Group:             (none)
  Path Type:              Setup (Max at Slow Process Corner)
  Data Path Delay:        2.843ns  (logic 0.268ns (9.428%)  route 2.575ns (90.572%))
  Logic Levels:           1  (LUT3=1)
  Clock Path Skew:        -0.262ns (DCD - SCD + CPR)
    Destination Clock Delay (DCD):    2.251ns
    Source Clock Delay      (SCD):    2.513ns
    Clock Pessimism Removal (CPR):    0.000ns
  Clock Uncertainty:      0.160ns  ((TSJ^2 + DJ^2)^1/2) / 2 + PE
    Total System Jitter     (TSJ):    0.071ns
    Discrete Jitter          (DJ):    0.312ns
    Phase Error              (PE):    0.000ns
  Clock Net Delay (Source):      2.246ns (routing 0.768ns, distribution 1.478ns)
  Clock Net Delay (Destination): 2.035ns (routing 0.702ns, distribution 1.333ns)
  Timing Exception:       False Path

    Location             Delay type                Incr(ns)  Path(ns)    Netlist Resource(s)
  -------------------------------------------------------------------    -------------------
                         (clock clk_pl_0 rise edge)
                                                      0.000     0.000 r  
    PS8_X0Y0             PS8                          0.000     0.000 r  design_1_i/zynq_ultra_ps_e_0/inst/PS8_i/PLCLK[0]
                         net (fo=1, routed)           0.229     0.229    design_1_i/zynq_ultra_ps_e_0/inst/pl_clk_unbuffered[0]
    BUFG_PS_X0Y80        BUFG_PS (Prop_BUFG_PS_I_O)
                                                      0.038     0.267 r  design_1_i/zynq_ultra_ps_e_0/inst/buffer_pl_clk_0.PL_CLK_0_BUFG/O
    X0Y2 (CLOCK_ROOT)    net (fo=11423, routed)       2.246     2.513    design_1_i/rst_ps8_0_99M/U0/slowest_sync_clk
    SLICE_X25Y177        FDRE                                         r  design_1_i/rst_ps8_0_99M/U0/ACTIVE_LOW_PR_OUT_DFF[0].FDRE_PER_N_replica/C
  -------------------------------------------------------------------    -------------------
    SLICE_X25Y177        FDRE (Prop_AFF_SLICEM_C_Q)
                                                      0.113     2.626 f  design_1_i/rst_ps8_0_99M/U0/ACTIVE_LOW_PR_OUT_DFF[0].FDRE_PER_N_replica/Q
                         net (fo=71, routed)          1.620     4.246    design_1_i/axi_fifo_mm_s_2/U0/COMP_IPIC2AXI_S/grxd.COMP_RX_FIFO/gfifo_gen.COMP_AXIS_FG_FIFO/peripheral_aresetn[0]_bufg_place_replica
    SLICE_X18Y109        LUT3 (Prop_G5LUT_SLICEM_I2_O)
                                                      0.155     4.401 r  design_1_i/axi_fifo_mm_s_2/U0/COMP_IPIC2AXI_S/grxd.COMP_RX_FIFO/gfifo_gen.COMP_AXIS_FG_FIFO/s2mm_prmry_reset_out_n_INST_0/O
                         net (fo=1, routed)           0.955     5.356    design_1_i/axi_fifo_mm_s_2/U0/COMP_IPIC2AXI_S/grxd.COMP_RX_FIFO/gfifo_gen.COMP_AXIS_FG_FIFO/COMP_FIFO/gaxis_rst_sync.xpm_cdc_sync_rst_inst/src_rst
    SLICE_X24Y107        FDRE                                         r  design_1_i/axi_fifo_mm_s_2/U0/COMP_IPIC2AXI_S/grxd.COMP_RX_FIFO/gfifo_gen.COMP_AXIS_FG_FIFO/COMP_FIFO/gaxis_rst_sync.xpm_cdc_sync_rst_inst/syncstages_ff_reg[0]/D
  -------------------------------------------------------------------    -------------------

                         (clock clk_pl_0 rise edge)
                                                      0.000     0.000 r  
    PS8_X0Y0             PS8                          0.000     0.000 r  design_1_i/zynq_ultra_ps_e_0/inst/PS8_i/PLCLK[0]
                         net (fo=1, routed)           0.181     0.181    design_1_i/zynq_ultra_ps_e_0/inst/pl_clk_unbuffered[0]
    BUFG_PS_X0Y80        BUFG_PS (Prop_BUFG_PS_I_O)
                                                      0.035     0.216 r  design_1_i/zynq_ultra_ps_e_0/inst/buffer_pl_clk_0.PL_CLK_0_BUFG/O
    X0Y2 (CLOCK_ROOT)    net (fo=11423, routed)       2.035     2.251    design_1_i/axi_fifo_mm_s_2/U0/COMP_IPIC2AXI_S/grxd.COMP_RX_FIFO/gfifo_gen.COMP_AXIS_FG_FIFO/COMP_FIFO/gaxis_rst_sync.xpm_cdc_sync_rst_inst/dest_clk
    SLICE_X24Y107        FDRE                                         r  design_1_i/axi_fifo_mm_s_2/U0/COMP_IPIC2AXI_S/grxd.COMP_RX_FIFO/gfifo_gen.COMP_AXIS_FG_FIFO/COMP_FIFO/gaxis_rst_sync.xpm_cdc_sync_rst_inst/syncstages_ff_reg[0]/C

Slack:                    inf
  Source:                 design_1_i/rst_ps8_0_99M/U0/ACTIVE_LOW_PR_OUT_DFF[0].FDRE_PER_N_replica/C
                            (rising edge-triggered cell FDRE clocked by clk_pl_0  {rise@0.000ns fall@5.000ns period=10.000ns})
  Destination:            design_1_i/axi_fifo_mm_s_0/U0/COMP_IPIC2AXI_S/gtxd.COMP_TXD_FIFO/gfifo_gen.COMP_AXIS_FG_FIFO/COMP_FIFO/gaxis_rst_sync.xpm_cdc_sync_rst_inst/syncstages_ff_reg[0]/D
                            (rising edge-triggered cell FDRE clocked by clk_pl_0  {rise@0.000ns fall@5.000ns period=10.000ns})
  Path Group:             (none)
  Path Type:              Setup (Max at Slow Process Corner)
  Data Path Delay:        2.598ns  (logic 0.210ns (8.082%)  route 2.388ns (91.918%))
  Logic Levels:           1  (LUT3=1)
  Clock Path Skew:        -0.379ns (DCD - SCD + CPR)
    Destination Clock Delay (DCD):    2.134ns
    Source Clock Delay      (SCD):    2.513ns
    Clock Pessimism Removal (CPR):    0.000ns
  Clock Uncertainty:      0.160ns  ((TSJ^2 + DJ^2)^1/2) / 2 + PE
    Total System Jitter     (TSJ):    0.071ns
    Discrete Jitter          (DJ):    0.312ns
    Phase Error              (PE):    0.000ns
  Clock Net Delay (Source):      2.246ns (routing 0.768ns, distribution 1.478ns)
  Clock Net Delay (Destination): 1.918ns (routing 0.702ns, distribution 1.216ns)
  Timing Exception:       False Path

    Location             Delay type                Incr(ns)  Path(ns)    Netlist Resource(s)
  -------------------------------------------------------------------    -------------------
                         (clock clk_pl_0 rise edge)
                                                      0.000     0.000 r  
    PS8_X0Y0             PS8                          0.000     0.000 r  design_1_i/zynq_ultra_ps_e_0/inst/PS8_i/PLCLK[0]
                         net (fo=1, routed)           0.229     0.229    design_1_i/zynq_ultra_ps_e_0/inst/pl_clk_unbuffered[0]
    BUFG_PS_X0Y80        BUFG_PS (Prop_BUFG_PS_I_O)
                                                      0.038     0.267 r  design_1_i/zynq_ultra_ps_e_0/inst/buffer_pl_clk_0.PL_CLK_0_BUFG/O
    X0Y2 (CLOCK_ROOT)    net (fo=11423, routed)       2.246     2.513    design_1_i/rst_ps8_0_99M/U0/slowest_sync_clk
    SLICE_X25Y177        FDRE                                         r  design_1_i/rst_ps8_0_99M/U0/ACTIVE_LOW_PR_OUT_DFF[0].FDRE_PER_N_replica/C
  -------------------------------------------------------------------    -------------------
    SLICE_X25Y177        FDRE (Prop_AFF_SLICEM_C_Q)
                                                      0.113     2.626 f  design_1_i/rst_ps8_0_99M/U0/ACTIVE_LOW_PR_OUT_DFF[0].FDRE_PER_N_replica/Q
                         net (fo=71, routed)          1.985     4.611    design_1_i/axi_fifo_mm_s_0/U0/COMP_IPIC2AXI_S/gtxd.COMP_TXD_FIFO/gfifo_gen.COMP_AXIS_FG_FIFO/peripheral_aresetn[0]_bufg_place_replica
    SLICE_X16Y93         LUT3 (Prop_B5LUT_SLICEL_I2_O)
                                                      0.097     4.708 r  design_1_i/axi_fifo_mm_s_0/U0/COMP_IPIC2AXI_S/gtxd.COMP_TXD_FIFO/gfifo_gen.COMP_AXIS_FG_FIFO/mm2s_prmry_reset_out_n_INST_0/O
                         net (fo=1, routed)           0.403     5.111    design_1_i/axi_fifo_mm_s_0/U0/COMP_IPIC2AXI_S/gtxd.COMP_TXD_FIFO/gfifo_gen.COMP_AXIS_FG_FIFO/COMP_FIFO/gaxis_rst_sync.xpm_cdc_sync_rst_inst/src_rst
    SLICE_X19Y97         FDRE                                         r  design_1_i/axi_fifo_mm_s_0/U0/COMP_IPIC2AXI_S/gtxd.COMP_TXD_FIFO/gfifo_gen.COMP_AXIS_FG_FIFO/COMP_FIFO/gaxis_rst_sync.xpm_cdc_sync_rst_inst/syncstages_ff_reg[0]/D
  -------------------------------------------------------------------    -------------------

                         (clock clk_pl_0 rise edge)
                                                      0.000     0.000 r  
    PS8_X0Y0             PS8                          0.000     0.000 r  design_1_i/zynq_ultra_ps_e_0/inst/PS8_i/PLCLK[0]
                         net (fo=1, routed)           0.181     0.181    design_1_i/zynq_ultra_ps_e_0/inst/pl_clk_unbuffered[0]
    BUFG_PS_X0Y80        BUFG_PS (Prop_BUFG_PS_I_O)
                                                      0.035     0.216 r  design_1_i/zynq_ultra_ps_e_0/inst/buffer_pl_clk_0.PL_CLK_0_BUFG/O
    X0Y2 (CLOCK_ROOT)    net (fo=11423, routed)       1.918     2.134    design_1_i/axi_fifo_mm_s_0/U0/COMP_IPIC2AXI_S/gtxd.COMP_TXD_FIFO/gfifo_gen.COMP_AXIS_FG_FIFO/COMP_FIFO/gaxis_rst_sync.xpm_cdc_sync_rst_inst/dest_clk
    SLICE_X19Y97         FDRE                                         r  design_1_i/axi_fifo_mm_s_0/U0/COMP_IPIC2AXI_S/gtxd.COMP_TXD_FIFO/gfifo_gen.COMP_AXIS_FG_FIFO/COMP_FIFO/gaxis_rst_sync.xpm_cdc_sync_rst_inst/syncstages_ff_reg[0]/C

Slack:                    inf
  Source:                 design_1_i/rst_ps8_0_99M/U0/ACTIVE_LOW_PR_OUT_DFF[0].FDRE_PER_N_replica/C
                            (rising edge-triggered cell FDRE clocked by clk_pl_0  {rise@0.000ns fall@5.000ns period=10.000ns})
  Destination:            design_1_i/axi_fifo_mm_s_1/U0/COMP_IPIC2AXI_S/gtxd.COMP_TXD_FIFO/gfifo_gen.COMP_AXIS_FG_FIFO/COMP_FIFO/gaxis_rst_sync.xpm_cdc_sync_rst_inst/syncstages_ff_reg[0]/D
                            (rising edge-triggered cell FDRE clocked by clk_pl_0  {rise@0.000ns fall@5.000ns period=10.000ns})
  Path Group:             (none)
  Path Type:              Setup (Max at Slow Process Corner)
  Data Path Delay:        2.597ns  (logic 0.248ns (9.549%)  route 2.349ns (90.451%))
  Logic Levels:           1  (LUT3=1)
  Clock Path Skew:        -0.277ns (DCD - SCD + CPR)
    Destination Clock Delay (DCD):    2.236ns
    Source Clock Delay      (SCD):    2.513ns
    Clock Pessimism Removal (CPR):    0.000ns
  Clock Uncertainty:      0.160ns  ((TSJ^2 + DJ^2)^1/2) / 2 + PE
    Total System Jitter     (TSJ):    0.071ns
    Discrete Jitter          (DJ):    0.312ns
    Phase Error              (PE):    0.000ns
  Clock Net Delay (Source):      2.246ns (routing 0.768ns, distribution 1.478ns)
  Clock Net Delay (Destination): 2.020ns (routing 0.702ns, distribution 1.318ns)
  Timing Exception:       False Path

    Location             Delay type                Incr(ns)  Path(ns)    Netlist Resource(s)
  -------------------------------------------------------------------    -------------------
                         (clock clk_pl_0 rise edge)
                                                      0.000     0.000 r  
    PS8_X0Y0             PS8                          0.000     0.000 r  design_1_i/zynq_ultra_ps_e_0/inst/PS8_i/PLCLK[0]
                         net (fo=1, routed)           0.229     0.229    design_1_i/zynq_ultra_ps_e_0/inst/pl_clk_unbuffered[0]
    BUFG_PS_X0Y80        BUFG_PS (Prop_BUFG_PS_I_O)
                                                      0.038     0.267 r  design_1_i/zynq_ultra_ps_e_0/inst/buffer_pl_clk_0.PL_CLK_0_BUFG/O
    X0Y2 (CLOCK_ROOT)    net (fo=11423, routed)       2.246     2.513    design_1_i/rst_ps8_0_99M/U0/slowest_sync_clk
    SLICE_X25Y177        FDRE                                         r  design_1_i/rst_ps8_0_99M/U0/ACTIVE_LOW_PR_OUT_DFF[0].FDRE_PER_N_replica/C
  -------------------------------------------------------------------    -------------------
    SLICE_X25Y177        FDRE (Prop_AFF_SLICEM_C_Q)
                                                      0.113     2.626 f  design_1_i/rst_ps8_0_99M/U0/ACTIVE_LOW_PR_OUT_DFF[0].FDRE_PER_N_replica/Q
                         net (fo=71, routed)          1.513     4.139    design_1_i/axi_fifo_mm_s_1/U0/COMP_IPIC2AXI_S/gtxd.COMP_TXD_FIFO/gfifo_gen.COMP_AXIS_FG_FIFO/peripheral_aresetn[0]_bufg_place_replica
    SLICE_X15Y120        LUT3 (Prop_C5LUT_SLICEL_I2_O)
                                                      0.135     4.274 r  design_1_i/axi_fifo_mm_s_1/U0/COMP_IPIC2AXI_S/gtxd.COMP_TXD_FIFO/gfifo_gen.COMP_AXIS_FG_FIFO/mm2s_prmry_reset_out_n_INST_0/O
                         net (fo=1, routed)           0.836     5.110    design_1_i/axi_fifo_mm_s_1/U0/COMP_IPIC2AXI_S/gtxd.COMP_TXD_FIFO/gfifo_gen.COMP_AXIS_FG_FIFO/COMP_FIFO/gaxis_rst_sync.xpm_cdc_sync_rst_inst/src_rst
    SLICE_X23Y123        FDRE                                         r  design_1_i/axi_fifo_mm_s_1/U0/COMP_IPIC2AXI_S/gtxd.COMP_TXD_FIFO/gfifo_gen.COMP_AXIS_FG_FIFO/COMP_FIFO/gaxis_rst_sync.xpm_cdc_sync_rst_inst/syncstages_ff_reg[0]/D
  -------------------------------------------------------------------    -------------------

                         (clock clk_pl_0 rise edge)
                                                      0.000     0.000 r  
    PS8_X0Y0             PS8                          0.000     0.000 r  design_1_i/zynq_ultra_ps_e_0/inst/PS8_i/PLCLK[0]
                         net (fo=1, routed)           0.181     0.181    design_1_i/zynq_ultra_ps_e_0/inst/pl_clk_unbuffered[0]
    BUFG_PS_X0Y80        BUFG_PS (Prop_BUFG_PS_I_O)
                                                      0.035     0.216 r  design_1_i/zynq_ultra_ps_e_0/inst/buffer_pl_clk_0.PL_CLK_0_BUFG/O
    X0Y2 (CLOCK_ROOT)    net (fo=11423, routed)       2.020     2.236    design_1_i/axi_fifo_mm_s_1/U0/COMP_IPIC2AXI_S/gtxd.COMP_TXD_FIFO/gfifo_gen.COMP_AXIS_FG_FIFO/COMP_FIFO/gaxis_rst_sync.xpm_cdc_sync_rst_inst/dest_clk
    SLICE_X23Y123        FDRE                                         r  design_1_i/axi_fifo_mm_s_1/U0/COMP_IPIC2AXI_S/gtxd.COMP_TXD_FIFO/gfifo_gen.COMP_AXIS_FG_FIFO/COMP_FIFO/gaxis_rst_sync.xpm_cdc_sync_rst_inst/syncstages_ff_reg[0]/C

Slack:                    inf
  Source:                 design_1_i/rst_ps8_0_99M/U0/ACTIVE_LOW_PR_OUT_DFF[0].FDRE_PER_N_replica/C
                            (rising edge-triggered cell FDRE clocked by clk_pl_0  {rise@0.000ns fall@5.000ns period=10.000ns})
  Destination:            design_1_i/axi_fifo_mm_s_1/U0/COMP_IPIC2AXI_S/grxd.COMP_RX_FIFO/gfifo_gen.COMP_AXIS_FG_FIFO/COMP_FIFO/gaxis_rst_sync.xpm_cdc_sync_rst_inst/syncstages_ff_reg[0]/D
                            (rising edge-triggered cell FDRE clocked by clk_pl_0  {rise@0.000ns fall@5.000ns period=10.000ns})
  Path Group:             (none)
  Path Type:              Setup (Max at Slow Process Corner)
  Data Path Delay:        2.287ns  (logic 0.300ns (13.116%)  route 1.987ns (86.884%))
  Logic Levels:           1  (LUT3=1)
  Clock Path Skew:        -0.372ns (DCD - SCD + CPR)
    Destination Clock Delay (DCD):    2.141ns
    Source Clock Delay      (SCD):    2.513ns
    Clock Pessimism Removal (CPR):    0.000ns
  Clock Uncertainty:      0.160ns  ((TSJ^2 + DJ^2)^1/2) / 2 + PE
    Total System Jitter     (TSJ):    0.071ns
    Discrete Jitter          (DJ):    0.312ns
    Phase Error              (PE):    0.000ns
  Clock Net Delay (Source):      2.246ns (routing 0.768ns, distribution 1.478ns)
  Clock Net Delay (Destination): 1.925ns (routing 0.702ns, distribution 1.223ns)
  Timing Exception:       False Path

    Location             Delay type                Incr(ns)  Path(ns)    Netlist Resource(s)
  -------------------------------------------------------------------    -------------------
                         (clock clk_pl_0 rise edge)
                                                      0.000     0.000 r  
    PS8_X0Y0             PS8                          0.000     0.000 r  design_1_i/zynq_ultra_ps_e_0/inst/PS8_i/PLCLK[0]
                         net (fo=1, routed)           0.229     0.229    design_1_i/zynq_ultra_ps_e_0/inst/pl_clk_unbuffered[0]
    BUFG_PS_X0Y80        BUFG_PS (Prop_BUFG_PS_I_O)
                                                      0.038     0.267 r  design_1_i/zynq_ultra_ps_e_0/inst/buffer_pl_clk_0.PL_CLK_0_BUFG/O
    X0Y2 (CLOCK_ROOT)    net (fo=11423, routed)       2.246     2.513    design_1_i/rst_ps8_0_99M/U0/slowest_sync_clk
    SLICE_X25Y177        FDRE                                         r  design_1_i/rst_ps8_0_99M/U0/ACTIVE_LOW_PR_OUT_DFF[0].FDRE_PER_N_replica/C
  -------------------------------------------------------------------    -------------------
    SLICE_X25Y177        FDRE (Prop_AFF_SLICEM_C_Q)
                                                      0.113     2.626 f  design_1_i/rst_ps8_0_99M/U0/ACTIVE_LOW_PR_OUT_DFF[0].FDRE_PER_N_replica/Q
                         net (fo=71, routed)          1.586     4.212    design_1_i/axi_fifo_mm_s_1/U0/COMP_IPIC2AXI_S/grxd.COMP_RX_FIFO/gfifo_gen.COMP_AXIS_FG_FIFO/peripheral_aresetn[0]_bufg_place_replica
    SLICE_X15Y120        LUT3 (Prop_D5LUT_SLICEL_I2_O)
                                                      0.187     4.399 r  design_1_i/axi_fifo_mm_s_1/U0/COMP_IPIC2AXI_S/grxd.COMP_RX_FIFO/gfifo_gen.COMP_AXIS_FG_FIFO/s2mm_prmry_reset_out_n_INST_0/O
                         net (fo=1, routed)           0.401     4.800    design_1_i/axi_fifo_mm_s_1/U0/COMP_IPIC2AXI_S/grxd.COMP_RX_FIFO/gfifo_gen.COMP_AXIS_FG_FIFO/COMP_FIFO/gaxis_rst_sync.xpm_cdc_sync_rst_inst/src_rst
    SLICE_X18Y120        FDRE                                         r  design_1_i/axi_fifo_mm_s_1/U0/COMP_IPIC2AXI_S/grxd.COMP_RX_FIFO/gfifo_gen.COMP_AXIS_FG_FIFO/COMP_FIFO/gaxis_rst_sync.xpm_cdc_sync_rst_inst/syncstages_ff_reg[0]/D
  -------------------------------------------------------------------    -------------------

                         (clock clk_pl_0 rise edge)
                                                      0.000     0.000 r  
    PS8_X0Y0             PS8                          0.000     0.000 r  design_1_i/zynq_ultra_ps_e_0/inst/PS8_i/PLCLK[0]
                         net (fo=1, routed)           0.181     0.181    design_1_i/zynq_ultra_ps_e_0/inst/pl_clk_unbuffered[0]
    BUFG_PS_X0Y80        BUFG_PS (Prop_BUFG_PS_I_O)
                                                      0.035     0.216 r  design_1_i/zynq_ultra_ps_e_0/inst/buffer_pl_clk_0.PL_CLK_0_BUFG/O
    X0Y2 (CLOCK_ROOT)    net (fo=11423, routed)       1.925     2.141    design_1_i/axi_fifo_mm_s_1/U0/COMP_IPIC2AXI_S/grxd.COMP_RX_FIFO/gfifo_gen.COMP_AXIS_FG_FIFO/COMP_FIFO/gaxis_rst_sync.xpm_cdc_sync_rst_inst/dest_clk
    SLICE_X18Y120        FDRE                                         r  design_1_i/axi_fifo_mm_s_1/U0/COMP_IPIC2AXI_S/grxd.COMP_RX_FIFO/gfifo_gen.COMP_AXIS_FG_FIFO/COMP_FIFO/gaxis_rst_sync.xpm_cdc_sync_rst_inst/syncstages_ff_reg[0]/C

Slack:                    inf
  Source:                 design_1_i/rst_ps8_0_99M/U0/ACTIVE_LOW_PR_OUT_DFF[0].FDRE_PER_N_replica/C
                            (rising edge-triggered cell FDRE clocked by clk_pl_0  {rise@0.000ns fall@5.000ns period=10.000ns})
  Destination:            design_1_i/axi_fifo_mm_s_2/U0/COMP_IPIC2AXI_S/gtxd.COMP_TXD_FIFO/gfifo_gen.COMP_AXIS_FG_FIFO/COMP_FIFO/gaxis_rst_sync.xpm_cdc_sync_rst_inst/syncstages_ff_reg[0]/D
                            (rising edge-triggered cell FDRE clocked by clk_pl_0  {rise@0.000ns fall@5.000ns period=10.000ns})
  Path Group:             (none)
  Path Type:              Setup (Max at Slow Process Corner)
  Data Path Delay:        1.923ns  (logic 0.333ns (17.318%)  route 1.590ns (82.682%))
  Logic Levels:           1  (LUT3=1)
  Clock Path Skew:        -0.358ns (DCD - SCD + CPR)
    Destination Clock Delay (DCD):    2.155ns
    Source Clock Delay      (SCD):    2.513ns
    Clock Pessimism Removal (CPR):    0.000ns
  Clock Uncertainty:      0.160ns  ((TSJ^2 + DJ^2)^1/2) / 2 + PE
    Total System Jitter     (TSJ):    0.071ns
    Discrete Jitter          (DJ):    0.312ns
    Phase Error              (PE):    0.000ns
  Clock Net Delay (Source):      2.246ns (routing 0.768ns, distribution 1.478ns)
  Clock Net Delay (Destination): 1.939ns (routing 0.702ns, distribution 1.237ns)
  Timing Exception:       False Path

    Location             Delay type                Incr(ns)  Path(ns)    Netlist Resource(s)
  -------------------------------------------------------------------    -------------------
                         (clock clk_pl_0 rise edge)
                                                      0.000     0.000 r  
    PS8_X0Y0             PS8                          0.000     0.000 r  design_1_i/zynq_ultra_ps_e_0/inst/PS8_i/PLCLK[0]
                         net (fo=1, routed)           0.229     0.229    design_1_i/zynq_ultra_ps_e_0/inst/pl_clk_unbuffered[0]
    BUFG_PS_X0Y80        BUFG_PS (Prop_BUFG_PS_I_O)
                                                      0.038     0.267 r  design_1_i/zynq_ultra_ps_e_0/inst/buffer_pl_clk_0.PL_CLK_0_BUFG/O
    X0Y2 (CLOCK_ROOT)    net (fo=11423, routed)       2.246     2.513    design_1_i/rst_ps8_0_99M/U0/slowest_sync_clk
    SLICE_X25Y177        FDRE                                         r  design_1_i/rst_ps8_0_99M/U0/ACTIVE_LOW_PR_OUT_DFF[0].FDRE_PER_N_replica/C
  -------------------------------------------------------------------    -------------------
    SLICE_X25Y177        FDRE (Prop_AFF_SLICEM_C_Q)
                                                      0.113     2.626 f  design_1_i/rst_ps8_0_99M/U0/ACTIVE_LOW_PR_OUT_DFF[0].FDRE_PER_N_replica/Q
                         net (fo=71, routed)          1.549     4.175    design_1_i/axi_fifo_mm_s_2/U0/COMP_IPIC2AXI_S/gtxd.COMP_TXD_FIFO/gfifo_gen.COMP_AXIS_FG_FIFO/peripheral_aresetn[0]_bufg_place_replica
    SLICE_X18Y113        LUT3 (Prop_D5LUT_SLICEM_I2_O)
                                                      0.220     4.395 r  design_1_i/axi_fifo_mm_s_2/U0/COMP_IPIC2AXI_S/gtxd.COMP_TXD_FIFO/gfifo_gen.COMP_AXIS_FG_FIFO/mm2s_prmry_reset_out_n_INST_0/O
                         net (fo=1, routed)           0.041     4.436    design_1_i/axi_fifo_mm_s_2/U0/COMP_IPIC2AXI_S/gtxd.COMP_TXD_FIFO/gfifo_gen.COMP_AXIS_FG_FIFO/COMP_FIFO/gaxis_rst_sync.xpm_cdc_sync_rst_inst/src_rst
    SLICE_X18Y113        FDRE                                         r  design_1_i/axi_fifo_mm_s_2/U0/COMP_IPIC2AXI_S/gtxd.COMP_TXD_FIFO/gfifo_gen.COMP_AXIS_FG_FIFO/COMP_FIFO/gaxis_rst_sync.xpm_cdc_sync_rst_inst/syncstages_ff_reg[0]/D
  -------------------------------------------------------------------    -------------------

                         (clock clk_pl_0 rise edge)
                                                      0.000     0.000 r  
    PS8_X0Y0             PS8                          0.000     0.000 r  design_1_i/zynq_ultra_ps_e_0/inst/PS8_i/PLCLK[0]
                         net (fo=1, routed)           0.181     0.181    design_1_i/zynq_ultra_ps_e_0/inst/pl_clk_unbuffered[0]
    BUFG_PS_X0Y80        BUFG_PS (Prop_BUFG_PS_I_O)
                                                      0.035     0.216 r  design_1_i/zynq_ultra_ps_e_0/inst/buffer_pl_clk_0.PL_CLK_0_BUFG/O
    X0Y2 (CLOCK_ROOT)    net (fo=11423, routed)       1.939     2.155    design_1_i/axi_fifo_mm_s_2/U0/COMP_IPIC2AXI_S/gtxd.COMP_TXD_FIFO/gfifo_gen.COMP_AXIS_FG_FIFO/COMP_FIFO/gaxis_rst_sync.xpm_cdc_sync_rst_inst/dest_clk
    SLICE_X18Y113        FDRE                                         r  design_1_i/axi_fifo_mm_s_2/U0/COMP_IPIC2AXI_S/gtxd.COMP_TXD_FIFO/gfifo_gen.COMP_AXIS_FG_FIFO/COMP_FIFO/gaxis_rst_sync.xpm_cdc_sync_rst_inst/syncstages_ff_reg[0]/C





Min Delay Paths
--------------------------------------------------------------------------------------
Slack:                    inf
  Source:                 design_1_i/axi_fifo_mm_s_2/U0/COMP_IPIC2AXI_S/sig_tx_channel_reset_reg/C
                            (rising edge-triggered cell FDRE clocked by clk_pl_0  {rise@0.000ns fall@5.000ns period=10.000ns})
  Destination:            design_1_i/axi_fifo_mm_s_2/U0/COMP_IPIC2AXI_S/gtxd.COMP_TXD_FIFO/gfifo_gen.COMP_AXIS_FG_FIFO/COMP_FIFO/gaxis_rst_sync.xpm_cdc_sync_rst_inst/syncstages_ff_reg[0]/D
                            (rising edge-triggered cell FDRE clocked by clk_pl_0  {rise@0.000ns fall@5.000ns period=10.000ns})
  Path Group:             (none)
  Path Type:              Hold (Min at Fast Process Corner)
  Data Path Delay:        0.195ns  (logic 0.110ns (56.541%)  route 0.085ns (43.459%))
  Logic Levels:           1  (LUT3=1)
  Clock Path Skew:        0.153ns (DCD - SCD - CPR)
    Destination Clock Delay (DCD):    1.469ns
    Source Clock Delay      (SCD):    1.316ns
    Clock Pessimism Removal (CPR):    -0.000ns
  Clock Uncertainty:      0.160ns  ((TSJ^2 + DJ^2)^1/2) / 2 + PE
    Total System Jitter     (TSJ):    0.071ns
    Discrete Jitter          (DJ):    0.312ns
    Phase Error              (PE):    0.000ns
  Clock Net Delay (Source):      1.165ns (routing 0.418ns, distribution 0.747ns)
  Clock Net Delay (Destination): 1.282ns (routing 0.454ns, distribution 0.828ns)
  Timing Exception:       False Path

    Location             Delay type                Incr(ns)  Path(ns)    Netlist Resource(s)
  -------------------------------------------------------------------    -------------------
                         (clock clk_pl_0 rise edge)
                                                      0.000     0.000 r  
    PS8_X0Y0             PS8                          0.000     0.000 r  design_1_i/zynq_ultra_ps_e_0/inst/PS8_i/PLCLK[0]
                         net (fo=1, routed)           0.129     0.129    design_1_i/zynq_ultra_ps_e_0/inst/pl_clk_unbuffered[0]
    BUFG_PS_X0Y80        BUFG_PS (Prop_BUFG_PS_I_O)
                                                      0.022     0.151 r  design_1_i/zynq_ultra_ps_e_0/inst/buffer_pl_clk_0.PL_CLK_0_BUFG/O
    X0Y2 (CLOCK_ROOT)    net (fo=11423, routed)       1.165     1.316    design_1_i/axi_fifo_mm_s_2/U0/COMP_IPIC2AXI_S/s_axi_aclk
    SLICE_X17Y111        FDRE                                         r  design_1_i/axi_fifo_mm_s_2/U0/COMP_IPIC2AXI_S/sig_tx_channel_reset_reg/C
  -------------------------------------------------------------------    -------------------
    SLICE_X17Y111        FDRE (Prop_HFF2_SLICEM_C_Q)
                                                      0.083     1.399 r  design_1_i/axi_fifo_mm_s_2/U0/COMP_IPIC2AXI_S/sig_tx_channel_reset_reg/Q
                         net (fo=5, routed)           0.075     1.473    design_1_i/axi_fifo_mm_s_2/U0/COMP_IPIC2AXI_S/gtxd.COMP_TXD_FIFO/gfifo_gen.COMP_AXIS_FG_FIFO/mm2s_prmry_reset_out_n_0
    SLICE_X18Y113        LUT3 (Prop_D5LUT_SLICEM_I0_O)
                                                      0.027     1.500 r  design_1_i/axi_fifo_mm_s_2/U0/COMP_IPIC2AXI_S/gtxd.COMP_TXD_FIFO/gfifo_gen.COMP_AXIS_FG_FIFO/mm2s_prmry_reset_out_n_INST_0/O
                         net (fo=1, routed)           0.010     1.510    design_1_i/axi_fifo_mm_s_2/U0/COMP_IPIC2AXI_S/gtxd.COMP_TXD_FIFO/gfifo_gen.COMP_AXIS_FG_FIFO/COMP_FIFO/gaxis_rst_sync.xpm_cdc_sync_rst_inst/src_rst
    SLICE_X18Y113        FDRE                                         r  design_1_i/axi_fifo_mm_s_2/U0/COMP_IPIC2AXI_S/gtxd.COMP_TXD_FIFO/gfifo_gen.COMP_AXIS_FG_FIFO/COMP_FIFO/gaxis_rst_sync.xpm_cdc_sync_rst_inst/syncstages_ff_reg[0]/D
  -------------------------------------------------------------------    -------------------

                         (clock clk_pl_0 rise edge)
                                                      0.000     0.000 r  
    PS8_X0Y0             PS8                          0.000     0.000 r  design_1_i/zynq_ultra_ps_e_0/inst/PS8_i/PLCLK[0]
                         net (fo=1, routed)           0.164     0.164    design_1_i/zynq_ultra_ps_e_0/inst/pl_clk_unbuffered[0]
    BUFG_PS_X0Y80        BUFG_PS (Prop_BUFG_PS_I_O)
                                                      0.023     0.187 r  design_1_i/zynq_ultra_ps_e_0/inst/buffer_pl_clk_0.PL_CLK_0_BUFG/O
    X0Y2 (CLOCK_ROOT)    net (fo=11423, routed)       1.282     1.469    design_1_i/axi_fifo_mm_s_2/U0/COMP_IPIC2AXI_S/gtxd.COMP_TXD_FIFO/gfifo_gen.COMP_AXIS_FG_FIFO/COMP_FIFO/gaxis_rst_sync.xpm_cdc_sync_rst_inst/dest_clk
    SLICE_X18Y113        FDRE                                         r  design_1_i/axi_fifo_mm_s_2/U0/COMP_IPIC2AXI_S/gtxd.COMP_TXD_FIFO/gfifo_gen.COMP_AXIS_FG_FIFO/COMP_FIFO/gaxis_rst_sync.xpm_cdc_sync_rst_inst/syncstages_ff_reg[0]/C

Slack:                    inf
  Source:                 design_1_i/axi_fifo_mm_s_0/U0/COMP_IPIC2AXI_S/sig_tx_channel_reset_reg/C
                            (rising edge-triggered cell FDRE clocked by clk_pl_0  {rise@0.000ns fall@5.000ns period=10.000ns})
  Destination:            design_1_i/axi_fifo_mm_s_0/U0/COMP_IPIC2AXI_S/gtxd.COMP_TXD_FIFO/gfifo_gen.COMP_AXIS_FG_FIFO/COMP_FIFO/gaxis_rst_sync.xpm_cdc_sync_rst_inst/syncstages_ff_reg[0]/D
                            (rising edge-triggered cell FDRE clocked by clk_pl_0  {rise@0.000ns fall@5.000ns period=10.000ns})
  Path Group:             (none)
  Path Type:              Hold (Min at Fast Process Corner)
  Data Path Delay:        0.332ns  (logic 0.127ns (38.282%)  route 0.205ns (61.718%))
  Logic Levels:           1  (LUT3=1)
  Clock Path Skew:        0.147ns (DCD - SCD - CPR)
    Destination Clock Delay (DCD):    1.450ns
    Source Clock Delay      (SCD):    1.304ns
    Clock Pessimism Removal (CPR):    -0.000ns
  Clock Uncertainty:      0.160ns  ((TSJ^2 + DJ^2)^1/2) / 2 + PE
    Total System Jitter     (TSJ):    0.071ns
    Discrete Jitter          (DJ):    0.312ns
    Phase Error              (PE):    0.000ns
  Clock Net Delay (Source):      1.153ns (routing 0.418ns, distribution 0.735ns)
  Clock Net Delay (Destination): 1.263ns (routing 0.454ns, distribution 0.809ns)
  Timing Exception:       False Path

    Location             Delay type                Incr(ns)  Path(ns)    Netlist Resource(s)
  -------------------------------------------------------------------    -------------------
                         (clock clk_pl_0 rise edge)
                                                      0.000     0.000 r  
    PS8_X0Y0             PS8                          0.000     0.000 r  design_1_i/zynq_ultra_ps_e_0/inst/PS8_i/PLCLK[0]
                         net (fo=1, routed)           0.129     0.129    design_1_i/zynq_ultra_ps_e_0/inst/pl_clk_unbuffered[0]
    BUFG_PS_X0Y80        BUFG_PS (Prop_BUFG_PS_I_O)
                                                      0.022     0.151 r  design_1_i/zynq_ultra_ps_e_0/inst/buffer_pl_clk_0.PL_CLK_0_BUFG/O
    X0Y2 (CLOCK_ROOT)    net (fo=11423, routed)       1.153     1.304    design_1_i/axi_fifo_mm_s_0/U0/COMP_IPIC2AXI_S/s_axi_aclk
    SLICE_X15Y91         FDRE                                         r  design_1_i/axi_fifo_mm_s_0/U0/COMP_IPIC2AXI_S/sig_tx_channel_reset_reg/C
  -------------------------------------------------------------------    -------------------
    SLICE_X15Y91         FDRE (Prop_HFF2_SLICEL_C_Q)
                                                      0.084     1.388 r  design_1_i/axi_fifo_mm_s_0/U0/COMP_IPIC2AXI_S/sig_tx_channel_reset_reg/Q
                         net (fo=5, routed)           0.083     1.470    design_1_i/axi_fifo_mm_s_0/U0/COMP_IPIC2AXI_S/gtxd.COMP_TXD_FIFO/gfifo_gen.COMP_AXIS_FG_FIFO/mm2s_prmry_reset_out_n_0
    SLICE_X16Y93         LUT3 (Prop_B5LUT_SLICEL_I0_O)
                                                      0.043     1.513 r  design_1_i/axi_fifo_mm_s_0/U0/COMP_IPIC2AXI_S/gtxd.COMP_TXD_FIFO/gfifo_gen.COMP_AXIS_FG_FIFO/mm2s_prmry_reset_out_n_INST_0/O
                         net (fo=1, routed)           0.122     1.635    design_1_i/axi_fifo_mm_s_0/U0/COMP_IPIC2AXI_S/gtxd.COMP_TXD_FIFO/gfifo_gen.COMP_AXIS_FG_FIFO/COMP_FIFO/gaxis_rst_sync.xpm_cdc_sync_rst_inst/src_rst
    SLICE_X19Y97         FDRE                                         r  design_1_i/axi_fifo_mm_s_0/U0/COMP_IPIC2AXI_S/gtxd.COMP_TXD_FIFO/gfifo_gen.COMP_AXIS_FG_FIFO/COMP_FIFO/gaxis_rst_sync.xpm_cdc_sync_rst_inst/syncstages_ff_reg[0]/D
  -------------------------------------------------------------------    -------------------

                         (clock clk_pl_0 rise edge)
                                                      0.000     0.000 r  
    PS8_X0Y0             PS8                          0.000     0.000 r  design_1_i/zynq_ultra_ps_e_0/inst/PS8_i/PLCLK[0]
                         net (fo=1, routed)           0.164     0.164    design_1_i/zynq_ultra_ps_e_0/inst/pl_clk_unbuffered[0]
    BUFG_PS_X0Y80        BUFG_PS (Prop_BUFG_PS_I_O)
                                                      0.023     0.187 r  design_1_i/zynq_ultra_ps_e_0/inst/buffer_pl_clk_0.PL_CLK_0_BUFG/O
    X0Y2 (CLOCK_ROOT)    net (fo=11423, routed)       1.263     1.450    design_1_i/axi_fifo_mm_s_0/U0/COMP_IPIC2AXI_S/gtxd.COMP_TXD_FIFO/gfifo_gen.COMP_AXIS_FG_FIFO/COMP_FIFO/gaxis_rst_sync.xpm_cdc_sync_rst_inst/dest_clk
    SLICE_X19Y97         FDRE                                         r  design_1_i/axi_fifo_mm_s_0/U0/COMP_IPIC2AXI_S/gtxd.COMP_TXD_FIFO/gfifo_gen.COMP_AXIS_FG_FIFO/COMP_FIFO/gaxis_rst_sync.xpm_cdc_sync_rst_inst/syncstages_ff_reg[0]/C

Slack:                    inf
  Source:                 design_1_i/axi_fifo_mm_s_1/U0/COMP_IPIC2AXI_S/sig_rx_channel_reset_reg/C
                            (rising edge-triggered cell FDRE clocked by clk_pl_0  {rise@0.000ns fall@5.000ns period=10.000ns})
  Destination:            design_1_i/axi_fifo_mm_s_1/U0/COMP_IPIC2AXI_S/grxd.COMP_RX_FIFO/gfifo_gen.COMP_AXIS_FG_FIFO/COMP_FIFO/gaxis_rst_sync.xpm_cdc_sync_rst_inst/syncstages_ff_reg[0]/D
                            (rising edge-triggered cell FDRE clocked by clk_pl_0  {rise@0.000ns fall@5.000ns period=10.000ns})
  Path Group:             (none)
  Path Type:              Hold (Min at Fast Process Corner)
  Data Path Delay:        0.353ns  (logic 0.119ns (33.745%)  route 0.234ns (66.256%))
  Logic Levels:           1  (LUT3=1)
  Clock Path Skew:        0.131ns (DCD - SCD - CPR)
    Destination Clock Delay (DCD):    1.453ns
    Source Clock Delay      (SCD):    1.323ns
    Clock Pessimism Removal (CPR):    -0.000ns
  Clock Uncertainty:      0.160ns  ((TSJ^2 + DJ^2)^1/2) / 2 + PE
    Total System Jitter     (TSJ):    0.071ns
    Discrete Jitter          (DJ):    0.312ns
    Phase Error              (PE):    0.000ns
  Clock Net Delay (Source):      1.172ns (routing 0.418ns, distribution 0.754ns)
  Clock Net Delay (Destination): 1.266ns (routing 0.454ns, distribution 0.812ns)
  Timing Exception:       False Path

    Location             Delay type                Incr(ns)  Path(ns)    Netlist Resource(s)
  -------------------------------------------------------------------    -------------------
                         (clock clk_pl_0 rise edge)
                                                      0.000     0.000 r  
    PS8_X0Y0             PS8                          0.000     0.000 r  design_1_i/zynq_ultra_ps_e_0/inst/PS8_i/PLCLK[0]
                         net (fo=1, routed)           0.129     0.129    design_1_i/zynq_ultra_ps_e_0/inst/pl_clk_unbuffered[0]
    BUFG_PS_X0Y80        BUFG_PS (Prop_BUFG_PS_I_O)
                                                      0.022     0.151 r  design_1_i/zynq_ultra_ps_e_0/inst/buffer_pl_clk_0.PL_CLK_0_BUFG/O
    X0Y2 (CLOCK_ROOT)    net (fo=11423, routed)       1.172     1.323    design_1_i/axi_fifo_mm_s_1/U0/COMP_IPIC2AXI_S/s_axi_aclk
    SLICE_X13Y118        FDRE                                         r  design_1_i/axi_fifo_mm_s_1/U0/COMP_IPIC2AXI_S/sig_rx_channel_reset_reg/C
  -------------------------------------------------------------------    -------------------
    SLICE_X13Y118        FDRE (Prop_BFF_SLICEM_C_Q)
                                                      0.082     1.405 r  design_1_i/axi_fifo_mm_s_1/U0/COMP_IPIC2AXI_S/sig_rx_channel_reset_reg/Q
                         net (fo=8, routed)           0.095     1.499    design_1_i/axi_fifo_mm_s_1/U0/COMP_IPIC2AXI_S/grxd.COMP_RX_FIFO/gfifo_gen.COMP_AXIS_FG_FIFO/sync_areset_n_reg_0
    SLICE_X15Y120        LUT3 (Prop_D5LUT_SLICEL_I0_O)
                                                      0.037     1.536 r  design_1_i/axi_fifo_mm_s_1/U0/COMP_IPIC2AXI_S/grxd.COMP_RX_FIFO/gfifo_gen.COMP_AXIS_FG_FIFO/s2mm_prmry_reset_out_n_INST_0/O
                         net (fo=1, routed)           0.139     1.675    design_1_i/axi_fifo_mm_s_1/U0/COMP_IPIC2AXI_S/grxd.COMP_RX_FIFO/gfifo_gen.COMP_AXIS_FG_FIFO/COMP_FIFO/gaxis_rst_sync.xpm_cdc_sync_rst_inst/src_rst
    SLICE_X18Y120        FDRE                                         r  design_1_i/axi_fifo_mm_s_1/U0/COMP_IPIC2AXI_S/grxd.COMP_RX_FIFO/gfifo_gen.COMP_AXIS_FG_FIFO/COMP_FIFO/gaxis_rst_sync.xpm_cdc_sync_rst_inst/syncstages_ff_reg[0]/D
  -------------------------------------------------------------------    -------------------

                         (clock clk_pl_0 rise edge)
                                                      0.000     0.000 r  
    PS8_X0Y0             PS8                          0.000     0.000 r  design_1_i/zynq_ultra_ps_e_0/inst/PS8_i/PLCLK[0]
                         net (fo=1, routed)           0.164     0.164    design_1_i/zynq_ultra_ps_e_0/inst/pl_clk_unbuffered[0]
    BUFG_PS_X0Y80        BUFG_PS (Prop_BUFG_PS_I_O)
                                                      0.023     0.187 r  design_1_i/zynq_ultra_ps_e_0/inst/buffer_pl_clk_0.PL_CLK_0_BUFG/O
    X0Y2 (CLOCK_ROOT)    net (fo=11423, routed)       1.266     1.453    design_1_i/axi_fifo_mm_s_1/U0/COMP_IPIC2AXI_S/grxd.COMP_RX_FIFO/gfifo_gen.COMP_AXIS_FG_FIFO/COMP_FIFO/gaxis_rst_sync.xpm_cdc_sync_rst_inst/dest_clk
    SLICE_X18Y120        FDRE                                         r  design_1_i/axi_fifo_mm_s_1/U0/COMP_IPIC2AXI_S/grxd.COMP_RX_FIFO/gfifo_gen.COMP_AXIS_FG_FIFO/COMP_FIFO/gaxis_rst_sync.xpm_cdc_sync_rst_inst/syncstages_ff_reg[0]/C

Slack:                    inf
  Source:                 design_1_i/axi_fifo_mm_s_1/U0/COMP_IPIC2AXI_S/sig_str_rst_reg/C
                            (rising edge-triggered cell FDSE clocked by clk_pl_0  {rise@0.000ns fall@5.000ns period=10.000ns})
  Destination:            design_1_i/axi_fifo_mm_s_1/U0/COMP_IPIC2AXI_S/gtxd.COMP_TXD_FIFO/gfifo_gen.COMP_AXIS_FG_FIFO/COMP_FIFO/gaxis_rst_sync.xpm_cdc_sync_rst_inst/syncstages_ff_reg[0]/D
                            (rising edge-triggered cell FDRE clocked by clk_pl_0  {rise@0.000ns fall@5.000ns period=10.000ns})
  Path Group:             (none)
  Path Type:              Hold (Min at Fast Process Corner)
  Data Path Delay:        0.494ns  (logic 0.107ns (21.680%)  route 0.387ns (78.320%))
  Logic Levels:           1  (LUT3=1)
  Clock Path Skew:        0.184ns (DCD - SCD - CPR)
    Destination Clock Delay (DCD):    1.509ns
    Source Clock Delay      (SCD):    1.325ns
    Clock Pessimism Removal (CPR):    -0.000ns
  Clock Uncertainty:      0.160ns  ((TSJ^2 + DJ^2)^1/2) / 2 + PE
    Total System Jitter     (TSJ):    0.071ns
    Discrete Jitter          (DJ):    0.312ns
    Phase Error              (PE):    0.000ns
  Clock Net Delay (Source):      1.174ns (routing 0.418ns, distribution 0.756ns)
  Clock Net Delay (Destination): 1.322ns (routing 0.454ns, distribution 0.868ns)
  Timing Exception:       False Path

    Location             Delay type                Incr(ns)  Path(ns)    Netlist Resource(s)
  -------------------------------------------------------------------    -------------------
                         (clock clk_pl_0 rise edge)
                                                      0.000     0.000 r  
    PS8_X0Y0             PS8                          0.000     0.000 r  design_1_i/zynq_ultra_ps_e_0/inst/PS8_i/PLCLK[0]
                         net (fo=1, routed)           0.129     0.129    design_1_i/zynq_ultra_ps_e_0/inst/pl_clk_unbuffered[0]
    BUFG_PS_X0Y80        BUFG_PS (Prop_BUFG_PS_I_O)
                                                      0.022     0.151 r  design_1_i/zynq_ultra_ps_e_0/inst/buffer_pl_clk_0.PL_CLK_0_BUFG/O
    X0Y2 (CLOCK_ROOT)    net (fo=11423, routed)       1.174     1.325    design_1_i/axi_fifo_mm_s_1/U0/COMP_IPIC2AXI_S/s_axi_aclk
    SLICE_X15Y118        FDSE                                         r  design_1_i/axi_fifo_mm_s_1/U0/COMP_IPIC2AXI_S/sig_str_rst_reg/C
  -------------------------------------------------------------------    -------------------
    SLICE_X15Y118        FDSE (Prop_GFF_SLICEL_C_Q)
                                                      0.084     1.409 r  design_1_i/axi_fifo_mm_s_1/U0/COMP_IPIC2AXI_S/sig_str_rst_reg/Q
                         net (fo=7, routed)           0.068     1.476    design_1_i/axi_fifo_mm_s_1/U0/COMP_IPIC2AXI_S/gtxd.COMP_TXD_FIFO/gfifo_gen.COMP_AXIS_FG_FIFO/sync_areset_n_reg_1
    SLICE_X15Y120        LUT3 (Prop_C5LUT_SLICEL_I1_O)
                                                      0.023     1.499 r  design_1_i/axi_fifo_mm_s_1/U0/COMP_IPIC2AXI_S/gtxd.COMP_TXD_FIFO/gfifo_gen.COMP_AXIS_FG_FIFO/mm2s_prmry_reset_out_n_INST_0/O
                         net (fo=1, routed)           0.319     1.818    design_1_i/axi_fifo_mm_s_1/U0/COMP_IPIC2AXI_S/gtxd.COMP_TXD_FIFO/gfifo_gen.COMP_AXIS_FG_FIFO/COMP_FIFO/gaxis_rst_sync.xpm_cdc_sync_rst_inst/src_rst
    SLICE_X23Y123        FDRE                                         r  design_1_i/axi_fifo_mm_s_1/U0/COMP_IPIC2AXI_S/gtxd.COMP_TXD_FIFO/gfifo_gen.COMP_AXIS_FG_FIFO/COMP_FIFO/gaxis_rst_sync.xpm_cdc_sync_rst_inst/syncstages_ff_reg[0]/D
  -------------------------------------------------------------------    -------------------

                         (clock clk_pl_0 rise edge)
                                                      0.000     0.000 r  
    PS8_X0Y0             PS8                          0.000     0.000 r  design_1_i/zynq_ultra_ps_e_0/inst/PS8_i/PLCLK[0]
                         net (fo=1, routed)           0.164     0.164    design_1_i/zynq_ultra_ps_e_0/inst/pl_clk_unbuffered[0]
    BUFG_PS_X0Y80        BUFG_PS (Prop_BUFG_PS_I_O)
                                                      0.023     0.187 r  design_1_i/zynq_ultra_ps_e_0/inst/buffer_pl_clk_0.PL_CLK_0_BUFG/O
    X0Y2 (CLOCK_ROOT)    net (fo=11423, routed)       1.322     1.509    design_1_i/axi_fifo_mm_s_1/U0/COMP_IPIC2AXI_S/gtxd.COMP_TXD_FIFO/gfifo_gen.COMP_AXIS_FG_FIFO/COMP_FIFO/gaxis_rst_sync.xpm_cdc_sync_rst_inst/dest_clk
    SLICE_X23Y123        FDRE                                         r  design_1_i/axi_fifo_mm_s_1/U0/COMP_IPIC2AXI_S/gtxd.COMP_TXD_FIFO/gfifo_gen.COMP_AXIS_FG_FIFO/COMP_FIFO/gaxis_rst_sync.xpm_cdc_sync_rst_inst/syncstages_ff_reg[0]/C

Slack:                    inf
  Source:                 design_1_i/axi_fifo_mm_s_2/U0/COMP_IPIC2AXI_S/sig_str_rst_reg/C
                            (rising edge-triggered cell FDSE clocked by clk_pl_0  {rise@0.000ns fall@5.000ns period=10.000ns})
  Destination:            design_1_i/axi_fifo_mm_s_2/U0/COMP_IPIC2AXI_S/grxd.COMP_RX_FIFO/gfifo_gen.COMP_AXIS_FG_FIFO/COMP_FIFO/gaxis_rst_sync.xpm_cdc_sync_rst_inst/syncstages_ff_reg[0]/D
                            (rising edge-triggered cell FDRE clocked by clk_pl_0  {rise@0.000ns fall@5.000ns period=10.000ns})
  Path Group:             (none)
  Path Type:              Hold (Min at Fast Process Corner)
  Data Path Delay:        0.586ns  (logic 0.138ns (23.557%)  route 0.448ns (76.443%))
  Logic Levels:           1  (LUT3=1)
  Clock Path Skew:        0.208ns (DCD - SCD - CPR)
    Destination Clock Delay (DCD):    1.525ns
    Source Clock Delay      (SCD):    1.318ns
    Clock Pessimism Removal (CPR):    -0.000ns
  Clock Uncertainty:      0.160ns  ((TSJ^2 + DJ^2)^1/2) / 2 + PE
    Total System Jitter     (TSJ):    0.071ns
    Discrete Jitter          (DJ):    0.312ns
    Phase Error              (PE):    0.000ns
  Clock Net Delay (Source):      1.167ns (routing 0.418ns, distribution 0.749ns)
  Clock Net Delay (Destination): 1.338ns (routing 0.454ns, distribution 0.884ns)
  Timing Exception:       False Path

    Location             Delay type                Incr(ns)  Path(ns)    Netlist Resource(s)
  -------------------------------------------------------------------    -------------------
                         (clock clk_pl_0 rise edge)
                                                      0.000     0.000 r  
    PS8_X0Y0             PS8                          0.000     0.000 r  design_1_i/zynq_ultra_ps_e_0/inst/PS8_i/PLCLK[0]
                         net (fo=1, routed)           0.129     0.129    design_1_i/zynq_ultra_ps_e_0/inst/pl_clk_unbuffered[0]
    BUFG_PS_X0Y80        BUFG_PS (Prop_BUFG_PS_I_O)
                                                      0.022     0.151 r  design_1_i/zynq_ultra_ps_e_0/inst/buffer_pl_clk_0.PL_CLK_0_BUFG/O
    X0Y2 (CLOCK_ROOT)    net (fo=11423, routed)       1.167     1.318    design_1_i/axi_fifo_mm_s_2/U0/COMP_IPIC2AXI_S/s_axi_aclk
    SLICE_X18Y110        FDSE                                         r  design_1_i/axi_fifo_mm_s_2/U0/COMP_IPIC2AXI_S/sig_str_rst_reg/C
  -------------------------------------------------------------------    -------------------
    SLICE_X18Y110        FDSE (Prop_HFF_SLICEM_C_Q)
                                                      0.083     1.401 r  design_1_i/axi_fifo_mm_s_2/U0/COMP_IPIC2AXI_S/sig_str_rst_reg/Q
                         net (fo=7, routed)           0.059     1.459    design_1_i/axi_fifo_mm_s_2/U0/COMP_IPIC2AXI_S/grxd.COMP_RX_FIFO/gfifo_gen.COMP_AXIS_FG_FIFO/s2mm_prmry_reset_out_n_0
    SLICE_X18Y109        LUT3 (Prop_G5LUT_SLICEM_I1_O)
                                                      0.055     1.514 r  design_1_i/axi_fifo_mm_s_2/U0/COMP_IPIC2AXI_S/grxd.COMP_RX_FIFO/gfifo_gen.COMP_AXIS_FG_FIFO/s2mm_prmry_reset_out_n_INST_0/O
                         net (fo=1, routed)           0.389     1.903    design_1_i/axi_fifo_mm_s_2/U0/COMP_IPIC2AXI_S/grxd.COMP_RX_FIFO/gfifo_gen.COMP_AXIS_FG_FIFO/COMP_FIFO/gaxis_rst_sync.xpm_cdc_sync_rst_inst/src_rst
    SLICE_X24Y107        FDRE                                         r  design_1_i/axi_fifo_mm_s_2/U0/COMP_IPIC2AXI_S/grxd.COMP_RX_FIFO/gfifo_gen.COMP_AXIS_FG_FIFO/COMP_FIFO/gaxis_rst_sync.xpm_cdc_sync_rst_inst/syncstages_ff_reg[0]/D
  -------------------------------------------------------------------    -------------------

                         (clock clk_pl_0 rise edge)
                                                      0.000     0.000 r  
    PS8_X0Y0             PS8                          0.000     0.000 r  design_1_i/zynq_ultra_ps_e_0/inst/PS8_i/PLCLK[0]
                         net (fo=1, routed)           0.164     0.164    design_1_i/zynq_ultra_ps_e_0/inst/pl_clk_unbuffered[0]
    BUFG_PS_X0Y80        BUFG_PS (Prop_BUFG_PS_I_O)
                                                      0.023     0.187 r  design_1_i/zynq_ultra_ps_e_0/inst/buffer_pl_clk_0.PL_CLK_0_BUFG/O
    X0Y2 (CLOCK_ROOT)    net (fo=11423, routed)       1.338     1.525    design_1_i/axi_fifo_mm_s_2/U0/COMP_IPIC2AXI_S/grxd.COMP_RX_FIFO/gfifo_gen.COMP_AXIS_FG_FIFO/COMP_FIFO/gaxis_rst_sync.xpm_cdc_sync_rst_inst/dest_clk
    SLICE_X24Y107        FDRE                                         r  design_1_i/axi_fifo_mm_s_2/U0/COMP_IPIC2AXI_S/grxd.COMP_RX_FIFO/gfifo_gen.COMP_AXIS_FG_FIFO/COMP_FIFO/gaxis_rst_sync.xpm_cdc_sync_rst_inst/syncstages_ff_reg[0]/C

Slack:                    inf
  Source:                 design_1_i/axi_fifo_mm_s_0/U0/COMP_IPIC2AXI_S/sig_rx_channel_reset_reg/C
                            (rising edge-triggered cell FDRE clocked by clk_pl_0  {rise@0.000ns fall@5.000ns period=10.000ns})
  Destination:            design_1_i/axi_fifo_mm_s_0/U0/COMP_IPIC2AXI_S/grxd.COMP_RX_FIFO/gfifo_gen.COMP_AXIS_FG_FIFO/COMP_FIFO/gaxis_rst_sync.xpm_cdc_sync_rst_inst/syncstages_ff_reg[0]/D
                            (rising edge-triggered cell FDRE clocked by clk_pl_0  {rise@0.000ns fall@5.000ns period=10.000ns})
  Path Group:             (none)
  Path Type:              Hold (Min at Fast Process Corner)
  Data Path Delay:        0.640ns  (logic 0.121ns (18.898%)  route 0.519ns (81.102%))
  Logic Levels:           1  (LUT3=1)
  Clock Path Skew:        0.207ns (DCD - SCD - CPR)
    Destination Clock Delay (DCD):    1.511ns
    Source Clock Delay      (SCD):    1.304ns
    Clock Pessimism Removal (CPR):    -0.000ns
  Clock Uncertainty:      0.160ns  ((TSJ^2 + DJ^2)^1/2) / 2 + PE
    Total System Jitter     (TSJ):    0.071ns
    Discrete Jitter          (DJ):    0.312ns
    Phase Error              (PE):    0.000ns
  Clock Net Delay (Source):      1.153ns (routing 0.418ns, distribution 0.735ns)
  Clock Net Delay (Destination): 1.324ns (routing 0.454ns, distribution 0.870ns)
  Timing Exception:       False Path

    Location             Delay type                Incr(ns)  Path(ns)    Netlist Resource(s)
  -------------------------------------------------------------------    -------------------
                         (clock clk_pl_0 rise edge)
                                                      0.000     0.000 r  
    PS8_X0Y0             PS8                          0.000     0.000 r  design_1_i/zynq_ultra_ps_e_0/inst/PS8_i/PLCLK[0]
                         net (fo=1, routed)           0.129     0.129    design_1_i/zynq_ultra_ps_e_0/inst/pl_clk_unbuffered[0]
    BUFG_PS_X0Y80        BUFG_PS (Prop_BUFG_PS_I_O)
                                                      0.022     0.151 r  design_1_i/zynq_ultra_ps_e_0/inst/buffer_pl_clk_0.PL_CLK_0_BUFG/O
    X0Y2 (CLOCK_ROOT)    net (fo=11423, routed)       1.153     1.304    design_1_i/axi_fifo_mm_s_0/U0/COMP_IPIC2AXI_S/s_axi_aclk
    SLICE_X15Y91         FDRE                                         r  design_1_i/axi_fifo_mm_s_0/U0/COMP_IPIC2AXI_S/sig_rx_channel_reset_reg/C
  -------------------------------------------------------------------    -------------------
    SLICE_X15Y91         FDRE (Prop_HFF_SLICEL_C_Q)
                                                      0.084     1.388 r  design_1_i/axi_fifo_mm_s_0/U0/COMP_IPIC2AXI_S/sig_rx_channel_reset_reg/Q
                         net (fo=8, routed)           0.111     1.499    design_1_i/axi_fifo_mm_s_0/U0/COMP_IPIC2AXI_S/grxd.COMP_RX_FIFO/gfifo_gen.COMP_AXIS_FG_FIFO/sync_areset_n_reg_0
    SLICE_X21Y91         LUT3 (Prop_H5LUT_SLICEM_I0_O)
                                                      0.037     1.536 r  design_1_i/axi_fifo_mm_s_0/U0/COMP_IPIC2AXI_S/grxd.COMP_RX_FIFO/gfifo_gen.COMP_AXIS_FG_FIFO/s2mm_prmry_reset_out_n_INST_0/O
                         net (fo=1, routed)           0.408     1.944    design_1_i/axi_fifo_mm_s_0/U0/COMP_IPIC2AXI_S/grxd.COMP_RX_FIFO/gfifo_gen.COMP_AXIS_FG_FIFO/COMP_FIFO/gaxis_rst_sync.xpm_cdc_sync_rst_inst/src_rst
    SLICE_X23Y99         FDRE                                         r  design_1_i/axi_fifo_mm_s_0/U0/COMP_IPIC2AXI_S/grxd.COMP_RX_FIFO/gfifo_gen.COMP_AXIS_FG_FIFO/COMP_FIFO/gaxis_rst_sync.xpm_cdc_sync_rst_inst/syncstages_ff_reg[0]/D
  -------------------------------------------------------------------    -------------------

                         (clock clk_pl_0 rise edge)
                                                      0.000     0.000 r  
    PS8_X0Y0             PS8                          0.000     0.000 r  design_1_i/zynq_ultra_ps_e_0/inst/PS8_i/PLCLK[0]
                         net (fo=1, routed)           0.164     0.164    design_1_i/zynq_ultra_ps_e_0/inst/pl_clk_unbuffered[0]
    BUFG_PS_X0Y80        BUFG_PS (Prop_BUFG_PS_I_O)
                                                      0.023     0.187 r  design_1_i/zynq_ultra_ps_e_0/inst/buffer_pl_clk_0.PL_CLK_0_BUFG/O
    X0Y2 (CLOCK_ROOT)    net (fo=11423, routed)       1.324     1.511    design_1_i/axi_fifo_mm_s_0/U0/COMP_IPIC2AXI_S/grxd.COMP_RX_FIFO/gfifo_gen.COMP_AXIS_FG_FIFO/COMP_FIFO/gaxis_rst_sync.xpm_cdc_sync_rst_inst/dest_clk
    SLICE_X23Y99         FDRE                                         r  design_1_i/axi_fifo_mm_s_0/U0/COMP_IPIC2AXI_S/grxd.COMP_RX_FIFO/gfifo_gen.COMP_AXIS_FG_FIFO/COMP_FIFO/gaxis_rst_sync.xpm_cdc_sync_rst_inst/syncstages_ff_reg[0]/C





