Copyright 1986-2022 Xilinx, Inc. All Rights Reserved. Copyright 2022-2023 Advanced Micro Devices, Inc. All Rights Reserved.
--------------------------------------------------------------------------------------------------------------------------------------------------------------------------------------------------------------------------------------------------
| Tool Version      : Vivado v.2023.2 (win64) Build 4029153 Fri Oct 13 20:14:34 MDT 2023
| Date              : Wed Apr  9 15:51:47 2025
| Host              : linus_zenbook running 64-bit major release  (build 9200)
| Command           : report_timing_summary -max_paths 10 -report_unconstrained -file design_1_wrapper_timing_summary_routed.rpt -pb design_1_wrapper_timing_summary_routed.pb -rpx design_1_wrapper_timing_summary_routed.rpx -warn_on_violation
| Design            : design_1_wrapper
| Device            : xck26-sfvc784
| Speed File        : -2LV  PRODUCTION 1.30 05-15-2022
| Design State      : Routed
| Temperature Grade : C
--------------------------------------------------------------------------------------------------------------------------------------------------------------------------------------------------------------------------------------------------

Timing Summary Report

------------------------------------------------------------------------------------------------
| Timer Settings
| --------------
------------------------------------------------------------------------------------------------

  Enable Multi Corner Analysis               :  Yes
  Enable Pessimism Removal                   :  Yes
  Pessimism Removal Resolution               :  Nearest Common Node
  Enable Input Delay Default Clock           :  No
  Enable Preset / Clear Arcs                 :  No
  Disable Flight Delays                      :  No
  Ignore I/O Paths                           :  No
  Timing Early Launch at Borrowing Latches   :  No
  Borrow Time for Max Delay Exceptions       :  Yes
  Merge Timing Exceptions                    :  Yes
  Inter-SLR Compensation                     :  Conservative

  Corner  Analyze    Analyze    
  Name    Max Paths  Min Paths  
  ------  ---------  ---------  
  Slow    Yes        Yes        
  Fast    Yes        Yes        


------------------------------------------------------------------------------------------------
| Report Methodology
| ------------------
------------------------------------------------------------------------------------------------

No report available as report_methodology has not been run prior. Run report_methodology on the current design for the summary of methodology violations.



check_timing report

Table of Contents
-----------------
1. checking no_clock (0)
2. checking constant_clock (0)
3. checking pulse_width_clock (0)
4. checking unconstrained_internal_endpoints (0)
5. checking no_input_delay (0)
6. checking no_output_delay (0)
7. checking multiple_clock (0)
8. checking generated_clocks (0)
9. checking loops (0)
10. checking partial_input_delay (0)
11. checking partial_output_delay (0)
12. checking latch_loops (0)

1. checking no_clock (0)
------------------------
 There are 0 register/latch pins with no clock.


2. checking constant_clock (0)
------------------------------
 There are 0 register/latch pins with constant_clock.


3. checking pulse_width_clock (0)
---------------------------------
 There are 0 register/latch pins which need pulse_width check


4. checking unconstrained_internal_endpoints (0)
------------------------------------------------
 There are 0 pins that are not constrained for maximum delay.

 There are 0 pins that are not constrained for maximum delay due to constant clock.


5. checking no_input_delay (0)
------------------------------
 There are 0 input ports with no input delay specified.

 There are 0 input ports with no input delay but user has a false path constraint.


6. checking no_output_delay (0)
-------------------------------
 There are 0 ports with no output delay specified.

 There are 0 ports with no output delay but user has a false path constraint

 There are 0 ports with no output delay but with a timing clock defined on it or propagating through it


7. checking multiple_clock (0)
------------------------------
 There are 0 register/latch pins with multiple clocks.


8. checking generated_clocks (0)
--------------------------------
 There are 0 generated clocks that are not connected to a clock source.


9. checking loops (0)
---------------------
 There are 0 combinational loops in the design.


10. checking partial_input_delay (0)
------------------------------------
 There are 0 input ports with partial input delay specified.


11. checking partial_output_delay (0)
-------------------------------------
 There are 0 ports with partial output delay specified.


12. checking latch_loops (0)
----------------------------
 There are 0 combinational latch loops in the design through latch input



------------------------------------------------------------------------------------------------
| Design Timing Summary
| ---------------------
------------------------------------------------------------------------------------------------

    WNS(ns)      TNS(ns)  TNS Failing Endpoints  TNS Total Endpoints      WHS(ns)      THS(ns)  THS Failing Endpoints  THS Total Endpoints     WPWS(ns)     TPWS(ns)  TPWS Failing Endpoints  TPWS Total Endpoints  
    -------      -------  ---------------------  -------------------      -------      -------  ---------------------  -------------------     --------     --------  ----------------------  --------------------  
      3.691        0.000                      0                19180        0.010        0.000                      0                19180        3.500        0.000                       0                  7012  


All user specified timing constraints are met.


------------------------------------------------------------------------------------------------
| Clock Summary
| -------------
------------------------------------------------------------------------------------------------

Clock     Waveform(ns)       Period(ns)      Frequency(MHz)
-----     ------------       ----------      --------------
clk_pl_0  {0.000 5.000}      10.000          100.000         


------------------------------------------------------------------------------------------------
| Intra Clock Table
| -----------------
------------------------------------------------------------------------------------------------

Clock             WNS(ns)      TNS(ns)  TNS Failing Endpoints  TNS Total Endpoints      WHS(ns)      THS(ns)  THS Failing Endpoints  THS Total Endpoints     WPWS(ns)     TPWS(ns)  TPWS Failing Endpoints  TPWS Total Endpoints  
-----             -------      -------  ---------------------  -------------------      -------      -------  ---------------------  -------------------     --------     --------  ----------------------  --------------------  
clk_pl_0            3.691        0.000                      0                19180        0.010        0.000                      0                19180        3.500        0.000                       0                  7012  


------------------------------------------------------------------------------------------------
| Inter Clock Table
| -----------------
------------------------------------------------------------------------------------------------

From Clock    To Clock          WNS(ns)      TNS(ns)  TNS Failing Endpoints  TNS Total Endpoints      WHS(ns)      THS(ns)  THS Failing Endpoints  THS Total Endpoints  
----------    --------          -------      -------  ---------------------  -------------------      -------      -------  ---------------------  -------------------  


------------------------------------------------------------------------------------------------
| Other Path Groups Table
| -----------------------
------------------------------------------------------------------------------------------------

Path Group    From Clock    To Clock          WNS(ns)      TNS(ns)  TNS Failing Endpoints  TNS Total Endpoints      WHS(ns)      THS(ns)  THS Failing Endpoints  THS Total Endpoints  
----------    ----------    --------          -------      -------  ---------------------  -------------------      -------      -------  ---------------------  -------------------  


------------------------------------------------------------------------------------------------
| User Ignored Path Table
| -----------------------
------------------------------------------------------------------------------------------------

Path Group    From Clock    To Clock    
----------    ----------    --------    
(none)                      clk_pl_0      
(none)        clk_pl_0      clk_pl_0      


------------------------------------------------------------------------------------------------
| Unconstrained Path Table
| ------------------------
------------------------------------------------------------------------------------------------

Path Group    From Clock    To Clock    
----------    ----------    --------    


------------------------------------------------------------------------------------------------
| Timing Details
| --------------
------------------------------------------------------------------------------------------------


---------------------------------------------------------------------------------------------------
From Clock:  clk_pl_0
  To Clock:  clk_pl_0

Setup :            0  Failing Endpoints,  Worst Slack        3.691ns,  Total Violation        0.000ns
Hold  :            0  Failing Endpoints,  Worst Slack        0.010ns,  Total Violation        0.000ns
PW    :            0  Failing Endpoints,  Worst Slack        3.500ns,  Total Violation        0.000ns
---------------------------------------------------------------------------------------------------


Max Delay Paths
--------------------------------------------------------------------------------------
Slack (MET) :             3.691ns  (required time - arrival time)
  Source:                 design_1_i/myip_MLP_NN_HDL_0/inst/A_RAM/RAM_reg_bram_0/CLKARDCLK
                            (rising edge-triggered cell RAMB18E2 clocked by clk_pl_0  {rise@0.000ns fall@5.000ns period=10.000ns})
  Destination:            design_1_i/myip_MLP_NN_HDL_0/inst/matrix_multiply_A_B/sum_reg[15]/D
                            (rising edge-triggered cell FDRE clocked by clk_pl_0  {rise@0.000ns fall@5.000ns period=10.000ns})
  Path Group:             clk_pl_0
  Path Type:              Setup (Max at Slow Process Corner)
  Requirement:            10.000ns  (clk_pl_0 rise@10.000ns - clk_pl_0 rise@0.000ns)
  Data Path Delay:        5.821ns  (logic 2.761ns (47.431%)  route 3.060ns (52.569%))
  Logic Levels:           9  (CARRY8=4 LUT2=2 LUT4=2 LUT6=1)
  Clock Path Skew:        -0.372ns (DCD - SCD + CPR)
    Destination Clock Delay (DCD):    2.148ns = ( 12.148 - 10.000 ) 
    Source Clock Delay      (SCD):    2.696ns
    Clock Pessimism Removal (CPR):    0.176ns
  Clock Uncertainty:      0.160ns  ((TSJ^2 + DJ^2)^1/2) / 2 + PE
    Total System Jitter     (TSJ):    0.071ns
    Discrete Jitter          (DJ):    0.312ns
    Phase Error              (PE):    0.000ns
  Clock Net Delay (Source):      2.429ns (routing 1.045ns, distribution 1.384ns)
  Clock Net Delay (Destination): 1.932ns (routing 0.955ns, distribution 0.977ns)

    Location             Delay type                Incr(ns)  Path(ns)    Netlist Resource(s)
  -------------------------------------------------------------------    -------------------
                         (clock clk_pl_0 rise edge)
                                                      0.000     0.000 r  
    PS8_X0Y0             PS8                          0.000     0.000 r  design_1_i/zynq_ultra_ps_e_0/inst/PS8_i/PLCLK[0]
                         net (fo=1, routed)           0.229     0.229    design_1_i/zynq_ultra_ps_e_0/inst/pl_clk_unbuffered[0]
    BUFG_PS_X0Y80        BUFG_PS (Prop_BUFG_PS_I_O)
                                                      0.038     0.267 r  design_1_i/zynq_ultra_ps_e_0/inst/buffer_pl_clk_0.PL_CLK_0_BUFG/O
    X0Y1 (CLOCK_ROOT)    net (fo=7084, routed)        2.429     2.696    design_1_i/myip_MLP_NN_HDL_0/inst/A_RAM/ACLK
    RAMB18_X0Y30         RAMB18E2                                     r  design_1_i/myip_MLP_NN_HDL_0/inst/A_RAM/RAM_reg_bram_0/CLKARDCLK
  -------------------------------------------------------------------    -------------------
    RAMB18_X0Y30         RAMB18E2 (Prop_RAMB18E2_L_RAMB180_CLKARDCLK_DOUTADOUT[1])
                                                      1.340     4.036 r  design_1_i/myip_MLP_NN_HDL_0/inst/A_RAM/RAM_reg_bram_0/DOUTADOUT[1]
                         net (fo=38, routed)          1.560     5.596    design_1_i/myip_MLP_NN_HDL_0/inst/A_RAM/DOUTADOUT[1]
    SLICE_X20Y84         LUT2 (Prop_D5LUT_SLICEM_I0_O)
                                                      0.220     5.816 r  design_1_i/myip_MLP_NN_HDL_0/inst/A_RAM/sum1__30_carry_i_20__0/O
                         net (fo=1, routed)           0.153     5.969    design_1_i/myip_MLP_NN_HDL_0/inst/A_RAM/sum1__30_carry_i_20__0_n_0
    SLICE_X20Y85         LUT6 (Prop_D6LUT_SLICEM_I5_O)
                                                      0.151     6.120 r  design_1_i/myip_MLP_NN_HDL_0/inst/A_RAM/sum1__30_carry_i_12__0/O
                         net (fo=1, routed)           0.032     6.152    design_1_i/myip_MLP_NN_HDL_0/inst/matrix_multiply_A_B/sum1__60_carry_i_13__0_1[3]
    SLICE_X20Y85         CARRY8 (Prop_CARRY8_SLICEM_S[3]_O[6])
                                                      0.245     6.397 r  design_1_i/myip_MLP_NN_HDL_0/inst/matrix_multiply_A_B/sum1__30_carry/O[6]
                         net (fo=3, routed)           0.352     6.749    design_1_i/myip_MLP_NN_HDL_0/inst/A_RAM/sum1__60_carry__0_i_9__0_0[2]
    SLICE_X22Y83         LUT4 (Prop_H6LUT_SLICEL_I3_O)
                                                      0.227     6.976 r  design_1_i/myip_MLP_NN_HDL_0/inst/A_RAM/sum1__60_carry_i_15__0/O
                         net (fo=2, routed)           0.262     7.238    design_1_i/myip_MLP_NN_HDL_0/inst/A_RAM/sum1__60_carry_i_15__0_n_0
    SLICE_X21Y80         LUT4 (Prop_C6LUT_SLICEM_I3_O)
                                                      0.080     7.318 r  design_1_i/myip_MLP_NN_HDL_0/inst/A_RAM/sum1__60_carry_i_1__0/O
                         net (fo=1, routed)           0.352     7.670    design_1_i/myip_MLP_NN_HDL_0/inst/matrix_multiply_A_B/sum0_carry_i_5__0_0[2]
    SLICE_X21Y81         CARRY8 (Prop_CARRY8_SLICEM_DI[7]_CO[7])
                                                      0.080     7.750 r  design_1_i/myip_MLP_NN_HDL_0/inst/matrix_multiply_A_B/sum1__60_carry/CO[7]
                         net (fo=1, routed)           0.030     7.780    design_1_i/myip_MLP_NN_HDL_0/inst/matrix_multiply_A_B/sum1__60_carry_n_0
    SLICE_X21Y82         CARRY8 (Prop_CARRY8_SLICEM_CI_O[0])
                                                      0.078     7.858 r  design_1_i/myip_MLP_NN_HDL_0/inst/matrix_multiply_A_B/sum1__60_carry__0/O[0]
                         net (fo=1, routed)           0.272     8.130    design_1_i/myip_MLP_NN_HDL_0/inst/matrix_multiply_A_B/sum1[11]
    SLICE_X22Y81         LUT2 (Prop_D6LUT_SLICEL_I1_O)
                                                      0.081     8.211 r  design_1_i/myip_MLP_NN_HDL_0/inst/matrix_multiply_A_B/sum0_carry__0_i_5__0/O
                         net (fo=1, routed)           0.013     8.224    design_1_i/myip_MLP_NN_HDL_0/inst/matrix_multiply_A_B/sum0_carry__0_i_5__0_n_0
    SLICE_X22Y81         CARRY8 (Prop_CARRY8_SLICEL_S[3]_O[7])
                                                      0.259     8.483 r  design_1_i/myip_MLP_NN_HDL_0/inst/matrix_multiply_A_B/sum0_carry__0/O[7]
                         net (fo=1, routed)           0.034     8.517    design_1_i/myip_MLP_NN_HDL_0/inst/matrix_multiply_A_B/sum0[15]
    SLICE_X22Y81         FDRE                                         r  design_1_i/myip_MLP_NN_HDL_0/inst/matrix_multiply_A_B/sum_reg[15]/D
  -------------------------------------------------------------------    -------------------

                         (clock clk_pl_0 rise edge)
                                                     10.000    10.000 r  
    PS8_X0Y0             PS8                          0.000    10.000 r  design_1_i/zynq_ultra_ps_e_0/inst/PS8_i/PLCLK[0]
                         net (fo=1, routed)           0.181    10.181    design_1_i/zynq_ultra_ps_e_0/inst/pl_clk_unbuffered[0]
    BUFG_PS_X0Y80        BUFG_PS (Prop_BUFG_PS_I_O)
                                                      0.035    10.216 r  design_1_i/zynq_ultra_ps_e_0/inst/buffer_pl_clk_0.PL_CLK_0_BUFG/O
    X0Y1 (CLOCK_ROOT)    net (fo=7084, routed)        1.932    12.148    design_1_i/myip_MLP_NN_HDL_0/inst/matrix_multiply_A_B/ACLK
    SLICE_X22Y81         FDRE                                         r  design_1_i/myip_MLP_NN_HDL_0/inst/matrix_multiply_A_B/sum_reg[15]/C
                         clock pessimism              0.176    12.324    
                         clock uncertainty           -0.160    12.164    
    SLICE_X22Y81         FDRE (Setup_HFF_SLICEL_C_D)
                                                      0.044    12.208    design_1_i/myip_MLP_NN_HDL_0/inst/matrix_multiply_A_B/sum_reg[15]
  -------------------------------------------------------------------
                         required time                         12.208    
                         arrival time                          -8.517    
  -------------------------------------------------------------------
                         slack                                  3.691    

Slack (MET) :             3.693ns  (required time - arrival time)
  Source:                 design_1_i/myip_MLP_NN_HDL_0/inst/A_RAM/RAM_reg_bram_0/CLKARDCLK
                            (rising edge-triggered cell RAMB18E2 clocked by clk_pl_0  {rise@0.000ns fall@5.000ns period=10.000ns})
  Destination:            design_1_i/myip_MLP_NN_HDL_0/inst/matrix_multiply_A_B/sum_reg[13]/D
                            (rising edge-triggered cell FDRE clocked by clk_pl_0  {rise@0.000ns fall@5.000ns period=10.000ns})
  Path Group:             clk_pl_0
  Path Type:              Setup (Max at Slow Process Corner)
  Requirement:            10.000ns  (clk_pl_0 rise@10.000ns - clk_pl_0 rise@0.000ns)
  Data Path Delay:        5.819ns  (logic 2.760ns (47.431%)  route 3.059ns (52.569%))
  Logic Levels:           9  (CARRY8=4 LUT2=2 LUT4=2 LUT6=1)
  Clock Path Skew:        -0.372ns (DCD - SCD + CPR)
    Destination Clock Delay (DCD):    2.148ns = ( 12.148 - 10.000 ) 
    Source Clock Delay      (SCD):    2.696ns
    Clock Pessimism Removal (CPR):    0.176ns
  Clock Uncertainty:      0.160ns  ((TSJ^2 + DJ^2)^1/2) / 2 + PE
    Total System Jitter     (TSJ):    0.071ns
    Discrete Jitter          (DJ):    0.312ns
    Phase Error              (PE):    0.000ns
  Clock Net Delay (Source):      2.429ns (routing 1.045ns, distribution 1.384ns)
  Clock Net Delay (Destination): 1.932ns (routing 0.955ns, distribution 0.977ns)

    Location             Delay type                Incr(ns)  Path(ns)    Netlist Resource(s)
  -------------------------------------------------------------------    -------------------
                         (clock clk_pl_0 rise edge)
                                                      0.000     0.000 r  
    PS8_X0Y0             PS8                          0.000     0.000 r  design_1_i/zynq_ultra_ps_e_0/inst/PS8_i/PLCLK[0]
                         net (fo=1, routed)           0.229     0.229    design_1_i/zynq_ultra_ps_e_0/inst/pl_clk_unbuffered[0]
    BUFG_PS_X0Y80        BUFG_PS (Prop_BUFG_PS_I_O)
                                                      0.038     0.267 r  design_1_i/zynq_ultra_ps_e_0/inst/buffer_pl_clk_0.PL_CLK_0_BUFG/O
    X0Y1 (CLOCK_ROOT)    net (fo=7084, routed)        2.429     2.696    design_1_i/myip_MLP_NN_HDL_0/inst/A_RAM/ACLK
    RAMB18_X0Y30         RAMB18E2                                     r  design_1_i/myip_MLP_NN_HDL_0/inst/A_RAM/RAM_reg_bram_0/CLKARDCLK
  -------------------------------------------------------------------    -------------------
    RAMB18_X0Y30         RAMB18E2 (Prop_RAMB18E2_L_RAMB180_CLKARDCLK_DOUTADOUT[1])
                                                      1.340     4.036 r  design_1_i/myip_MLP_NN_HDL_0/inst/A_RAM/RAM_reg_bram_0/DOUTADOUT[1]
                         net (fo=38, routed)          1.560     5.596    design_1_i/myip_MLP_NN_HDL_0/inst/A_RAM/DOUTADOUT[1]
    SLICE_X20Y84         LUT2 (Prop_D5LUT_SLICEM_I0_O)
                                                      0.220     5.816 r  design_1_i/myip_MLP_NN_HDL_0/inst/A_RAM/sum1__30_carry_i_20__0/O
                         net (fo=1, routed)           0.153     5.969    design_1_i/myip_MLP_NN_HDL_0/inst/A_RAM/sum1__30_carry_i_20__0_n_0
    SLICE_X20Y85         LUT6 (Prop_D6LUT_SLICEM_I5_O)
                                                      0.151     6.120 r  design_1_i/myip_MLP_NN_HDL_0/inst/A_RAM/sum1__30_carry_i_12__0/O
                         net (fo=1, routed)           0.032     6.152    design_1_i/myip_MLP_NN_HDL_0/inst/matrix_multiply_A_B/sum1__60_carry_i_13__0_1[3]
    SLICE_X20Y85         CARRY8 (Prop_CARRY8_SLICEM_S[3]_O[6])
                                                      0.245     6.397 r  design_1_i/myip_MLP_NN_HDL_0/inst/matrix_multiply_A_B/sum1__30_carry/O[6]
                         net (fo=3, routed)           0.352     6.749    design_1_i/myip_MLP_NN_HDL_0/inst/A_RAM/sum1__60_carry__0_i_9__0_0[2]
    SLICE_X22Y83         LUT4 (Prop_H6LUT_SLICEL_I3_O)
                                                      0.227     6.976 r  design_1_i/myip_MLP_NN_HDL_0/inst/A_RAM/sum1__60_carry_i_15__0/O
                         net (fo=2, routed)           0.262     7.238    design_1_i/myip_MLP_NN_HDL_0/inst/A_RAM/sum1__60_carry_i_15__0_n_0
    SLICE_X21Y80         LUT4 (Prop_C6LUT_SLICEM_I3_O)
                                                      0.080     7.318 r  design_1_i/myip_MLP_NN_HDL_0/inst/A_RAM/sum1__60_carry_i_1__0/O
                         net (fo=1, routed)           0.352     7.670    design_1_i/myip_MLP_NN_HDL_0/inst/matrix_multiply_A_B/sum0_carry_i_5__0_0[2]
    SLICE_X21Y81         CARRY8 (Prop_CARRY8_SLICEM_DI[7]_CO[7])
                                                      0.080     7.750 r  design_1_i/myip_MLP_NN_HDL_0/inst/matrix_multiply_A_B/sum1__60_carry/CO[7]
                         net (fo=1, routed)           0.030     7.780    design_1_i/myip_MLP_NN_HDL_0/inst/matrix_multiply_A_B/sum1__60_carry_n_0
    SLICE_X21Y82         CARRY8 (Prop_CARRY8_SLICEM_CI_O[0])
                                                      0.078     7.858 r  design_1_i/myip_MLP_NN_HDL_0/inst/matrix_multiply_A_B/sum1__60_carry__0/O[0]
                         net (fo=1, routed)           0.272     8.130    design_1_i/myip_MLP_NN_HDL_0/inst/matrix_multiply_A_B/sum1[11]
    SLICE_X22Y81         LUT2 (Prop_D6LUT_SLICEL_I1_O)
                                                      0.081     8.211 r  design_1_i/myip_MLP_NN_HDL_0/inst/matrix_multiply_A_B/sum0_carry__0_i_5__0/O
                         net (fo=1, routed)           0.013     8.224    design_1_i/myip_MLP_NN_HDL_0/inst/matrix_multiply_A_B/sum0_carry__0_i_5__0_n_0
    SLICE_X22Y81         CARRY8 (Prop_CARRY8_SLICEL_S[3]_O[5])
                                                      0.258     8.482 r  design_1_i/myip_MLP_NN_HDL_0/inst/matrix_multiply_A_B/sum0_carry__0/O[5]
                         net (fo=1, routed)           0.033     8.515    design_1_i/myip_MLP_NN_HDL_0/inst/matrix_multiply_A_B/sum0[13]
    SLICE_X22Y81         FDRE                                         r  design_1_i/myip_MLP_NN_HDL_0/inst/matrix_multiply_A_B/sum_reg[13]/D
  -------------------------------------------------------------------    -------------------

                         (clock clk_pl_0 rise edge)
                                                     10.000    10.000 r  
    PS8_X0Y0             PS8                          0.000    10.000 r  design_1_i/zynq_ultra_ps_e_0/inst/PS8_i/PLCLK[0]
                         net (fo=1, routed)           0.181    10.181    design_1_i/zynq_ultra_ps_e_0/inst/pl_clk_unbuffered[0]
    BUFG_PS_X0Y80        BUFG_PS (Prop_BUFG_PS_I_O)
                                                      0.035    10.216 r  design_1_i/zynq_ultra_ps_e_0/inst/buffer_pl_clk_0.PL_CLK_0_BUFG/O
    X0Y1 (CLOCK_ROOT)    net (fo=7084, routed)        1.932    12.148    design_1_i/myip_MLP_NN_HDL_0/inst/matrix_multiply_A_B/ACLK
    SLICE_X22Y81         FDRE                                         r  design_1_i/myip_MLP_NN_HDL_0/inst/matrix_multiply_A_B/sum_reg[13]/C
                         clock pessimism              0.176    12.324    
                         clock uncertainty           -0.160    12.164    
    SLICE_X22Y81         FDRE (Setup_FFF_SLICEL_C_D)
                                                      0.044    12.208    design_1_i/myip_MLP_NN_HDL_0/inst/matrix_multiply_A_B/sum_reg[13]
  -------------------------------------------------------------------
                         required time                         12.208    
                         arrival time                          -8.515    
  -------------------------------------------------------------------
                         slack                                  3.693    

Slack (MET) :             3.702ns  (required time - arrival time)
  Source:                 design_1_i/myip_MLP_NN_HDL_0/inst/A_RAM/RAM_reg_bram_0/CLKARDCLK
                            (rising edge-triggered cell RAMB18E2 clocked by clk_pl_0  {rise@0.000ns fall@5.000ns period=10.000ns})
  Destination:            design_1_i/myip_MLP_NN_HDL_0/inst/matrix_multiply_A_C/sum_reg[15]/D
                            (rising edge-triggered cell FDRE clocked by clk_pl_0  {rise@0.000ns fall@5.000ns period=10.000ns})
  Path Group:             clk_pl_0
  Path Type:              Setup (Max at Slow Process Corner)
  Requirement:            10.000ns  (clk_pl_0 rise@10.000ns - clk_pl_0 rise@0.000ns)
  Data Path Delay:        5.815ns  (logic 2.729ns (46.932%)  route 3.086ns (53.068%))
  Logic Levels:           9  (CARRY8=4 LUT2=1 LUT4=1 LUT6=3)
  Clock Path Skew:        -0.367ns (DCD - SCD + CPR)
    Destination Clock Delay (DCD):    2.153ns = ( 12.153 - 10.000 ) 
    Source Clock Delay      (SCD):    2.696ns
    Clock Pessimism Removal (CPR):    0.176ns
  Clock Uncertainty:      0.160ns  ((TSJ^2 + DJ^2)^1/2) / 2 + PE
    Total System Jitter     (TSJ):    0.071ns
    Discrete Jitter          (DJ):    0.312ns
    Phase Error              (PE):    0.000ns
  Clock Net Delay (Source):      2.429ns (routing 1.045ns, distribution 1.384ns)
  Clock Net Delay (Destination): 1.937ns (routing 0.955ns, distribution 0.982ns)

    Location             Delay type                Incr(ns)  Path(ns)    Netlist Resource(s)
  -------------------------------------------------------------------    -------------------
                         (clock clk_pl_0 rise edge)
                                                      0.000     0.000 r  
    PS8_X0Y0             PS8                          0.000     0.000 r  design_1_i/zynq_ultra_ps_e_0/inst/PS8_i/PLCLK[0]
                         net (fo=1, routed)           0.229     0.229    design_1_i/zynq_ultra_ps_e_0/inst/pl_clk_unbuffered[0]
    BUFG_PS_X0Y80        BUFG_PS (Prop_BUFG_PS_I_O)
                                                      0.038     0.267 r  design_1_i/zynq_ultra_ps_e_0/inst/buffer_pl_clk_0.PL_CLK_0_BUFG/O
    X0Y1 (CLOCK_ROOT)    net (fo=7084, routed)        2.429     2.696    design_1_i/myip_MLP_NN_HDL_0/inst/A_RAM/ACLK
    RAMB18_X0Y30         RAMB18E2                                     r  design_1_i/myip_MLP_NN_HDL_0/inst/A_RAM/RAM_reg_bram_0/CLKARDCLK
  -------------------------------------------------------------------    -------------------
    RAMB18_X0Y30         RAMB18E2 (Prop_RAMB18E2_L_RAMB180_CLKARDCLK_DOUTADOUT[5])
                                                      1.283     3.979 r  design_1_i/myip_MLP_NN_HDL_0/inst/A_RAM/RAM_reg_bram_0/DOUTADOUT[5]
                         net (fo=40, routed)          2.167     6.146    design_1_i/myip_MLP_NN_HDL_0/inst/C_RAM/DOUTADOUT[5]
    SLICE_X18Y77         LUT6 (Prop_H6LUT_SLICEM_I2_O)
                                                      0.228     6.374 r  design_1_i/myip_MLP_NN_HDL_0/inst/C_RAM/sum1__0_carry_i_8/O
                         net (fo=1, routed)           0.021     6.395    design_1_i/myip_MLP_NN_HDL_0/inst/matrix_multiply_A_C/S[7]
    SLICE_X18Y77         CARRY8 (Prop_CARRY8_SLICEM_S[7]_CO[7])
                                                      0.175     6.570 r  design_1_i/myip_MLP_NN_HDL_0/inst/matrix_multiply_A_C/sum1__0_carry/CO[7]
                         net (fo=1, routed)           0.030     6.600    design_1_i/myip_MLP_NN_HDL_0/inst/matrix_multiply_A_C/sum1__0_carry_n_0
    SLICE_X18Y78         CARRY8 (Prop_CARRY8_SLICEM_CI_CO[2])
                                                      0.079     6.679 r  design_1_i/myip_MLP_NN_HDL_0/inst/matrix_multiply_A_C/sum1__0_carry__0/CO[2]
                         net (fo=3, routed)           0.211     6.890    design_1_i/myip_MLP_NN_HDL_0/inst/A_RAM/CO[0]
    SLICE_X18Y79         LUT4 (Prop_H6LUT_SLICEM_I1_O)
                                                      0.154     7.044 f  design_1_i/myip_MLP_NN_HDL_0/inst/A_RAM/sum1__60_carry__0_i_12/O
                         net (fo=2, routed)           0.213     7.257    design_1_i/myip_MLP_NN_HDL_0/inst/A_RAM/sum1__60_carry__0_i_12_n_0
    SLICE_X19Y80         LUT6 (Prop_H6LUT_SLICEL_I0_O)
                                                      0.083     7.340 r  design_1_i/myip_MLP_NN_HDL_0/inst/A_RAM/sum1__60_carry__0_i_3/O
                         net (fo=2, routed)           0.201     7.541    design_1_i/myip_MLP_NN_HDL_0/inst/A_RAM/read_data_out_reg[6]_1[1]
    SLICE_X19Y78         LUT6 (Prop_B6LUT_SLICEL_I0_O)
                                                      0.138     7.679 r  design_1_i/myip_MLP_NN_HDL_0/inst/A_RAM/sum1__60_carry__0_i_8/O
                         net (fo=1, routed)           0.013     7.692    design_1_i/myip_MLP_NN_HDL_0/inst/matrix_multiply_A_C/sum0_carry__0_i_5_1[1]
    SLICE_X19Y78         CARRY8 (Prop_CARRY8_SLICEL_S[1]_O[4])
                                                      0.279     7.971 r  design_1_i/myip_MLP_NN_HDL_0/inst/matrix_multiply_A_C/sum1__60_carry__0/O[4]
                         net (fo=1, routed)           0.175     8.146    design_1_i/myip_MLP_NN_HDL_0/inst/A_RAM/sum_reg[15]_1[0]
    SLICE_X20Y79         LUT2 (Prop_H6LUT_SLICEM_I0_O)
                                                      0.228     8.374 r  design_1_i/myip_MLP_NN_HDL_0/inst/A_RAM/sum0_carry__0_i_1/O
                         net (fo=1, routed)           0.021     8.395    design_1_i/myip_MLP_NN_HDL_0/inst/matrix_multiply_A_C/sum_reg[15]_1[0]
    SLICE_X20Y79         CARRY8 (Prop_CARRY8_SLICEM_S[7]_O[7])
                                                      0.082     8.477 r  design_1_i/myip_MLP_NN_HDL_0/inst/matrix_multiply_A_C/sum0_carry__0/O[7]
                         net (fo=1, routed)           0.034     8.511    design_1_i/myip_MLP_NN_HDL_0/inst/matrix_multiply_A_C/sum0_carry__0_n_8
    SLICE_X20Y79         FDRE                                         r  design_1_i/myip_MLP_NN_HDL_0/inst/matrix_multiply_A_C/sum_reg[15]/D
  -------------------------------------------------------------------    -------------------

                         (clock clk_pl_0 rise edge)
                                                     10.000    10.000 r  
    PS8_X0Y0             PS8                          0.000    10.000 r  design_1_i/zynq_ultra_ps_e_0/inst/PS8_i/PLCLK[0]
                         net (fo=1, routed)           0.181    10.181    design_1_i/zynq_ultra_ps_e_0/inst/pl_clk_unbuffered[0]
    BUFG_PS_X0Y80        BUFG_PS (Prop_BUFG_PS_I_O)
                                                      0.035    10.216 r  design_1_i/zynq_ultra_ps_e_0/inst/buffer_pl_clk_0.PL_CLK_0_BUFG/O
    X0Y1 (CLOCK_ROOT)    net (fo=7084, routed)        1.937    12.153    design_1_i/myip_MLP_NN_HDL_0/inst/matrix_multiply_A_C/ACLK
    SLICE_X20Y79         FDRE                                         r  design_1_i/myip_MLP_NN_HDL_0/inst/matrix_multiply_A_C/sum_reg[15]/C
                         clock pessimism              0.176    12.329    
                         clock uncertainty           -0.160    12.169    
    SLICE_X20Y79         FDRE (Setup_HFF_SLICEM_C_D)
                                                      0.044    12.213    design_1_i/myip_MLP_NN_HDL_0/inst/matrix_multiply_A_C/sum_reg[15]
  -------------------------------------------------------------------
                         required time                         12.213    
                         arrival time                          -8.511    
  -------------------------------------------------------------------
                         slack                                  3.702    

Slack (MET) :             3.712ns  (required time - arrival time)
  Source:                 design_1_i/myip_MLP_NN_HDL_0/inst/A_RAM/RAM_reg_bram_0/CLKARDCLK
                            (rising edge-triggered cell RAMB18E2 clocked by clk_pl_0  {rise@0.000ns fall@5.000ns period=10.000ns})
  Destination:            design_1_i/myip_MLP_NN_HDL_0/inst/matrix_multiply_A_B/sum_reg[14]/D
                            (rising edge-triggered cell FDRE clocked by clk_pl_0  {rise@0.000ns fall@5.000ns period=10.000ns})
  Path Group:             clk_pl_0
  Path Type:              Setup (Max at Slow Process Corner)
  Requirement:            10.000ns  (clk_pl_0 rise@10.000ns - clk_pl_0 rise@0.000ns)
  Data Path Delay:        5.800ns  (logic 2.740ns (47.241%)  route 3.060ns (52.759%))
  Logic Levels:           9  (CARRY8=4 LUT2=2 LUT4=2 LUT6=1)
  Clock Path Skew:        -0.372ns (DCD - SCD + CPR)
    Destination Clock Delay (DCD):    2.148ns = ( 12.148 - 10.000 ) 
    Source Clock Delay      (SCD):    2.696ns
    Clock Pessimism Removal (CPR):    0.176ns
  Clock Uncertainty:      0.160ns  ((TSJ^2 + DJ^2)^1/2) / 2 + PE
    Total System Jitter     (TSJ):    0.071ns
    Discrete Jitter          (DJ):    0.312ns
    Phase Error              (PE):    0.000ns
  Clock Net Delay (Source):      2.429ns (routing 1.045ns, distribution 1.384ns)
  Clock Net Delay (Destination): 1.932ns (routing 0.955ns, distribution 0.977ns)

    Location             Delay type                Incr(ns)  Path(ns)    Netlist Resource(s)
  -------------------------------------------------------------------    -------------------
                         (clock clk_pl_0 rise edge)
                                                      0.000     0.000 r  
    PS8_X0Y0             PS8                          0.000     0.000 r  design_1_i/zynq_ultra_ps_e_0/inst/PS8_i/PLCLK[0]
                         net (fo=1, routed)           0.229     0.229    design_1_i/zynq_ultra_ps_e_0/inst/pl_clk_unbuffered[0]
    BUFG_PS_X0Y80        BUFG_PS (Prop_BUFG_PS_I_O)
                                                      0.038     0.267 r  design_1_i/zynq_ultra_ps_e_0/inst/buffer_pl_clk_0.PL_CLK_0_BUFG/O
    X0Y1 (CLOCK_ROOT)    net (fo=7084, routed)        2.429     2.696    design_1_i/myip_MLP_NN_HDL_0/inst/A_RAM/ACLK
    RAMB18_X0Y30         RAMB18E2                                     r  design_1_i/myip_MLP_NN_HDL_0/inst/A_RAM/RAM_reg_bram_0/CLKARDCLK
  -------------------------------------------------------------------    -------------------
    RAMB18_X0Y30         RAMB18E2 (Prop_RAMB18E2_L_RAMB180_CLKARDCLK_DOUTADOUT[1])
                                                      1.340     4.036 r  design_1_i/myip_MLP_NN_HDL_0/inst/A_RAM/RAM_reg_bram_0/DOUTADOUT[1]
                         net (fo=38, routed)          1.560     5.596    design_1_i/myip_MLP_NN_HDL_0/inst/A_RAM/DOUTADOUT[1]
    SLICE_X20Y84         LUT2 (Prop_D5LUT_SLICEM_I0_O)
                                                      0.220     5.816 r  design_1_i/myip_MLP_NN_HDL_0/inst/A_RAM/sum1__30_carry_i_20__0/O
                         net (fo=1, routed)           0.153     5.969    design_1_i/myip_MLP_NN_HDL_0/inst/A_RAM/sum1__30_carry_i_20__0_n_0
    SLICE_X20Y85         LUT6 (Prop_D6LUT_SLICEM_I5_O)
                                                      0.151     6.120 r  design_1_i/myip_MLP_NN_HDL_0/inst/A_RAM/sum1__30_carry_i_12__0/O
                         net (fo=1, routed)           0.032     6.152    design_1_i/myip_MLP_NN_HDL_0/inst/matrix_multiply_A_B/sum1__60_carry_i_13__0_1[3]
    SLICE_X20Y85         CARRY8 (Prop_CARRY8_SLICEM_S[3]_O[6])
                                                      0.245     6.397 r  design_1_i/myip_MLP_NN_HDL_0/inst/matrix_multiply_A_B/sum1__30_carry/O[6]
                         net (fo=3, routed)           0.352     6.749    design_1_i/myip_MLP_NN_HDL_0/inst/A_RAM/sum1__60_carry__0_i_9__0_0[2]
    SLICE_X22Y83         LUT4 (Prop_H6LUT_SLICEL_I3_O)
                                                      0.227     6.976 r  design_1_i/myip_MLP_NN_HDL_0/inst/A_RAM/sum1__60_carry_i_15__0/O
                         net (fo=2, routed)           0.262     7.238    design_1_i/myip_MLP_NN_HDL_0/inst/A_RAM/sum1__60_carry_i_15__0_n_0
    SLICE_X21Y80         LUT4 (Prop_C6LUT_SLICEM_I3_O)
                                                      0.080     7.318 r  design_1_i/myip_MLP_NN_HDL_0/inst/A_RAM/sum1__60_carry_i_1__0/O
                         net (fo=1, routed)           0.352     7.670    design_1_i/myip_MLP_NN_HDL_0/inst/matrix_multiply_A_B/sum0_carry_i_5__0_0[2]
    SLICE_X21Y81         CARRY8 (Prop_CARRY8_SLICEM_DI[7]_CO[7])
                                                      0.080     7.750 r  design_1_i/myip_MLP_NN_HDL_0/inst/matrix_multiply_A_B/sum1__60_carry/CO[7]
                         net (fo=1, routed)           0.030     7.780    design_1_i/myip_MLP_NN_HDL_0/inst/matrix_multiply_A_B/sum1__60_carry_n_0
    SLICE_X21Y82         CARRY8 (Prop_CARRY8_SLICEM_CI_O[0])
                                                      0.078     7.858 r  design_1_i/myip_MLP_NN_HDL_0/inst/matrix_multiply_A_B/sum1__60_carry__0/O[0]
                         net (fo=1, routed)           0.272     8.130    design_1_i/myip_MLP_NN_HDL_0/inst/matrix_multiply_A_B/sum1[11]
    SLICE_X22Y81         LUT2 (Prop_D6LUT_SLICEL_I1_O)
                                                      0.081     8.211 r  design_1_i/myip_MLP_NN_HDL_0/inst/matrix_multiply_A_B/sum0_carry__0_i_5__0/O
                         net (fo=1, routed)           0.013     8.224    design_1_i/myip_MLP_NN_HDL_0/inst/matrix_multiply_A_B/sum0_carry__0_i_5__0_n_0
    SLICE_X22Y81         CARRY8 (Prop_CARRY8_SLICEL_S[3]_O[6])
                                                      0.238     8.462 r  design_1_i/myip_MLP_NN_HDL_0/inst/matrix_multiply_A_B/sum0_carry__0/O[6]
                         net (fo=1, routed)           0.034     8.496    design_1_i/myip_MLP_NN_HDL_0/inst/matrix_multiply_A_B/sum0[14]
    SLICE_X22Y81         FDRE                                         r  design_1_i/myip_MLP_NN_HDL_0/inst/matrix_multiply_A_B/sum_reg[14]/D
  -------------------------------------------------------------------    -------------------

                         (clock clk_pl_0 rise edge)
                                                     10.000    10.000 r  
    PS8_X0Y0             PS8                          0.000    10.000 r  design_1_i/zynq_ultra_ps_e_0/inst/PS8_i/PLCLK[0]
                         net (fo=1, routed)           0.181    10.181    design_1_i/zynq_ultra_ps_e_0/inst/pl_clk_unbuffered[0]
    BUFG_PS_X0Y80        BUFG_PS (Prop_BUFG_PS_I_O)
                                                      0.035    10.216 r  design_1_i/zynq_ultra_ps_e_0/inst/buffer_pl_clk_0.PL_CLK_0_BUFG/O
    X0Y1 (CLOCK_ROOT)    net (fo=7084, routed)        1.932    12.148    design_1_i/myip_MLP_NN_HDL_0/inst/matrix_multiply_A_B/ACLK
    SLICE_X22Y81         FDRE                                         r  design_1_i/myip_MLP_NN_HDL_0/inst/matrix_multiply_A_B/sum_reg[14]/C
                         clock pessimism              0.176    12.324    
                         clock uncertainty           -0.160    12.164    
    SLICE_X22Y81         FDRE (Setup_GFF_SLICEL_C_D)
                                                      0.044    12.208    design_1_i/myip_MLP_NN_HDL_0/inst/matrix_multiply_A_B/sum_reg[14]
  -------------------------------------------------------------------
                         required time                         12.208    
                         arrival time                          -8.496    
  -------------------------------------------------------------------
                         slack                                  3.712    

Slack (MET) :             3.736ns  (required time - arrival time)
  Source:                 design_1_i/myip_MLP_NN_HDL_0/inst/A_RAM/RAM_reg_bram_0/CLKARDCLK
                            (rising edge-triggered cell RAMB18E2 clocked by clk_pl_0  {rise@0.000ns fall@5.000ns period=10.000ns})
  Destination:            design_1_i/myip_MLP_NN_HDL_0/inst/matrix_multiply_A_C/sum_reg[13]/D
                            (rising edge-triggered cell FDRE clocked by clk_pl_0  {rise@0.000ns fall@5.000ns period=10.000ns})
  Path Group:             clk_pl_0
  Path Type:              Setup (Max at Slow Process Corner)
  Requirement:            10.000ns  (clk_pl_0 rise@10.000ns - clk_pl_0 rise@0.000ns)
  Data Path Delay:        5.780ns  (logic 2.752ns (47.613%)  route 3.028ns (52.387%))
  Logic Levels:           9  (CARRY8=5 LUT2=1 LUT4=2 LUT6=1)
  Clock Path Skew:        -0.367ns (DCD - SCD + CPR)
    Destination Clock Delay (DCD):    2.153ns = ( 12.153 - 10.000 ) 
    Source Clock Delay      (SCD):    2.696ns
    Clock Pessimism Removal (CPR):    0.176ns
  Clock Uncertainty:      0.160ns  ((TSJ^2 + DJ^2)^1/2) / 2 + PE
    Total System Jitter     (TSJ):    0.071ns
    Discrete Jitter          (DJ):    0.312ns
    Phase Error              (PE):    0.000ns
  Clock Net Delay (Source):      2.429ns (routing 1.045ns, distribution 1.384ns)
  Clock Net Delay (Destination): 1.937ns (routing 0.955ns, distribution 0.982ns)

    Location             Delay type                Incr(ns)  Path(ns)    Netlist Resource(s)
  -------------------------------------------------------------------    -------------------
                         (clock clk_pl_0 rise edge)
                                                      0.000     0.000 r  
    PS8_X0Y0             PS8                          0.000     0.000 r  design_1_i/zynq_ultra_ps_e_0/inst/PS8_i/PLCLK[0]
                         net (fo=1, routed)           0.229     0.229    design_1_i/zynq_ultra_ps_e_0/inst/pl_clk_unbuffered[0]
    BUFG_PS_X0Y80        BUFG_PS (Prop_BUFG_PS_I_O)
                                                      0.038     0.267 r  design_1_i/zynq_ultra_ps_e_0/inst/buffer_pl_clk_0.PL_CLK_0_BUFG/O
    X0Y1 (CLOCK_ROOT)    net (fo=7084, routed)        2.429     2.696    design_1_i/myip_MLP_NN_HDL_0/inst/A_RAM/ACLK
    RAMB18_X0Y30         RAMB18E2                                     r  design_1_i/myip_MLP_NN_HDL_0/inst/A_RAM/RAM_reg_bram_0/CLKARDCLK
  -------------------------------------------------------------------    -------------------
    RAMB18_X0Y30         RAMB18E2 (Prop_RAMB18E2_L_RAMB180_CLKARDCLK_DOUTADOUT[5])
                                                      1.283     3.979 r  design_1_i/myip_MLP_NN_HDL_0/inst/A_RAM/RAM_reg_bram_0/DOUTADOUT[5]
                         net (fo=40, routed)          2.167     6.146    design_1_i/myip_MLP_NN_HDL_0/inst/C_RAM/DOUTADOUT[5]
    SLICE_X18Y77         LUT6 (Prop_H6LUT_SLICEM_I2_O)
                                                      0.228     6.374 r  design_1_i/myip_MLP_NN_HDL_0/inst/C_RAM/sum1__0_carry_i_8/O
                         net (fo=1, routed)           0.021     6.395    design_1_i/myip_MLP_NN_HDL_0/inst/matrix_multiply_A_C/S[7]
    SLICE_X18Y77         CARRY8 (Prop_CARRY8_SLICEM_S[7]_CO[7])
                                                      0.175     6.570 r  design_1_i/myip_MLP_NN_HDL_0/inst/matrix_multiply_A_C/sum1__0_carry/CO[7]
                         net (fo=1, routed)           0.030     6.600    design_1_i/myip_MLP_NN_HDL_0/inst/matrix_multiply_A_C/sum1__0_carry_n_0
    SLICE_X18Y78         CARRY8 (Prop_CARRY8_SLICEM_CI_O[1])
                                                      0.106     6.706 r  design_1_i/myip_MLP_NN_HDL_0/inst/matrix_multiply_A_C/sum1__0_carry__0/O[1]
                         net (fo=3, routed)           0.169     6.875    design_1_i/myip_MLP_NN_HDL_0/inst/A_RAM/sum1__60_carry_i_6_0[1]
    SLICE_X18Y79         LUT4 (Prop_D6LUT_SLICEM_I2_O)
                                                      0.220     7.095 r  design_1_i/myip_MLP_NN_HDL_0/inst/A_RAM/sum1__60_carry_i_15/O
                         net (fo=2, routed)           0.218     7.313    design_1_i/myip_MLP_NN_HDL_0/inst/A_RAM/sum1__60_carry_i_15_n_0
    SLICE_X20Y77         LUT4 (Prop_H6LUT_SLICEM_I3_O)
                                                      0.138     7.451 r  design_1_i/myip_MLP_NN_HDL_0/inst/A_RAM/sum1__60_carry_i_1/O
                         net (fo=1, routed)           0.123     7.574    design_1_i/myip_MLP_NN_HDL_0/inst/matrix_multiply_A_C/sum0_carry_i_5_0[2]
    SLICE_X19Y77         CARRY8 (Prop_CARRY8_SLICEL_DI[7]_CO[7])
                                                      0.077     7.651 r  design_1_i/myip_MLP_NN_HDL_0/inst/matrix_multiply_A_C/sum1__60_carry/CO[7]
                         net (fo=1, routed)           0.030     7.681    design_1_i/myip_MLP_NN_HDL_0/inst/matrix_multiply_A_C/sum1__60_carry_n_0
    SLICE_X19Y78         CARRY8 (Prop_CARRY8_SLICEL_CI_O[0])
                                                      0.078     7.759 r  design_1_i/myip_MLP_NN_HDL_0/inst/matrix_multiply_A_C/sum1__60_carry__0/O[0]
                         net (fo=1, routed)           0.205     7.964    design_1_i/myip_MLP_NN_HDL_0/inst/matrix_multiply_A_C/sum1__60_carry__0_n_15
    SLICE_X20Y79         LUT2 (Prop_D6LUT_SLICEM_I1_O)
                                                      0.185     8.149 r  design_1_i/myip_MLP_NN_HDL_0/inst/matrix_multiply_A_C/sum0_carry__0_i_5/O
                         net (fo=1, routed)           0.032     8.181    design_1_i/myip_MLP_NN_HDL_0/inst/matrix_multiply_A_C/sum0_carry__0_i_5_n_0
    SLICE_X20Y79         CARRY8 (Prop_CARRY8_SLICEM_S[3]_O[5])
                                                      0.262     8.443 r  design_1_i/myip_MLP_NN_HDL_0/inst/matrix_multiply_A_C/sum0_carry__0/O[5]
                         net (fo=1, routed)           0.033     8.476    design_1_i/myip_MLP_NN_HDL_0/inst/matrix_multiply_A_C/sum0_carry__0_n_10
    SLICE_X20Y79         FDRE                                         r  design_1_i/myip_MLP_NN_HDL_0/inst/matrix_multiply_A_C/sum_reg[13]/D
  -------------------------------------------------------------------    -------------------

                         (clock clk_pl_0 rise edge)
                                                     10.000    10.000 r  
    PS8_X0Y0             PS8                          0.000    10.000 r  design_1_i/zynq_ultra_ps_e_0/inst/PS8_i/PLCLK[0]
                         net (fo=1, routed)           0.181    10.181    design_1_i/zynq_ultra_ps_e_0/inst/pl_clk_unbuffered[0]
    BUFG_PS_X0Y80        BUFG_PS (Prop_BUFG_PS_I_O)
                                                      0.035    10.216 r  design_1_i/zynq_ultra_ps_e_0/inst/buffer_pl_clk_0.PL_CLK_0_BUFG/O
    X0Y1 (CLOCK_ROOT)    net (fo=7084, routed)        1.937    12.153    design_1_i/myip_MLP_NN_HDL_0/inst/matrix_multiply_A_C/ACLK
    SLICE_X20Y79         FDRE                                         r  design_1_i/myip_MLP_NN_HDL_0/inst/matrix_multiply_A_C/sum_reg[13]/C
                         clock pessimism              0.176    12.329    
                         clock uncertainty           -0.160    12.169    
    SLICE_X20Y79         FDRE (Setup_FFF_SLICEM_C_D)
                                                      0.043    12.212    design_1_i/myip_MLP_NN_HDL_0/inst/matrix_multiply_A_C/sum_reg[13]
  -------------------------------------------------------------------
                         required time                         12.212    
                         arrival time                          -8.476    
  -------------------------------------------------------------------
                         slack                                  3.736    

Slack (MET) :             3.744ns  (required time - arrival time)
  Source:                 design_1_i/myip_MLP_NN_HDL_0/inst/A_RAM/RAM_reg_bram_0/CLKARDCLK
                            (rising edge-triggered cell RAMB18E2 clocked by clk_pl_0  {rise@0.000ns fall@5.000ns period=10.000ns})
  Destination:            design_1_i/myip_MLP_NN_HDL_0/inst/matrix_multiply_A_B/sum_reg[12]/D
                            (rising edge-triggered cell FDRE clocked by clk_pl_0  {rise@0.000ns fall@5.000ns period=10.000ns})
  Path Group:             clk_pl_0
  Path Type:              Setup (Max at Slow Process Corner)
  Requirement:            10.000ns  (clk_pl_0 rise@10.000ns - clk_pl_0 rise@0.000ns)
  Data Path Delay:        5.768ns  (logic 2.710ns (46.983%)  route 3.058ns (53.017%))
  Logic Levels:           9  (CARRY8=4 LUT2=2 LUT4=2 LUT6=1)
  Clock Path Skew:        -0.372ns (DCD - SCD + CPR)
    Destination Clock Delay (DCD):    2.148ns = ( 12.148 - 10.000 ) 
    Source Clock Delay      (SCD):    2.696ns
    Clock Pessimism Removal (CPR):    0.176ns
  Clock Uncertainty:      0.160ns  ((TSJ^2 + DJ^2)^1/2) / 2 + PE
    Total System Jitter     (TSJ):    0.071ns
    Discrete Jitter          (DJ):    0.312ns
    Phase Error              (PE):    0.000ns
  Clock Net Delay (Source):      2.429ns (routing 1.045ns, distribution 1.384ns)
  Clock Net Delay (Destination): 1.932ns (routing 0.955ns, distribution 0.977ns)

    Location             Delay type                Incr(ns)  Path(ns)    Netlist Resource(s)
  -------------------------------------------------------------------    -------------------
                         (clock clk_pl_0 rise edge)
                                                      0.000     0.000 r  
    PS8_X0Y0             PS8                          0.000     0.000 r  design_1_i/zynq_ultra_ps_e_0/inst/PS8_i/PLCLK[0]
                         net (fo=1, routed)           0.229     0.229    design_1_i/zynq_ultra_ps_e_0/inst/pl_clk_unbuffered[0]
    BUFG_PS_X0Y80        BUFG_PS (Prop_BUFG_PS_I_O)
                                                      0.038     0.267 r  design_1_i/zynq_ultra_ps_e_0/inst/buffer_pl_clk_0.PL_CLK_0_BUFG/O
    X0Y1 (CLOCK_ROOT)    net (fo=7084, routed)        2.429     2.696    design_1_i/myip_MLP_NN_HDL_0/inst/A_RAM/ACLK
    RAMB18_X0Y30         RAMB18E2                                     r  design_1_i/myip_MLP_NN_HDL_0/inst/A_RAM/RAM_reg_bram_0/CLKARDCLK
  -------------------------------------------------------------------    -------------------
    RAMB18_X0Y30         RAMB18E2 (Prop_RAMB18E2_L_RAMB180_CLKARDCLK_DOUTADOUT[1])
                                                      1.340     4.036 r  design_1_i/myip_MLP_NN_HDL_0/inst/A_RAM/RAM_reg_bram_0/DOUTADOUT[1]
                         net (fo=38, routed)          1.560     5.596    design_1_i/myip_MLP_NN_HDL_0/inst/A_RAM/DOUTADOUT[1]
    SLICE_X20Y84         LUT2 (Prop_D5LUT_SLICEM_I0_O)
                                                      0.220     5.816 r  design_1_i/myip_MLP_NN_HDL_0/inst/A_RAM/sum1__30_carry_i_20__0/O
                         net (fo=1, routed)           0.153     5.969    design_1_i/myip_MLP_NN_HDL_0/inst/A_RAM/sum1__30_carry_i_20__0_n_0
    SLICE_X20Y85         LUT6 (Prop_D6LUT_SLICEM_I5_O)
                                                      0.151     6.120 r  design_1_i/myip_MLP_NN_HDL_0/inst/A_RAM/sum1__30_carry_i_12__0/O
                         net (fo=1, routed)           0.032     6.152    design_1_i/myip_MLP_NN_HDL_0/inst/matrix_multiply_A_B/sum1__60_carry_i_13__0_1[3]
    SLICE_X20Y85         CARRY8 (Prop_CARRY8_SLICEM_S[3]_O[6])
                                                      0.245     6.397 r  design_1_i/myip_MLP_NN_HDL_0/inst/matrix_multiply_A_B/sum1__30_carry/O[6]
                         net (fo=3, routed)           0.352     6.749    design_1_i/myip_MLP_NN_HDL_0/inst/A_RAM/sum1__60_carry__0_i_9__0_0[2]
    SLICE_X22Y83         LUT4 (Prop_H6LUT_SLICEL_I3_O)
                                                      0.227     6.976 r  design_1_i/myip_MLP_NN_HDL_0/inst/A_RAM/sum1__60_carry_i_15__0/O
                         net (fo=2, routed)           0.262     7.238    design_1_i/myip_MLP_NN_HDL_0/inst/A_RAM/sum1__60_carry_i_15__0_n_0
    SLICE_X21Y80         LUT4 (Prop_C6LUT_SLICEM_I3_O)
                                                      0.080     7.318 r  design_1_i/myip_MLP_NN_HDL_0/inst/A_RAM/sum1__60_carry_i_1__0/O
                         net (fo=1, routed)           0.352     7.670    design_1_i/myip_MLP_NN_HDL_0/inst/matrix_multiply_A_B/sum0_carry_i_5__0_0[2]
    SLICE_X21Y81         CARRY8 (Prop_CARRY8_SLICEM_DI[7]_CO[7])
                                                      0.080     7.750 r  design_1_i/myip_MLP_NN_HDL_0/inst/matrix_multiply_A_B/sum1__60_carry/CO[7]
                         net (fo=1, routed)           0.030     7.780    design_1_i/myip_MLP_NN_HDL_0/inst/matrix_multiply_A_B/sum1__60_carry_n_0
    SLICE_X21Y82         CARRY8 (Prop_CARRY8_SLICEM_CI_O[0])
                                                      0.078     7.858 r  design_1_i/myip_MLP_NN_HDL_0/inst/matrix_multiply_A_B/sum1__60_carry__0/O[0]
                         net (fo=1, routed)           0.272     8.130    design_1_i/myip_MLP_NN_HDL_0/inst/matrix_multiply_A_B/sum1[11]
    SLICE_X22Y81         LUT2 (Prop_D6LUT_SLICEL_I1_O)
                                                      0.081     8.211 r  design_1_i/myip_MLP_NN_HDL_0/inst/matrix_multiply_A_B/sum0_carry__0_i_5__0/O
                         net (fo=1, routed)           0.013     8.224    design_1_i/myip_MLP_NN_HDL_0/inst/matrix_multiply_A_B/sum0_carry__0_i_5__0_n_0
    SLICE_X22Y81         CARRY8 (Prop_CARRY8_SLICEL_S[3]_O[4])
                                                      0.208     8.432 r  design_1_i/myip_MLP_NN_HDL_0/inst/matrix_multiply_A_B/sum0_carry__0/O[4]
                         net (fo=1, routed)           0.032     8.464    design_1_i/myip_MLP_NN_HDL_0/inst/matrix_multiply_A_B/sum0[12]
    SLICE_X22Y81         FDRE                                         r  design_1_i/myip_MLP_NN_HDL_0/inst/matrix_multiply_A_B/sum_reg[12]/D
  -------------------------------------------------------------------    -------------------

                         (clock clk_pl_0 rise edge)
                                                     10.000    10.000 r  
    PS8_X0Y0             PS8                          0.000    10.000 r  design_1_i/zynq_ultra_ps_e_0/inst/PS8_i/PLCLK[0]
                         net (fo=1, routed)           0.181    10.181    design_1_i/zynq_ultra_ps_e_0/inst/pl_clk_unbuffered[0]
    BUFG_PS_X0Y80        BUFG_PS (Prop_BUFG_PS_I_O)
                                                      0.035    10.216 r  design_1_i/zynq_ultra_ps_e_0/inst/buffer_pl_clk_0.PL_CLK_0_BUFG/O
    X0Y1 (CLOCK_ROOT)    net (fo=7084, routed)        1.932    12.148    design_1_i/myip_MLP_NN_HDL_0/inst/matrix_multiply_A_B/ACLK
    SLICE_X22Y81         FDRE                                         r  design_1_i/myip_MLP_NN_HDL_0/inst/matrix_multiply_A_B/sum_reg[12]/C
                         clock pessimism              0.176    12.324    
                         clock uncertainty           -0.160    12.164    
    SLICE_X22Y81         FDRE (Setup_EFF_SLICEL_C_D)
                                                      0.044    12.208    design_1_i/myip_MLP_NN_HDL_0/inst/matrix_multiply_A_B/sum_reg[12]
  -------------------------------------------------------------------
                         required time                         12.208    
                         arrival time                          -8.464    
  -------------------------------------------------------------------
                         slack                                  3.744    

Slack (MET) :             3.752ns  (required time - arrival time)
  Source:                 design_1_i/myip_MLP_NN_HDL_0/inst/A_RAM/RAM_reg_bram_0/CLKARDCLK
                            (rising edge-triggered cell RAMB18E2 clocked by clk_pl_0  {rise@0.000ns fall@5.000ns period=10.000ns})
  Destination:            design_1_i/myip_MLP_NN_HDL_0/inst/matrix_multiply_A_C/sum_reg[14]/D
                            (rising edge-triggered cell FDRE clocked by clk_pl_0  {rise@0.000ns fall@5.000ns period=10.000ns})
  Path Group:             clk_pl_0
  Path Type:              Setup (Max at Slow Process Corner)
  Requirement:            10.000ns  (clk_pl_0 rise@10.000ns - clk_pl_0 rise@0.000ns)
  Data Path Delay:        5.764ns  (logic 2.735ns (47.450%)  route 3.029ns (52.550%))
  Logic Levels:           9  (CARRY8=5 LUT2=1 LUT4=2 LUT6=1)
  Clock Path Skew:        -0.367ns (DCD - SCD + CPR)
    Destination Clock Delay (DCD):    2.153ns = ( 12.153 - 10.000 ) 
    Source Clock Delay      (SCD):    2.696ns
    Clock Pessimism Removal (CPR):    0.176ns
  Clock Uncertainty:      0.160ns  ((TSJ^2 + DJ^2)^1/2) / 2 + PE
    Total System Jitter     (TSJ):    0.071ns
    Discrete Jitter          (DJ):    0.312ns
    Phase Error              (PE):    0.000ns
  Clock Net Delay (Source):      2.429ns (routing 1.045ns, distribution 1.384ns)
  Clock Net Delay (Destination): 1.937ns (routing 0.955ns, distribution 0.982ns)

    Location             Delay type                Incr(ns)  Path(ns)    Netlist Resource(s)
  -------------------------------------------------------------------    -------------------
                         (clock clk_pl_0 rise edge)
                                                      0.000     0.000 r  
    PS8_X0Y0             PS8                          0.000     0.000 r  design_1_i/zynq_ultra_ps_e_0/inst/PS8_i/PLCLK[0]
                         net (fo=1, routed)           0.229     0.229    design_1_i/zynq_ultra_ps_e_0/inst/pl_clk_unbuffered[0]
    BUFG_PS_X0Y80        BUFG_PS (Prop_BUFG_PS_I_O)
                                                      0.038     0.267 r  design_1_i/zynq_ultra_ps_e_0/inst/buffer_pl_clk_0.PL_CLK_0_BUFG/O
    X0Y1 (CLOCK_ROOT)    net (fo=7084, routed)        2.429     2.696    design_1_i/myip_MLP_NN_HDL_0/inst/A_RAM/ACLK
    RAMB18_X0Y30         RAMB18E2                                     r  design_1_i/myip_MLP_NN_HDL_0/inst/A_RAM/RAM_reg_bram_0/CLKARDCLK
  -------------------------------------------------------------------    -------------------
    RAMB18_X0Y30         RAMB18E2 (Prop_RAMB18E2_L_RAMB180_CLKARDCLK_DOUTADOUT[5])
                                                      1.283     3.979 r  design_1_i/myip_MLP_NN_HDL_0/inst/A_RAM/RAM_reg_bram_0/DOUTADOUT[5]
                         net (fo=40, routed)          2.167     6.146    design_1_i/myip_MLP_NN_HDL_0/inst/C_RAM/DOUTADOUT[5]
    SLICE_X18Y77         LUT6 (Prop_H6LUT_SLICEM_I2_O)
                                                      0.228     6.374 r  design_1_i/myip_MLP_NN_HDL_0/inst/C_RAM/sum1__0_carry_i_8/O
                         net (fo=1, routed)           0.021     6.395    design_1_i/myip_MLP_NN_HDL_0/inst/matrix_multiply_A_C/S[7]
    SLICE_X18Y77         CARRY8 (Prop_CARRY8_SLICEM_S[7]_CO[7])
                                                      0.175     6.570 r  design_1_i/myip_MLP_NN_HDL_0/inst/matrix_multiply_A_C/sum1__0_carry/CO[7]
                         net (fo=1, routed)           0.030     6.600    design_1_i/myip_MLP_NN_HDL_0/inst/matrix_multiply_A_C/sum1__0_carry_n_0
    SLICE_X18Y78         CARRY8 (Prop_CARRY8_SLICEM_CI_O[1])
                                                      0.106     6.706 r  design_1_i/myip_MLP_NN_HDL_0/inst/matrix_multiply_A_C/sum1__0_carry__0/O[1]
                         net (fo=3, routed)           0.169     6.875    design_1_i/myip_MLP_NN_HDL_0/inst/A_RAM/sum1__60_carry_i_6_0[1]
    SLICE_X18Y79         LUT4 (Prop_D6LUT_SLICEM_I2_O)
                                                      0.220     7.095 r  design_1_i/myip_MLP_NN_HDL_0/inst/A_RAM/sum1__60_carry_i_15/O
                         net (fo=2, routed)           0.218     7.313    design_1_i/myip_MLP_NN_HDL_0/inst/A_RAM/sum1__60_carry_i_15_n_0
    SLICE_X20Y77         LUT4 (Prop_H6LUT_SLICEM_I3_O)
                                                      0.138     7.451 r  design_1_i/myip_MLP_NN_HDL_0/inst/A_RAM/sum1__60_carry_i_1/O
                         net (fo=1, routed)           0.123     7.574    design_1_i/myip_MLP_NN_HDL_0/inst/matrix_multiply_A_C/sum0_carry_i_5_0[2]
    SLICE_X19Y77         CARRY8 (Prop_CARRY8_SLICEL_DI[7]_CO[7])
                                                      0.077     7.651 r  design_1_i/myip_MLP_NN_HDL_0/inst/matrix_multiply_A_C/sum1__60_carry/CO[7]
                         net (fo=1, routed)           0.030     7.681    design_1_i/myip_MLP_NN_HDL_0/inst/matrix_multiply_A_C/sum1__60_carry_n_0
    SLICE_X19Y78         CARRY8 (Prop_CARRY8_SLICEL_CI_O[0])
                                                      0.078     7.759 r  design_1_i/myip_MLP_NN_HDL_0/inst/matrix_multiply_A_C/sum1__60_carry__0/O[0]
                         net (fo=1, routed)           0.205     7.964    design_1_i/myip_MLP_NN_HDL_0/inst/matrix_multiply_A_C/sum1__60_carry__0_n_15
    SLICE_X20Y79         LUT2 (Prop_D6LUT_SLICEM_I1_O)
                                                      0.185     8.149 r  design_1_i/myip_MLP_NN_HDL_0/inst/matrix_multiply_A_C/sum0_carry__0_i_5/O
                         net (fo=1, routed)           0.032     8.181    design_1_i/myip_MLP_NN_HDL_0/inst/matrix_multiply_A_C/sum0_carry__0_i_5_n_0
    SLICE_X20Y79         CARRY8 (Prop_CARRY8_SLICEM_S[3]_O[6])
                                                      0.245     8.426 r  design_1_i/myip_MLP_NN_HDL_0/inst/matrix_multiply_A_C/sum0_carry__0/O[6]
                         net (fo=1, routed)           0.034     8.460    design_1_i/myip_MLP_NN_HDL_0/inst/matrix_multiply_A_C/sum0_carry__0_n_9
    SLICE_X20Y79         FDRE                                         r  design_1_i/myip_MLP_NN_HDL_0/inst/matrix_multiply_A_C/sum_reg[14]/D
  -------------------------------------------------------------------    -------------------

                         (clock clk_pl_0 rise edge)
                                                     10.000    10.000 r  
    PS8_X0Y0             PS8                          0.000    10.000 r  design_1_i/zynq_ultra_ps_e_0/inst/PS8_i/PLCLK[0]
                         net (fo=1, routed)           0.181    10.181    design_1_i/zynq_ultra_ps_e_0/inst/pl_clk_unbuffered[0]
    BUFG_PS_X0Y80        BUFG_PS (Prop_BUFG_PS_I_O)
                                                      0.035    10.216 r  design_1_i/zynq_ultra_ps_e_0/inst/buffer_pl_clk_0.PL_CLK_0_BUFG/O
    X0Y1 (CLOCK_ROOT)    net (fo=7084, routed)        1.937    12.153    design_1_i/myip_MLP_NN_HDL_0/inst/matrix_multiply_A_C/ACLK
    SLICE_X20Y79         FDRE                                         r  design_1_i/myip_MLP_NN_HDL_0/inst/matrix_multiply_A_C/sum_reg[14]/C
                         clock pessimism              0.176    12.329    
                         clock uncertainty           -0.160    12.169    
    SLICE_X20Y79         FDRE (Setup_GFF_SLICEM_C_D)
                                                      0.043    12.212    design_1_i/myip_MLP_NN_HDL_0/inst/matrix_multiply_A_C/sum_reg[14]
  -------------------------------------------------------------------
                         required time                         12.212    
                         arrival time                          -8.460    
  -------------------------------------------------------------------
                         slack                                  3.752    

Slack (MET) :             3.785ns  (required time - arrival time)
  Source:                 design_1_i/myip_MLP_NN_HDL_0/inst/A_RAM/RAM_reg_bram_0/CLKARDCLK
                            (rising edge-triggered cell RAMB18E2 clocked by clk_pl_0  {rise@0.000ns fall@5.000ns period=10.000ns})
  Destination:            design_1_i/myip_MLP_NN_HDL_0/inst/matrix_multiply_A_C/sum_reg[12]/D
                            (rising edge-triggered cell FDRE clocked by clk_pl_0  {rise@0.000ns fall@5.000ns period=10.000ns})
  Path Group:             clk_pl_0
  Path Type:              Setup (Max at Slow Process Corner)
  Requirement:            10.000ns  (clk_pl_0 rise@10.000ns - clk_pl_0 rise@0.000ns)
  Data Path Delay:        5.732ns  (logic 2.705ns (47.192%)  route 3.027ns (52.808%))
  Logic Levels:           9  (CARRY8=5 LUT2=1 LUT4=2 LUT6=1)
  Clock Path Skew:        -0.367ns (DCD - SCD + CPR)
    Destination Clock Delay (DCD):    2.153ns = ( 12.153 - 10.000 ) 
    Source Clock Delay      (SCD):    2.696ns
    Clock Pessimism Removal (CPR):    0.176ns
  Clock Uncertainty:      0.160ns  ((TSJ^2 + DJ^2)^1/2) / 2 + PE
    Total System Jitter     (TSJ):    0.071ns
    Discrete Jitter          (DJ):    0.312ns
    Phase Error              (PE):    0.000ns
  Clock Net Delay (Source):      2.429ns (routing 1.045ns, distribution 1.384ns)
  Clock Net Delay (Destination): 1.937ns (routing 0.955ns, distribution 0.982ns)

    Location             Delay type                Incr(ns)  Path(ns)    Netlist Resource(s)
  -------------------------------------------------------------------    -------------------
                         (clock clk_pl_0 rise edge)
                                                      0.000     0.000 r  
    PS8_X0Y0             PS8                          0.000     0.000 r  design_1_i/zynq_ultra_ps_e_0/inst/PS8_i/PLCLK[0]
                         net (fo=1, routed)           0.229     0.229    design_1_i/zynq_ultra_ps_e_0/inst/pl_clk_unbuffered[0]
    BUFG_PS_X0Y80        BUFG_PS (Prop_BUFG_PS_I_O)
                                                      0.038     0.267 r  design_1_i/zynq_ultra_ps_e_0/inst/buffer_pl_clk_0.PL_CLK_0_BUFG/O
    X0Y1 (CLOCK_ROOT)    net (fo=7084, routed)        2.429     2.696    design_1_i/myip_MLP_NN_HDL_0/inst/A_RAM/ACLK
    RAMB18_X0Y30         RAMB18E2                                     r  design_1_i/myip_MLP_NN_HDL_0/inst/A_RAM/RAM_reg_bram_0/CLKARDCLK
  -------------------------------------------------------------------    -------------------
    RAMB18_X0Y30         RAMB18E2 (Prop_RAMB18E2_L_RAMB180_CLKARDCLK_DOUTADOUT[5])
                                                      1.283     3.979 r  design_1_i/myip_MLP_NN_HDL_0/inst/A_RAM/RAM_reg_bram_0/DOUTADOUT[5]
                         net (fo=40, routed)          2.167     6.146    design_1_i/myip_MLP_NN_HDL_0/inst/C_RAM/DOUTADOUT[5]
    SLICE_X18Y77         LUT6 (Prop_H6LUT_SLICEM_I2_O)
                                                      0.228     6.374 r  design_1_i/myip_MLP_NN_HDL_0/inst/C_RAM/sum1__0_carry_i_8/O
                         net (fo=1, routed)           0.021     6.395    design_1_i/myip_MLP_NN_HDL_0/inst/matrix_multiply_A_C/S[7]
    SLICE_X18Y77         CARRY8 (Prop_CARRY8_SLICEM_S[7]_CO[7])
                                                      0.175     6.570 r  design_1_i/myip_MLP_NN_HDL_0/inst/matrix_multiply_A_C/sum1__0_carry/CO[7]
                         net (fo=1, routed)           0.030     6.600    design_1_i/myip_MLP_NN_HDL_0/inst/matrix_multiply_A_C/sum1__0_carry_n_0
    SLICE_X18Y78         CARRY8 (Prop_CARRY8_SLICEM_CI_O[1])
                                                      0.106     6.706 r  design_1_i/myip_MLP_NN_HDL_0/inst/matrix_multiply_A_C/sum1__0_carry__0/O[1]
                         net (fo=3, routed)           0.169     6.875    design_1_i/myip_MLP_NN_HDL_0/inst/A_RAM/sum1__60_carry_i_6_0[1]
    SLICE_X18Y79         LUT4 (Prop_D6LUT_SLICEM_I2_O)
                                                      0.220     7.095 r  design_1_i/myip_MLP_NN_HDL_0/inst/A_RAM/sum1__60_carry_i_15/O
                         net (fo=2, routed)           0.218     7.313    design_1_i/myip_MLP_NN_HDL_0/inst/A_RAM/sum1__60_carry_i_15_n_0
    SLICE_X20Y77         LUT4 (Prop_H6LUT_SLICEM_I3_O)
                                                      0.138     7.451 r  design_1_i/myip_MLP_NN_HDL_0/inst/A_RAM/sum1__60_carry_i_1/O
                         net (fo=1, routed)           0.123     7.574    design_1_i/myip_MLP_NN_HDL_0/inst/matrix_multiply_A_C/sum0_carry_i_5_0[2]
    SLICE_X19Y77         CARRY8 (Prop_CARRY8_SLICEL_DI[7]_CO[7])
                                                      0.077     7.651 r  design_1_i/myip_MLP_NN_HDL_0/inst/matrix_multiply_A_C/sum1__60_carry/CO[7]
                         net (fo=1, routed)           0.030     7.681    design_1_i/myip_MLP_NN_HDL_0/inst/matrix_multiply_A_C/sum1__60_carry_n_0
    SLICE_X19Y78         CARRY8 (Prop_CARRY8_SLICEL_CI_O[0])
                                                      0.078     7.759 r  design_1_i/myip_MLP_NN_HDL_0/inst/matrix_multiply_A_C/sum1__60_carry__0/O[0]
                         net (fo=1, routed)           0.205     7.964    design_1_i/myip_MLP_NN_HDL_0/inst/matrix_multiply_A_C/sum1__60_carry__0_n_15
    SLICE_X20Y79         LUT2 (Prop_D6LUT_SLICEM_I1_O)
                                                      0.185     8.149 r  design_1_i/myip_MLP_NN_HDL_0/inst/matrix_multiply_A_C/sum0_carry__0_i_5/O
                         net (fo=1, routed)           0.032     8.181    design_1_i/myip_MLP_NN_HDL_0/inst/matrix_multiply_A_C/sum0_carry__0_i_5_n_0
    SLICE_X20Y79         CARRY8 (Prop_CARRY8_SLICEM_S[3]_O[4])
                                                      0.215     8.396 r  design_1_i/myip_MLP_NN_HDL_0/inst/matrix_multiply_A_C/sum0_carry__0/O[4]
                         net (fo=1, routed)           0.032     8.428    design_1_i/myip_MLP_NN_HDL_0/inst/matrix_multiply_A_C/sum0_carry__0_n_11
    SLICE_X20Y79         FDRE                                         r  design_1_i/myip_MLP_NN_HDL_0/inst/matrix_multiply_A_C/sum_reg[12]/D
  -------------------------------------------------------------------    -------------------

                         (clock clk_pl_0 rise edge)
                                                     10.000    10.000 r  
    PS8_X0Y0             PS8                          0.000    10.000 r  design_1_i/zynq_ultra_ps_e_0/inst/PS8_i/PLCLK[0]
                         net (fo=1, routed)           0.181    10.181    design_1_i/zynq_ultra_ps_e_0/inst/pl_clk_unbuffered[0]
    BUFG_PS_X0Y80        BUFG_PS (Prop_BUFG_PS_I_O)
                                                      0.035    10.216 r  design_1_i/zynq_ultra_ps_e_0/inst/buffer_pl_clk_0.PL_CLK_0_BUFG/O
    X0Y1 (CLOCK_ROOT)    net (fo=7084, routed)        1.937    12.153    design_1_i/myip_MLP_NN_HDL_0/inst/matrix_multiply_A_C/ACLK
    SLICE_X20Y79         FDRE                                         r  design_1_i/myip_MLP_NN_HDL_0/inst/matrix_multiply_A_C/sum_reg[12]/C
                         clock pessimism              0.176    12.329    
                         clock uncertainty           -0.160    12.169    
    SLICE_X20Y79         FDRE (Setup_EFF_SLICEM_C_D)
                                                      0.044    12.213    design_1_i/myip_MLP_NN_HDL_0/inst/matrix_multiply_A_C/sum_reg[12]
  -------------------------------------------------------------------
                         required time                         12.213    
                         arrival time                          -8.428    
  -------------------------------------------------------------------
                         slack                                  3.785    

Slack (MET) :             3.868ns  (required time - arrival time)
  Source:                 design_1_i/myip_MLP_NN_HDL_0/inst/A_RAM/RAM_reg_bram_0/CLKARDCLK
                            (rising edge-triggered cell RAMB18E2 clocked by clk_pl_0  {rise@0.000ns fall@5.000ns period=10.000ns})
  Destination:            design_1_i/myip_MLP_NN_HDL_0/inst/matrix_multiply_A_B/sum_reg[11]/D
                            (rising edge-triggered cell FDRE clocked by clk_pl_0  {rise@0.000ns fall@5.000ns period=10.000ns})
  Path Group:             clk_pl_0
  Path Type:              Setup (Max at Slow Process Corner)
  Requirement:            10.000ns  (clk_pl_0 rise@10.000ns - clk_pl_0 rise@0.000ns)
  Data Path Delay:        5.641ns  (logic 2.581ns (45.754%)  route 3.060ns (54.246%))
  Logic Levels:           9  (CARRY8=4 LUT2=2 LUT4=2 LUT6=1)
  Clock Path Skew:        -0.375ns (DCD - SCD + CPR)
    Destination Clock Delay (DCD):    2.145ns = ( 12.145 - 10.000 ) 
    Source Clock Delay      (SCD):    2.696ns
    Clock Pessimism Removal (CPR):    0.176ns
  Clock Uncertainty:      0.160ns  ((TSJ^2 + DJ^2)^1/2) / 2 + PE
    Total System Jitter     (TSJ):    0.071ns
    Discrete Jitter          (DJ):    0.312ns
    Phase Error              (PE):    0.000ns
  Clock Net Delay (Source):      2.429ns (routing 1.045ns, distribution 1.384ns)
  Clock Net Delay (Destination): 1.929ns (routing 0.955ns, distribution 0.974ns)

    Location             Delay type                Incr(ns)  Path(ns)    Netlist Resource(s)
  -------------------------------------------------------------------    -------------------
                         (clock clk_pl_0 rise edge)
                                                      0.000     0.000 r  
    PS8_X0Y0             PS8                          0.000     0.000 r  design_1_i/zynq_ultra_ps_e_0/inst/PS8_i/PLCLK[0]
                         net (fo=1, routed)           0.229     0.229    design_1_i/zynq_ultra_ps_e_0/inst/pl_clk_unbuffered[0]
    BUFG_PS_X0Y80        BUFG_PS (Prop_BUFG_PS_I_O)
                                                      0.038     0.267 r  design_1_i/zynq_ultra_ps_e_0/inst/buffer_pl_clk_0.PL_CLK_0_BUFG/O
    X0Y1 (CLOCK_ROOT)    net (fo=7084, routed)        2.429     2.696    design_1_i/myip_MLP_NN_HDL_0/inst/A_RAM/ACLK
    RAMB18_X0Y30         RAMB18E2                                     r  design_1_i/myip_MLP_NN_HDL_0/inst/A_RAM/RAM_reg_bram_0/CLKARDCLK
  -------------------------------------------------------------------    -------------------
    RAMB18_X0Y30         RAMB18E2 (Prop_RAMB18E2_L_RAMB180_CLKARDCLK_DOUTADOUT[1])
                                                      1.340     4.036 r  design_1_i/myip_MLP_NN_HDL_0/inst/A_RAM/RAM_reg_bram_0/DOUTADOUT[1]
                         net (fo=38, routed)          1.560     5.596    design_1_i/myip_MLP_NN_HDL_0/inst/A_RAM/DOUTADOUT[1]
    SLICE_X20Y84         LUT2 (Prop_D5LUT_SLICEM_I0_O)
                                                      0.220     5.816 r  design_1_i/myip_MLP_NN_HDL_0/inst/A_RAM/sum1__30_carry_i_20__0/O
                         net (fo=1, routed)           0.153     5.969    design_1_i/myip_MLP_NN_HDL_0/inst/A_RAM/sum1__30_carry_i_20__0_n_0
    SLICE_X20Y85         LUT6 (Prop_D6LUT_SLICEM_I5_O)
                                                      0.151     6.120 r  design_1_i/myip_MLP_NN_HDL_0/inst/A_RAM/sum1__30_carry_i_12__0/O
                         net (fo=1, routed)           0.032     6.152    design_1_i/myip_MLP_NN_HDL_0/inst/matrix_multiply_A_B/sum1__60_carry_i_13__0_1[3]
    SLICE_X20Y85         CARRY8 (Prop_CARRY8_SLICEM_S[3]_O[6])
                                                      0.245     6.397 r  design_1_i/myip_MLP_NN_HDL_0/inst/matrix_multiply_A_B/sum1__30_carry/O[6]
                         net (fo=3, routed)           0.352     6.749    design_1_i/myip_MLP_NN_HDL_0/inst/A_RAM/sum1__60_carry__0_i_9__0_0[2]
    SLICE_X22Y83         LUT4 (Prop_H6LUT_SLICEL_I3_O)
                                                      0.227     6.976 r  design_1_i/myip_MLP_NN_HDL_0/inst/A_RAM/sum1__60_carry_i_15__0/O
                         net (fo=2, routed)           0.262     7.238    design_1_i/myip_MLP_NN_HDL_0/inst/A_RAM/sum1__60_carry_i_15__0_n_0
    SLICE_X21Y80         LUT4 (Prop_C6LUT_SLICEM_I3_O)
                                                      0.080     7.318 r  design_1_i/myip_MLP_NN_HDL_0/inst/A_RAM/sum1__60_carry_i_1__0/O
                         net (fo=1, routed)           0.352     7.670    design_1_i/myip_MLP_NN_HDL_0/inst/matrix_multiply_A_B/sum0_carry_i_5__0_0[2]
    SLICE_X21Y81         CARRY8 (Prop_CARRY8_SLICEM_DI[7]_CO[7])
                                                      0.080     7.750 r  design_1_i/myip_MLP_NN_HDL_0/inst/matrix_multiply_A_B/sum1__60_carry/CO[7]
                         net (fo=1, routed)           0.030     7.780    design_1_i/myip_MLP_NN_HDL_0/inst/matrix_multiply_A_B/sum1__60_carry_n_0
    SLICE_X21Y82         CARRY8 (Prop_CARRY8_SLICEM_CI_O[0])
                                                      0.078     7.858 r  design_1_i/myip_MLP_NN_HDL_0/inst/matrix_multiply_A_B/sum1__60_carry__0/O[0]
                         net (fo=1, routed)           0.272     8.130    design_1_i/myip_MLP_NN_HDL_0/inst/matrix_multiply_A_B/sum1[11]
    SLICE_X22Y81         LUT2 (Prop_D6LUT_SLICEL_I1_O)
                                                      0.081     8.211 r  design_1_i/myip_MLP_NN_HDL_0/inst/matrix_multiply_A_B/sum0_carry__0_i_5__0/O
                         net (fo=1, routed)           0.013     8.224    design_1_i/myip_MLP_NN_HDL_0/inst/matrix_multiply_A_B/sum0_carry__0_i_5__0_n_0
    SLICE_X22Y81         CARRY8 (Prop_CARRY8_SLICEL_S[3]_O[3])
                                                      0.079     8.303 r  design_1_i/myip_MLP_NN_HDL_0/inst/matrix_multiply_A_B/sum0_carry__0/O[3]
                         net (fo=1, routed)           0.034     8.337    design_1_i/myip_MLP_NN_HDL_0/inst/matrix_multiply_A_B/sum0[11]
    SLICE_X22Y81         FDRE                                         r  design_1_i/myip_MLP_NN_HDL_0/inst/matrix_multiply_A_B/sum_reg[11]/D
  -------------------------------------------------------------------    -------------------

                         (clock clk_pl_0 rise edge)
                                                     10.000    10.000 r  
    PS8_X0Y0             PS8                          0.000    10.000 r  design_1_i/zynq_ultra_ps_e_0/inst/PS8_i/PLCLK[0]
                         net (fo=1, routed)           0.181    10.181    design_1_i/zynq_ultra_ps_e_0/inst/pl_clk_unbuffered[0]
    BUFG_PS_X0Y80        BUFG_PS (Prop_BUFG_PS_I_O)
                                                      0.035    10.216 r  design_1_i/zynq_ultra_ps_e_0/inst/buffer_pl_clk_0.PL_CLK_0_BUFG/O
    X0Y1 (CLOCK_ROOT)    net (fo=7084, routed)        1.929    12.145    design_1_i/myip_MLP_NN_HDL_0/inst/matrix_multiply_A_B/ACLK
    SLICE_X22Y81         FDRE                                         r  design_1_i/myip_MLP_NN_HDL_0/inst/matrix_multiply_A_B/sum_reg[11]/C
                         clock pessimism              0.176    12.321    
                         clock uncertainty           -0.160    12.161    
    SLICE_X22Y81         FDRE (Setup_DFF_SLICEL_C_D)
                                                      0.044    12.205    design_1_i/myip_MLP_NN_HDL_0/inst/matrix_multiply_A_B/sum_reg[11]
  -------------------------------------------------------------------
                         required time                         12.205    
                         arrival time                          -8.337    
  -------------------------------------------------------------------
                         slack                                  3.868    

Slack (MET) :             3.908ns  (required time - arrival time)
  Source:                 design_1_i/myip_MLP_NN_HDL_0/inst/A_RAM/RAM_reg_bram_0/CLKARDCLK
                            (rising edge-triggered cell RAMB18E2 clocked by clk_pl_0  {rise@0.000ns fall@5.000ns period=10.000ns})
  Destination:            design_1_i/myip_MLP_NN_HDL_0/inst/matrix_multiply_A_C/sum_reg[11]/D
                            (rising edge-triggered cell FDRE clocked by clk_pl_0  {rise@0.000ns fall@5.000ns period=10.000ns})
  Path Group:             clk_pl_0
  Path Type:              Setup (Max at Slow Process Corner)
  Requirement:            10.000ns  (clk_pl_0 rise@10.000ns - clk_pl_0 rise@0.000ns)
  Data Path Delay:        5.608ns  (logic 2.579ns (45.988%)  route 3.029ns (54.012%))
  Logic Levels:           9  (CARRY8=5 LUT2=1 LUT4=2 LUT6=1)
  Clock Path Skew:        -0.367ns (DCD - SCD + CPR)
    Destination Clock Delay (DCD):    2.153ns = ( 12.153 - 10.000 ) 
    Source Clock Delay      (SCD):    2.696ns
    Clock Pessimism Removal (CPR):    0.176ns
  Clock Uncertainty:      0.160ns  ((TSJ^2 + DJ^2)^1/2) / 2 + PE
    Total System Jitter     (TSJ):    0.071ns
    Discrete Jitter          (DJ):    0.312ns
    Phase Error              (PE):    0.000ns
  Clock Net Delay (Source):      2.429ns (routing 1.045ns, distribution 1.384ns)
  Clock Net Delay (Destination): 1.937ns (routing 0.955ns, distribution 0.982ns)

    Location             Delay type                Incr(ns)  Path(ns)    Netlist Resource(s)
  -------------------------------------------------------------------    -------------------
                         (clock clk_pl_0 rise edge)
                                                      0.000     0.000 r  
    PS8_X0Y0             PS8                          0.000     0.000 r  design_1_i/zynq_ultra_ps_e_0/inst/PS8_i/PLCLK[0]
                         net (fo=1, routed)           0.229     0.229    design_1_i/zynq_ultra_ps_e_0/inst/pl_clk_unbuffered[0]
    BUFG_PS_X0Y80        BUFG_PS (Prop_BUFG_PS_I_O)
                                                      0.038     0.267 r  design_1_i/zynq_ultra_ps_e_0/inst/buffer_pl_clk_0.PL_CLK_0_BUFG/O
    X0Y1 (CLOCK_ROOT)    net (fo=7084, routed)        2.429     2.696    design_1_i/myip_MLP_NN_HDL_0/inst/A_RAM/ACLK
    RAMB18_X0Y30         RAMB18E2                                     r  design_1_i/myip_MLP_NN_HDL_0/inst/A_RAM/RAM_reg_bram_0/CLKARDCLK
  -------------------------------------------------------------------    -------------------
    RAMB18_X0Y30         RAMB18E2 (Prop_RAMB18E2_L_RAMB180_CLKARDCLK_DOUTADOUT[5])
                                                      1.283     3.979 r  design_1_i/myip_MLP_NN_HDL_0/inst/A_RAM/RAM_reg_bram_0/DOUTADOUT[5]
                         net (fo=40, routed)          2.167     6.146    design_1_i/myip_MLP_NN_HDL_0/inst/C_RAM/DOUTADOUT[5]
    SLICE_X18Y77         LUT6 (Prop_H6LUT_SLICEM_I2_O)
                                                      0.228     6.374 r  design_1_i/myip_MLP_NN_HDL_0/inst/C_RAM/sum1__0_carry_i_8/O
                         net (fo=1, routed)           0.021     6.395    design_1_i/myip_MLP_NN_HDL_0/inst/matrix_multiply_A_C/S[7]
    SLICE_X18Y77         CARRY8 (Prop_CARRY8_SLICEM_S[7]_CO[7])
                                                      0.175     6.570 r  design_1_i/myip_MLP_NN_HDL_0/inst/matrix_multiply_A_C/sum1__0_carry/CO[7]
                         net (fo=1, routed)           0.030     6.600    design_1_i/myip_MLP_NN_HDL_0/inst/matrix_multiply_A_C/sum1__0_carry_n_0
    SLICE_X18Y78         CARRY8 (Prop_CARRY8_SLICEM_CI_O[1])
                                                      0.106     6.706 r  design_1_i/myip_MLP_NN_HDL_0/inst/matrix_multiply_A_C/sum1__0_carry__0/O[1]
                         net (fo=3, routed)           0.169     6.875    design_1_i/myip_MLP_NN_HDL_0/inst/A_RAM/sum1__60_carry_i_6_0[1]
    SLICE_X18Y79         LUT4 (Prop_D6LUT_SLICEM_I2_O)
                                                      0.220     7.095 r  design_1_i/myip_MLP_NN_HDL_0/inst/A_RAM/sum1__60_carry_i_15/O
                         net (fo=2, routed)           0.218     7.313    design_1_i/myip_MLP_NN_HDL_0/inst/A_RAM/sum1__60_carry_i_15_n_0
    SLICE_X20Y77         LUT4 (Prop_H6LUT_SLICEM_I3_O)
                                                      0.138     7.451 r  design_1_i/myip_MLP_NN_HDL_0/inst/A_RAM/sum1__60_carry_i_1/O
                         net (fo=1, routed)           0.123     7.574    design_1_i/myip_MLP_NN_HDL_0/inst/matrix_multiply_A_C/sum0_carry_i_5_0[2]
    SLICE_X19Y77         CARRY8 (Prop_CARRY8_SLICEL_DI[7]_CO[7])
                                                      0.077     7.651 r  design_1_i/myip_MLP_NN_HDL_0/inst/matrix_multiply_A_C/sum1__60_carry/CO[7]
                         net (fo=1, routed)           0.030     7.681    design_1_i/myip_MLP_NN_HDL_0/inst/matrix_multiply_A_C/sum1__60_carry_n_0
    SLICE_X19Y78         CARRY8 (Prop_CARRY8_SLICEL_CI_O[0])
                                                      0.078     7.759 r  design_1_i/myip_MLP_NN_HDL_0/inst/matrix_multiply_A_C/sum1__60_carry__0/O[0]
                         net (fo=1, routed)           0.205     7.964    design_1_i/myip_MLP_NN_HDL_0/inst/matrix_multiply_A_C/sum1__60_carry__0_n_15
    SLICE_X20Y79         LUT2 (Prop_D6LUT_SLICEM_I1_O)
                                                      0.185     8.149 r  design_1_i/myip_MLP_NN_HDL_0/inst/matrix_multiply_A_C/sum0_carry__0_i_5/O
                         net (fo=1, routed)           0.032     8.181    design_1_i/myip_MLP_NN_HDL_0/inst/matrix_multiply_A_C/sum0_carry__0_i_5_n_0
    SLICE_X20Y79         CARRY8 (Prop_CARRY8_SLICEM_S[3]_O[3])
                                                      0.089     8.270 r  design_1_i/myip_MLP_NN_HDL_0/inst/matrix_multiply_A_C/sum0_carry__0/O[3]
                         net (fo=1, routed)           0.034     8.304    design_1_i/myip_MLP_NN_HDL_0/inst/matrix_multiply_A_C/sum0_carry__0_n_12
    SLICE_X20Y79         FDRE                                         r  design_1_i/myip_MLP_NN_HDL_0/inst/matrix_multiply_A_C/sum_reg[11]/D
  -------------------------------------------------------------------    -------------------

                         (clock clk_pl_0 rise edge)
                                                     10.000    10.000 r  
    PS8_X0Y0             PS8                          0.000    10.000 r  design_1_i/zynq_ultra_ps_e_0/inst/PS8_i/PLCLK[0]
                         net (fo=1, routed)           0.181    10.181    design_1_i/zynq_ultra_ps_e_0/inst/pl_clk_unbuffered[0]
    BUFG_PS_X0Y80        BUFG_PS (Prop_BUFG_PS_I_O)
                                                      0.035    10.216 r  design_1_i/zynq_ultra_ps_e_0/inst/buffer_pl_clk_0.PL_CLK_0_BUFG/O
    X0Y1 (CLOCK_ROOT)    net (fo=7084, routed)        1.937    12.153    design_1_i/myip_MLP_NN_HDL_0/inst/matrix_multiply_A_C/ACLK
    SLICE_X20Y79         FDRE                                         r  design_1_i/myip_MLP_NN_HDL_0/inst/matrix_multiply_A_C/sum_reg[11]/C
                         clock pessimism              0.176    12.329    
                         clock uncertainty           -0.160    12.169    
    SLICE_X20Y79         FDRE (Setup_DFF_SLICEM_C_D)
                                                      0.043    12.212    design_1_i/myip_MLP_NN_HDL_0/inst/matrix_multiply_A_C/sum_reg[11]
  -------------------------------------------------------------------
                         required time                         12.212    
                         arrival time                          -8.304    
  -------------------------------------------------------------------
                         slack                                  3.908    





Min Delay Paths
--------------------------------------------------------------------------------------
Slack (MET) :             0.010ns  (arrival time - required time)
  Source:                 design_1_i/axi_fifo_mm_s_0/U0/COMP_IPIC2AXI_S/grxd.COMP_rx_len_fifo/xpm_fifo_base_inst/wrp_inst/count_value_i_reg[3]/C
                            (rising edge-triggered cell FDRE clocked by clk_pl_0  {rise@0.000ns fall@5.000ns period=10.000ns})
  Destination:            design_1_i/axi_fifo_mm_s_0/U0/COMP_IPIC2AXI_S/grxd.COMP_rx_len_fifo/xpm_fifo_base_inst/wrp_inst/count_value_i_reg[6]/D
                            (rising edge-triggered cell FDRE clocked by clk_pl_0  {rise@0.000ns fall@5.000ns period=10.000ns})
  Path Group:             clk_pl_0
  Path Type:              Hold (Min at Slow Process Corner)
  Requirement:            0.000ns  (clk_pl_0 rise@0.000ns - clk_pl_0 rise@0.000ns)
  Data Path Delay:        0.296ns  (logic 0.163ns (55.092%)  route 0.133ns (44.908%))
  Logic Levels:           1  (LUT6=1)
  Clock Path Skew:        0.185ns (DCD - SCD - CPR)
    Destination Clock Delay (DCD):    2.475ns
    Source Clock Delay      (SCD):    2.149ns
    Clock Pessimism Removal (CPR):    0.141ns
  Clock Net Delay (Source):      1.933ns (routing 0.955ns, distribution 0.978ns)
  Clock Net Delay (Destination): 2.208ns (routing 1.045ns, distribution 1.163ns)

    Location             Delay type                Incr(ns)  Path(ns)    Netlist Resource(s)
  -------------------------------------------------------------------    -------------------
                         (clock clk_pl_0 rise edge)
                                                      0.000     0.000 r  
    PS8_X0Y0             PS8                          0.000     0.000 r  design_1_i/zynq_ultra_ps_e_0/inst/PS8_i/PLCLK[0]
                         net (fo=1, routed)           0.181     0.181    design_1_i/zynq_ultra_ps_e_0/inst/pl_clk_unbuffered[0]
    BUFG_PS_X0Y80        BUFG_PS (Prop_BUFG_PS_I_O)
                                                      0.035     0.216 r  design_1_i/zynq_ultra_ps_e_0/inst/buffer_pl_clk_0.PL_CLK_0_BUFG/O
    X0Y1 (CLOCK_ROOT)    net (fo=7084, routed)        1.933     2.149    design_1_i/axi_fifo_mm_s_0/U0/COMP_IPIC2AXI_S/grxd.COMP_rx_len_fifo/xpm_fifo_base_inst/wrp_inst/rd_clk
    SLICE_X15Y119        FDRE                                         r  design_1_i/axi_fifo_mm_s_0/U0/COMP_IPIC2AXI_S/grxd.COMP_rx_len_fifo/xpm_fifo_base_inst/wrp_inst/count_value_i_reg[3]/C
  -------------------------------------------------------------------    -------------------
    SLICE_X15Y119        FDRE (Prop_GFF_SLICEL_C_Q)
                                                      0.112     2.261 r  design_1_i/axi_fifo_mm_s_0/U0/COMP_IPIC2AXI_S/grxd.COMP_rx_len_fifo/xpm_fifo_base_inst/wrp_inst/count_value_i_reg[3]/Q
                         net (fo=60, routed)          0.102     2.363    design_1_i/axi_fifo_mm_s_0/U0/COMP_IPIC2AXI_S/grxd.COMP_rx_len_fifo/xpm_fifo_base_inst/wrp_inst/Q[3]
    SLICE_X16Y120        LUT6 (Prop_C6LUT_SLICEL_I3_O)
                                                      0.051     2.414 r  design_1_i/axi_fifo_mm_s_0/U0/COMP_IPIC2AXI_S/grxd.COMP_rx_len_fifo/xpm_fifo_base_inst/wrp_inst/count_value_i[6]_i_1__0/O
                         net (fo=1, routed)           0.031     2.445    design_1_i/axi_fifo_mm_s_0/U0/COMP_IPIC2AXI_S/grxd.COMP_rx_len_fifo/xpm_fifo_base_inst/wrp_inst/count_value_i[6]_i_1__0_n_0
    SLICE_X16Y120        FDRE                                         r  design_1_i/axi_fifo_mm_s_0/U0/COMP_IPIC2AXI_S/grxd.COMP_rx_len_fifo/xpm_fifo_base_inst/wrp_inst/count_value_i_reg[6]/D
  -------------------------------------------------------------------    -------------------

                         (clock clk_pl_0 rise edge)
                                                      0.000     0.000 r  
    PS8_X0Y0             PS8                          0.000     0.000 r  design_1_i/zynq_ultra_ps_e_0/inst/PS8_i/PLCLK[0]
                         net (fo=1, routed)           0.229     0.229    design_1_i/zynq_ultra_ps_e_0/inst/pl_clk_unbuffered[0]
    BUFG_PS_X0Y80        BUFG_PS (Prop_BUFG_PS_I_O)
                                                      0.038     0.267 r  design_1_i/zynq_ultra_ps_e_0/inst/buffer_pl_clk_0.PL_CLK_0_BUFG/O
    X0Y1 (CLOCK_ROOT)    net (fo=7084, routed)        2.208     2.475    design_1_i/axi_fifo_mm_s_0/U0/COMP_IPIC2AXI_S/grxd.COMP_rx_len_fifo/xpm_fifo_base_inst/wrp_inst/rd_clk
    SLICE_X16Y120        FDRE                                         r  design_1_i/axi_fifo_mm_s_0/U0/COMP_IPIC2AXI_S/grxd.COMP_rx_len_fifo/xpm_fifo_base_inst/wrp_inst/count_value_i_reg[6]/C
                         clock pessimism             -0.141     2.334    
    SLICE_X16Y120        FDRE (Hold_CFF_SLICEL_C_D)
                                                      0.101     2.435    design_1_i/axi_fifo_mm_s_0/U0/COMP_IPIC2AXI_S/grxd.COMP_rx_len_fifo/xpm_fifo_base_inst/wrp_inst/count_value_i_reg[6]
  -------------------------------------------------------------------
                         required time                         -2.435    
                         arrival time                           2.445    
  -------------------------------------------------------------------
                         slack                                  0.010    

Slack (MET) :             0.011ns  (arrival time - required time)
  Source:                 design_1_i/myip_MLP_NN_HDL_0/inst/RES_RAM/read_data_out_reg[3]/C
                            (rising edge-triggered cell FDRE clocked by clk_pl_0  {rise@0.000ns fall@5.000ns period=10.000ns})
  Destination:            design_1_i/myip_MLP_NN_HDL_0/inst/M_AXIS_TDATA_reg[3]/D
                            (rising edge-triggered cell FDRE clocked by clk_pl_0  {rise@0.000ns fall@5.000ns period=10.000ns})
  Path Group:             clk_pl_0
  Path Type:              Hold (Min at Slow Process Corner)
  Requirement:            0.000ns  (clk_pl_0 rise@0.000ns - clk_pl_0 rise@0.000ns)
  Data Path Delay:        0.212ns  (logic 0.112ns (52.830%)  route 0.100ns (47.170%))
  Logic Levels:           0  
  Clock Path Skew:        0.098ns (DCD - SCD - CPR)
    Destination Clock Delay (DCD):    2.415ns
    Source Clock Delay      (SCD):    2.144ns
    Clock Pessimism Removal (CPR):    0.173ns
  Clock Net Delay (Source):      1.928ns (routing 0.955ns, distribution 0.973ns)
  Clock Net Delay (Destination): 2.148ns (routing 1.045ns, distribution 1.103ns)

    Location             Delay type                Incr(ns)  Path(ns)    Netlist Resource(s)
  -------------------------------------------------------------------    -------------------
                         (clock clk_pl_0 rise edge)
                                                      0.000     0.000 r  
    PS8_X0Y0             PS8                          0.000     0.000 r  design_1_i/zynq_ultra_ps_e_0/inst/PS8_i/PLCLK[0]
                         net (fo=1, routed)           0.181     0.181    design_1_i/zynq_ultra_ps_e_0/inst/pl_clk_unbuffered[0]
    BUFG_PS_X0Y80        BUFG_PS (Prop_BUFG_PS_I_O)
                                                      0.035     0.216 r  design_1_i/zynq_ultra_ps_e_0/inst/buffer_pl_clk_0.PL_CLK_0_BUFG/O
    X0Y1 (CLOCK_ROOT)    net (fo=7084, routed)        1.928     2.144    design_1_i/myip_MLP_NN_HDL_0/inst/RES_RAM/ACLK
    SLICE_X17Y87         FDRE                                         r  design_1_i/myip_MLP_NN_HDL_0/inst/RES_RAM/read_data_out_reg[3]/C
  -------------------------------------------------------------------    -------------------
    SLICE_X17Y87         FDRE (Prop_EFF_SLICEM_C_Q)
                                                      0.112     2.256 r  design_1_i/myip_MLP_NN_HDL_0/inst/RES_RAM/read_data_out_reg[3]/Q
                         net (fo=1, routed)           0.100     2.356    design_1_i/myip_MLP_NN_HDL_0/inst/RES_RAM_n_4
    SLICE_X16Y87         FDRE                                         r  design_1_i/myip_MLP_NN_HDL_0/inst/M_AXIS_TDATA_reg[3]/D
  -------------------------------------------------------------------    -------------------

                         (clock clk_pl_0 rise edge)
                                                      0.000     0.000 r  
    PS8_X0Y0             PS8                          0.000     0.000 r  design_1_i/zynq_ultra_ps_e_0/inst/PS8_i/PLCLK[0]
                         net (fo=1, routed)           0.229     0.229    design_1_i/zynq_ultra_ps_e_0/inst/pl_clk_unbuffered[0]
    BUFG_PS_X0Y80        BUFG_PS (Prop_BUFG_PS_I_O)
                                                      0.038     0.267 r  design_1_i/zynq_ultra_ps_e_0/inst/buffer_pl_clk_0.PL_CLK_0_BUFG/O
    X0Y1 (CLOCK_ROOT)    net (fo=7084, routed)        2.148     2.415    design_1_i/myip_MLP_NN_HDL_0/inst/ACLK
    SLICE_X16Y87         FDRE                                         r  design_1_i/myip_MLP_NN_HDL_0/inst/M_AXIS_TDATA_reg[3]/C
                         clock pessimism             -0.173     2.243    
    SLICE_X16Y87         FDRE (Hold_FFF2_SLICEL_C_D)
                                                      0.103     2.346    design_1_i/myip_MLP_NN_HDL_0/inst/M_AXIS_TDATA_reg[3]
  -------------------------------------------------------------------
                         required time                         -2.346    
                         arrival time                           2.356    
  -------------------------------------------------------------------
                         slack                                  0.011    

Slack (MET) :             0.011ns  (arrival time - required time)
  Source:                 design_1_i/ps8_0_axi_periph/m00_couplers/auto_pc/inst/gen_axilite.gen_b2s_conv.axilite_b2s/SI_REG/r.r_pipe/m_payload_i_reg[12]/C
                            (rising edge-triggered cell FDRE clocked by clk_pl_0  {rise@0.000ns fall@5.000ns period=10.000ns})
  Destination:            design_1_i/ps8_0_axi_periph/xbar/inst/gen_samd.crossbar_samd/gen_master_slots[0].reg_slice_mi/r.r_pipe/skid_buffer_reg[12]/D
                            (rising edge-triggered cell FDRE clocked by clk_pl_0  {rise@0.000ns fall@5.000ns period=10.000ns})
  Path Group:             clk_pl_0
  Path Type:              Hold (Min at Slow Process Corner)
  Requirement:            0.000ns  (clk_pl_0 rise@0.000ns - clk_pl_0 rise@0.000ns)
  Data Path Delay:        0.230ns  (logic 0.113ns (49.204%)  route 0.117ns (50.796%))
  Logic Levels:           0  
  Clock Path Skew:        0.118ns (DCD - SCD - CPR)
    Destination Clock Delay (DCD):    2.436ns
    Source Clock Delay      (SCD):    2.145ns
    Clock Pessimism Removal (CPR):    0.173ns
  Clock Net Delay (Source):      1.929ns (routing 0.955ns, distribution 0.974ns)
  Clock Net Delay (Destination): 2.169ns (routing 1.045ns, distribution 1.124ns)

    Location             Delay type                Incr(ns)  Path(ns)    Netlist Resource(s)
  -------------------------------------------------------------------    -------------------
                         (clock clk_pl_0 rise edge)
                                                      0.000     0.000 r  
    PS8_X0Y0             PS8                          0.000     0.000 r  design_1_i/zynq_ultra_ps_e_0/inst/PS8_i/PLCLK[0]
                         net (fo=1, routed)           0.181     0.181    design_1_i/zynq_ultra_ps_e_0/inst/pl_clk_unbuffered[0]
    BUFG_PS_X0Y80        BUFG_PS (Prop_BUFG_PS_I_O)
                                                      0.035     0.216 r  design_1_i/zynq_ultra_ps_e_0/inst/buffer_pl_clk_0.PL_CLK_0_BUFG/O
    X0Y1 (CLOCK_ROOT)    net (fo=7084, routed)        1.929     2.145    design_1_i/ps8_0_axi_periph/m00_couplers/auto_pc/inst/gen_axilite.gen_b2s_conv.axilite_b2s/SI_REG/r.r_pipe/aclk
    SLICE_X17Y111        FDRE                                         r  design_1_i/ps8_0_axi_periph/m00_couplers/auto_pc/inst/gen_axilite.gen_b2s_conv.axilite_b2s/SI_REG/r.r_pipe/m_payload_i_reg[12]/C
  -------------------------------------------------------------------    -------------------
    SLICE_X17Y111        FDRE (Prop_CFF2_SLICEM_C_Q)
                                                      0.113     2.258 r  design_1_i/ps8_0_axi_periph/m00_couplers/auto_pc/inst/gen_axilite.gen_b2s_conv.axilite_b2s/SI_REG/r.r_pipe/m_payload_i_reg[12]/Q
                         net (fo=2, routed)           0.117     2.375    design_1_i/ps8_0_axi_periph/xbar/inst/gen_samd.crossbar_samd/gen_master_slots[0].reg_slice_mi/r.r_pipe/m_axi_rdata[12]
    SLICE_X16Y112        FDRE                                         r  design_1_i/ps8_0_axi_periph/xbar/inst/gen_samd.crossbar_samd/gen_master_slots[0].reg_slice_mi/r.r_pipe/skid_buffer_reg[12]/D
  -------------------------------------------------------------------    -------------------

                         (clock clk_pl_0 rise edge)
                                                      0.000     0.000 r  
    PS8_X0Y0             PS8                          0.000     0.000 r  design_1_i/zynq_ultra_ps_e_0/inst/PS8_i/PLCLK[0]
                         net (fo=1, routed)           0.229     0.229    design_1_i/zynq_ultra_ps_e_0/inst/pl_clk_unbuffered[0]
    BUFG_PS_X0Y80        BUFG_PS (Prop_BUFG_PS_I_O)
                                                      0.038     0.267 r  design_1_i/zynq_ultra_ps_e_0/inst/buffer_pl_clk_0.PL_CLK_0_BUFG/O
    X0Y1 (CLOCK_ROOT)    net (fo=7084, routed)        2.169     2.436    design_1_i/ps8_0_axi_periph/xbar/inst/gen_samd.crossbar_samd/gen_master_slots[0].reg_slice_mi/r.r_pipe/aclk
    SLICE_X16Y112        FDRE                                         r  design_1_i/ps8_0_axi_periph/xbar/inst/gen_samd.crossbar_samd/gen_master_slots[0].reg_slice_mi/r.r_pipe/skid_buffer_reg[12]/C
                         clock pessimism             -0.173     2.263    
    SLICE_X16Y112        FDRE (Hold_AFF_SLICEL_C_D)
                                                      0.101     2.364    design_1_i/ps8_0_axi_periph/xbar/inst/gen_samd.crossbar_samd/gen_master_slots[0].reg_slice_mi/r.r_pipe/skid_buffer_reg[12]
  -------------------------------------------------------------------
                         required time                         -2.364    
                         arrival time                           2.375    
  -------------------------------------------------------------------
                         slack                                  0.011    

Slack (MET) :             0.012ns  (arrival time - required time)
  Source:                 design_1_i/axi_fifo_mm_s_1/U0/gaxif.COMP_AXI4/axi_wr_fsm/gaxi_bid_gen.S_AXI_BID_reg[2]/C
                            (rising edge-triggered cell FDRE clocked by clk_pl_0  {rise@0.000ns fall@5.000ns period=10.000ns})
  Destination:            design_1_i/ps8_0_axi_periph/xbar/inst/gen_samd.crossbar_samd/gen_master_slots[4].reg_slice_mi/b.b_pipe/m_payload_i_reg[4]/D
                            (rising edge-triggered cell FDRE clocked by clk_pl_0  {rise@0.000ns fall@5.000ns period=10.000ns})
  Path Group:             clk_pl_0
  Path Type:              Hold (Min at Slow Process Corner)
  Requirement:            0.000ns  (clk_pl_0 rise@0.000ns - clk_pl_0 rise@0.000ns)
  Data Path Delay:        0.234ns  (logic 0.114ns (48.718%)  route 0.120ns (51.282%))
  Logic Levels:           0  
  Clock Path Skew:        0.120ns (DCD - SCD - CPR)
    Destination Clock Delay (DCD):    2.456ns
    Source Clock Delay      (SCD):    2.159ns
    Clock Pessimism Removal (CPR):    0.176ns
  Clock Net Delay (Source):      1.943ns (routing 0.955ns, distribution 0.988ns)
  Clock Net Delay (Destination): 2.189ns (routing 1.045ns, distribution 1.144ns)

    Location             Delay type                Incr(ns)  Path(ns)    Netlist Resource(s)
  -------------------------------------------------------------------    -------------------
                         (clock clk_pl_0 rise edge)
                                                      0.000     0.000 r  
    PS8_X0Y0             PS8                          0.000     0.000 r  design_1_i/zynq_ultra_ps_e_0/inst/PS8_i/PLCLK[0]
                         net (fo=1, routed)           0.181     0.181    design_1_i/zynq_ultra_ps_e_0/inst/pl_clk_unbuffered[0]
    BUFG_PS_X0Y80        BUFG_PS (Prop_BUFG_PS_I_O)
                                                      0.035     0.216 r  design_1_i/zynq_ultra_ps_e_0/inst/buffer_pl_clk_0.PL_CLK_0_BUFG/O
    X0Y1 (CLOCK_ROOT)    net (fo=7084, routed)        1.943     2.159    design_1_i/axi_fifo_mm_s_1/U0/gaxif.COMP_AXI4/axi_wr_fsm/s_axi_aclk
    SLICE_X4Y125         FDRE                                         r  design_1_i/axi_fifo_mm_s_1/U0/gaxif.COMP_AXI4/axi_wr_fsm/gaxi_bid_gen.S_AXI_BID_reg[2]/C
  -------------------------------------------------------------------    -------------------
    SLICE_X4Y125         FDRE (Prop_BFF2_SLICEM_C_Q)
                                                      0.114     2.273 r  design_1_i/axi_fifo_mm_s_1/U0/gaxif.COMP_AXI4/axi_wr_fsm/gaxi_bid_gen.S_AXI_BID_reg[2]/Q
                         net (fo=1, routed)           0.120     2.393    design_1_i/ps8_0_axi_periph/xbar/inst/gen_samd.crossbar_samd/gen_master_slots[4].reg_slice_mi/b.b_pipe/D[4]
    SLICE_X5Y125         FDRE                                         r  design_1_i/ps8_0_axi_periph/xbar/inst/gen_samd.crossbar_samd/gen_master_slots[4].reg_slice_mi/b.b_pipe/m_payload_i_reg[4]/D
  -------------------------------------------------------------------    -------------------

                         (clock clk_pl_0 rise edge)
                                                      0.000     0.000 r  
    PS8_X0Y0             PS8                          0.000     0.000 r  design_1_i/zynq_ultra_ps_e_0/inst/PS8_i/PLCLK[0]
                         net (fo=1, routed)           0.229     0.229    design_1_i/zynq_ultra_ps_e_0/inst/pl_clk_unbuffered[0]
    BUFG_PS_X0Y80        BUFG_PS (Prop_BUFG_PS_I_O)
                                                      0.038     0.267 r  design_1_i/zynq_ultra_ps_e_0/inst/buffer_pl_clk_0.PL_CLK_0_BUFG/O
    X0Y1 (CLOCK_ROOT)    net (fo=7084, routed)        2.189     2.456    design_1_i/ps8_0_axi_periph/xbar/inst/gen_samd.crossbar_samd/gen_master_slots[4].reg_slice_mi/b.b_pipe/aclk
    SLICE_X5Y125         FDRE                                         r  design_1_i/ps8_0_axi_periph/xbar/inst/gen_samd.crossbar_samd/gen_master_slots[4].reg_slice_mi/b.b_pipe/m_payload_i_reg[4]/C
                         clock pessimism             -0.176     2.280    
    SLICE_X5Y125         FDRE (Hold_DFF2_SLICEM_C_D)
                                                      0.102     2.382    design_1_i/ps8_0_axi_periph/xbar/inst/gen_samd.crossbar_samd/gen_master_slots[4].reg_slice_mi/b.b_pipe/m_payload_i_reg[4]
  -------------------------------------------------------------------
                         required time                         -2.382    
                         arrival time                           2.393    
  -------------------------------------------------------------------
                         slack                                  0.012    

Slack (MET) :             0.012ns  (arrival time - required time)
  Source:                 design_1_i/axi_fifo_mm_s_0/U0/COMP_IPIF/I_SLAVE_ATTACHMENT/s_axi_rdata_i_reg[28]/C
                            (rising edge-triggered cell FDRE clocked by clk_pl_0  {rise@0.000ns fall@5.000ns period=10.000ns})
  Destination:            design_1_i/ps8_0_axi_periph/m00_couplers/auto_pc/inst/gen_axilite.gen_b2s_conv.axilite_b2s/RD.r_channel_0/rd_data_fifo_0/memory_reg[31][28]_srl32/D
                            (rising edge-triggered cell SRLC32E clocked by clk_pl_0  {rise@0.000ns fall@5.000ns period=10.000ns})
  Path Group:             clk_pl_0
  Path Type:              Hold (Min at Slow Process Corner)
  Requirement:            0.000ns  (clk_pl_0 rise@0.000ns - clk_pl_0 rise@0.000ns)
  Data Path Delay:        0.198ns  (logic 0.114ns (57.576%)  route 0.084ns (42.424%))
  Logic Levels:           0  
  Clock Path Skew:        0.116ns (DCD - SCD - CPR)
    Destination Clock Delay (DCD):    2.443ns
    Source Clock Delay      (SCD):    2.154ns
    Clock Pessimism Removal (CPR):    0.173ns
  Clock Net Delay (Source):      1.938ns (routing 0.955ns, distribution 0.983ns)
  Clock Net Delay (Destination): 2.176ns (routing 1.045ns, distribution 1.131ns)

    Location             Delay type                Incr(ns)  Path(ns)    Netlist Resource(s)
  -------------------------------------------------------------------    -------------------
                         (clock clk_pl_0 rise edge)
                                                      0.000     0.000 r  
    PS8_X0Y0             PS8                          0.000     0.000 r  design_1_i/zynq_ultra_ps_e_0/inst/PS8_i/PLCLK[0]
                         net (fo=1, routed)           0.181     0.181    design_1_i/zynq_ultra_ps_e_0/inst/pl_clk_unbuffered[0]
    BUFG_PS_X0Y80        BUFG_PS (Prop_BUFG_PS_I_O)
                                                      0.035     0.216 r  design_1_i/zynq_ultra_ps_e_0/inst/buffer_pl_clk_0.PL_CLK_0_BUFG/O
    X0Y1 (CLOCK_ROOT)    net (fo=7084, routed)        1.938     2.154    design_1_i/axi_fifo_mm_s_0/U0/COMP_IPIF/I_SLAVE_ATTACHMENT/s_axi_aclk
    SLICE_X15Y112        FDRE                                         r  design_1_i/axi_fifo_mm_s_0/U0/COMP_IPIF/I_SLAVE_ATTACHMENT/s_axi_rdata_i_reg[28]/C
  -------------------------------------------------------------------    -------------------
    SLICE_X15Y112        FDRE (Prop_GFF2_SLICEL_C_Q)
                                                      0.114     2.268 r  design_1_i/axi_fifo_mm_s_0/U0/COMP_IPIF/I_SLAVE_ATTACHMENT/s_axi_rdata_i_reg[28]/Q
                         net (fo=1, routed)           0.084     2.352    design_1_i/ps8_0_axi_periph/m00_couplers/auto_pc/inst/gen_axilite.gen_b2s_conv.axilite_b2s/RD.r_channel_0/rd_data_fifo_0/in[28]
    SLICE_X13Y112        SRLC32E                                      r  design_1_i/ps8_0_axi_periph/m00_couplers/auto_pc/inst/gen_axilite.gen_b2s_conv.axilite_b2s/RD.r_channel_0/rd_data_fifo_0/memory_reg[31][28]_srl32/D
  -------------------------------------------------------------------    -------------------

                         (clock clk_pl_0 rise edge)
                                                      0.000     0.000 r  
    PS8_X0Y0             PS8                          0.000     0.000 r  design_1_i/zynq_ultra_ps_e_0/inst/PS8_i/PLCLK[0]
                         net (fo=1, routed)           0.229     0.229    design_1_i/zynq_ultra_ps_e_0/inst/pl_clk_unbuffered[0]
    BUFG_PS_X0Y80        BUFG_PS (Prop_BUFG_PS_I_O)
                                                      0.038     0.267 r  design_1_i/zynq_ultra_ps_e_0/inst/buffer_pl_clk_0.PL_CLK_0_BUFG/O
    X0Y1 (CLOCK_ROOT)    net (fo=7084, routed)        2.176     2.443    design_1_i/ps8_0_axi_periph/m00_couplers/auto_pc/inst/gen_axilite.gen_b2s_conv.axilite_b2s/RD.r_channel_0/rd_data_fifo_0/aclk
    SLICE_X13Y112        SRLC32E                                      r  design_1_i/ps8_0_axi_periph/m00_couplers/auto_pc/inst/gen_axilite.gen_b2s_conv.axilite_b2s/RD.r_channel_0/rd_data_fifo_0/memory_reg[31][28]_srl32/CLK
                         clock pessimism             -0.173     2.270    
    SLICE_X13Y112        SRLC32E (Hold_A6LUT_SLICEM_CLK_D)
                                                      0.070     2.340    design_1_i/ps8_0_axi_periph/m00_couplers/auto_pc/inst/gen_axilite.gen_b2s_conv.axilite_b2s/RD.r_channel_0/rd_data_fifo_0/memory_reg[31][28]_srl32
  -------------------------------------------------------------------
                         required time                         -2.340    
                         arrival time                           2.352    
  -------------------------------------------------------------------
                         slack                                  0.012    

Slack (MET) :             0.012ns  (arrival time - required time)
  Source:                 design_1_i/axi_fifo_mm_s_0/U0/COMP_IPIF/I_SLAVE_ATTACHMENT/s_axi_rdata_i_reg[24]/C
                            (rising edge-triggered cell FDRE clocked by clk_pl_0  {rise@0.000ns fall@5.000ns period=10.000ns})
  Destination:            design_1_i/ps8_0_axi_periph/m00_couplers/auto_pc/inst/gen_axilite.gen_b2s_conv.axilite_b2s/RD.r_channel_0/rd_data_fifo_0/memory_reg[31][24]_srl32/D
                            (rising edge-triggered cell SRLC32E clocked by clk_pl_0  {rise@0.000ns fall@5.000ns period=10.000ns})
  Path Group:             clk_pl_0
  Path Type:              Hold (Min at Slow Process Corner)
  Requirement:            0.000ns  (clk_pl_0 rise@0.000ns - clk_pl_0 rise@0.000ns)
  Data Path Delay:        0.198ns  (logic 0.112ns (56.566%)  route 0.086ns (43.434%))
  Logic Levels:           0  
  Clock Path Skew:        0.116ns (DCD - SCD - CPR)
    Destination Clock Delay (DCD):    2.443ns
    Source Clock Delay      (SCD):    2.154ns
    Clock Pessimism Removal (CPR):    0.173ns
  Clock Net Delay (Source):      1.938ns (routing 0.955ns, distribution 0.983ns)
  Clock Net Delay (Destination): 2.176ns (routing 1.045ns, distribution 1.131ns)

    Location             Delay type                Incr(ns)  Path(ns)    Netlist Resource(s)
  -------------------------------------------------------------------    -------------------
                         (clock clk_pl_0 rise edge)
                                                      0.000     0.000 r  
    PS8_X0Y0             PS8                          0.000     0.000 r  design_1_i/zynq_ultra_ps_e_0/inst/PS8_i/PLCLK[0]
                         net (fo=1, routed)           0.181     0.181    design_1_i/zynq_ultra_ps_e_0/inst/pl_clk_unbuffered[0]
    BUFG_PS_X0Y80        BUFG_PS (Prop_BUFG_PS_I_O)
                                                      0.035     0.216 r  design_1_i/zynq_ultra_ps_e_0/inst/buffer_pl_clk_0.PL_CLK_0_BUFG/O
    X0Y1 (CLOCK_ROOT)    net (fo=7084, routed)        1.938     2.154    design_1_i/axi_fifo_mm_s_0/U0/COMP_IPIF/I_SLAVE_ATTACHMENT/s_axi_aclk
    SLICE_X15Y112        FDRE                                         r  design_1_i/axi_fifo_mm_s_0/U0/COMP_IPIF/I_SLAVE_ATTACHMENT/s_axi_rdata_i_reg[24]/C
  -------------------------------------------------------------------    -------------------
    SLICE_X15Y112        FDRE (Prop_GFF_SLICEL_C_Q)
                                                      0.112     2.266 r  design_1_i/axi_fifo_mm_s_0/U0/COMP_IPIF/I_SLAVE_ATTACHMENT/s_axi_rdata_i_reg[24]/Q
                         net (fo=1, routed)           0.086     2.352    design_1_i/ps8_0_axi_periph/m00_couplers/auto_pc/inst/gen_axilite.gen_b2s_conv.axilite_b2s/RD.r_channel_0/rd_data_fifo_0/in[24]
    SLICE_X13Y112        SRLC32E                                      r  design_1_i/ps8_0_axi_periph/m00_couplers/auto_pc/inst/gen_axilite.gen_b2s_conv.axilite_b2s/RD.r_channel_0/rd_data_fifo_0/memory_reg[31][24]_srl32/D
  -------------------------------------------------------------------    -------------------

                         (clock clk_pl_0 rise edge)
                                                      0.000     0.000 r  
    PS8_X0Y0             PS8                          0.000     0.000 r  design_1_i/zynq_ultra_ps_e_0/inst/PS8_i/PLCLK[0]
                         net (fo=1, routed)           0.229     0.229    design_1_i/zynq_ultra_ps_e_0/inst/pl_clk_unbuffered[0]
    BUFG_PS_X0Y80        BUFG_PS (Prop_BUFG_PS_I_O)
                                                      0.038     0.267 r  design_1_i/zynq_ultra_ps_e_0/inst/buffer_pl_clk_0.PL_CLK_0_BUFG/O
    X0Y1 (CLOCK_ROOT)    net (fo=7084, routed)        2.176     2.443    design_1_i/ps8_0_axi_periph/m00_couplers/auto_pc/inst/gen_axilite.gen_b2s_conv.axilite_b2s/RD.r_channel_0/rd_data_fifo_0/aclk
    SLICE_X13Y112        SRLC32E                                      r  design_1_i/ps8_0_axi_periph/m00_couplers/auto_pc/inst/gen_axilite.gen_b2s_conv.axilite_b2s/RD.r_channel_0/rd_data_fifo_0/memory_reg[31][24]_srl32/CLK
                         clock pessimism             -0.173     2.270    
    SLICE_X13Y112        SRLC32E (Hold_C6LUT_SLICEM_CLK_D)
                                                      0.070     2.340    design_1_i/ps8_0_axi_periph/m00_couplers/auto_pc/inst/gen_axilite.gen_b2s_conv.axilite_b2s/RD.r_channel_0/rd_data_fifo_0/memory_reg[31][24]_srl32
  -------------------------------------------------------------------
                         required time                         -2.340    
                         arrival time                           2.352    
  -------------------------------------------------------------------
                         slack                                  0.012    

Slack (MET) :             0.013ns  (arrival time - required time)
  Source:                 design_1_i/axi_fifo_mm_s_2/U0/gaxif.COMP_AXI4/axi_wr_fsm/gaxi_bid_gen.S_AXI_BID_reg[1]/C
                            (rising edge-triggered cell FDRE clocked by clk_pl_0  {rise@0.000ns fall@5.000ns period=10.000ns})
  Destination:            design_1_i/ps8_0_axi_periph/xbar/inst/gen_samd.crossbar_samd/gen_master_slots[6].reg_slice_mi/b.b_pipe/m_payload_i_reg[3]/D
                            (rising edge-triggered cell FDRE clocked by clk_pl_0  {rise@0.000ns fall@5.000ns period=10.000ns})
  Path Group:             clk_pl_0
  Path Type:              Hold (Min at Slow Process Corner)
  Requirement:            0.000ns  (clk_pl_0 rise@0.000ns - clk_pl_0 rise@0.000ns)
  Data Path Delay:        0.234ns  (logic 0.112ns (47.863%)  route 0.122ns (52.137%))
  Logic Levels:           0  
  Clock Path Skew:        0.119ns (DCD - SCD - CPR)
    Destination Clock Delay (DCD):    2.455ns
    Source Clock Delay      (SCD):    2.159ns
    Clock Pessimism Removal (CPR):    0.176ns
  Clock Net Delay (Source):      1.943ns (routing 0.955ns, distribution 0.988ns)
  Clock Net Delay (Destination): 2.188ns (routing 1.045ns, distribution 1.143ns)

    Location             Delay type                Incr(ns)  Path(ns)    Netlist Resource(s)
  -------------------------------------------------------------------    -------------------
                         (clock clk_pl_0 rise edge)
                                                      0.000     0.000 r  
    PS8_X0Y0             PS8                          0.000     0.000 r  design_1_i/zynq_ultra_ps_e_0/inst/PS8_i/PLCLK[0]
                         net (fo=1, routed)           0.181     0.181    design_1_i/zynq_ultra_ps_e_0/inst/pl_clk_unbuffered[0]
    BUFG_PS_X0Y80        BUFG_PS (Prop_BUFG_PS_I_O)
                                                      0.035     0.216 r  design_1_i/zynq_ultra_ps_e_0/inst/buffer_pl_clk_0.PL_CLK_0_BUFG/O
    X0Y1 (CLOCK_ROOT)    net (fo=7084, routed)        1.943     2.159    design_1_i/axi_fifo_mm_s_2/U0/gaxif.COMP_AXI4/axi_wr_fsm/s_axi_aclk
    SLICE_X4Y127         FDRE                                         r  design_1_i/axi_fifo_mm_s_2/U0/gaxif.COMP_AXI4/axi_wr_fsm/gaxi_bid_gen.S_AXI_BID_reg[1]/C
  -------------------------------------------------------------------    -------------------
    SLICE_X4Y127         FDRE (Prop_AFF_SLICEM_C_Q)
                                                      0.112     2.271 r  design_1_i/axi_fifo_mm_s_2/U0/gaxif.COMP_AXI4/axi_wr_fsm/gaxi_bid_gen.S_AXI_BID_reg[1]/Q
                         net (fo=1, routed)           0.122     2.393    design_1_i/ps8_0_axi_periph/xbar/inst/gen_samd.crossbar_samd/gen_master_slots[6].reg_slice_mi/b.b_pipe/D[3]
    SLICE_X5Y127         FDRE                                         r  design_1_i/ps8_0_axi_periph/xbar/inst/gen_samd.crossbar_samd/gen_master_slots[6].reg_slice_mi/b.b_pipe/m_payload_i_reg[3]/D
  -------------------------------------------------------------------    -------------------

                         (clock clk_pl_0 rise edge)
                                                      0.000     0.000 r  
    PS8_X0Y0             PS8                          0.000     0.000 r  design_1_i/zynq_ultra_ps_e_0/inst/PS8_i/PLCLK[0]
                         net (fo=1, routed)           0.229     0.229    design_1_i/zynq_ultra_ps_e_0/inst/pl_clk_unbuffered[0]
    BUFG_PS_X0Y80        BUFG_PS (Prop_BUFG_PS_I_O)
                                                      0.038     0.267 r  design_1_i/zynq_ultra_ps_e_0/inst/buffer_pl_clk_0.PL_CLK_0_BUFG/O
    X0Y1 (CLOCK_ROOT)    net (fo=7084, routed)        2.188     2.455    design_1_i/ps8_0_axi_periph/xbar/inst/gen_samd.crossbar_samd/gen_master_slots[6].reg_slice_mi/b.b_pipe/aclk
    SLICE_X5Y127         FDRE                                         r  design_1_i/ps8_0_axi_periph/xbar/inst/gen_samd.crossbar_samd/gen_master_slots[6].reg_slice_mi/b.b_pipe/m_payload_i_reg[3]/C
                         clock pessimism             -0.176     2.279    
    SLICE_X5Y127         FDRE (Hold_DFF2_SLICEM_C_D)
                                                      0.102     2.381    design_1_i/ps8_0_axi_periph/xbar/inst/gen_samd.crossbar_samd/gen_master_slots[6].reg_slice_mi/b.b_pipe/m_payload_i_reg[3]
  -------------------------------------------------------------------
                         required time                         -2.381    
                         arrival time                           2.393    
  -------------------------------------------------------------------
                         slack                                  0.013    

Slack (MET) :             0.013ns  (arrival time - required time)
  Source:                 design_1_i/ps8_0_axi_periph/m03_couplers/auto_pc/inst/gen_axilite.gen_b2s_conv.axilite_b2s/SI_REG/aw.aw_pipe/m_payload_i_reg[56]/C
                            (rising edge-triggered cell FDRE clocked by clk_pl_0  {rise@0.000ns fall@5.000ns period=10.000ns})
  Destination:            design_1_i/ps8_0_axi_periph/m03_couplers/auto_pc/inst/gen_axilite.gen_b2s_conv.axilite_b2s/WR.aw_channel_0/s_awid_r_reg[3]/D
                            (rising edge-triggered cell FDRE clocked by clk_pl_0  {rise@0.000ns fall@5.000ns period=10.000ns})
  Path Group:             clk_pl_0
  Path Type:              Hold (Min at Slow Process Corner)
  Requirement:            0.000ns  (clk_pl_0 rise@0.000ns - clk_pl_0 rise@0.000ns)
  Data Path Delay:        0.213ns  (logic 0.115ns (53.991%)  route 0.098ns (46.009%))
  Logic Levels:           0  
  Clock Path Skew:        0.098ns (DCD - SCD - CPR)
    Destination Clock Delay (DCD):    2.437ns
    Source Clock Delay      (SCD):    2.163ns
    Clock Pessimism Removal (CPR):    0.176ns
  Clock Net Delay (Source):      1.947ns (routing 0.955ns, distribution 0.992ns)
  Clock Net Delay (Destination): 2.170ns (routing 1.045ns, distribution 1.125ns)

    Location             Delay type                Incr(ns)  Path(ns)    Netlist Resource(s)
  -------------------------------------------------------------------    -------------------
                         (clock clk_pl_0 rise edge)
                                                      0.000     0.000 r  
    PS8_X0Y0             PS8                          0.000     0.000 r  design_1_i/zynq_ultra_ps_e_0/inst/PS8_i/PLCLK[0]
                         net (fo=1, routed)           0.181     0.181    design_1_i/zynq_ultra_ps_e_0/inst/pl_clk_unbuffered[0]
    BUFG_PS_X0Y80        BUFG_PS (Prop_BUFG_PS_I_O)
                                                      0.035     0.216 r  design_1_i/zynq_ultra_ps_e_0/inst/buffer_pl_clk_0.PL_CLK_0_BUFG/O
    X0Y1 (CLOCK_ROOT)    net (fo=7084, routed)        1.947     2.163    design_1_i/ps8_0_axi_periph/m03_couplers/auto_pc/inst/gen_axilite.gen_b2s_conv.axilite_b2s/SI_REG/aw.aw_pipe/aclk
    SLICE_X10Y123        FDRE                                         r  design_1_i/ps8_0_axi_periph/m03_couplers/auto_pc/inst/gen_axilite.gen_b2s_conv.axilite_b2s/SI_REG/aw.aw_pipe/m_payload_i_reg[56]/C
  -------------------------------------------------------------------    -------------------
    SLICE_X10Y123        FDRE (Prop_DFF2_SLICEM_C_Q)
                                                      0.115     2.278 r  design_1_i/ps8_0_axi_periph/m03_couplers/auto_pc/inst/gen_axilite.gen_b2s_conv.axilite_b2s/SI_REG/aw.aw_pipe/m_payload_i_reg[56]/Q
                         net (fo=1, routed)           0.098     2.376    design_1_i/ps8_0_axi_periph/m03_couplers/auto_pc/inst/gen_axilite.gen_b2s_conv.axilite_b2s/WR.aw_channel_0/s_awid_r_reg[15]_0[27]
    SLICE_X9Y123         FDRE                                         r  design_1_i/ps8_0_axi_periph/m03_couplers/auto_pc/inst/gen_axilite.gen_b2s_conv.axilite_b2s/WR.aw_channel_0/s_awid_r_reg[3]/D
  -------------------------------------------------------------------    -------------------

                         (clock clk_pl_0 rise edge)
                                                      0.000     0.000 r  
    PS8_X0Y0             PS8                          0.000     0.000 r  design_1_i/zynq_ultra_ps_e_0/inst/PS8_i/PLCLK[0]
                         net (fo=1, routed)           0.229     0.229    design_1_i/zynq_ultra_ps_e_0/inst/pl_clk_unbuffered[0]
    BUFG_PS_X0Y80        BUFG_PS (Prop_BUFG_PS_I_O)
                                                      0.038     0.267 r  design_1_i/zynq_ultra_ps_e_0/inst/buffer_pl_clk_0.PL_CLK_0_BUFG/O
    X0Y1 (CLOCK_ROOT)    net (fo=7084, routed)        2.170     2.437    design_1_i/ps8_0_axi_periph/m03_couplers/auto_pc/inst/gen_axilite.gen_b2s_conv.axilite_b2s/WR.aw_channel_0/aclk
    SLICE_X9Y123         FDRE                                         r  design_1_i/ps8_0_axi_periph/m03_couplers/auto_pc/inst/gen_axilite.gen_b2s_conv.axilite_b2s/WR.aw_channel_0/s_awid_r_reg[3]/C
                         clock pessimism             -0.176     2.261    
    SLICE_X9Y123         FDRE (Hold_EFF2_SLICEL_C_D)
                                                      0.102     2.363    design_1_i/ps8_0_axi_periph/m03_couplers/auto_pc/inst/gen_axilite.gen_b2s_conv.axilite_b2s/WR.aw_channel_0/s_awid_r_reg[3]
  -------------------------------------------------------------------
                         required time                         -2.363    
                         arrival time                           2.376    
  -------------------------------------------------------------------
                         slack                                  0.013    

Slack (MET) :             0.015ns  (arrival time - required time)
  Source:                 design_1_i/axi_fifo_mm_s_2/U0/COMP_IPIC2AXI_S/gtxd.COMP_TXD_FIFO/gfifo_gen.gmm2s.wr_data_int_reg[30]/C
                            (rising edge-triggered cell FDRE clocked by clk_pl_0  {rise@0.000ns fall@5.000ns period=10.000ns})
  Destination:            design_1_i/axi_fifo_mm_s_2/U0/COMP_IPIC2AXI_S/gtxd.COMP_TXD_FIFO/gfifo_gen.COMP_AXIS_FG_FIFO/COMP_FIFO/xpm_fifo_base_inst/gen_sdpram.xpm_memory_base_inst/gen_wr_a.gen_word_narrow.mem_reg_bram_0/DINADIN[30]
                            (rising edge-triggered cell RAMB36E2 clocked by clk_pl_0  {rise@0.000ns fall@5.000ns period=10.000ns})
  Path Group:             clk_pl_0
  Path Type:              Hold (Min at Slow Process Corner)
  Requirement:            0.000ns  (clk_pl_0 rise@0.000ns - clk_pl_0 rise@0.000ns)
  Data Path Delay:        0.175ns  (logic 0.115ns (65.714%)  route 0.060ns (34.286%))
  Logic Levels:           0  
  Clock Path Skew:        0.208ns (DCD - SCD - CPR)
    Destination Clock Delay (DCD):    2.709ns
    Source Clock Delay      (SCD):    2.264ns
    Clock Pessimism Removal (CPR):    0.236ns
  Clock Net Delay (Source):      2.048ns (routing 0.955ns, distribution 1.093ns)
  Clock Net Delay (Destination): 2.442ns (routing 1.045ns, distribution 1.397ns)

    Location             Delay type                Incr(ns)  Path(ns)    Netlist Resource(s)
  -------------------------------------------------------------------    -------------------
                         (clock clk_pl_0 rise edge)
                                                      0.000     0.000 r  
    PS8_X0Y0             PS8                          0.000     0.000 r  design_1_i/zynq_ultra_ps_e_0/inst/PS8_i/PLCLK[0]
                         net (fo=1, routed)           0.181     0.181    design_1_i/zynq_ultra_ps_e_0/inst/pl_clk_unbuffered[0]
    BUFG_PS_X0Y80        BUFG_PS (Prop_BUFG_PS_I_O)
                                                      0.035     0.216 r  design_1_i/zynq_ultra_ps_e_0/inst/buffer_pl_clk_0.PL_CLK_0_BUFG/O
    X0Y1 (CLOCK_ROOT)    net (fo=7084, routed)        2.048     2.264    design_1_i/axi_fifo_mm_s_2/U0/COMP_IPIC2AXI_S/gtxd.COMP_TXD_FIFO/s_axi_aclk
    SLICE_X27Y107        FDRE                                         r  design_1_i/axi_fifo_mm_s_2/U0/COMP_IPIC2AXI_S/gtxd.COMP_TXD_FIFO/gfifo_gen.gmm2s.wr_data_int_reg[30]/C
  -------------------------------------------------------------------    -------------------
    SLICE_X27Y107        FDRE (Prop_FFF2_SLICEL_C_Q)
                                                      0.115     2.379 r  design_1_i/axi_fifo_mm_s_2/U0/COMP_IPIC2AXI_S/gtxd.COMP_TXD_FIFO/gfifo_gen.gmm2s.wr_data_int_reg[30]/Q
                         net (fo=1, routed)           0.060     2.439    design_1_i/axi_fifo_mm_s_2/U0/COMP_IPIC2AXI_S/gtxd.COMP_TXD_FIFO/gfifo_gen.COMP_AXIS_FG_FIFO/COMP_FIFO/xpm_fifo_base_inst/gen_sdpram.xpm_memory_base_inst/dina[30]
    RAMB36_X0Y21         RAMB36E2                                     r  design_1_i/axi_fifo_mm_s_2/U0/COMP_IPIC2AXI_S/gtxd.COMP_TXD_FIFO/gfifo_gen.COMP_AXIS_FG_FIFO/COMP_FIFO/xpm_fifo_base_inst/gen_sdpram.xpm_memory_base_inst/gen_wr_a.gen_word_narrow.mem_reg_bram_0/DINADIN[30]
  -------------------------------------------------------------------    -------------------

                         (clock clk_pl_0 rise edge)
                                                      0.000     0.000 r  
    PS8_X0Y0             PS8                          0.000     0.000 r  design_1_i/zynq_ultra_ps_e_0/inst/PS8_i/PLCLK[0]
                         net (fo=1, routed)           0.229     0.229    design_1_i/zynq_ultra_ps_e_0/inst/pl_clk_unbuffered[0]
    BUFG_PS_X0Y80        BUFG_PS (Prop_BUFG_PS_I_O)
                                                      0.038     0.267 r  design_1_i/zynq_ultra_ps_e_0/inst/buffer_pl_clk_0.PL_CLK_0_BUFG/O
    X0Y1 (CLOCK_ROOT)    net (fo=7084, routed)        2.442     2.709    design_1_i/axi_fifo_mm_s_2/U0/COMP_IPIC2AXI_S/gtxd.COMP_TXD_FIFO/gfifo_gen.COMP_AXIS_FG_FIFO/COMP_FIFO/xpm_fifo_base_inst/gen_sdpram.xpm_memory_base_inst/clka
    RAMB36_X0Y21         RAMB36E2                                     r  design_1_i/axi_fifo_mm_s_2/U0/COMP_IPIC2AXI_S/gtxd.COMP_TXD_FIFO/gfifo_gen.COMP_AXIS_FG_FIFO/COMP_FIFO/xpm_fifo_base_inst/gen_sdpram.xpm_memory_base_inst/gen_wr_a.gen_word_narrow.mem_reg_bram_0/CLKARDCLK
                         clock pessimism             -0.236     2.472    
    RAMB36_X0Y21         RAMB36E2 (Hold_RAMB36E2_RAMB36_CLKARDCLK_DINADIN[30])
                                                     -0.048     2.424    design_1_i/axi_fifo_mm_s_2/U0/COMP_IPIC2AXI_S/gtxd.COMP_TXD_FIFO/gfifo_gen.COMP_AXIS_FG_FIFO/COMP_FIFO/xpm_fifo_base_inst/gen_sdpram.xpm_memory_base_inst/gen_wr_a.gen_word_narrow.mem_reg_bram_0
  -------------------------------------------------------------------
                         required time                         -2.424    
                         arrival time                           2.439    
  -------------------------------------------------------------------
                         slack                                  0.015    

Slack (MET) :             0.015ns  (arrival time - required time)
  Source:                 design_1_i/myip_MLP_NN_HDL_0/inst/RES_RAM/read_data_out_reg[1]/C
                            (rising edge-triggered cell FDRE clocked by clk_pl_0  {rise@0.000ns fall@5.000ns period=10.000ns})
  Destination:            design_1_i/myip_MLP_NN_HDL_0/inst/M_AXIS_TDATA_reg[1]/D
                            (rising edge-triggered cell FDRE clocked by clk_pl_0  {rise@0.000ns fall@5.000ns period=10.000ns})
  Path Group:             clk_pl_0
  Path Type:              Hold (Min at Slow Process Corner)
  Requirement:            0.000ns  (clk_pl_0 rise@0.000ns - clk_pl_0 rise@0.000ns)
  Data Path Delay:        0.215ns  (logic 0.112ns (52.093%)  route 0.103ns (47.907%))
  Logic Levels:           0  
  Clock Path Skew:        0.098ns (DCD - SCD - CPR)
    Destination Clock Delay (DCD):    2.415ns
    Source Clock Delay      (SCD):    2.144ns
    Clock Pessimism Removal (CPR):    0.173ns
  Clock Net Delay (Source):      1.928ns (routing 0.955ns, distribution 0.973ns)
  Clock Net Delay (Destination): 2.148ns (routing 1.045ns, distribution 1.103ns)

    Location             Delay type                Incr(ns)  Path(ns)    Netlist Resource(s)
  -------------------------------------------------------------------    -------------------
                         (clock clk_pl_0 rise edge)
                                                      0.000     0.000 r  
    PS8_X0Y0             PS8                          0.000     0.000 r  design_1_i/zynq_ultra_ps_e_0/inst/PS8_i/PLCLK[0]
                         net (fo=1, routed)           0.181     0.181    design_1_i/zynq_ultra_ps_e_0/inst/pl_clk_unbuffered[0]
    BUFG_PS_X0Y80        BUFG_PS (Prop_BUFG_PS_I_O)
                                                      0.035     0.216 r  design_1_i/zynq_ultra_ps_e_0/inst/buffer_pl_clk_0.PL_CLK_0_BUFG/O
    X0Y1 (CLOCK_ROOT)    net (fo=7084, routed)        1.928     2.144    design_1_i/myip_MLP_NN_HDL_0/inst/RES_RAM/ACLK
    SLICE_X17Y87         FDRE                                         r  design_1_i/myip_MLP_NN_HDL_0/inst/RES_RAM/read_data_out_reg[1]/C
  -------------------------------------------------------------------    -------------------
    SLICE_X17Y87         FDRE (Prop_GFF_SLICEM_C_Q)
                                                      0.112     2.256 r  design_1_i/myip_MLP_NN_HDL_0/inst/RES_RAM/read_data_out_reg[1]/Q
                         net (fo=1, routed)           0.103     2.359    design_1_i/myip_MLP_NN_HDL_0/inst/RES_RAM_n_6
    SLICE_X16Y87         FDRE                                         r  design_1_i/myip_MLP_NN_HDL_0/inst/M_AXIS_TDATA_reg[1]/D
  -------------------------------------------------------------------    -------------------

                         (clock clk_pl_0 rise edge)
                                                      0.000     0.000 r  
    PS8_X0Y0             PS8                          0.000     0.000 r  design_1_i/zynq_ultra_ps_e_0/inst/PS8_i/PLCLK[0]
                         net (fo=1, routed)           0.229     0.229    design_1_i/zynq_ultra_ps_e_0/inst/pl_clk_unbuffered[0]
    BUFG_PS_X0Y80        BUFG_PS (Prop_BUFG_PS_I_O)
                                                      0.038     0.267 r  design_1_i/zynq_ultra_ps_e_0/inst/buffer_pl_clk_0.PL_CLK_0_BUFG/O
    X0Y1 (CLOCK_ROOT)    net (fo=7084, routed)        2.148     2.415    design_1_i/myip_MLP_NN_HDL_0/inst/ACLK
    SLICE_X16Y87         FDRE                                         r  design_1_i/myip_MLP_NN_HDL_0/inst/M_AXIS_TDATA_reg[1]/C
                         clock pessimism             -0.173     2.243    
    SLICE_X16Y87         FDRE (Hold_EFF2_SLICEL_C_D)
                                                      0.102     2.345    design_1_i/myip_MLP_NN_HDL_0/inst/M_AXIS_TDATA_reg[1]
  -------------------------------------------------------------------
                         required time                         -2.345    
                         arrival time                           2.359    
  -------------------------------------------------------------------
                         slack                                  0.015    





Pulse Width Checks
--------------------------------------------------------------------------------------
Clock Name:         clk_pl_0
Waveform(ns):       { 0.000 5.000 }
Period(ns):         10.000
Sources:            { design_1_i/zynq_ultra_ps_e_0/inst/PS8_i/PLCLK[0] }

Check Type        Corner  Lib Pin             Reference Pin  Required(ns)  Actual(ns)  Slack(ns)  Location       Pin
Min Period        n/a     PS8/MAXIGP0ACLK     n/a            3.000         10.000      7.000      PS8_X0Y0       design_1_i/zynq_ultra_ps_e_0/inst/PS8_i/MAXIGP0ACLK
Min Period        n/a     RAMB36E2/CLKARDCLK  n/a            1.709         10.000      8.291      RAMB36_X0Y23   design_1_i/axi_fifo_mm_s_0/U0/COMP_IPIC2AXI_S/grxd.COMP_RX_FIFO/gfifo_gen.COMP_AXIS_FG_FIFO/COMP_FIFO/xpm_fifo_base_inst/gen_sdpram.xpm_memory_base_inst/gen_wr_a.gen_word_narrow.mem_reg/CLKARDCLK
Min Period        n/a     RAMB36E2/CLKBWRCLK  n/a            1.709         10.000      8.291      RAMB36_X0Y23   design_1_i/axi_fifo_mm_s_0/U0/COMP_IPIC2AXI_S/grxd.COMP_RX_FIFO/gfifo_gen.COMP_AXIS_FG_FIFO/COMP_FIFO/xpm_fifo_base_inst/gen_sdpram.xpm_memory_base_inst/gen_wr_a.gen_word_narrow.mem_reg/CLKBWRCLK
Min Period        n/a     RAMB36E2/CLKARDCLK  n/a            1.709         10.000      8.291      RAMB36_X0Y24   design_1_i/axi_fifo_mm_s_0/U0/COMP_IPIC2AXI_S/gtxd.COMP_TXD_FIFO/gfifo_gen.COMP_AXIS_FG_FIFO/COMP_FIFO/xpm_fifo_base_inst/gen_sdpram.xpm_memory_base_inst/gen_wr_a.gen_word_narrow.mem_reg_bram_0/CLKARDCLK
Min Period        n/a     RAMB36E2/CLKBWRCLK  n/a            1.709         10.000      8.291      RAMB36_X0Y24   design_1_i/axi_fifo_mm_s_0/U0/COMP_IPIC2AXI_S/gtxd.COMP_TXD_FIFO/gfifo_gen.COMP_AXIS_FG_FIFO/COMP_FIFO/xpm_fifo_base_inst/gen_sdpram.xpm_memory_base_inst/gen_wr_a.gen_word_narrow.mem_reg_bram_0/CLKBWRCLK
Min Period        n/a     RAMB18E2/CLKARDCLK  n/a            1.709         10.000      8.291      RAMB18_X0Y50   design_1_i/axi_fifo_mm_s_0/U0/COMP_IPIC2AXI_S/gtxd.COMP_TXD_FIFO/gfifo_gen.COMP_AXIS_FG_FIFO/COMP_FIFO/xpm_fifo_base_inst/gen_sdpram.xpm_memory_base_inst/gen_wr_a.gen_word_narrow.mem_reg_bram_1/CLKARDCLK
Min Period        n/a     RAMB18E2/CLKBWRCLK  n/a            1.709         10.000      8.291      RAMB18_X0Y50   design_1_i/axi_fifo_mm_s_0/U0/COMP_IPIC2AXI_S/gtxd.COMP_TXD_FIFO/gfifo_gen.COMP_AXIS_FG_FIFO/COMP_FIFO/xpm_fifo_base_inst/gen_sdpram.xpm_memory_base_inst/gen_wr_a.gen_word_narrow.mem_reg_bram_1/CLKBWRCLK
Min Period        n/a     RAMB36E2/CLKARDCLK  n/a            1.709         10.000      8.291      RAMB36_X0Y19   design_1_i/axi_fifo_mm_s_1/U0/COMP_IPIC2AXI_S/grxd.COMP_RX_FIFO/gfifo_gen.COMP_AXIS_FG_FIFO/COMP_FIFO/xpm_fifo_base_inst/gen_sdpram.xpm_memory_base_inst/gen_wr_a.gen_word_narrow.mem_reg/CLKARDCLK
Min Period        n/a     RAMB36E2/CLKBWRCLK  n/a            1.709         10.000      8.291      RAMB36_X0Y19   design_1_i/axi_fifo_mm_s_1/U0/COMP_IPIC2AXI_S/grxd.COMP_RX_FIFO/gfifo_gen.COMP_AXIS_FG_FIFO/COMP_FIFO/xpm_fifo_base_inst/gen_sdpram.xpm_memory_base_inst/gen_wr_a.gen_word_narrow.mem_reg/CLKBWRCLK
Min Period        n/a     RAMB36E2/CLKARDCLK  n/a            1.709         10.000      8.291      RAMB36_X0Y18   design_1_i/axi_fifo_mm_s_1/U0/COMP_IPIC2AXI_S/gtxd.COMP_TXD_FIFO/gfifo_gen.COMP_AXIS_FG_FIFO/COMP_FIFO/xpm_fifo_base_inst/gen_sdpram.xpm_memory_base_inst/gen_wr_a.gen_word_narrow.mem_reg_bram_0/CLKARDCLK
Low Pulse Width   Slow    PS8/MAXIGP0ACLK     n/a            1.500         5.000       3.500      PS8_X0Y0       design_1_i/zynq_ultra_ps_e_0/inst/PS8_i/MAXIGP0ACLK
Low Pulse Width   Fast    PS8/MAXIGP0ACLK     n/a            1.500         5.000       3.500      PS8_X0Y0       design_1_i/zynq_ultra_ps_e_0/inst/PS8_i/MAXIGP0ACLK
Low Pulse Width   Slow    RAMD64E/CLK         n/a            0.762         5.000       4.238      SLICE_X13Y119  design_1_i/axi_fifo_mm_s_0/U0/COMP_IPIC2AXI_S/grxd.COMP_rx_len_fifo/xpm_fifo_base_inst/gen_sdpram.xpm_memory_base_inst/gen_wr_a.gen_word_narrow.mem_reg_0_63_14_20/RAMA/CLK
Low Pulse Width   Fast    RAMD64E/CLK         n/a            0.762         5.000       4.238      SLICE_X13Y119  design_1_i/axi_fifo_mm_s_0/U0/COMP_IPIC2AXI_S/grxd.COMP_rx_len_fifo/xpm_fifo_base_inst/gen_sdpram.xpm_memory_base_inst/gen_wr_a.gen_word_narrow.mem_reg_0_63_14_20/RAMA/CLK
Low Pulse Width   Slow    RAMD64E/CLK         n/a            0.762         5.000       4.238      SLICE_X13Y119  design_1_i/axi_fifo_mm_s_0/U0/COMP_IPIC2AXI_S/grxd.COMP_rx_len_fifo/xpm_fifo_base_inst/gen_sdpram.xpm_memory_base_inst/gen_wr_a.gen_word_narrow.mem_reg_0_63_14_20/RAMB/CLK
Low Pulse Width   Fast    RAMD64E/CLK         n/a            0.762         5.000       4.238      SLICE_X13Y119  design_1_i/axi_fifo_mm_s_0/U0/COMP_IPIC2AXI_S/grxd.COMP_rx_len_fifo/xpm_fifo_base_inst/gen_sdpram.xpm_memory_base_inst/gen_wr_a.gen_word_narrow.mem_reg_0_63_14_20/RAMB/CLK
Low Pulse Width   Slow    RAMD64E/CLK         n/a            0.762         5.000       4.238      SLICE_X13Y119  design_1_i/axi_fifo_mm_s_0/U0/COMP_IPIC2AXI_S/grxd.COMP_rx_len_fifo/xpm_fifo_base_inst/gen_sdpram.xpm_memory_base_inst/gen_wr_a.gen_word_narrow.mem_reg_0_63_14_20/RAMC/CLK
Low Pulse Width   Fast    RAMD64E/CLK         n/a            0.762         5.000       4.238      SLICE_X13Y119  design_1_i/axi_fifo_mm_s_0/U0/COMP_IPIC2AXI_S/grxd.COMP_rx_len_fifo/xpm_fifo_base_inst/gen_sdpram.xpm_memory_base_inst/gen_wr_a.gen_word_narrow.mem_reg_0_63_14_20/RAMC/CLK
Low Pulse Width   Slow    RAMD64E/CLK         n/a            0.762         5.000       4.238      SLICE_X13Y119  design_1_i/axi_fifo_mm_s_0/U0/COMP_IPIC2AXI_S/grxd.COMP_rx_len_fifo/xpm_fifo_base_inst/gen_sdpram.xpm_memory_base_inst/gen_wr_a.gen_word_narrow.mem_reg_0_63_14_20/RAMD/CLK
Low Pulse Width   Fast    RAMD64E/CLK         n/a            0.762         5.000       4.238      SLICE_X13Y119  design_1_i/axi_fifo_mm_s_0/U0/COMP_IPIC2AXI_S/grxd.COMP_rx_len_fifo/xpm_fifo_base_inst/gen_sdpram.xpm_memory_base_inst/gen_wr_a.gen_word_narrow.mem_reg_0_63_14_20/RAMD/CLK
High Pulse Width  Slow    PS8/MAXIGP0ACLK     n/a            1.500         5.000       3.500      PS8_X0Y0       design_1_i/zynq_ultra_ps_e_0/inst/PS8_i/MAXIGP0ACLK
High Pulse Width  Fast    PS8/MAXIGP0ACLK     n/a            1.500         5.000       3.500      PS8_X0Y0       design_1_i/zynq_ultra_ps_e_0/inst/PS8_i/MAXIGP0ACLK
High Pulse Width  Slow    RAMD64E/CLK         n/a            0.762         5.000       4.238      SLICE_X13Y119  design_1_i/axi_fifo_mm_s_0/U0/COMP_IPIC2AXI_S/grxd.COMP_rx_len_fifo/xpm_fifo_base_inst/gen_sdpram.xpm_memory_base_inst/gen_wr_a.gen_word_narrow.mem_reg_0_63_14_20/RAMA/CLK
High Pulse Width  Fast    RAMD64E/CLK         n/a            0.762         5.000       4.238      SLICE_X13Y119  design_1_i/axi_fifo_mm_s_0/U0/COMP_IPIC2AXI_S/grxd.COMP_rx_len_fifo/xpm_fifo_base_inst/gen_sdpram.xpm_memory_base_inst/gen_wr_a.gen_word_narrow.mem_reg_0_63_14_20/RAMA/CLK
High Pulse Width  Slow    RAMD64E/CLK         n/a            0.762         5.000       4.238      SLICE_X13Y119  design_1_i/axi_fifo_mm_s_0/U0/COMP_IPIC2AXI_S/grxd.COMP_rx_len_fifo/xpm_fifo_base_inst/gen_sdpram.xpm_memory_base_inst/gen_wr_a.gen_word_narrow.mem_reg_0_63_14_20/RAMB/CLK
High Pulse Width  Fast    RAMD64E/CLK         n/a            0.762         5.000       4.238      SLICE_X13Y119  design_1_i/axi_fifo_mm_s_0/U0/COMP_IPIC2AXI_S/grxd.COMP_rx_len_fifo/xpm_fifo_base_inst/gen_sdpram.xpm_memory_base_inst/gen_wr_a.gen_word_narrow.mem_reg_0_63_14_20/RAMB/CLK
High Pulse Width  Slow    RAMD64E/CLK         n/a            0.762         5.000       4.238      SLICE_X13Y119  design_1_i/axi_fifo_mm_s_0/U0/COMP_IPIC2AXI_S/grxd.COMP_rx_len_fifo/xpm_fifo_base_inst/gen_sdpram.xpm_memory_base_inst/gen_wr_a.gen_word_narrow.mem_reg_0_63_14_20/RAMC/CLK
High Pulse Width  Fast    RAMD64E/CLK         n/a            0.762         5.000       4.238      SLICE_X13Y119  design_1_i/axi_fifo_mm_s_0/U0/COMP_IPIC2AXI_S/grxd.COMP_rx_len_fifo/xpm_fifo_base_inst/gen_sdpram.xpm_memory_base_inst/gen_wr_a.gen_word_narrow.mem_reg_0_63_14_20/RAMC/CLK
High Pulse Width  Slow    RAMD64E/CLK         n/a            0.762         5.000       4.238      SLICE_X13Y119  design_1_i/axi_fifo_mm_s_0/U0/COMP_IPIC2AXI_S/grxd.COMP_rx_len_fifo/xpm_fifo_base_inst/gen_sdpram.xpm_memory_base_inst/gen_wr_a.gen_word_narrow.mem_reg_0_63_14_20/RAMD/CLK
High Pulse Width  Fast    RAMD64E/CLK         n/a            0.762         5.000       4.238      SLICE_X13Y119  design_1_i/axi_fifo_mm_s_0/U0/COMP_IPIC2AXI_S/grxd.COMP_rx_len_fifo/xpm_fifo_base_inst/gen_sdpram.xpm_memory_base_inst/gen_wr_a.gen_word_narrow.mem_reg_0_63_14_20/RAMD/CLK



--------------------------------------------------------------------------------------
Path Group:  (none)
From Clock:  
  To Clock:  clk_pl_0

Max Delay             1 Endpoint
Min Delay             1 Endpoint
--------------------------------------------------------------------------------------


Max Delay Paths
--------------------------------------------------------------------------------------
Slack:                    inf
  Source:                 design_1_i/zynq_ultra_ps_e_0/inst/PS8_i/EMIOGPIOO[95]
                            (internal pin)
  Destination:            design_1_i/rst_ps8_0_99M/U0/EXT_LPF/ACTIVE_LOW_EXT.ACT_LO_EXT/GENERATE_LEVEL_P_S_CDC.SINGLE_BIT.CROSS_PLEVEL_IN2SCNDRY_IN_cdc_to/D
                            (rising edge-triggered cell FDRE clocked by clk_pl_0  {rise@0.000ns fall@5.000ns period=10.000ns})
  Path Group:             (none)
  Path Type:              Setup (Max at Slow Process Corner)
  Data Path Delay:        1.745ns  (logic 0.228ns (13.066%)  route 1.517ns (86.934%))
  Logic Levels:           1  (LUT1=1)
  Clock Uncertainty:      0.158ns  ((TSJ^2 + DJ^2)^1/2) / 2 + PE
    Total System Jitter     (TSJ):    0.050ns
    Discrete Jitter          (DJ):    0.312ns
    Phase Error              (PE):    0.000ns
  Clock Net Delay (Destination): 1.913ns (routing 0.955ns, distribution 0.958ns)
  Timing Exception:       False Path

    Location             Delay type                Incr(ns)  Path(ns)    Netlist Resource(s)
  -------------------------------------------------------------------    -------------------
    PS8_X0Y0             PS8                          0.000     0.000 f  design_1_i/zynq_ultra_ps_e_0/inst/PS8_i/EMIOGPIOO[95]
                         net (fo=1, routed)           1.280     1.280    design_1_i/rst_ps8_0_99M/U0/EXT_LPF/ACTIVE_LOW_EXT.ACT_LO_EXT/ext_reset_in
    SLICE_X8Y156         LUT1 (Prop_H6LUT_SLICEM_I0_O)
                                                      0.228     1.508 r  design_1_i/rst_ps8_0_99M/U0/EXT_LPF/ACTIVE_LOW_EXT.ACT_LO_EXT/GENERATE_LEVEL_P_S_CDC.SINGLE_BIT.CROSS_PLEVEL_IN2SCNDRY_IN_cdc_to_i_1/O
                         net (fo=1, routed)           0.237     1.745    design_1_i/rst_ps8_0_99M/U0/EXT_LPF/ACTIVE_LOW_EXT.ACT_LO_EXT/exr_d1
    SLICE_X8Y156         FDRE                                         r  design_1_i/rst_ps8_0_99M/U0/EXT_LPF/ACTIVE_LOW_EXT.ACT_LO_EXT/GENERATE_LEVEL_P_S_CDC.SINGLE_BIT.CROSS_PLEVEL_IN2SCNDRY_IN_cdc_to/D
  -------------------------------------------------------------------    -------------------

                         (clock clk_pl_0 rise edge)
                                                      0.000     0.000 r  
    PS8_X0Y0             PS8                          0.000     0.000 r  design_1_i/zynq_ultra_ps_e_0/inst/PS8_i/PLCLK[0]
                         net (fo=1, routed)           0.181     0.181    design_1_i/zynq_ultra_ps_e_0/inst/pl_clk_unbuffered[0]
    BUFG_PS_X0Y80        BUFG_PS (Prop_BUFG_PS_I_O)
                                                      0.035     0.216 r  design_1_i/zynq_ultra_ps_e_0/inst/buffer_pl_clk_0.PL_CLK_0_BUFG/O
    X0Y1 (CLOCK_ROOT)    net (fo=7084, routed)        1.913     2.129    design_1_i/rst_ps8_0_99M/U0/EXT_LPF/ACTIVE_LOW_EXT.ACT_LO_EXT/slowest_sync_clk
    SLICE_X8Y156         FDRE                                         r  design_1_i/rst_ps8_0_99M/U0/EXT_LPF/ACTIVE_LOW_EXT.ACT_LO_EXT/GENERATE_LEVEL_P_S_CDC.SINGLE_BIT.CROSS_PLEVEL_IN2SCNDRY_IN_cdc_to/C





Min Delay Paths
--------------------------------------------------------------------------------------
Slack:                    inf
  Source:                 design_1_i/zynq_ultra_ps_e_0/inst/PS8_i/EMIOGPIOO[95]
                            (internal pin)
  Destination:            design_1_i/rst_ps8_0_99M/U0/EXT_LPF/ACTIVE_LOW_EXT.ACT_LO_EXT/GENERATE_LEVEL_P_S_CDC.SINGLE_BIT.CROSS_PLEVEL_IN2SCNDRY_IN_cdc_to/D
                            (rising edge-triggered cell FDRE clocked by clk_pl_0  {rise@0.000ns fall@5.000ns period=10.000ns})
  Path Group:             (none)
  Path Type:              Hold (Min at Fast Process Corner)
  Data Path Delay:        0.700ns  (logic 0.106ns (15.143%)  route 0.594ns (84.857%))
  Logic Levels:           1  (LUT1=1)
  Clock Uncertainty:      0.158ns  ((TSJ^2 + DJ^2)^1/2) / 2 + PE
    Total System Jitter     (TSJ):    0.050ns
    Discrete Jitter          (DJ):    0.312ns
    Phase Error              (PE):    0.000ns
  Clock Net Delay (Destination): 1.275ns (routing 0.623ns, distribution 0.652ns)
  Timing Exception:       False Path

    Location             Delay type                Incr(ns)  Path(ns)    Netlist Resource(s)
  -------------------------------------------------------------------    -------------------
    PS8_X0Y0             PS8                          0.000     0.000 f  design_1_i/zynq_ultra_ps_e_0/inst/PS8_i/EMIOGPIOO[95]
                         net (fo=1, routed)           0.528     0.528    design_1_i/rst_ps8_0_99M/U0/EXT_LPF/ACTIVE_LOW_EXT.ACT_LO_EXT/ext_reset_in
    SLICE_X8Y156         LUT1 (Prop_H6LUT_SLICEM_I0_O)
                                                      0.106     0.634 r  design_1_i/rst_ps8_0_99M/U0/EXT_LPF/ACTIVE_LOW_EXT.ACT_LO_EXT/GENERATE_LEVEL_P_S_CDC.SINGLE_BIT.CROSS_PLEVEL_IN2SCNDRY_IN_cdc_to_i_1/O
                         net (fo=1, routed)           0.066     0.700    design_1_i/rst_ps8_0_99M/U0/EXT_LPF/ACTIVE_LOW_EXT.ACT_LO_EXT/exr_d1
    SLICE_X8Y156         FDRE                                         r  design_1_i/rst_ps8_0_99M/U0/EXT_LPF/ACTIVE_LOW_EXT.ACT_LO_EXT/GENERATE_LEVEL_P_S_CDC.SINGLE_BIT.CROSS_PLEVEL_IN2SCNDRY_IN_cdc_to/D
  -------------------------------------------------------------------    -------------------

                         (clock clk_pl_0 rise edge)
                                                      0.000     0.000 r  
    PS8_X0Y0             PS8                          0.000     0.000 r  design_1_i/zynq_ultra_ps_e_0/inst/PS8_i/PLCLK[0]
                         net (fo=1, routed)           0.164     0.164    design_1_i/zynq_ultra_ps_e_0/inst/pl_clk_unbuffered[0]
    BUFG_PS_X0Y80        BUFG_PS (Prop_BUFG_PS_I_O)
                                                      0.023     0.187 r  design_1_i/zynq_ultra_ps_e_0/inst/buffer_pl_clk_0.PL_CLK_0_BUFG/O
    X0Y1 (CLOCK_ROOT)    net (fo=7084, routed)        1.275     1.462    design_1_i/rst_ps8_0_99M/U0/EXT_LPF/ACTIVE_LOW_EXT.ACT_LO_EXT/slowest_sync_clk
    SLICE_X8Y156         FDRE                                         r  design_1_i/rst_ps8_0_99M/U0/EXT_LPF/ACTIVE_LOW_EXT.ACT_LO_EXT/GENERATE_LEVEL_P_S_CDC.SINGLE_BIT.CROSS_PLEVEL_IN2SCNDRY_IN_cdc_to/C





--------------------------------------------------------------------------------------
Path Group:  (none)
From Clock:  clk_pl_0
  To Clock:  clk_pl_0

Max Delay             6 Endpoints
Min Delay             6 Endpoints
--------------------------------------------------------------------------------------


Max Delay Paths
--------------------------------------------------------------------------------------
Slack:                    inf
  Source:                 design_1_i/rst_ps8_0_99M/U0/ACTIVE_LOW_PR_OUT_DFF[0].FDRE_PER_N/C
                            (rising edge-triggered cell FDRE clocked by clk_pl_0  {rise@0.000ns fall@5.000ns period=10.000ns})
  Destination:            design_1_i/axi_fifo_mm_s_2/U0/COMP_IPIC2AXI_S/gtxd.COMP_TXD_FIFO/gfifo_gen.COMP_AXIS_FG_FIFO/COMP_FIFO/gaxis_rst_sync.xpm_cdc_sync_rst_inst/syncstages_ff_reg[0]/D
                            (rising edge-triggered cell FDRE clocked by clk_pl_0  {rise@0.000ns fall@5.000ns period=10.000ns})
  Path Group:             (none)
  Path Type:              Setup (Max at Slow Process Corner)
  Data Path Delay:        3.010ns  (logic 0.342ns (11.364%)  route 2.668ns (88.636%))
  Logic Levels:           1  (LUT3=1)
  Clock Path Skew:        -0.171ns (DCD - SCD + CPR)
    Destination Clock Delay (DCD):    2.248ns
    Source Clock Delay      (SCD):    2.419ns
    Clock Pessimism Removal (CPR):    0.000ns
  Clock Uncertainty:      0.160ns  ((TSJ^2 + DJ^2)^1/2) / 2 + PE
    Total System Jitter     (TSJ):    0.071ns
    Discrete Jitter          (DJ):    0.312ns
    Phase Error              (PE):    0.000ns
  Clock Net Delay (Source):      2.152ns (routing 1.045ns, distribution 1.107ns)
  Clock Net Delay (Destination): 2.032ns (routing 0.955ns, distribution 1.077ns)
  Timing Exception:       False Path

    Location             Delay type                Incr(ns)  Path(ns)    Netlist Resource(s)
  -------------------------------------------------------------------    -------------------
                         (clock clk_pl_0 rise edge)
                                                      0.000     0.000 r  
    PS8_X0Y0             PS8                          0.000     0.000 r  design_1_i/zynq_ultra_ps_e_0/inst/PS8_i/PLCLK[0]
                         net (fo=1, routed)           0.229     0.229    design_1_i/zynq_ultra_ps_e_0/inst/pl_clk_unbuffered[0]
    BUFG_PS_X0Y80        BUFG_PS (Prop_BUFG_PS_I_O)
                                                      0.038     0.267 r  design_1_i/zynq_ultra_ps_e_0/inst/buffer_pl_clk_0.PL_CLK_0_BUFG/O
    X0Y1 (CLOCK_ROOT)    net (fo=7084, routed)        2.152     2.419    design_1_i/rst_ps8_0_99M/U0/slowest_sync_clk
    SLICE_X10Y144        FDRE                                         r  design_1_i/rst_ps8_0_99M/U0/ACTIVE_LOW_PR_OUT_DFF[0].FDRE_PER_N/C
  -------------------------------------------------------------------    -------------------
    SLICE_X10Y144        FDRE (Prop_EFF_SLICEM_C_Q)
                                                      0.113     2.532 f  design_1_i/rst_ps8_0_99M/U0/ACTIVE_LOW_PR_OUT_DFF[0].FDRE_PER_N/Q
                         net (fo=356, routed)         2.017     4.549    design_1_i/axi_fifo_mm_s_2/U0/COMP_IPIC2AXI_S/gtxd.COMP_TXD_FIFO/gfifo_gen.COMP_AXIS_FG_FIFO/s_axi_aresetn
    SLICE_X18Y108        LUT3 (Prop_B5LUT_SLICEM_I2_O)
                                                      0.229     4.778 r  design_1_i/axi_fifo_mm_s_2/U0/COMP_IPIC2AXI_S/gtxd.COMP_TXD_FIFO/gfifo_gen.COMP_AXIS_FG_FIFO/mm2s_prmry_reset_out_n_INST_0/O
                         net (fo=1, routed)           0.651     5.429    design_1_i/axi_fifo_mm_s_2/U0/COMP_IPIC2AXI_S/gtxd.COMP_TXD_FIFO/gfifo_gen.COMP_AXIS_FG_FIFO/COMP_FIFO/gaxis_rst_sync.xpm_cdc_sync_rst_inst/src_rst
    SLICE_X23Y108        FDRE                                         r  design_1_i/axi_fifo_mm_s_2/U0/COMP_IPIC2AXI_S/gtxd.COMP_TXD_FIFO/gfifo_gen.COMP_AXIS_FG_FIFO/COMP_FIFO/gaxis_rst_sync.xpm_cdc_sync_rst_inst/syncstages_ff_reg[0]/D
  -------------------------------------------------------------------    -------------------

                         (clock clk_pl_0 rise edge)
                                                      0.000     0.000 r  
    PS8_X0Y0             PS8                          0.000     0.000 r  design_1_i/zynq_ultra_ps_e_0/inst/PS8_i/PLCLK[0]
                         net (fo=1, routed)           0.181     0.181    design_1_i/zynq_ultra_ps_e_0/inst/pl_clk_unbuffered[0]
    BUFG_PS_X0Y80        BUFG_PS (Prop_BUFG_PS_I_O)
                                                      0.035     0.216 r  design_1_i/zynq_ultra_ps_e_0/inst/buffer_pl_clk_0.PL_CLK_0_BUFG/O
    X0Y1 (CLOCK_ROOT)    net (fo=7084, routed)        2.032     2.248    design_1_i/axi_fifo_mm_s_2/U0/COMP_IPIC2AXI_S/gtxd.COMP_TXD_FIFO/gfifo_gen.COMP_AXIS_FG_FIFO/COMP_FIFO/gaxis_rst_sync.xpm_cdc_sync_rst_inst/dest_clk
    SLICE_X23Y108        FDRE                                         r  design_1_i/axi_fifo_mm_s_2/U0/COMP_IPIC2AXI_S/gtxd.COMP_TXD_FIFO/gfifo_gen.COMP_AXIS_FG_FIFO/COMP_FIFO/gaxis_rst_sync.xpm_cdc_sync_rst_inst/syncstages_ff_reg[0]/C

Slack:                    inf
  Source:                 design_1_i/rst_ps8_0_99M/U0/ACTIVE_LOW_PR_OUT_DFF[0].FDRE_PER_N/C
                            (rising edge-triggered cell FDRE clocked by clk_pl_0  {rise@0.000ns fall@5.000ns period=10.000ns})
  Destination:            design_1_i/axi_fifo_mm_s_0/U0/COMP_IPIC2AXI_S/gtxd.COMP_TXD_FIFO/gfifo_gen.COMP_AXIS_FG_FIFO/COMP_FIFO/gaxis_rst_sync.xpm_cdc_sync_rst_inst/syncstages_ff_reg[0]/D
                            (rising edge-triggered cell FDRE clocked by clk_pl_0  {rise@0.000ns fall@5.000ns period=10.000ns})
  Path Group:             (none)
  Path Type:              Setup (Max at Slow Process Corner)
  Data Path Delay:        2.482ns  (logic 0.204ns (8.220%)  route 2.278ns (91.780%))
  Logic Levels:           1  (LUT3=1)
  Clock Path Skew:        -0.209ns (DCD - SCD + CPR)
    Destination Clock Delay (DCD):    2.210ns
    Source Clock Delay      (SCD):    2.419ns
    Clock Pessimism Removal (CPR):    0.000ns
  Clock Uncertainty:      0.160ns  ((TSJ^2 + DJ^2)^1/2) / 2 + PE
    Total System Jitter     (TSJ):    0.071ns
    Discrete Jitter          (DJ):    0.312ns
    Phase Error              (PE):    0.000ns
  Clock Net Delay (Source):      2.152ns (routing 1.045ns, distribution 1.107ns)
  Clock Net Delay (Destination): 1.994ns (routing 0.955ns, distribution 1.039ns)
  Timing Exception:       False Path

    Location             Delay type                Incr(ns)  Path(ns)    Netlist Resource(s)
  -------------------------------------------------------------------    -------------------
                         (clock clk_pl_0 rise edge)
                                                      0.000     0.000 r  
    PS8_X0Y0             PS8                          0.000     0.000 r  design_1_i/zynq_ultra_ps_e_0/inst/PS8_i/PLCLK[0]
                         net (fo=1, routed)           0.229     0.229    design_1_i/zynq_ultra_ps_e_0/inst/pl_clk_unbuffered[0]
    BUFG_PS_X0Y80        BUFG_PS (Prop_BUFG_PS_I_O)
                                                      0.038     0.267 r  design_1_i/zynq_ultra_ps_e_0/inst/buffer_pl_clk_0.PL_CLK_0_BUFG/O
    X0Y1 (CLOCK_ROOT)    net (fo=7084, routed)        2.152     2.419    design_1_i/rst_ps8_0_99M/U0/slowest_sync_clk
    SLICE_X10Y144        FDRE                                         r  design_1_i/rst_ps8_0_99M/U0/ACTIVE_LOW_PR_OUT_DFF[0].FDRE_PER_N/C
  -------------------------------------------------------------------    -------------------
    SLICE_X10Y144        FDRE (Prop_EFF_SLICEM_C_Q)
                                                      0.113     2.532 f  design_1_i/rst_ps8_0_99M/U0/ACTIVE_LOW_PR_OUT_DFF[0].FDRE_PER_N/Q
                         net (fo=356, routed)         1.706     4.238    design_1_i/axi_fifo_mm_s_0/U0/COMP_IPIC2AXI_S/gtxd.COMP_TXD_FIFO/gfifo_gen.COMP_AXIS_FG_FIFO/s_axi_aresetn
    SLICE_X15Y117        LUT3 (Prop_C5LUT_SLICEL_I2_O)
                                                      0.091     4.329 r  design_1_i/axi_fifo_mm_s_0/U0/COMP_IPIC2AXI_S/gtxd.COMP_TXD_FIFO/gfifo_gen.COMP_AXIS_FG_FIFO/mm2s_prmry_reset_out_n_INST_0/O
                         net (fo=1, routed)           0.572     4.901    design_1_i/axi_fifo_mm_s_0/U0/COMP_IPIC2AXI_S/gtxd.COMP_TXD_FIFO/gfifo_gen.COMP_AXIS_FG_FIFO/COMP_FIFO/gaxis_rst_sync.xpm_cdc_sync_rst_inst/src_rst
    SLICE_X18Y123        FDRE                                         r  design_1_i/axi_fifo_mm_s_0/U0/COMP_IPIC2AXI_S/gtxd.COMP_TXD_FIFO/gfifo_gen.COMP_AXIS_FG_FIFO/COMP_FIFO/gaxis_rst_sync.xpm_cdc_sync_rst_inst/syncstages_ff_reg[0]/D
  -------------------------------------------------------------------    -------------------

                         (clock clk_pl_0 rise edge)
                                                      0.000     0.000 r  
    PS8_X0Y0             PS8                          0.000     0.000 r  design_1_i/zynq_ultra_ps_e_0/inst/PS8_i/PLCLK[0]
                         net (fo=1, routed)           0.181     0.181    design_1_i/zynq_ultra_ps_e_0/inst/pl_clk_unbuffered[0]
    BUFG_PS_X0Y80        BUFG_PS (Prop_BUFG_PS_I_O)
                                                      0.035     0.216 r  design_1_i/zynq_ultra_ps_e_0/inst/buffer_pl_clk_0.PL_CLK_0_BUFG/O
    X0Y1 (CLOCK_ROOT)    net (fo=7084, routed)        1.994     2.210    design_1_i/axi_fifo_mm_s_0/U0/COMP_IPIC2AXI_S/gtxd.COMP_TXD_FIFO/gfifo_gen.COMP_AXIS_FG_FIFO/COMP_FIFO/gaxis_rst_sync.xpm_cdc_sync_rst_inst/dest_clk
    SLICE_X18Y123        FDRE                                         r  design_1_i/axi_fifo_mm_s_0/U0/COMP_IPIC2AXI_S/gtxd.COMP_TXD_FIFO/gfifo_gen.COMP_AXIS_FG_FIFO/COMP_FIFO/gaxis_rst_sync.xpm_cdc_sync_rst_inst/syncstages_ff_reg[0]/C

Slack:                    inf
  Source:                 design_1_i/rst_ps8_0_99M/U0/ACTIVE_LOW_PR_OUT_DFF[0].FDRE_PER_N/C
                            (rising edge-triggered cell FDRE clocked by clk_pl_0  {rise@0.000ns fall@5.000ns period=10.000ns})
  Destination:            design_1_i/axi_fifo_mm_s_1/U0/COMP_IPIC2AXI_S/gtxd.COMP_TXD_FIFO/gfifo_gen.COMP_AXIS_FG_FIFO/COMP_FIFO/gaxis_rst_sync.xpm_cdc_sync_rst_inst/syncstages_ff_reg[0]/D
                            (rising edge-triggered cell FDRE clocked by clk_pl_0  {rise@0.000ns fall@5.000ns period=10.000ns})
  Path Group:             (none)
  Path Type:              Setup (Max at Slow Process Corner)
  Data Path Delay:        2.408ns  (logic 0.302ns (12.540%)  route 2.106ns (87.460%))
  Logic Levels:           1  (LUT3=1)
  Clock Path Skew:        -0.290ns (DCD - SCD + CPR)
    Destination Clock Delay (DCD):    2.129ns
    Source Clock Delay      (SCD):    2.419ns
    Clock Pessimism Removal (CPR):    0.000ns
  Clock Uncertainty:      0.160ns  ((TSJ^2 + DJ^2)^1/2) / 2 + PE
    Total System Jitter     (TSJ):    0.071ns
    Discrete Jitter          (DJ):    0.312ns
    Phase Error              (PE):    0.000ns
  Clock Net Delay (Source):      2.152ns (routing 1.045ns, distribution 1.107ns)
  Clock Net Delay (Destination): 1.913ns (routing 0.955ns, distribution 0.958ns)
  Timing Exception:       False Path

    Location             Delay type                Incr(ns)  Path(ns)    Netlist Resource(s)
  -------------------------------------------------------------------    -------------------
                         (clock clk_pl_0 rise edge)
                                                      0.000     0.000 r  
    PS8_X0Y0             PS8                          0.000     0.000 r  design_1_i/zynq_ultra_ps_e_0/inst/PS8_i/PLCLK[0]
                         net (fo=1, routed)           0.229     0.229    design_1_i/zynq_ultra_ps_e_0/inst/pl_clk_unbuffered[0]
    BUFG_PS_X0Y80        BUFG_PS (Prop_BUFG_PS_I_O)
                                                      0.038     0.267 r  design_1_i/zynq_ultra_ps_e_0/inst/buffer_pl_clk_0.PL_CLK_0_BUFG/O
    X0Y1 (CLOCK_ROOT)    net (fo=7084, routed)        2.152     2.419    design_1_i/rst_ps8_0_99M/U0/slowest_sync_clk
    SLICE_X10Y144        FDRE                                         r  design_1_i/rst_ps8_0_99M/U0/ACTIVE_LOW_PR_OUT_DFF[0].FDRE_PER_N/C
  -------------------------------------------------------------------    -------------------
    SLICE_X10Y144        FDRE (Prop_EFF_SLICEM_C_Q)
                                                      0.113     2.532 f  design_1_i/rst_ps8_0_99M/U0/ACTIVE_LOW_PR_OUT_DFF[0].FDRE_PER_N/Q
                         net (fo=356, routed)         1.674     4.206    design_1_i/axi_fifo_mm_s_1/U0/COMP_IPIC2AXI_S/gtxd.COMP_TXD_FIFO/gfifo_gen.COMP_AXIS_FG_FIFO/s_axi_aresetn
    SLICE_X15Y95         LUT3 (Prop_G5LUT_SLICEL_I2_O)
                                                      0.189     4.395 r  design_1_i/axi_fifo_mm_s_1/U0/COMP_IPIC2AXI_S/gtxd.COMP_TXD_FIFO/gfifo_gen.COMP_AXIS_FG_FIFO/mm2s_prmry_reset_out_n_INST_0/O
                         net (fo=1, routed)           0.432     4.827    design_1_i/axi_fifo_mm_s_1/U0/COMP_IPIC2AXI_S/gtxd.COMP_TXD_FIFO/gfifo_gen.COMP_AXIS_FG_FIFO/COMP_FIFO/gaxis_rst_sync.xpm_cdc_sync_rst_inst/src_rst
    SLICE_X19Y93         FDRE                                         r  design_1_i/axi_fifo_mm_s_1/U0/COMP_IPIC2AXI_S/gtxd.COMP_TXD_FIFO/gfifo_gen.COMP_AXIS_FG_FIFO/COMP_FIFO/gaxis_rst_sync.xpm_cdc_sync_rst_inst/syncstages_ff_reg[0]/D
  -------------------------------------------------------------------    -------------------

                         (clock clk_pl_0 rise edge)
                                                      0.000     0.000 r  
    PS8_X0Y0             PS8                          0.000     0.000 r  design_1_i/zynq_ultra_ps_e_0/inst/PS8_i/PLCLK[0]
                         net (fo=1, routed)           0.181     0.181    design_1_i/zynq_ultra_ps_e_0/inst/pl_clk_unbuffered[0]
    BUFG_PS_X0Y80        BUFG_PS (Prop_BUFG_PS_I_O)
                                                      0.035     0.216 r  design_1_i/zynq_ultra_ps_e_0/inst/buffer_pl_clk_0.PL_CLK_0_BUFG/O
    X0Y1 (CLOCK_ROOT)    net (fo=7084, routed)        1.913     2.129    design_1_i/axi_fifo_mm_s_1/U0/COMP_IPIC2AXI_S/gtxd.COMP_TXD_FIFO/gfifo_gen.COMP_AXIS_FG_FIFO/COMP_FIFO/gaxis_rst_sync.xpm_cdc_sync_rst_inst/dest_clk
    SLICE_X19Y93         FDRE                                         r  design_1_i/axi_fifo_mm_s_1/U0/COMP_IPIC2AXI_S/gtxd.COMP_TXD_FIFO/gfifo_gen.COMP_AXIS_FG_FIFO/COMP_FIFO/gaxis_rst_sync.xpm_cdc_sync_rst_inst/syncstages_ff_reg[0]/C

Slack:                    inf
  Source:                 design_1_i/rst_ps8_0_99M/U0/ACTIVE_LOW_PR_OUT_DFF[0].FDRE_PER_N/C
                            (rising edge-triggered cell FDRE clocked by clk_pl_0  {rise@0.000ns fall@5.000ns period=10.000ns})
  Destination:            design_1_i/axi_fifo_mm_s_1/U0/COMP_IPIC2AXI_S/grxd.COMP_RX_FIFO/gfifo_gen.COMP_AXIS_FG_FIFO/COMP_FIFO/gaxis_rst_sync.xpm_cdc_sync_rst_inst/syncstages_ff_reg[0]/D
                            (rising edge-triggered cell FDRE clocked by clk_pl_0  {rise@0.000ns fall@5.000ns period=10.000ns})
  Path Group:             (none)
  Path Type:              Setup (Max at Slow Process Corner)
  Data Path Delay:        2.383ns  (logic 0.201ns (8.436%)  route 2.182ns (91.564%))
  Logic Levels:           1  (LUT3=1)
  Clock Path Skew:        -0.277ns (DCD - SCD + CPR)
    Destination Clock Delay (DCD):    2.142ns
    Source Clock Delay      (SCD):    2.419ns
    Clock Pessimism Removal (CPR):    0.000ns
  Clock Uncertainty:      0.160ns  ((TSJ^2 + DJ^2)^1/2) / 2 + PE
    Total System Jitter     (TSJ):    0.071ns
    Discrete Jitter          (DJ):    0.312ns
    Phase Error              (PE):    0.000ns
  Clock Net Delay (Source):      2.152ns (routing 1.045ns, distribution 1.107ns)
  Clock Net Delay (Destination): 1.926ns (routing 0.955ns, distribution 0.971ns)
  Timing Exception:       False Path

    Location             Delay type                Incr(ns)  Path(ns)    Netlist Resource(s)
  -------------------------------------------------------------------    -------------------
                         (clock clk_pl_0 rise edge)
                                                      0.000     0.000 r  
    PS8_X0Y0             PS8                          0.000     0.000 r  design_1_i/zynq_ultra_ps_e_0/inst/PS8_i/PLCLK[0]
                         net (fo=1, routed)           0.229     0.229    design_1_i/zynq_ultra_ps_e_0/inst/pl_clk_unbuffered[0]
    BUFG_PS_X0Y80        BUFG_PS (Prop_BUFG_PS_I_O)
                                                      0.038     0.267 r  design_1_i/zynq_ultra_ps_e_0/inst/buffer_pl_clk_0.PL_CLK_0_BUFG/O
    X0Y1 (CLOCK_ROOT)    net (fo=7084, routed)        2.152     2.419    design_1_i/rst_ps8_0_99M/U0/slowest_sync_clk
    SLICE_X10Y144        FDRE                                         r  design_1_i/rst_ps8_0_99M/U0/ACTIVE_LOW_PR_OUT_DFF[0].FDRE_PER_N/C
  -------------------------------------------------------------------    -------------------
    SLICE_X10Y144        FDRE (Prop_EFF_SLICEM_C_Q)
                                                      0.113     2.532 f  design_1_i/rst_ps8_0_99M/U0/ACTIVE_LOW_PR_OUT_DFF[0].FDRE_PER_N/Q
                         net (fo=356, routed)         1.745     4.277    design_1_i/axi_fifo_mm_s_1/U0/COMP_IPIC2AXI_S/grxd.COMP_RX_FIFO/gfifo_gen.COMP_AXIS_FG_FIFO/s_axi_aresetn
    SLICE_X16Y91         LUT3 (Prop_H5LUT_SLICEL_I2_O)
                                                      0.088     4.365 r  design_1_i/axi_fifo_mm_s_1/U0/COMP_IPIC2AXI_S/grxd.COMP_RX_FIFO/gfifo_gen.COMP_AXIS_FG_FIFO/s2mm_prmry_reset_out_n_INST_0/O
                         net (fo=1, routed)           0.437     4.802    design_1_i/axi_fifo_mm_s_1/U0/COMP_IPIC2AXI_S/grxd.COMP_RX_FIFO/gfifo_gen.COMP_AXIS_FG_FIFO/COMP_FIFO/gaxis_rst_sync.xpm_cdc_sync_rst_inst/src_rst
    SLICE_X19Y91         FDRE                                         r  design_1_i/axi_fifo_mm_s_1/U0/COMP_IPIC2AXI_S/grxd.COMP_RX_FIFO/gfifo_gen.COMP_AXIS_FG_FIFO/COMP_FIFO/gaxis_rst_sync.xpm_cdc_sync_rst_inst/syncstages_ff_reg[0]/D
  -------------------------------------------------------------------    -------------------

                         (clock clk_pl_0 rise edge)
                                                      0.000     0.000 r  
    PS8_X0Y0             PS8                          0.000     0.000 r  design_1_i/zynq_ultra_ps_e_0/inst/PS8_i/PLCLK[0]
                         net (fo=1, routed)           0.181     0.181    design_1_i/zynq_ultra_ps_e_0/inst/pl_clk_unbuffered[0]
    BUFG_PS_X0Y80        BUFG_PS (Prop_BUFG_PS_I_O)
                                                      0.035     0.216 r  design_1_i/zynq_ultra_ps_e_0/inst/buffer_pl_clk_0.PL_CLK_0_BUFG/O
    X0Y1 (CLOCK_ROOT)    net (fo=7084, routed)        1.926     2.142    design_1_i/axi_fifo_mm_s_1/U0/COMP_IPIC2AXI_S/grxd.COMP_RX_FIFO/gfifo_gen.COMP_AXIS_FG_FIFO/COMP_FIFO/gaxis_rst_sync.xpm_cdc_sync_rst_inst/dest_clk
    SLICE_X19Y91         FDRE                                         r  design_1_i/axi_fifo_mm_s_1/U0/COMP_IPIC2AXI_S/grxd.COMP_RX_FIFO/gfifo_gen.COMP_AXIS_FG_FIFO/COMP_FIFO/gaxis_rst_sync.xpm_cdc_sync_rst_inst/syncstages_ff_reg[0]/C

Slack:                    inf
  Source:                 design_1_i/rst_ps8_0_99M/U0/ACTIVE_LOW_PR_OUT_DFF[0].FDRE_PER_N/C
                            (rising edge-triggered cell FDRE clocked by clk_pl_0  {rise@0.000ns fall@5.000ns period=10.000ns})
  Destination:            design_1_i/axi_fifo_mm_s_2/U0/COMP_IPIC2AXI_S/grxd.COMP_RX_FIFO/gfifo_gen.COMP_AXIS_FG_FIFO/COMP_FIFO/gaxis_rst_sync.xpm_cdc_sync_rst_inst/syncstages_ff_reg[0]/D
                            (rising edge-triggered cell FDRE clocked by clk_pl_0  {rise@0.000ns fall@5.000ns period=10.000ns})
  Path Group:             (none)
  Path Type:              Setup (Max at Slow Process Corner)
  Data Path Delay:        2.286ns  (logic 0.203ns (8.880%)  route 2.083ns (91.120%))
  Logic Levels:           1  (LUT3=1)
  Clock Path Skew:        -0.261ns (DCD - SCD + CPR)
    Destination Clock Delay (DCD):    2.158ns
    Source Clock Delay      (SCD):    2.419ns
    Clock Pessimism Removal (CPR):    0.000ns
  Clock Uncertainty:      0.160ns  ((TSJ^2 + DJ^2)^1/2) / 2 + PE
    Total System Jitter     (TSJ):    0.071ns
    Discrete Jitter          (DJ):    0.312ns
    Phase Error              (PE):    0.000ns
  Clock Net Delay (Source):      2.152ns (routing 1.045ns, distribution 1.107ns)
  Clock Net Delay (Destination): 1.942ns (routing 0.955ns, distribution 0.987ns)
  Timing Exception:       False Path

    Location             Delay type                Incr(ns)  Path(ns)    Netlist Resource(s)
  -------------------------------------------------------------------    -------------------
                         (clock clk_pl_0 rise edge)
                                                      0.000     0.000 r  
    PS8_X0Y0             PS8                          0.000     0.000 r  design_1_i/zynq_ultra_ps_e_0/inst/PS8_i/PLCLK[0]
                         net (fo=1, routed)           0.229     0.229    design_1_i/zynq_ultra_ps_e_0/inst/pl_clk_unbuffered[0]
    BUFG_PS_X0Y80        BUFG_PS (Prop_BUFG_PS_I_O)
                                                      0.038     0.267 r  design_1_i/zynq_ultra_ps_e_0/inst/buffer_pl_clk_0.PL_CLK_0_BUFG/O
    X0Y1 (CLOCK_ROOT)    net (fo=7084, routed)        2.152     2.419    design_1_i/rst_ps8_0_99M/U0/slowest_sync_clk
    SLICE_X10Y144        FDRE                                         r  design_1_i/rst_ps8_0_99M/U0/ACTIVE_LOW_PR_OUT_DFF[0].FDRE_PER_N/C
  -------------------------------------------------------------------    -------------------
    SLICE_X10Y144        FDRE (Prop_EFF_SLICEM_C_Q)
                                                      0.113     2.532 f  design_1_i/rst_ps8_0_99M/U0/ACTIVE_LOW_PR_OUT_DFF[0].FDRE_PER_N/Q
                         net (fo=356, routed)         2.056     4.588    design_1_i/axi_fifo_mm_s_2/U0/COMP_IPIC2AXI_S/grxd.COMP_RX_FIFO/gfifo_gen.COMP_AXIS_FG_FIFO/s_axi_aresetn
    SLICE_X21Y108        LUT3 (Prop_H5LUT_SLICEM_I2_O)
                                                      0.090     4.678 r  design_1_i/axi_fifo_mm_s_2/U0/COMP_IPIC2AXI_S/grxd.COMP_RX_FIFO/gfifo_gen.COMP_AXIS_FG_FIFO/s2mm_prmry_reset_out_n_INST_0/O
                         net (fo=1, routed)           0.027     4.705    design_1_i/axi_fifo_mm_s_2/U0/COMP_IPIC2AXI_S/grxd.COMP_RX_FIFO/gfifo_gen.COMP_AXIS_FG_FIFO/COMP_FIFO/gaxis_rst_sync.xpm_cdc_sync_rst_inst/src_rst
    SLICE_X21Y108        FDRE                                         r  design_1_i/axi_fifo_mm_s_2/U0/COMP_IPIC2AXI_S/grxd.COMP_RX_FIFO/gfifo_gen.COMP_AXIS_FG_FIFO/COMP_FIFO/gaxis_rst_sync.xpm_cdc_sync_rst_inst/syncstages_ff_reg[0]/D
  -------------------------------------------------------------------    -------------------

                         (clock clk_pl_0 rise edge)
                                                      0.000     0.000 r  
    PS8_X0Y0             PS8                          0.000     0.000 r  design_1_i/zynq_ultra_ps_e_0/inst/PS8_i/PLCLK[0]
                         net (fo=1, routed)           0.181     0.181    design_1_i/zynq_ultra_ps_e_0/inst/pl_clk_unbuffered[0]
    BUFG_PS_X0Y80        BUFG_PS (Prop_BUFG_PS_I_O)
                                                      0.035     0.216 r  design_1_i/zynq_ultra_ps_e_0/inst/buffer_pl_clk_0.PL_CLK_0_BUFG/O
    X0Y1 (CLOCK_ROOT)    net (fo=7084, routed)        1.942     2.158    design_1_i/axi_fifo_mm_s_2/U0/COMP_IPIC2AXI_S/grxd.COMP_RX_FIFO/gfifo_gen.COMP_AXIS_FG_FIFO/COMP_FIFO/gaxis_rst_sync.xpm_cdc_sync_rst_inst/dest_clk
    SLICE_X21Y108        FDRE                                         r  design_1_i/axi_fifo_mm_s_2/U0/COMP_IPIC2AXI_S/grxd.COMP_RX_FIFO/gfifo_gen.COMP_AXIS_FG_FIFO/COMP_FIFO/gaxis_rst_sync.xpm_cdc_sync_rst_inst/syncstages_ff_reg[0]/C

Slack:                    inf
  Source:                 design_1_i/rst_ps8_0_99M/U0/ACTIVE_LOW_PR_OUT_DFF[0].FDRE_PER_N/C
                            (rising edge-triggered cell FDRE clocked by clk_pl_0  {rise@0.000ns fall@5.000ns period=10.000ns})
  Destination:            design_1_i/axi_fifo_mm_s_0/U0/COMP_IPIC2AXI_S/grxd.COMP_RX_FIFO/gfifo_gen.COMP_AXIS_FG_FIFO/COMP_FIFO/gaxis_rst_sync.xpm_cdc_sync_rst_inst/syncstages_ff_reg[0]/D
                            (rising edge-triggered cell FDRE clocked by clk_pl_0  {rise@0.000ns fall@5.000ns period=10.000ns})
  Path Group:             (none)
  Path Type:              Setup (Max at Slow Process Corner)
  Data Path Delay:        2.068ns  (logic 0.245ns (11.846%)  route 1.823ns (88.154%))
  Logic Levels:           1  (LUT3=1)
  Clock Path Skew:        -0.273ns (DCD - SCD + CPR)
    Destination Clock Delay (DCD):    2.146ns
    Source Clock Delay      (SCD):    2.419ns
    Clock Pessimism Removal (CPR):    0.000ns
  Clock Uncertainty:      0.160ns  ((TSJ^2 + DJ^2)^1/2) / 2 + PE
    Total System Jitter     (TSJ):    0.071ns
    Discrete Jitter          (DJ):    0.312ns
    Phase Error              (PE):    0.000ns
  Clock Net Delay (Source):      2.152ns (routing 1.045ns, distribution 1.107ns)
  Clock Net Delay (Destination): 1.930ns (routing 0.955ns, distribution 0.975ns)
  Timing Exception:       False Path

    Location             Delay type                Incr(ns)  Path(ns)    Netlist Resource(s)
  -------------------------------------------------------------------    -------------------
                         (clock clk_pl_0 rise edge)
                                                      0.000     0.000 r  
    PS8_X0Y0             PS8                          0.000     0.000 r  design_1_i/zynq_ultra_ps_e_0/inst/PS8_i/PLCLK[0]
                         net (fo=1, routed)           0.229     0.229    design_1_i/zynq_ultra_ps_e_0/inst/pl_clk_unbuffered[0]
    BUFG_PS_X0Y80        BUFG_PS (Prop_BUFG_PS_I_O)
                                                      0.038     0.267 r  design_1_i/zynq_ultra_ps_e_0/inst/buffer_pl_clk_0.PL_CLK_0_BUFG/O
    X0Y1 (CLOCK_ROOT)    net (fo=7084, routed)        2.152     2.419    design_1_i/rst_ps8_0_99M/U0/slowest_sync_clk
    SLICE_X10Y144        FDRE                                         r  design_1_i/rst_ps8_0_99M/U0/ACTIVE_LOW_PR_OUT_DFF[0].FDRE_PER_N/C
  -------------------------------------------------------------------    -------------------
    SLICE_X10Y144        FDRE (Prop_EFF_SLICEM_C_Q)
                                                      0.113     2.532 f  design_1_i/rst_ps8_0_99M/U0/ACTIVE_LOW_PR_OUT_DFF[0].FDRE_PER_N/Q
                         net (fo=356, routed)         1.800     4.332    design_1_i/axi_fifo_mm_s_0/U0/COMP_IPIC2AXI_S/grxd.COMP_RX_FIFO/gfifo_gen.COMP_AXIS_FG_FIFO/s_axi_aresetn
    SLICE_X14Y117        LUT3 (Prop_H5LUT_SLICEL_I2_O)
                                                      0.132     4.464 r  design_1_i/axi_fifo_mm_s_0/U0/COMP_IPIC2AXI_S/grxd.COMP_RX_FIFO/gfifo_gen.COMP_AXIS_FG_FIFO/s2mm_prmry_reset_out_n_INST_0/O
                         net (fo=1, routed)           0.023     4.487    design_1_i/axi_fifo_mm_s_0/U0/COMP_IPIC2AXI_S/grxd.COMP_RX_FIFO/gfifo_gen.COMP_AXIS_FG_FIFO/COMP_FIFO/gaxis_rst_sync.xpm_cdc_sync_rst_inst/src_rst
    SLICE_X14Y117        FDRE                                         r  design_1_i/axi_fifo_mm_s_0/U0/COMP_IPIC2AXI_S/grxd.COMP_RX_FIFO/gfifo_gen.COMP_AXIS_FG_FIFO/COMP_FIFO/gaxis_rst_sync.xpm_cdc_sync_rst_inst/syncstages_ff_reg[0]/D
  -------------------------------------------------------------------    -------------------

                         (clock clk_pl_0 rise edge)
                                                      0.000     0.000 r  
    PS8_X0Y0             PS8                          0.000     0.000 r  design_1_i/zynq_ultra_ps_e_0/inst/PS8_i/PLCLK[0]
                         net (fo=1, routed)           0.181     0.181    design_1_i/zynq_ultra_ps_e_0/inst/pl_clk_unbuffered[0]
    BUFG_PS_X0Y80        BUFG_PS (Prop_BUFG_PS_I_O)
                                                      0.035     0.216 r  design_1_i/zynq_ultra_ps_e_0/inst/buffer_pl_clk_0.PL_CLK_0_BUFG/O
    X0Y1 (CLOCK_ROOT)    net (fo=7084, routed)        1.930     2.146    design_1_i/axi_fifo_mm_s_0/U0/COMP_IPIC2AXI_S/grxd.COMP_RX_FIFO/gfifo_gen.COMP_AXIS_FG_FIFO/COMP_FIFO/gaxis_rst_sync.xpm_cdc_sync_rst_inst/dest_clk
    SLICE_X14Y117        FDRE                                         r  design_1_i/axi_fifo_mm_s_0/U0/COMP_IPIC2AXI_S/grxd.COMP_RX_FIFO/gfifo_gen.COMP_AXIS_FG_FIFO/COMP_FIFO/gaxis_rst_sync.xpm_cdc_sync_rst_inst/syncstages_ff_reg[0]/C





Min Delay Paths
--------------------------------------------------------------------------------------
Slack:                    inf
  Source:                 design_1_i/axi_fifo_mm_s_0/U0/COMP_IPIC2AXI_S/sig_rx_channel_reset_reg/C
                            (rising edge-triggered cell FDRE clocked by clk_pl_0  {rise@0.000ns fall@5.000ns period=10.000ns})
  Destination:            design_1_i/axi_fifo_mm_s_0/U0/COMP_IPIC2AXI_S/grxd.COMP_RX_FIFO/gfifo_gen.COMP_AXIS_FG_FIFO/COMP_FIFO/gaxis_rst_sync.xpm_cdc_sync_rst_inst/syncstages_ff_reg[0]/D
                            (rising edge-triggered cell FDRE clocked by clk_pl_0  {rise@0.000ns fall@5.000ns period=10.000ns})
  Path Group:             (none)
  Path Type:              Hold (Min at Fast Process Corner)
  Data Path Delay:        0.185ns  (logic 0.126ns (68.058%)  route 0.059ns (31.941%))
  Logic Levels:           1  (LUT3=1)
  Clock Path Skew:        0.148ns (DCD - SCD - CPR)
    Destination Clock Delay (DCD):    1.468ns
    Source Clock Delay      (SCD):    1.320ns
    Clock Pessimism Removal (CPR):    -0.000ns
  Clock Uncertainty:      0.160ns  ((TSJ^2 + DJ^2)^1/2) / 2 + PE
    Total System Jitter     (TSJ):    0.071ns
    Discrete Jitter          (DJ):    0.312ns
    Phase Error              (PE):    0.000ns
  Clock Net Delay (Source):      1.169ns (routing 0.572ns, distribution 0.597ns)
  Clock Net Delay (Destination): 1.281ns (routing 0.623ns, distribution 0.658ns)
  Timing Exception:       False Path

    Location             Delay type                Incr(ns)  Path(ns)    Netlist Resource(s)
  -------------------------------------------------------------------    -------------------
                         (clock clk_pl_0 rise edge)
                                                      0.000     0.000 r  
    PS8_X0Y0             PS8                          0.000     0.000 r  design_1_i/zynq_ultra_ps_e_0/inst/PS8_i/PLCLK[0]
                         net (fo=1, routed)           0.129     0.129    design_1_i/zynq_ultra_ps_e_0/inst/pl_clk_unbuffered[0]
    BUFG_PS_X0Y80        BUFG_PS (Prop_BUFG_PS_I_O)
                                                      0.022     0.151 r  design_1_i/zynq_ultra_ps_e_0/inst/buffer_pl_clk_0.PL_CLK_0_BUFG/O
    X0Y1 (CLOCK_ROOT)    net (fo=7084, routed)        1.169     1.320    design_1_i/axi_fifo_mm_s_0/U0/COMP_IPIC2AXI_S/s_axi_aclk
    SLICE_X13Y117        FDRE                                         r  design_1_i/axi_fifo_mm_s_0/U0/COMP_IPIC2AXI_S/sig_rx_channel_reset_reg/C
  -------------------------------------------------------------------    -------------------
    SLICE_X13Y117        FDRE (Prop_DFF_SLICEM_C_Q)
                                                      0.083     1.403 r  design_1_i/axi_fifo_mm_s_0/U0/COMP_IPIC2AXI_S/sig_rx_channel_reset_reg/Q
                         net (fo=8, routed)           0.052     1.455    design_1_i/axi_fifo_mm_s_0/U0/COMP_IPIC2AXI_S/grxd.COMP_RX_FIFO/gfifo_gen.COMP_AXIS_FG_FIFO/sync_areset_n_reg_0
    SLICE_X14Y117        LUT3 (Prop_H5LUT_SLICEL_I0_O)
                                                      0.043     1.498 r  design_1_i/axi_fifo_mm_s_0/U0/COMP_IPIC2AXI_S/grxd.COMP_RX_FIFO/gfifo_gen.COMP_AXIS_FG_FIFO/s2mm_prmry_reset_out_n_INST_0/O
                         net (fo=1, routed)           0.007     1.505    design_1_i/axi_fifo_mm_s_0/U0/COMP_IPIC2AXI_S/grxd.COMP_RX_FIFO/gfifo_gen.COMP_AXIS_FG_FIFO/COMP_FIFO/gaxis_rst_sync.xpm_cdc_sync_rst_inst/src_rst
    SLICE_X14Y117        FDRE                                         r  design_1_i/axi_fifo_mm_s_0/U0/COMP_IPIC2AXI_S/grxd.COMP_RX_FIFO/gfifo_gen.COMP_AXIS_FG_FIFO/COMP_FIFO/gaxis_rst_sync.xpm_cdc_sync_rst_inst/syncstages_ff_reg[0]/D
  -------------------------------------------------------------------    -------------------

                         (clock clk_pl_0 rise edge)
                                                      0.000     0.000 r  
    PS8_X0Y0             PS8                          0.000     0.000 r  design_1_i/zynq_ultra_ps_e_0/inst/PS8_i/PLCLK[0]
                         net (fo=1, routed)           0.164     0.164    design_1_i/zynq_ultra_ps_e_0/inst/pl_clk_unbuffered[0]
    BUFG_PS_X0Y80        BUFG_PS (Prop_BUFG_PS_I_O)
                                                      0.023     0.187 r  design_1_i/zynq_ultra_ps_e_0/inst/buffer_pl_clk_0.PL_CLK_0_BUFG/O
    X0Y1 (CLOCK_ROOT)    net (fo=7084, routed)        1.281     1.468    design_1_i/axi_fifo_mm_s_0/U0/COMP_IPIC2AXI_S/grxd.COMP_RX_FIFO/gfifo_gen.COMP_AXIS_FG_FIFO/COMP_FIFO/gaxis_rst_sync.xpm_cdc_sync_rst_inst/dest_clk
    SLICE_X14Y117        FDRE                                         r  design_1_i/axi_fifo_mm_s_0/U0/COMP_IPIC2AXI_S/grxd.COMP_RX_FIFO/gfifo_gen.COMP_AXIS_FG_FIFO/COMP_FIFO/gaxis_rst_sync.xpm_cdc_sync_rst_inst/syncstages_ff_reg[0]/C

Slack:                    inf
  Source:                 design_1_i/axi_fifo_mm_s_2/U0/COMP_IPIC2AXI_S/sig_str_rst_reg/C
                            (rising edge-triggered cell FDSE clocked by clk_pl_0  {rise@0.000ns fall@5.000ns period=10.000ns})
  Destination:            design_1_i/axi_fifo_mm_s_2/U0/COMP_IPIC2AXI_S/grxd.COMP_RX_FIFO/gfifo_gen.COMP_AXIS_FG_FIFO/COMP_FIFO/gaxis_rst_sync.xpm_cdc_sync_rst_inst/syncstages_ff_reg[0]/D
                            (rising edge-triggered cell FDRE clocked by clk_pl_0  {rise@0.000ns fall@5.000ns period=10.000ns})
  Path Group:             (none)
  Path Type:              Hold (Min at Fast Process Corner)
  Data Path Delay:        0.228ns  (logic 0.126ns (55.197%)  route 0.102ns (44.803%))
  Logic Levels:           1  (LUT3=1)
  Clock Path Skew:        0.151ns (DCD - SCD - CPR)
    Destination Clock Delay (DCD):    1.476ns
    Source Clock Delay      (SCD):    1.325ns
    Clock Pessimism Removal (CPR):    -0.000ns
  Clock Uncertainty:      0.160ns  ((TSJ^2 + DJ^2)^1/2) / 2 + PE
    Total System Jitter     (TSJ):    0.071ns
    Discrete Jitter          (DJ):    0.312ns
    Phase Error              (PE):    0.000ns
  Clock Net Delay (Source):      1.174ns (routing 0.572ns, distribution 0.602ns)
  Clock Net Delay (Destination): 1.289ns (routing 0.623ns, distribution 0.666ns)
  Timing Exception:       False Path

    Location             Delay type                Incr(ns)  Path(ns)    Netlist Resource(s)
  -------------------------------------------------------------------    -------------------
                         (clock clk_pl_0 rise edge)
                                                      0.000     0.000 r  
    PS8_X0Y0             PS8                          0.000     0.000 r  design_1_i/zynq_ultra_ps_e_0/inst/PS8_i/PLCLK[0]
                         net (fo=1, routed)           0.129     0.129    design_1_i/zynq_ultra_ps_e_0/inst/pl_clk_unbuffered[0]
    BUFG_PS_X0Y80        BUFG_PS (Prop_BUFG_PS_I_O)
                                                      0.022     0.151 r  design_1_i/zynq_ultra_ps_e_0/inst/buffer_pl_clk_0.PL_CLK_0_BUFG/O
    X0Y1 (CLOCK_ROOT)    net (fo=7084, routed)        1.174     1.325    design_1_i/axi_fifo_mm_s_2/U0/COMP_IPIC2AXI_S/s_axi_aclk
    SLICE_X18Y109        FDSE                                         r  design_1_i/axi_fifo_mm_s_2/U0/COMP_IPIC2AXI_S/sig_str_rst_reg/C
  -------------------------------------------------------------------    -------------------
    SLICE_X18Y109        FDSE (Prop_AFF_SLICEM_C_Q)
                                                      0.082     1.407 r  design_1_i/axi_fifo_mm_s_2/U0/COMP_IPIC2AXI_S/sig_str_rst_reg/Q
                         net (fo=7, routed)           0.095     1.502    design_1_i/axi_fifo_mm_s_2/U0/COMP_IPIC2AXI_S/grxd.COMP_RX_FIFO/gfifo_gen.COMP_AXIS_FG_FIFO/s2mm_prmry_reset_out_n_0
    SLICE_X21Y108        LUT3 (Prop_H5LUT_SLICEM_I1_O)
                                                      0.044     1.546 r  design_1_i/axi_fifo_mm_s_2/U0/COMP_IPIC2AXI_S/grxd.COMP_RX_FIFO/gfifo_gen.COMP_AXIS_FG_FIFO/s2mm_prmry_reset_out_n_INST_0/O
                         net (fo=1, routed)           0.007     1.553    design_1_i/axi_fifo_mm_s_2/U0/COMP_IPIC2AXI_S/grxd.COMP_RX_FIFO/gfifo_gen.COMP_AXIS_FG_FIFO/COMP_FIFO/gaxis_rst_sync.xpm_cdc_sync_rst_inst/src_rst
    SLICE_X21Y108        FDRE                                         r  design_1_i/axi_fifo_mm_s_2/U0/COMP_IPIC2AXI_S/grxd.COMP_RX_FIFO/gfifo_gen.COMP_AXIS_FG_FIFO/COMP_FIFO/gaxis_rst_sync.xpm_cdc_sync_rst_inst/syncstages_ff_reg[0]/D
  -------------------------------------------------------------------    -------------------

                         (clock clk_pl_0 rise edge)
                                                      0.000     0.000 r  
    PS8_X0Y0             PS8                          0.000     0.000 r  design_1_i/zynq_ultra_ps_e_0/inst/PS8_i/PLCLK[0]
                         net (fo=1, routed)           0.164     0.164    design_1_i/zynq_ultra_ps_e_0/inst/pl_clk_unbuffered[0]
    BUFG_PS_X0Y80        BUFG_PS (Prop_BUFG_PS_I_O)
                                                      0.023     0.187 r  design_1_i/zynq_ultra_ps_e_0/inst/buffer_pl_clk_0.PL_CLK_0_BUFG/O
    X0Y1 (CLOCK_ROOT)    net (fo=7084, routed)        1.289     1.476    design_1_i/axi_fifo_mm_s_2/U0/COMP_IPIC2AXI_S/grxd.COMP_RX_FIFO/gfifo_gen.COMP_AXIS_FG_FIFO/COMP_FIFO/gaxis_rst_sync.xpm_cdc_sync_rst_inst/dest_clk
    SLICE_X21Y108        FDRE                                         r  design_1_i/axi_fifo_mm_s_2/U0/COMP_IPIC2AXI_S/grxd.COMP_RX_FIFO/gfifo_gen.COMP_AXIS_FG_FIFO/COMP_FIFO/gaxis_rst_sync.xpm_cdc_sync_rst_inst/syncstages_ff_reg[0]/C

Slack:                    inf
  Source:                 design_1_i/axi_fifo_mm_s_1/U0/COMP_IPIC2AXI_S/sig_tx_channel_reset_reg/C
                            (rising edge-triggered cell FDRE clocked by clk_pl_0  {rise@0.000ns fall@5.000ns period=10.000ns})
  Destination:            design_1_i/axi_fifo_mm_s_1/U0/COMP_IPIC2AXI_S/gtxd.COMP_TXD_FIFO/gfifo_gen.COMP_AXIS_FG_FIFO/COMP_FIFO/gaxis_rst_sync.xpm_cdc_sync_rst_inst/syncstages_ff_reg[0]/D
                            (rising edge-triggered cell FDRE clocked by clk_pl_0  {rise@0.000ns fall@5.000ns period=10.000ns})
  Path Group:             (none)
  Path Type:              Hold (Min at Fast Process Corner)
  Data Path Delay:        0.331ns  (logic 0.126ns (38.088%)  route 0.205ns (61.912%))
  Logic Levels:           1  (LUT3=1)
  Clock Path Skew:        0.138ns (DCD - SCD - CPR)
    Destination Clock Delay (DCD):    1.454ns
    Source Clock Delay      (SCD):    1.317ns
    Clock Pessimism Removal (CPR):    -0.000ns
  Clock Uncertainty:      0.160ns  ((TSJ^2 + DJ^2)^1/2) / 2 + PE
    Total System Jitter     (TSJ):    0.071ns
    Discrete Jitter          (DJ):    0.312ns
    Phase Error              (PE):    0.000ns
  Clock Net Delay (Source):      1.166ns (routing 0.572ns, distribution 0.594ns)
  Clock Net Delay (Destination): 1.267ns (routing 0.623ns, distribution 0.644ns)
  Timing Exception:       False Path

    Location             Delay type                Incr(ns)  Path(ns)    Netlist Resource(s)
  -------------------------------------------------------------------    -------------------
                         (clock clk_pl_0 rise edge)
                                                      0.000     0.000 r  
    PS8_X0Y0             PS8                          0.000     0.000 r  design_1_i/zynq_ultra_ps_e_0/inst/PS8_i/PLCLK[0]
                         net (fo=1, routed)           0.129     0.129    design_1_i/zynq_ultra_ps_e_0/inst/pl_clk_unbuffered[0]
    BUFG_PS_X0Y80        BUFG_PS (Prop_BUFG_PS_I_O)
                                                      0.022     0.151 r  design_1_i/zynq_ultra_ps_e_0/inst/buffer_pl_clk_0.PL_CLK_0_BUFG/O
    X0Y1 (CLOCK_ROOT)    net (fo=7084, routed)        1.166     1.317    design_1_i/axi_fifo_mm_s_1/U0/COMP_IPIC2AXI_S/s_axi_aclk
    SLICE_X13Y97         FDRE                                         r  design_1_i/axi_fifo_mm_s_1/U0/COMP_IPIC2AXI_S/sig_tx_channel_reset_reg/C
  -------------------------------------------------------------------    -------------------
    SLICE_X13Y97         FDRE (Prop_HFF2_SLICEM_C_Q)
                                                      0.083     1.400 r  design_1_i/axi_fifo_mm_s_1/U0/COMP_IPIC2AXI_S/sig_tx_channel_reset_reg/Q
                         net (fo=5, routed)           0.070     1.469    design_1_i/axi_fifo_mm_s_1/U0/COMP_IPIC2AXI_S/gtxd.COMP_TXD_FIFO/gfifo_gen.COMP_AXIS_FG_FIFO/mm2s_prmry_reset_out_n_0
    SLICE_X15Y95         LUT3 (Prop_G5LUT_SLICEL_I0_O)
                                                      0.043     1.512 r  design_1_i/axi_fifo_mm_s_1/U0/COMP_IPIC2AXI_S/gtxd.COMP_TXD_FIFO/gfifo_gen.COMP_AXIS_FG_FIFO/mm2s_prmry_reset_out_n_INST_0/O
                         net (fo=1, routed)           0.135     1.647    design_1_i/axi_fifo_mm_s_1/U0/COMP_IPIC2AXI_S/gtxd.COMP_TXD_FIFO/gfifo_gen.COMP_AXIS_FG_FIFO/COMP_FIFO/gaxis_rst_sync.xpm_cdc_sync_rst_inst/src_rst
    SLICE_X19Y93         FDRE                                         r  design_1_i/axi_fifo_mm_s_1/U0/COMP_IPIC2AXI_S/gtxd.COMP_TXD_FIFO/gfifo_gen.COMP_AXIS_FG_FIFO/COMP_FIFO/gaxis_rst_sync.xpm_cdc_sync_rst_inst/syncstages_ff_reg[0]/D
  -------------------------------------------------------------------    -------------------

                         (clock clk_pl_0 rise edge)
                                                      0.000     0.000 r  
    PS8_X0Y0             PS8                          0.000     0.000 r  design_1_i/zynq_ultra_ps_e_0/inst/PS8_i/PLCLK[0]
                         net (fo=1, routed)           0.164     0.164    design_1_i/zynq_ultra_ps_e_0/inst/pl_clk_unbuffered[0]
    BUFG_PS_X0Y80        BUFG_PS (Prop_BUFG_PS_I_O)
                                                      0.023     0.187 r  design_1_i/zynq_ultra_ps_e_0/inst/buffer_pl_clk_0.PL_CLK_0_BUFG/O
    X0Y1 (CLOCK_ROOT)    net (fo=7084, routed)        1.267     1.454    design_1_i/axi_fifo_mm_s_1/U0/COMP_IPIC2AXI_S/gtxd.COMP_TXD_FIFO/gfifo_gen.COMP_AXIS_FG_FIFO/COMP_FIFO/gaxis_rst_sync.xpm_cdc_sync_rst_inst/dest_clk
    SLICE_X19Y93         FDRE                                         r  design_1_i/axi_fifo_mm_s_1/U0/COMP_IPIC2AXI_S/gtxd.COMP_TXD_FIFO/gfifo_gen.COMP_AXIS_FG_FIFO/COMP_FIFO/gaxis_rst_sync.xpm_cdc_sync_rst_inst/syncstages_ff_reg[0]/C

Slack:                    inf
  Source:                 design_1_i/axi_fifo_mm_s_1/U0/COMP_IPIC2AXI_S/sig_str_rst_reg/C
                            (rising edge-triggered cell FDSE clocked by clk_pl_0  {rise@0.000ns fall@5.000ns period=10.000ns})
  Destination:            design_1_i/axi_fifo_mm_s_1/U0/COMP_IPIC2AXI_S/grxd.COMP_RX_FIFO/gfifo_gen.COMP_AXIS_FG_FIFO/COMP_FIFO/gaxis_rst_sync.xpm_cdc_sync_rst_inst/syncstages_ff_reg[0]/D
                            (rising edge-triggered cell FDRE clocked by clk_pl_0  {rise@0.000ns fall@5.000ns period=10.000ns})
  Path Group:             (none)
  Path Type:              Hold (Min at Fast Process Corner)
  Data Path Delay:        0.364ns  (logic 0.120ns (32.984%)  route 0.244ns (67.016%))
  Logic Levels:           1  (LUT3=1)
  Clock Path Skew:        0.152ns (DCD - SCD - CPR)
    Destination Clock Delay (DCD):    1.467ns
    Source Clock Delay      (SCD):    1.315ns
    Clock Pessimism Removal (CPR):    -0.000ns
  Clock Uncertainty:      0.160ns  ((TSJ^2 + DJ^2)^1/2) / 2 + PE
    Total System Jitter     (TSJ):    0.071ns
    Discrete Jitter          (DJ):    0.312ns
    Phase Error              (PE):    0.000ns
  Clock Net Delay (Source):      1.164ns (routing 0.572ns, distribution 0.592ns)
  Clock Net Delay (Destination): 1.280ns (routing 0.623ns, distribution 0.657ns)
  Timing Exception:       False Path

    Location             Delay type                Incr(ns)  Path(ns)    Netlist Resource(s)
  -------------------------------------------------------------------    -------------------
                         (clock clk_pl_0 rise edge)
                                                      0.000     0.000 r  
    PS8_X0Y0             PS8                          0.000     0.000 r  design_1_i/zynq_ultra_ps_e_0/inst/PS8_i/PLCLK[0]
                         net (fo=1, routed)           0.129     0.129    design_1_i/zynq_ultra_ps_e_0/inst/pl_clk_unbuffered[0]
    BUFG_PS_X0Y80        BUFG_PS (Prop_BUFG_PS_I_O)
                                                      0.022     0.151 r  design_1_i/zynq_ultra_ps_e_0/inst/buffer_pl_clk_0.PL_CLK_0_BUFG/O
    X0Y1 (CLOCK_ROOT)    net (fo=7084, routed)        1.164     1.315    design_1_i/axi_fifo_mm_s_1/U0/COMP_IPIC2AXI_S/s_axi_aclk
    SLICE_X15Y93         FDSE                                         r  design_1_i/axi_fifo_mm_s_1/U0/COMP_IPIC2AXI_S/sig_str_rst_reg/C
  -------------------------------------------------------------------    -------------------
    SLICE_X15Y93         FDSE (Prop_CFF_SLICEL_C_Q)
                                                      0.084     1.399 r  design_1_i/axi_fifo_mm_s_1/U0/COMP_IPIC2AXI_S/sig_str_rst_reg/Q
                         net (fo=7, routed)           0.095     1.493    design_1_i/axi_fifo_mm_s_1/U0/COMP_IPIC2AXI_S/grxd.COMP_RX_FIFO/gfifo_gen.COMP_AXIS_FG_FIFO/s2mm_prmry_reset_out_n_0
    SLICE_X16Y91         LUT3 (Prop_H5LUT_SLICEL_I1_O)
                                                      0.036     1.529 r  design_1_i/axi_fifo_mm_s_1/U0/COMP_IPIC2AXI_S/grxd.COMP_RX_FIFO/gfifo_gen.COMP_AXIS_FG_FIFO/s2mm_prmry_reset_out_n_INST_0/O
                         net (fo=1, routed)           0.149     1.678    design_1_i/axi_fifo_mm_s_1/U0/COMP_IPIC2AXI_S/grxd.COMP_RX_FIFO/gfifo_gen.COMP_AXIS_FG_FIFO/COMP_FIFO/gaxis_rst_sync.xpm_cdc_sync_rst_inst/src_rst
    SLICE_X19Y91         FDRE                                         r  design_1_i/axi_fifo_mm_s_1/U0/COMP_IPIC2AXI_S/grxd.COMP_RX_FIFO/gfifo_gen.COMP_AXIS_FG_FIFO/COMP_FIFO/gaxis_rst_sync.xpm_cdc_sync_rst_inst/syncstages_ff_reg[0]/D
  -------------------------------------------------------------------    -------------------

                         (clock clk_pl_0 rise edge)
                                                      0.000     0.000 r  
    PS8_X0Y0             PS8                          0.000     0.000 r  design_1_i/zynq_ultra_ps_e_0/inst/PS8_i/PLCLK[0]
                         net (fo=1, routed)           0.164     0.164    design_1_i/zynq_ultra_ps_e_0/inst/pl_clk_unbuffered[0]
    BUFG_PS_X0Y80        BUFG_PS (Prop_BUFG_PS_I_O)
                                                      0.023     0.187 r  design_1_i/zynq_ultra_ps_e_0/inst/buffer_pl_clk_0.PL_CLK_0_BUFG/O
    X0Y1 (CLOCK_ROOT)    net (fo=7084, routed)        1.280     1.467    design_1_i/axi_fifo_mm_s_1/U0/COMP_IPIC2AXI_S/grxd.COMP_RX_FIFO/gfifo_gen.COMP_AXIS_FG_FIFO/COMP_FIFO/gaxis_rst_sync.xpm_cdc_sync_rst_inst/dest_clk
    SLICE_X19Y91         FDRE                                         r  design_1_i/axi_fifo_mm_s_1/U0/COMP_IPIC2AXI_S/grxd.COMP_RX_FIFO/gfifo_gen.COMP_AXIS_FG_FIFO/COMP_FIFO/gaxis_rst_sync.xpm_cdc_sync_rst_inst/syncstages_ff_reg[0]/C

Slack:                    inf
  Source:                 design_1_i/axi_fifo_mm_s_0/U0/COMP_IPIC2AXI_S/sig_tx_channel_reset_reg/C
                            (rising edge-triggered cell FDRE clocked by clk_pl_0  {rise@0.000ns fall@5.000ns period=10.000ns})
  Destination:            design_1_i/axi_fifo_mm_s_0/U0/COMP_IPIC2AXI_S/gtxd.COMP_TXD_FIFO/gfifo_gen.COMP_AXIS_FG_FIFO/COMP_FIFO/gaxis_rst_sync.xpm_cdc_sync_rst_inst/syncstages_ff_reg[0]/D
                            (rising edge-triggered cell FDRE clocked by clk_pl_0  {rise@0.000ns fall@5.000ns period=10.000ns})
  Path Group:             (none)
  Path Type:              Hold (Min at Fast Process Corner)
  Data Path Delay:        0.380ns  (logic 0.139ns (36.614%)  route 0.241ns (63.386%))
  Logic Levels:           1  (LUT3=1)
  Clock Path Skew:        0.196ns (DCD - SCD - CPR)
    Destination Clock Delay (DCD):    1.516ns
    Source Clock Delay      (SCD):    1.320ns
    Clock Pessimism Removal (CPR):    -0.000ns
  Clock Uncertainty:      0.160ns  ((TSJ^2 + DJ^2)^1/2) / 2 + PE
    Total System Jitter     (TSJ):    0.071ns
    Discrete Jitter          (DJ):    0.312ns
    Phase Error              (PE):    0.000ns
  Clock Net Delay (Source):      1.169ns (routing 0.572ns, distribution 0.597ns)
  Clock Net Delay (Destination): 1.329ns (routing 0.623ns, distribution 0.706ns)
  Timing Exception:       False Path

    Location             Delay type                Incr(ns)  Path(ns)    Netlist Resource(s)
  -------------------------------------------------------------------    -------------------
                         (clock clk_pl_0 rise edge)
                                                      0.000     0.000 r  
    PS8_X0Y0             PS8                          0.000     0.000 r  design_1_i/zynq_ultra_ps_e_0/inst/PS8_i/PLCLK[0]
                         net (fo=1, routed)           0.129     0.129    design_1_i/zynq_ultra_ps_e_0/inst/pl_clk_unbuffered[0]
    BUFG_PS_X0Y80        BUFG_PS (Prop_BUFG_PS_I_O)
                                                      0.022     0.151 r  design_1_i/zynq_ultra_ps_e_0/inst/buffer_pl_clk_0.PL_CLK_0_BUFG/O
    X0Y1 (CLOCK_ROOT)    net (fo=7084, routed)        1.169     1.320    design_1_i/axi_fifo_mm_s_0/U0/COMP_IPIC2AXI_S/s_axi_aclk
    SLICE_X13Y117        FDRE                                         r  design_1_i/axi_fifo_mm_s_0/U0/COMP_IPIC2AXI_S/sig_tx_channel_reset_reg/C
  -------------------------------------------------------------------    -------------------
    SLICE_X13Y117        FDRE (Prop_DFF2_SLICEM_C_Q)
                                                      0.086     1.406 r  design_1_i/axi_fifo_mm_s_0/U0/COMP_IPIC2AXI_S/sig_tx_channel_reset_reg/Q
                         net (fo=5, routed)           0.055     1.461    design_1_i/axi_fifo_mm_s_0/U0/COMP_IPIC2AXI_S/gtxd.COMP_TXD_FIFO/gfifo_gen.COMP_AXIS_FG_FIFO/mm2s_prmry_reset_out_n_0
    SLICE_X15Y117        LUT3 (Prop_C5LUT_SLICEL_I0_O)
                                                      0.053     1.514 r  design_1_i/axi_fifo_mm_s_0/U0/COMP_IPIC2AXI_S/gtxd.COMP_TXD_FIFO/gfifo_gen.COMP_AXIS_FG_FIFO/mm2s_prmry_reset_out_n_INST_0/O
                         net (fo=1, routed)           0.186     1.700    design_1_i/axi_fifo_mm_s_0/U0/COMP_IPIC2AXI_S/gtxd.COMP_TXD_FIFO/gfifo_gen.COMP_AXIS_FG_FIFO/COMP_FIFO/gaxis_rst_sync.xpm_cdc_sync_rst_inst/src_rst
    SLICE_X18Y123        FDRE                                         r  design_1_i/axi_fifo_mm_s_0/U0/COMP_IPIC2AXI_S/gtxd.COMP_TXD_FIFO/gfifo_gen.COMP_AXIS_FG_FIFO/COMP_FIFO/gaxis_rst_sync.xpm_cdc_sync_rst_inst/syncstages_ff_reg[0]/D
  -------------------------------------------------------------------    -------------------

                         (clock clk_pl_0 rise edge)
                                                      0.000     0.000 r  
    PS8_X0Y0             PS8                          0.000     0.000 r  design_1_i/zynq_ultra_ps_e_0/inst/PS8_i/PLCLK[0]
                         net (fo=1, routed)           0.164     0.164    design_1_i/zynq_ultra_ps_e_0/inst/pl_clk_unbuffered[0]
    BUFG_PS_X0Y80        BUFG_PS (Prop_BUFG_PS_I_O)
                                                      0.023     0.187 r  design_1_i/zynq_ultra_ps_e_0/inst/buffer_pl_clk_0.PL_CLK_0_BUFG/O
    X0Y1 (CLOCK_ROOT)    net (fo=7084, routed)        1.329     1.516    design_1_i/axi_fifo_mm_s_0/U0/COMP_IPIC2AXI_S/gtxd.COMP_TXD_FIFO/gfifo_gen.COMP_AXIS_FG_FIFO/COMP_FIFO/gaxis_rst_sync.xpm_cdc_sync_rst_inst/dest_clk
    SLICE_X18Y123        FDRE                                         r  design_1_i/axi_fifo_mm_s_0/U0/COMP_IPIC2AXI_S/gtxd.COMP_TXD_FIFO/gfifo_gen.COMP_AXIS_FG_FIFO/COMP_FIFO/gaxis_rst_sync.xpm_cdc_sync_rst_inst/syncstages_ff_reg[0]/C

Slack:                    inf
  Source:                 design_1_i/axi_fifo_mm_s_2/U0/COMP_IPIC2AXI_S/sig_tx_channel_reset_reg/C
                            (rising edge-triggered cell FDRE clocked by clk_pl_0  {rise@0.000ns fall@5.000ns period=10.000ns})
  Destination:            design_1_i/axi_fifo_mm_s_2/U0/COMP_IPIC2AXI_S/gtxd.COMP_TXD_FIFO/gfifo_gen.COMP_AXIS_FG_FIFO/COMP_FIFO/gaxis_rst_sync.xpm_cdc_sync_rst_inst/syncstages_ff_reg[0]/D
                            (rising edge-triggered cell FDRE clocked by clk_pl_0  {rise@0.000ns fall@5.000ns period=10.000ns})
  Path Group:             (none)
  Path Type:              Hold (Min at Fast Process Corner)
  Data Path Delay:        0.432ns  (logic 0.122ns (28.265%)  route 0.310ns (71.735%))
  Logic Levels:           1  (LUT3=1)
  Clock Path Skew:        0.201ns (DCD - SCD - CPR)
    Destination Clock Delay (DCD):    1.530ns
    Source Clock Delay      (SCD):    1.330ns
    Clock Pessimism Removal (CPR):    -0.000ns
  Clock Uncertainty:      0.160ns  ((TSJ^2 + DJ^2)^1/2) / 2 + PE
    Total System Jitter     (TSJ):    0.071ns
    Discrete Jitter          (DJ):    0.312ns
    Phase Error              (PE):    0.000ns
  Clock Net Delay (Source):      1.179ns (routing 0.572ns, distribution 0.607ns)
  Clock Net Delay (Destination): 1.343ns (routing 0.623ns, distribution 0.720ns)
  Timing Exception:       False Path

    Location             Delay type                Incr(ns)  Path(ns)    Netlist Resource(s)
  -------------------------------------------------------------------    -------------------
                         (clock clk_pl_0 rise edge)
                                                      0.000     0.000 r  
    PS8_X0Y0             PS8                          0.000     0.000 r  design_1_i/zynq_ultra_ps_e_0/inst/PS8_i/PLCLK[0]
                         net (fo=1, routed)           0.129     0.129    design_1_i/zynq_ultra_ps_e_0/inst/pl_clk_unbuffered[0]
    BUFG_PS_X0Y80        BUFG_PS (Prop_BUFG_PS_I_O)
                                                      0.022     0.151 r  design_1_i/zynq_ultra_ps_e_0/inst/buffer_pl_clk_0.PL_CLK_0_BUFG/O
    X0Y1 (CLOCK_ROOT)    net (fo=7084, routed)        1.179     1.330    design_1_i/axi_fifo_mm_s_2/U0/COMP_IPIC2AXI_S/s_axi_aclk
    SLICE_X18Y108        FDRE                                         r  design_1_i/axi_fifo_mm_s_2/U0/COMP_IPIC2AXI_S/sig_tx_channel_reset_reg/C
  -------------------------------------------------------------------    -------------------
    SLICE_X18Y108        FDRE (Prop_CFF2_SLICEM_C_Q)
                                                      0.083     1.413 r  design_1_i/axi_fifo_mm_s_2/U0/COMP_IPIC2AXI_S/sig_tx_channel_reset_reg/Q
                         net (fo=5, routed)           0.059     1.471    design_1_i/axi_fifo_mm_s_2/U0/COMP_IPIC2AXI_S/gtxd.COMP_TXD_FIFO/gfifo_gen.COMP_AXIS_FG_FIFO/mm2s_prmry_reset_out_n_0
    SLICE_X18Y108        LUT3 (Prop_B5LUT_SLICEM_I0_O)
                                                      0.039     1.510 r  design_1_i/axi_fifo_mm_s_2/U0/COMP_IPIC2AXI_S/gtxd.COMP_TXD_FIFO/gfifo_gen.COMP_AXIS_FG_FIFO/mm2s_prmry_reset_out_n_INST_0/O
                         net (fo=1, routed)           0.251     1.761    design_1_i/axi_fifo_mm_s_2/U0/COMP_IPIC2AXI_S/gtxd.COMP_TXD_FIFO/gfifo_gen.COMP_AXIS_FG_FIFO/COMP_FIFO/gaxis_rst_sync.xpm_cdc_sync_rst_inst/src_rst
    SLICE_X23Y108        FDRE                                         r  design_1_i/axi_fifo_mm_s_2/U0/COMP_IPIC2AXI_S/gtxd.COMP_TXD_FIFO/gfifo_gen.COMP_AXIS_FG_FIFO/COMP_FIFO/gaxis_rst_sync.xpm_cdc_sync_rst_inst/syncstages_ff_reg[0]/D
  -------------------------------------------------------------------    -------------------

                         (clock clk_pl_0 rise edge)
                                                      0.000     0.000 r  
    PS8_X0Y0             PS8                          0.000     0.000 r  design_1_i/zynq_ultra_ps_e_0/inst/PS8_i/PLCLK[0]
                         net (fo=1, routed)           0.164     0.164    design_1_i/zynq_ultra_ps_e_0/inst/pl_clk_unbuffered[0]
    BUFG_PS_X0Y80        BUFG_PS (Prop_BUFG_PS_I_O)
                                                      0.023     0.187 r  design_1_i/zynq_ultra_ps_e_0/inst/buffer_pl_clk_0.PL_CLK_0_BUFG/O
    X0Y1 (CLOCK_ROOT)    net (fo=7084, routed)        1.343     1.530    design_1_i/axi_fifo_mm_s_2/U0/COMP_IPIC2AXI_S/gtxd.COMP_TXD_FIFO/gfifo_gen.COMP_AXIS_FG_FIFO/COMP_FIFO/gaxis_rst_sync.xpm_cdc_sync_rst_inst/dest_clk
    SLICE_X23Y108        FDRE                                         r  design_1_i/axi_fifo_mm_s_2/U0/COMP_IPIC2AXI_S/gtxd.COMP_TXD_FIFO/gfifo_gen.COMP_AXIS_FG_FIFO/COMP_FIFO/gaxis_rst_sync.xpm_cdc_sync_rst_inst/syncstages_ff_reg[0]/C





