
*** Running vivado
    with args -log design_1_myip_v1_0_HLS_0_0.vds -m64 -product Vivado -mode batch -messageDb vivado.pb -notrace -source design_1_myip_v1_0_HLS_0_0.tcl


ECHO is off.
ECHO is off.

****** Vivado v2023.2 (64-bit)
  **** SW Build 4029153 on Fri Oct 13 20:14:34 MDT 2023
  **** IP Build 4028589 on Sat Oct 14 00:45:43 MDT 2023
  **** SharedData Build 4025554 on Tue Oct 10 17:18:54 MDT 2023
    ** Copyright 1986-2022 Xilinx, Inc. All Rights Reserved.
    ** Copyright 2022-2023 Advanced Micro Devices, Inc. All Rights Reserved.

source design_1_myip_v1_0_HLS_0_0.tcl -notrace
create_project: Time (s): cpu = 00:00:05 ; elapsed = 00:00:09 . Memory (MB): peak = 455.715 ; gain = 182.789
INFO: [IP_Flow 19-234] Refreshing IP repositories
INFO: [IP_Flow 19-1700] Loaded user IP repository 'c:/Users/sunil/VivadoProjects/EE4218Labs/Lab4/ip_repo/myip_1_1'.
INFO: [IP_Flow 19-1700] Loaded user IP repository 'c:/Users/sunil/VitisHLSip/myip_v1_unoptimized_HLS'.
INFO: [IP_Flow 19-1700] Loaded user IP repository 'c:/Users/sunil/VitisHLSip/myip_v1_0_HLS/myip_v1_0_HLS'.
INFO: [IP_Flow 19-2313] Loaded Vivado IP repository 'C:/Xilinx/Vivado/2023.2/data/ip'.
WARNING: [IP_Flow 19-4995] The host OS only allows 260 characters in a normal path. The IP cache path is more than 80 characters. If you experience issues with IP caching, please consider changing the IP cache to a location with a shorter path. Alternately consider using the OS subst command to map part of the path to a drive letter. 
Current IP cache path is c:/Users/sunil/VivadoProjects/EE4218Labs/Lab4/integrated_coprocessor_v1/integrated_coprocessor_v1.cache/ip 
INFO: [IP_Flow 19-6924] IPCACHE: Running cache check for IP inst: design_1_myip_v1_0_HLS_0_0
Command: synth_design -top design_1_myip_v1_0_HLS_0_0 -part xck26-sfvc784-2LV-c -incremental_mode off -mode out_of_context
Starting synth_design
Attempting to get a license for feature 'Synthesis' and/or device 'xck26'
INFO: [Common 17-349] Got license for feature 'Synthesis' and/or device 'xck26'
INFO: [Device 21-403] Loading part xck26-sfvc784-2LV-c
INFO: [Synth 8-7079] Multithreading enabled for synth_design using a maximum of 2 processes.
INFO: [Synth 8-7078] Launching helper process for spawning children vivado processes
INFO: [Synth 8-7075] Helper process launched with PID 3672
---------------------------------------------------------------------------------
Starting RTL Elaboration : Time (s): cpu = 00:00:06 ; elapsed = 00:00:09 . Memory (MB): peak = 1861.715 ; gain = 379.250
---------------------------------------------------------------------------------
INFO: [Synth 8-6157] synthesizing module 'design_1_myip_v1_0_HLS_0_0' [c:/Users/sunil/VivadoProjects/EE4218Labs/Lab4/integrated_coprocessor_v1/integrated_coprocessor_v1.gen/sources_1/bd/design_1/ip/design_1_myip_v1_0_HLS_0_0/synth/design_1_myip_v1_0_HLS_0_0.v:53]
INFO: [Synth 8-6157] synthesizing module 'myip_v1_0_HLS' [c:/Users/sunil/VivadoProjects/EE4218Labs/Lab4/integrated_coprocessor_v1/integrated_coprocessor_v1.gen/sources_1/bd/design_1/ipshared/db18/hdl/verilog/myip_v1_0_HLS.v:9]
INFO: [Synth 8-6157] synthesizing module 'myip_v1_0_HLS_A_RAM_AUTO_1R1W' [c:/Users/sunil/VivadoProjects/EE4218Labs/Lab4/integrated_coprocessor_v1/integrated_coprocessor_v1.gen/sources_1/bd/design_1/ipshared/db18/hdl/verilog/myip_v1_0_HLS_A_RAM_AUTO_1R1W.v:7]
INFO: [Synth 8-6155] done synthesizing module 'myip_v1_0_HLS_A_RAM_AUTO_1R1W' (0#1) [c:/Users/sunil/VivadoProjects/EE4218Labs/Lab4/integrated_coprocessor_v1/integrated_coprocessor_v1.gen/sources_1/bd/design_1/ipshared/db18/hdl/verilog/myip_v1_0_HLS_A_RAM_AUTO_1R1W.v:7]
INFO: [Synth 8-6157] synthesizing module 'myip_v1_0_HLS_myip_v1_0_HLS_Pipeline_VITIS_LOOP_72_3' [c:/Users/sunil/VivadoProjects/EE4218Labs/Lab4/integrated_coprocessor_v1/integrated_coprocessor_v1.gen/sources_1/bd/design_1/ipshared/db18/hdl/verilog/myip_v1_0_HLS_myip_v1_0_HLS_Pipeline_VITIS_LOOP_72_3.v:9]
WARNING: [Synth 8-5974] attribute "use_dsp48" has been deprecated, please use "use_dsp" instead 
WARNING: [Synth 8-5974] attribute "use_dsp48" has been deprecated, please use "use_dsp" instead 
INFO: [Synth 8-6157] synthesizing module 'myip_v1_0_HLS_mul_8ns_8ns_16_1_1' [c:/Users/sunil/VivadoProjects/EE4218Labs/Lab4/integrated_coprocessor_v1/integrated_coprocessor_v1.gen/sources_1/bd/design_1/ipshared/db18/hdl/verilog/myip_v1_0_HLS_mul_8ns_8ns_16_1_1.v:5]
INFO: [Synth 8-6155] done synthesizing module 'myip_v1_0_HLS_mul_8ns_8ns_16_1_1' (0#1) [c:/Users/sunil/VivadoProjects/EE4218Labs/Lab4/integrated_coprocessor_v1/integrated_coprocessor_v1.gen/sources_1/bd/design_1/ipshared/db18/hdl/verilog/myip_v1_0_HLS_mul_8ns_8ns_16_1_1.v:5]
INFO: [Synth 8-6157] synthesizing module 'myip_v1_0_HLS_mac_muladd_8ns_8ns_16ns_16_4_1' [c:/Users/sunil/VivadoProjects/EE4218Labs/Lab4/integrated_coprocessor_v1/integrated_coprocessor_v1.gen/sources_1/bd/design_1/ipshared/db18/hdl/verilog/myip_v1_0_HLS_mac_muladd_8ns_8ns_16ns_16_4_1.v:49]
INFO: [Synth 8-6157] synthesizing module 'myip_v1_0_HLS_mac_muladd_8ns_8ns_16ns_16_4_1_DSP48_0' [c:/Users/sunil/VivadoProjects/EE4218Labs/Lab4/integrated_coprocessor_v1/integrated_coprocessor_v1.gen/sources_1/bd/design_1/ipshared/db18/hdl/verilog/myip_v1_0_HLS_mac_muladd_8ns_8ns_16ns_16_4_1.v:10]
INFO: [Synth 8-6155] done synthesizing module 'myip_v1_0_HLS_mac_muladd_8ns_8ns_16ns_16_4_1_DSP48_0' (0#1) [c:/Users/sunil/VivadoProjects/EE4218Labs/Lab4/integrated_coprocessor_v1/integrated_coprocessor_v1.gen/sources_1/bd/design_1/ipshared/db18/hdl/verilog/myip_v1_0_HLS_mac_muladd_8ns_8ns_16ns_16_4_1.v:10]
INFO: [Synth 8-6155] done synthesizing module 'myip_v1_0_HLS_mac_muladd_8ns_8ns_16ns_16_4_1' (0#1) [c:/Users/sunil/VivadoProjects/EE4218Labs/Lab4/integrated_coprocessor_v1/integrated_coprocessor_v1.gen/sources_1/bd/design_1/ipshared/db18/hdl/verilog/myip_v1_0_HLS_mac_muladd_8ns_8ns_16ns_16_4_1.v:49]
INFO: [Synth 8-6157] synthesizing module 'myip_v1_0_HLS_flow_control_loop_pipe_sequential_init' [c:/Users/sunil/VivadoProjects/EE4218Labs/Lab4/integrated_coprocessor_v1/integrated_coprocessor_v1.gen/sources_1/bd/design_1/ipshared/db18/hdl/verilog/myip_v1_0_HLS_flow_control_loop_pipe_sequential_init.v:11]
INFO: [Synth 8-6155] done synthesizing module 'myip_v1_0_HLS_flow_control_loop_pipe_sequential_init' (0#1) [c:/Users/sunil/VivadoProjects/EE4218Labs/Lab4/integrated_coprocessor_v1/integrated_coprocessor_v1.gen/sources_1/bd/design_1/ipshared/db18/hdl/verilog/myip_v1_0_HLS_flow_control_loop_pipe_sequential_init.v:11]
INFO: [Synth 8-6155] done synthesizing module 'myip_v1_0_HLS_myip_v1_0_HLS_Pipeline_VITIS_LOOP_72_3' (0#1) [c:/Users/sunil/VivadoProjects/EE4218Labs/Lab4/integrated_coprocessor_v1/integrated_coprocessor_v1.gen/sources_1/bd/design_1/ipshared/db18/hdl/verilog/myip_v1_0_HLS_myip_v1_0_HLS_Pipeline_VITIS_LOOP_72_3.v:9]
INFO: [Synth 8-6157] synthesizing module 'myip_v1_0_HLS_regslice_both' [c:/Users/sunil/VivadoProjects/EE4218Labs/Lab4/integrated_coprocessor_v1/integrated_coprocessor_v1.gen/sources_1/bd/design_1/ipshared/db18/hdl/verilog/myip_v1_0_HLS_regslice_both.v:11]
INFO: [Synth 8-6155] done synthesizing module 'myip_v1_0_HLS_regslice_both' (0#1) [c:/Users/sunil/VivadoProjects/EE4218Labs/Lab4/integrated_coprocessor_v1/integrated_coprocessor_v1.gen/sources_1/bd/design_1/ipshared/db18/hdl/verilog/myip_v1_0_HLS_regslice_both.v:11]
INFO: [Synth 8-6157] synthesizing module 'myip_v1_0_HLS_regslice_both__parameterized0' [c:/Users/sunil/VivadoProjects/EE4218Labs/Lab4/integrated_coprocessor_v1/integrated_coprocessor_v1.gen/sources_1/bd/design_1/ipshared/db18/hdl/verilog/myip_v1_0_HLS_regslice_both.v:11]
INFO: [Synth 8-6155] done synthesizing module 'myip_v1_0_HLS_regslice_both__parameterized0' (0#1) [c:/Users/sunil/VivadoProjects/EE4218Labs/Lab4/integrated_coprocessor_v1/integrated_coprocessor_v1.gen/sources_1/bd/design_1/ipshared/db18/hdl/verilog/myip_v1_0_HLS_regslice_both.v:11]
INFO: [Synth 8-6157] synthesizing module 'myip_v1_0_HLS_regslice_both__parameterized1' [c:/Users/sunil/VivadoProjects/EE4218Labs/Lab4/integrated_coprocessor_v1/integrated_coprocessor_v1.gen/sources_1/bd/design_1/ipshared/db18/hdl/verilog/myip_v1_0_HLS_regslice_both.v:11]
INFO: [Synth 8-6155] done synthesizing module 'myip_v1_0_HLS_regslice_both__parameterized1' (0#1) [c:/Users/sunil/VivadoProjects/EE4218Labs/Lab4/integrated_coprocessor_v1/integrated_coprocessor_v1.gen/sources_1/bd/design_1/ipshared/db18/hdl/verilog/myip_v1_0_HLS_regslice_both.v:11]
INFO: [Synth 8-6155] done synthesizing module 'myip_v1_0_HLS' (0#1) [c:/Users/sunil/VivadoProjects/EE4218Labs/Lab4/integrated_coprocessor_v1/integrated_coprocessor_v1.gen/sources_1/bd/design_1/ipshared/db18/hdl/verilog/myip_v1_0_HLS.v:9]
INFO: [Synth 8-6155] done synthesizing module 'design_1_myip_v1_0_HLS_0_0' (0#1) [c:/Users/sunil/VivadoProjects/EE4218Labs/Lab4/integrated_coprocessor_v1/integrated_coprocessor_v1.gen/sources_1/bd/design_1/ip/design_1_myip_v1_0_HLS_0_0/synth/design_1_myip_v1_0_HLS_0_0.v:53]
WARNING: [Synth 8-7129] Port rst in module myip_v1_0_HLS_mac_muladd_8ns_8ns_16ns_16_4_1_DSP48_0 is either unconnected or has no load
WARNING: [Synth 8-7129] Port reset in module myip_v1_0_HLS_A_RAM_AUTO_1R1W is either unconnected or has no load
---------------------------------------------------------------------------------
Finished RTL Elaboration : Time (s): cpu = 00:00:13 ; elapsed = 00:00:18 . Memory (MB): peak = 2179.203 ; gain = 696.738
---------------------------------------------------------------------------------
---------------------------------------------------------------------------------
Start Handling Custom Attributes
---------------------------------------------------------------------------------
---------------------------------------------------------------------------------
Finished Handling Custom Attributes : Time (s): cpu = 00:00:14 ; elapsed = 00:00:19 . Memory (MB): peak = 2179.203 ; gain = 696.738
---------------------------------------------------------------------------------
---------------------------------------------------------------------------------
Finished RTL Optimization Phase 1 : Time (s): cpu = 00:00:14 ; elapsed = 00:00:19 . Memory (MB): peak = 2179.203 ; gain = 696.738
---------------------------------------------------------------------------------
Netlist sorting complete. Time (s): cpu = 00:00:04 ; elapsed = 00:00:04 . Memory (MB): peak = 2179.203 ; gain = 0.000
INFO: [Project 1-570] Preparing netlist for logic optimization

Processing XDC Constraints
Initializing timing engine
Parsing XDC File [c:/Users/sunil/VivadoProjects/EE4218Labs/Lab4/integrated_coprocessor_v1/integrated_coprocessor_v1.gen/sources_1/bd/design_1/ip/design_1_myip_v1_0_HLS_0_0/constraints/myip_v1_0_HLS_ooc.xdc] for cell 'inst'
create_clock: Time (s): cpu = 00:00:06 ; elapsed = 00:00:08 . Memory (MB): peak = 3020.270 ; gain = 22.699
Finished Parsing XDC File [c:/Users/sunil/VivadoProjects/EE4218Labs/Lab4/integrated_coprocessor_v1/integrated_coprocessor_v1.gen/sources_1/bd/design_1/ip/design_1_myip_v1_0_HLS_0_0/constraints/myip_v1_0_HLS_ooc.xdc] for cell 'inst'
Parsing XDC File [C:/Users/sunil/VivadoProjects/EE4218Labs/Lab4/integrated_coprocessor_v1/integrated_coprocessor_v1.runs/design_1_myip_v1_0_HLS_0_0_synth_1/dont_touch.xdc]
Finished Parsing XDC File [C:/Users/sunil/VivadoProjects/EE4218Labs/Lab4/integrated_coprocessor_v1/integrated_coprocessor_v1.runs/design_1_myip_v1_0_HLS_0_0_synth_1/dont_touch.xdc]
Completed Processing XDC Constraints

Netlist sorting complete. Time (s): cpu = 00:00:00 ; elapsed = 00:00:00.003 . Memory (MB): peak = 3020.270 ; gain = 0.000
INFO: [Project 1-111] Unisim Transformation Summary:
No Unisim elements were transformed.

The system cannot find the path specified.
Constraint Validation Runtime : Time (s): cpu = 00:00:00 ; elapsed = 00:00:00.376 . Memory (MB): peak = 3032.770 ; gain = 12.500
INFO: [Designutils 20-5008] Incremental synthesis strategy off
---------------------------------------------------------------------------------
Finished Constraint Validation : Time (s): cpu = 00:00:51 ; elapsed = 00:01:08 . Memory (MB): peak = 3032.770 ; gain = 1550.305
---------------------------------------------------------------------------------
---------------------------------------------------------------------------------
Start Loading Part and Timing Information
---------------------------------------------------------------------------------
Loading part: xck26-sfvc784-2LV-c
INFO: [Synth 8-6742] Reading net delay rules and data
INFO: [Synth 8-4490] FSM extraction disabled for register 'ap_CS_fsm_reg' through user attribute
INFO: [Synth 8-6904] The RAM "myip_v1_0_HLS_A_RAM_AUTO_1R1W:/ram_reg" of size (depth=64 x width=8) is automatically implemented using LUTRAM. BRAM implementation would be inefficient 
---------------------------------------------------------------------------------
Finished RTL Optimization Phase 2 : Time (s): cpu = 00:00:57 ; elapsed = 00:01:19 . Memory (MB): peak = 3032.770 ; gain = 1550.305
---------------------------------------------------------------------------------
INFO: [Synth 8-223] decloning instance 'inst/regslice_both_M_AXIS_V_keep_V_U' (myip_v1_0_HLS_regslice_both__parameterized0) to 'inst/regslice_both_M_AXIS_V_strb_V_U'
---------------------------------------------------------------------------------
Start RTL Component Statistics 
---------------------------------------------------------------------------------
Detailed RTL Component Info : 
+---Adders : 
	   4 Input   16 Bit       Adders := 1     
	   2 Input    7 Bit       Adders := 1     
+---Registers : 
	               32 Bit    Registers := 4     
	               18 Bit    Registers := 4     
	                8 Bit    Registers := 25    
	                7 Bit    Registers := 1     
	                6 Bit    Registers := 4     
	                4 Bit    Registers := 6     
	                2 Bit    Registers := 7     
	                1 Bit    Registers := 30    
+---RAMs : 
	              512 Bit	(64 X 8 bit)          RAMs := 9     
+---Muxes : 
	   2 Input  587 Bit        Muxes := 2     
	   2 Input  586 Bit        Muxes := 1     
	   2 Input  585 Bit        Muxes := 1     
	   2 Input  584 Bit        Muxes := 1     
	   2 Input  583 Bit        Muxes := 1     
	   2 Input  582 Bit        Muxes := 1     
	   2 Input  581 Bit        Muxes := 1     
	   2 Input  580 Bit        Muxes := 1     
	   2 Input  579 Bit        Muxes := 1     
	   2 Input  578 Bit        Muxes := 1     
	   2 Input  577 Bit        Muxes := 1     
	   2 Input  576 Bit        Muxes := 1     
	   2 Input  575 Bit        Muxes := 1     
	   2 Input  574 Bit        Muxes := 1     
	   2 Input  573 Bit        Muxes := 1     
	   2 Input  572 Bit        Muxes := 1     
	   2 Input  571 Bit        Muxes := 1     
	   2 Input  570 Bit        Muxes := 1     
	   2 Input  569 Bit        Muxes := 1     
	   2 Input  568 Bit        Muxes := 1     
	   2 Input  567 Bit        Muxes := 1     
	   2 Input  566 Bit        Muxes := 1     
	   2 Input  565 Bit        Muxes := 1     
	   2 Input  564 Bit        Muxes := 1     
	   2 Input  563 Bit        Muxes := 1     
	   2 Input  562 Bit        Muxes := 1     
	   2 Input  561 Bit        Muxes := 1     
	   2 Input  560 Bit        Muxes := 1     
	   2 Input  559 Bit        Muxes := 1     
	   2 Input  558 Bit        Muxes := 1     
	   2 Input  557 Bit        Muxes := 1     
	   2 Input  556 Bit        Muxes := 1     
	   2 Input  555 Bit        Muxes := 1     
	   2 Input  554 Bit        Muxes := 1     
	   2 Input  553 Bit        Muxes := 1     
	   2 Input  552 Bit        Muxes := 1     
	   2 Input  551 Bit        Muxes := 1     
	   2 Input  550 Bit        Muxes := 1     
	   2 Input  549 Bit        Muxes := 1     
	   2 Input  548 Bit        Muxes := 1     
	   2 Input  547 Bit        Muxes := 1     
	   2 Input  546 Bit        Muxes := 1     
	   2 Input  545 Bit        Muxes := 1     
	   2 Input  544 Bit        Muxes := 1     
	   2 Input  543 Bit        Muxes := 1     
	   2 Input  542 Bit        Muxes := 1     
	   2 Input  541 Bit        Muxes := 1     
	   2 Input  540 Bit        Muxes := 1     
	   2 Input  539 Bit        Muxes := 1     
	   2 Input  538 Bit        Muxes := 1     
	   2 Input  537 Bit        Muxes := 1     
	   2 Input  536 Bit        Muxes := 1     
	   2 Input  535 Bit        Muxes := 1     
	   2 Input  534 Bit        Muxes := 1     
	   2 Input  533 Bit        Muxes := 1     
	   2 Input  532 Bit        Muxes := 1     
	   2 Input  531 Bit        Muxes := 1     
	   2 Input  530 Bit        Muxes := 1     
	   2 Input  529 Bit        Muxes := 1     
	   2 Input  528 Bit        Muxes := 1     
	   2 Input  527 Bit        Muxes := 1     
	   2 Input  526 Bit        Muxes := 1     
	   2 Input  525 Bit        Muxes := 1     
	   2 Input  524 Bit        Muxes := 1     
	   2 Input  522 Bit        Muxes := 1     
	   2 Input  521 Bit        Muxes := 1     
	   2 Input  520 Bit        Muxes := 1     
	   2 Input  519 Bit        Muxes := 1     
	   2 Input  518 Bit        Muxes := 1     
	   2 Input  517 Bit        Muxes := 1     
	   2 Input  516 Bit        Muxes := 1     
	   2 Input  515 Bit        Muxes := 1     
	   2 Input  514 Bit        Muxes := 1     
	   2 Input  513 Bit        Muxes := 1     
	   2 Input  512 Bit        Muxes := 1     
	   2 Input  511 Bit        Muxes := 1     
	   2 Input  510 Bit        Muxes := 1     
	   2 Input  509 Bit        Muxes := 1     
	   2 Input  508 Bit        Muxes := 1     
	   2 Input  507 Bit        Muxes := 1     
	   2 Input  506 Bit        Muxes := 1     
	   2 Input  505 Bit        Muxes := 1     
	   2 Input  504 Bit        Muxes := 1     
	   2 Input  503 Bit        Muxes := 1     
	   2 Input  502 Bit        Muxes := 1     
	   2 Input  501 Bit        Muxes := 1     
	   2 Input  500 Bit        Muxes := 1     
	   2 Input  499 Bit        Muxes := 1     
	   2 Input  498 Bit        Muxes := 1     
	   2 Input  497 Bit        Muxes := 1     
	   2 Input  496 Bit        Muxes := 1     
	   2 Input  495 Bit        Muxes := 1     
	   2 Input  494 Bit        Muxes := 1     
	   2 Input  493 Bit        Muxes := 1     
	   2 Input  492 Bit        Muxes := 1     
	   2 Input  491 Bit        Muxes := 1     
	   2 Input  490 Bit        Muxes := 1     
	   2 Input  489 Bit        Muxes := 1     
	   2 Input  488 Bit        Muxes := 1     
	   2 Input  487 Bit        Muxes := 1     
	   2 Input  486 Bit        Muxes := 1     
	   2 Input  485 Bit        Muxes := 1     
	   2 Input  484 Bit        Muxes := 1     
	   2 Input  483 Bit        Muxes := 1     
	   2 Input  482 Bit        Muxes := 1     
	   2 Input  481 Bit        Muxes := 1     
	   2 Input  480 Bit        Muxes := 1     
	   2 Input  479 Bit        Muxes := 1     
	   2 Input  478 Bit        Muxes := 1     
	   2 Input  477 Bit        Muxes := 1     
	   2 Input  476 Bit        Muxes := 1     
	   2 Input  475 Bit        Muxes := 1     
	   2 Input  474 Bit        Muxes := 1     
	   2 Input  473 Bit        Muxes := 1     
	   2 Input  472 Bit        Muxes := 1     
	   2 Input  471 Bit        Muxes := 1     
	   2 Input  470 Bit        Muxes := 1     
	   2 Input  469 Bit        Muxes := 1     
	   2 Input  468 Bit        Muxes := 1     
	   2 Input  467 Bit        Muxes := 1     
	   2 Input  466 Bit        Muxes := 1     
	   2 Input  465 Bit        Muxes := 1     
	   2 Input  464 Bit        Muxes := 1     
	   2 Input  463 Bit        Muxes := 1     
	   2 Input  462 Bit        Muxes := 1     
	   2 Input  461 Bit        Muxes := 1     
	   2 Input  460 Bit        Muxes := 1     
	   2 Input  459 Bit        Muxes := 1     
	   2 Input  458 Bit        Muxes := 1     
	   2 Input  457 Bit        Muxes := 1     
	   2 Input  456 Bit        Muxes := 1     
	   2 Input  455 Bit        Muxes := 1     
	   2 Input  454 Bit        Muxes := 1     
	   2 Input  453 Bit        Muxes := 1     
	   2 Input  452 Bit        Muxes := 1     
	   2 Input  451 Bit        Muxes := 1     
	   2 Input  450 Bit        Muxes := 1     
	   2 Input  449 Bit        Muxes := 1     
	   2 Input  448 Bit        Muxes := 1     
	   2 Input  447 Bit        Muxes := 1     
	   2 Input  446 Bit        Muxes := 1     
	   2 Input  445 Bit        Muxes := 1     
	   2 Input  444 Bit        Muxes := 1     
	   2 Input  443 Bit        Muxes := 1     
	   2 Input  442 Bit        Muxes := 1     
	   2 Input  441 Bit        Muxes := 1     
	   2 Input  440 Bit        Muxes := 1     
	   2 Input  439 Bit        Muxes := 1     
	   2 Input  438 Bit        Muxes := 1     
	   2 Input  437 Bit        Muxes := 1     
	   2 Input  436 Bit        Muxes := 1     
	   2 Input  435 Bit        Muxes := 1     
	   2 Input  434 Bit        Muxes := 1     
	   2 Input  433 Bit        Muxes := 1     
	   2 Input  432 Bit        Muxes := 1     
	   2 Input  431 Bit        Muxes := 1     
	   2 Input  430 Bit        Muxes := 1     
	   2 Input  429 Bit        Muxes := 1     
	   2 Input  428 Bit        Muxes := 1     
	   2 Input  427 Bit        Muxes := 1     
	   2 Input  426 Bit        Muxes := 1     
	   2 Input  425 Bit        Muxes := 1     
	   2 Input  424 Bit        Muxes := 1     
	   2 Input  423 Bit        Muxes := 1     
	   2 Input  422 Bit        Muxes := 1     
	   2 Input  421 Bit        Muxes := 1     
	   2 Input  420 Bit        Muxes := 1     
	   2 Input  419 Bit        Muxes := 1     
	   2 Input  418 Bit        Muxes := 1     
	   2 Input  417 Bit        Muxes := 1     
	   2 Input  416 Bit        Muxes := 1     
	   2 Input  415 Bit        Muxes := 1     
	   2 Input  414 Bit        Muxes := 1     
	   2 Input  413 Bit        Muxes := 1     
	   2 Input  412 Bit        Muxes := 1     
	   2 Input  411 Bit        Muxes := 1     
	   2 Input  410 Bit        Muxes := 1     
	   2 Input  409 Bit        Muxes := 1     
	   2 Input  408 Bit        Muxes := 1     
	   2 Input  407 Bit        Muxes := 1     
	   2 Input  406 Bit        Muxes := 1     
	   2 Input  405 Bit        Muxes := 1     
	   2 Input  404 Bit        Muxes := 1     
	   2 Input  403 Bit        Muxes := 1     
	   2 Input  402 Bit        Muxes := 1     
	   2 Input  401 Bit        Muxes := 1     
	   2 Input  400 Bit        Muxes := 1     
	   2 Input  399 Bit        Muxes := 1     
	   2 Input  398 Bit        Muxes := 1     
	   2 Input  397 Bit        Muxes := 1     
	   2 Input  396 Bit        Muxes := 1     
	   2 Input  395 Bit        Muxes := 1     
	   2 Input  394 Bit        Muxes := 1     
	   2 Input  393 Bit        Muxes := 1     
	   2 Input  392 Bit        Muxes := 1     
	   2 Input  391 Bit        Muxes := 1     
	   2 Input  390 Bit        Muxes := 1     
	   2 Input  389 Bit        Muxes := 1     
	   2 Input  388 Bit        Muxes := 1     
	   2 Input  387 Bit        Muxes := 1     
	   2 Input  386 Bit        Muxes := 1     
	   2 Input  385 Bit        Muxes := 1     
	   2 Input  384 Bit        Muxes := 1     
	   2 Input  383 Bit        Muxes := 1     
	   2 Input  382 Bit        Muxes := 1     
	   2 Input  381 Bit        Muxes := 1     
	   2 Input  380 Bit        Muxes := 1     
	   2 Input  379 Bit        Muxes := 1     
	   2 Input  378 Bit        Muxes := 1     
	   2 Input  377 Bit        Muxes := 1     
	   2 Input  376 Bit        Muxes := 1     
	   2 Input  375 Bit        Muxes := 1     
	   2 Input  374 Bit        Muxes := 1     
	   2 Input  373 Bit        Muxes := 1     
	   2 Input  372 Bit        Muxes := 1     
	   2 Input  371 Bit        Muxes := 1     
	   2 Input  370 Bit        Muxes := 1     
	   2 Input  369 Bit        Muxes := 1     
	   2 Input  368 Bit        Muxes := 1     
	   2 Input  367 Bit        Muxes := 1     
	   2 Input  366 Bit        Muxes := 1     
	   2 Input  365 Bit        Muxes := 1     
	   2 Input  364 Bit        Muxes := 1     
	   2 Input  363 Bit        Muxes := 1     
	   2 Input  362 Bit        Muxes := 1     
	   2 Input  361 Bit        Muxes := 1     
	   2 Input  360 Bit        Muxes := 1     
	   2 Input  359 Bit        Muxes := 1     
	   2 Input  358 Bit        Muxes := 1     
	   2 Input  357 Bit        Muxes := 1     
	   2 Input  356 Bit        Muxes := 1     
	   2 Input  355 Bit        Muxes := 1     
	   2 Input  354 Bit        Muxes := 1     
	   2 Input  353 Bit        Muxes := 1     
	   2 Input  352 Bit        Muxes := 1     
	   2 Input  351 Bit        Muxes := 1     
	   2 Input  350 Bit        Muxes := 1     
	   2 Input  349 Bit        Muxes := 1     
	   2 Input  348 Bit        Muxes := 1     
	   2 Input  347 Bit        Muxes := 1     
	   2 Input  346 Bit        Muxes := 1     
	   2 Input  345 Bit        Muxes := 1     
	   2 Input  344 Bit        Muxes := 1     
	   2 Input  343 Bit        Muxes := 1     
	   2 Input  342 Bit        Muxes := 1     
	   2 Input  341 Bit        Muxes := 1     
	   2 Input  340 Bit        Muxes := 1     
	   2 Input  339 Bit        Muxes := 1     
	   2 Input  338 Bit        Muxes := 1     
	   2 Input  337 Bit        Muxes := 1     
	   2 Input  336 Bit        Muxes := 1     
	   2 Input  335 Bit        Muxes := 1     
	   2 Input  334 Bit        Muxes := 1     
	   2 Input  333 Bit        Muxes := 1     
	   2 Input  332 Bit        Muxes := 1     
	   2 Input  331 Bit        Muxes := 1     
	   2 Input  330 Bit        Muxes := 1     
	   2 Input  329 Bit        Muxes := 1     
	   2 Input  328 Bit        Muxes := 1     
	   2 Input  327 Bit        Muxes := 1     
	   2 Input  326 Bit        Muxes := 1     
	   2 Input  325 Bit        Muxes := 1     
	   2 Input  324 Bit        Muxes := 1     
	   2 Input  323 Bit        Muxes := 1     
	   2 Input  322 Bit        Muxes := 1     
	   2 Input  321 Bit        Muxes := 1     
	   2 Input  320 Bit        Muxes := 1     
	   2 Input  319 Bit        Muxes := 1     
	   2 Input  318 Bit        Muxes := 1     
	   2 Input  317 Bit        Muxes := 1     
	   2 Input  316 Bit        Muxes := 1     
	   2 Input  315 Bit        Muxes := 1     
	   2 Input  314 Bit        Muxes := 1     
	   2 Input  313 Bit        Muxes := 1     
	   2 Input  312 Bit        Muxes := 1     
	   2 Input  311 Bit        Muxes := 1     
	   2 Input  310 Bit        Muxes := 1     
	   2 Input  309 Bit        Muxes := 1     
	   2 Input  308 Bit        Muxes := 1     
	   2 Input  307 Bit        Muxes := 1     
	   2 Input  306 Bit        Muxes := 1     
	   2 Input  305 Bit        Muxes := 1     
	   2 Input  304 Bit        Muxes := 1     
	   2 Input  303 Bit        Muxes := 1     
	   2 Input  302 Bit        Muxes := 1     
	   2 Input  301 Bit        Muxes := 1     
	   2 Input  300 Bit        Muxes := 1     
	   2 Input  299 Bit        Muxes := 1     
	   2 Input  298 Bit        Muxes := 1     
	   2 Input  297 Bit        Muxes := 1     
	   2 Input  296 Bit        Muxes := 1     
	   2 Input  295 Bit        Muxes := 1     
	   2 Input  294 Bit        Muxes := 1     
	   2 Input  293 Bit        Muxes := 1     
	   2 Input  292 Bit        Muxes := 1     
	   2 Input  291 Bit        Muxes := 1     
	   2 Input  290 Bit        Muxes := 1     
	   2 Input  289 Bit        Muxes := 1     
	   2 Input  288 Bit        Muxes := 1     
	   2 Input  287 Bit        Muxes := 1     
	   2 Input  286 Bit        Muxes := 1     
	   2 Input  285 Bit        Muxes := 1     
	   2 Input  284 Bit        Muxes := 1     
	   2 Input  283 Bit        Muxes := 1     
	   2 Input  282 Bit        Muxes := 1     
	   2 Input  281 Bit        Muxes := 1     
	   2 Input  280 Bit        Muxes := 1     
	   2 Input  279 Bit        Muxes := 1     
	   2 Input  278 Bit        Muxes := 1     
	   2 Input  277 Bit        Muxes := 1     
	   2 Input  276 Bit        Muxes := 1     
	   2 Input  275 Bit        Muxes := 1     
	   2 Input  274 Bit        Muxes := 1     
	   2 Input  273 Bit        Muxes := 1     
	   2 Input  272 Bit        Muxes := 1     
	   2 Input  271 Bit        Muxes := 1     
	   2 Input  270 Bit        Muxes := 1     
	   2 Input  269 Bit        Muxes := 1     
	   2 Input  268 Bit        Muxes := 1     
	   2 Input  267 Bit        Muxes := 1     
	   2 Input  266 Bit        Muxes := 1     
	   2 Input  265 Bit        Muxes := 1     
	   2 Input  264 Bit        Muxes := 1     
	   2 Input  263 Bit        Muxes := 1     
	   2 Input  262 Bit        Muxes := 1     
	   2 Input  261 Bit        Muxes := 1     
	   2 Input  260 Bit        Muxes := 1     
	   2 Input  259 Bit        Muxes := 1     
	   2 Input  258 Bit        Muxes := 1     
	   2 Input  257 Bit        Muxes := 1     
	   2 Input  256 Bit        Muxes := 1     
	   2 Input  255 Bit        Muxes := 1     
	   2 Input  254 Bit        Muxes := 1     
	   2 Input  253 Bit        Muxes := 1     
	   2 Input  252 Bit        Muxes := 1     
	   2 Input  251 Bit        Muxes := 1     
	   2 Input  250 Bit        Muxes := 1     
	   2 Input  249 Bit        Muxes := 1     
	   2 Input  248 Bit        Muxes := 1     
	   2 Input  247 Bit        Muxes := 1     
	   2 Input  246 Bit        Muxes := 1     
	   2 Input  245 Bit        Muxes := 1     
	   2 Input  244 Bit        Muxes := 1     
	   2 Input  243 Bit        Muxes := 1     
	   2 Input  242 Bit        Muxes := 1     
	   2 Input  241 Bit        Muxes := 1     
	   2 Input  240 Bit        Muxes := 1     
	   2 Input  239 Bit        Muxes := 1     
	   2 Input  238 Bit        Muxes := 1     
	   2 Input  237 Bit        Muxes := 1     
	   2 Input  236 Bit        Muxes := 1     
	   2 Input  235 Bit        Muxes := 1     
	   2 Input  234 Bit        Muxes := 1     
	   2 Input  233 Bit        Muxes := 1     
	   2 Input  232 Bit        Muxes := 1     
	   2 Input  231 Bit        Muxes := 1     
	   2 Input  230 Bit        Muxes := 1     
	   2 Input  229 Bit        Muxes := 1     
	   2 Input  228 Bit        Muxes := 1     
	   2 Input  227 Bit        Muxes := 1     
	   2 Input  226 Bit        Muxes := 1     
	   2 Input  225 Bit        Muxes := 1     
	   2 Input  224 Bit        Muxes := 1     
	   2 Input  223 Bit        Muxes := 1     
	   2 Input  222 Bit        Muxes := 1     
	   2 Input  221 Bit        Muxes := 1     
	   2 Input  220 Bit        Muxes := 1     
	   2 Input  219 Bit        Muxes := 1     
	   2 Input  218 Bit        Muxes := 1     
	   2 Input  217 Bit        Muxes := 1     
	   2 Input  216 Bit        Muxes := 1     
	   2 Input  215 Bit        Muxes := 1     
	   2 Input  214 Bit        Muxes := 1     
	   2 Input  213 Bit        Muxes := 1     
	   2 Input  212 Bit        Muxes := 1     
	   2 Input  211 Bit        Muxes := 1     
	   2 Input  210 Bit        Muxes := 1     
	   2 Input  209 Bit        Muxes := 1     
	   2 Input  208 Bit        Muxes := 1     
	   2 Input  207 Bit        Muxes := 1     
	   2 Input  206 Bit        Muxes := 1     
	   2 Input  205 Bit        Muxes := 1     
	   2 Input  204 Bit        Muxes := 1     
	   2 Input  203 Bit        Muxes := 1     
	   2 Input  202 Bit        Muxes := 1     
	   2 Input  201 Bit        Muxes := 1     
	   2 Input  200 Bit        Muxes := 1     
	   2 Input  199 Bit        Muxes := 1     
	   2 Input  198 Bit        Muxes := 1     
	   2 Input  197 Bit        Muxes := 1     
	   2 Input  196 Bit        Muxes := 1     
	   2 Input  195 Bit        Muxes := 1     
	   2 Input  194 Bit        Muxes := 1     
	   2 Input  193 Bit        Muxes := 1     
	   2 Input  192 Bit        Muxes := 1     
	   2 Input  191 Bit        Muxes := 1     
	   2 Input  190 Bit        Muxes := 1     
	   2 Input  189 Bit        Muxes := 1     
	   2 Input  188 Bit        Muxes := 1     
	   2 Input  187 Bit        Muxes := 1     
	   2 Input  186 Bit        Muxes := 1     
	   2 Input  185 Bit        Muxes := 1     
	   2 Input  184 Bit        Muxes := 1     
	   2 Input  183 Bit        Muxes := 1     
	   2 Input  182 Bit        Muxes := 1     
	   2 Input  181 Bit        Muxes := 1     
	   2 Input  180 Bit        Muxes := 1     
	   2 Input  179 Bit        Muxes := 1     
	   2 Input  178 Bit        Muxes := 1     
	   2 Input  177 Bit        Muxes := 1     
	   2 Input  176 Bit        Muxes := 1     
	   2 Input  175 Bit        Muxes := 1     
	   2 Input  174 Bit        Muxes := 1     
	   2 Input  173 Bit        Muxes := 1     
	   2 Input  172 Bit        Muxes := 1     
	   2 Input  171 Bit        Muxes := 1     
	   2 Input  170 Bit        Muxes := 1     
	   2 Input  169 Bit        Muxes := 1     
	   2 Input  168 Bit        Muxes := 1     
	   2 Input  167 Bit        Muxes := 1     
	   2 Input  166 Bit        Muxes := 1     
	   2 Input  165 Bit        Muxes := 1     
	   2 Input  164 Bit        Muxes := 1     
	   2 Input  163 Bit        Muxes := 1     
	   2 Input  162 Bit        Muxes := 1     
	   2 Input  161 Bit        Muxes := 1     
	   2 Input  160 Bit        Muxes := 1     
	   2 Input  159 Bit        Muxes := 1     
	   2 Input  158 Bit        Muxes := 1     
	   2 Input  157 Bit        Muxes := 1     
	   2 Input  156 Bit        Muxes := 1     
	   2 Input  155 Bit        Muxes := 1     
	   2 Input  154 Bit        Muxes := 1     
	   2 Input  153 Bit        Muxes := 1     
	   2 Input  152 Bit        Muxes := 1     
	   2 Input  151 Bit        Muxes := 1     
	   2 Input  150 Bit        Muxes := 1     
	   2 Input  149 Bit        Muxes := 1     
	   2 Input  148 Bit        Muxes := 1     
	   2 Input  147 Bit        Muxes := 1     
	   2 Input  146 Bit        Muxes := 1     
	   2 Input  145 Bit        Muxes := 1     
	   2 Input  144 Bit        Muxes := 1     
	   2 Input  143 Bit        Muxes := 1     
	   2 Input  142 Bit        Muxes := 1     
	   2 Input  141 Bit        Muxes := 1     
	   2 Input  140 Bit        Muxes := 1     
	   2 Input  139 Bit        Muxes := 1     
	   2 Input  138 Bit        Muxes := 1     
	   2 Input  137 Bit        Muxes := 1     
	   2 Input  136 Bit        Muxes := 1     
	   2 Input  135 Bit        Muxes := 1     
	   2 Input  134 Bit        Muxes := 1     
	   2 Input  133 Bit        Muxes := 1     
	   2 Input  132 Bit        Muxes := 1     
	   2 Input  131 Bit        Muxes := 1     
	   2 Input  130 Bit        Muxes := 1     
	   2 Input  129 Bit        Muxes := 1     
	   2 Input  128 Bit        Muxes := 1     
	   2 Input  127 Bit        Muxes := 1     
	   2 Input  126 Bit        Muxes := 1     
	   2 Input  125 Bit        Muxes := 1     
	   2 Input  124 Bit        Muxes := 1     
	   2 Input  123 Bit        Muxes := 1     
	   2 Input  122 Bit        Muxes := 1     
	   2 Input  121 Bit        Muxes := 1     
	   2 Input  120 Bit        Muxes := 1     
	   2 Input  119 Bit        Muxes := 1     
	   2 Input  118 Bit        Muxes := 1     
	   2 Input  117 Bit        Muxes := 1     
	   2 Input  116 Bit        Muxes := 1     
	   2 Input  115 Bit        Muxes := 1     
	   2 Input  114 Bit        Muxes := 1     
	   2 Input  113 Bit        Muxes := 1     
	   2 Input  112 Bit        Muxes := 1     
	   2 Input  111 Bit        Muxes := 1     
	   2 Input  110 Bit        Muxes := 1     
	   2 Input  109 Bit        Muxes := 1     
	   2 Input  108 Bit        Muxes := 1     
	   2 Input  107 Bit        Muxes := 1     
	   2 Input  106 Bit        Muxes := 1     
	   2 Input  105 Bit        Muxes := 1     
	   2 Input  104 Bit        Muxes := 1     
	   2 Input  103 Bit        Muxes := 1     
	   2 Input  102 Bit        Muxes := 1     
	   2 Input  101 Bit        Muxes := 1     
	   2 Input  100 Bit        Muxes := 1     
	   2 Input   99 Bit        Muxes := 1     
	   2 Input   98 Bit        Muxes := 1     
	   2 Input   97 Bit        Muxes := 1     
	   2 Input   96 Bit        Muxes := 1     
	   2 Input   95 Bit        Muxes := 1     
	   2 Input   94 Bit        Muxes := 1     
	   2 Input   93 Bit        Muxes := 1     
	   2 Input   92 Bit        Muxes := 1     
	   2 Input   91 Bit        Muxes := 1     
	   2 Input   90 Bit        Muxes := 1     
	   2 Input   89 Bit        Muxes := 1     
	   2 Input   88 Bit        Muxes := 1     
	   2 Input   87 Bit        Muxes := 1     
	   2 Input   86 Bit        Muxes := 1     
	   2 Input   85 Bit        Muxes := 1     
	   2 Input   84 Bit        Muxes := 1     
	   2 Input   83 Bit        Muxes := 1     
	   2 Input   82 Bit        Muxes := 1     
	   2 Input   81 Bit        Muxes := 1     
	   2 Input   80 Bit        Muxes := 1     
	   2 Input   79 Bit        Muxes := 1     
	   2 Input   78 Bit        Muxes := 1     
	   2 Input   77 Bit        Muxes := 1     
	   2 Input   76 Bit        Muxes := 1     
	   2 Input   75 Bit        Muxes := 1     
	   2 Input   74 Bit        Muxes := 1     
	   2 Input   73 Bit        Muxes := 1     
	   2 Input   72 Bit        Muxes := 1     
	   2 Input   71 Bit        Muxes := 1     
	   2 Input   70 Bit        Muxes := 1     
	   2 Input   69 Bit        Muxes := 1     
	   2 Input   68 Bit        Muxes := 1     
	   2 Input   67 Bit        Muxes := 1     
	   2 Input   66 Bit        Muxes := 1     
	   2 Input   65 Bit        Muxes := 1     
	   2 Input   64 Bit        Muxes := 1     
	   2 Input   63 Bit        Muxes := 1     
	   2 Input   62 Bit        Muxes := 1     
	   2 Input   61 Bit        Muxes := 1     
	   2 Input   60 Bit        Muxes := 1     
	   2 Input   59 Bit        Muxes := 1     
	   2 Input   58 Bit        Muxes := 1     
	   2 Input   57 Bit        Muxes := 1     
	   2 Input   56 Bit        Muxes := 1     
	   2 Input   55 Bit        Muxes := 1     
	   2 Input   54 Bit        Muxes := 1     
	   2 Input   53 Bit        Muxes := 1     
	   2 Input   52 Bit        Muxes := 1     
	   2 Input   51 Bit        Muxes := 1     
	   2 Input   50 Bit        Muxes := 1     
	   2 Input   49 Bit        Muxes := 1     
	   2 Input   48 Bit        Muxes := 1     
	   2 Input   47 Bit        Muxes := 1     
	   2 Input   46 Bit        Muxes := 1     
	   2 Input   45 Bit        Muxes := 1     
	   2 Input   44 Bit        Muxes := 1     
	   2 Input   43 Bit        Muxes := 1     
	   2 Input   42 Bit        Muxes := 1     
	   2 Input   41 Bit        Muxes := 1     
	   2 Input   40 Bit        Muxes := 1     
	   2 Input   39 Bit        Muxes := 1     
	   2 Input   38 Bit        Muxes := 1     
	   2 Input   37 Bit        Muxes := 1     
	   2 Input   36 Bit        Muxes := 1     
	   2 Input   35 Bit        Muxes := 1     
	   2 Input   34 Bit        Muxes := 1     
	   2 Input   33 Bit        Muxes := 1     
	   2 Input   32 Bit        Muxes := 3     
	   2 Input   31 Bit        Muxes := 1     
	   2 Input   30 Bit        Muxes := 1     
	   2 Input   29 Bit        Muxes := 1     
	   2 Input   28 Bit        Muxes := 1     
	   2 Input   27 Bit        Muxes := 1     
	   2 Input   26 Bit        Muxes := 1     
	   2 Input   25 Bit        Muxes := 1     
	   2 Input   24 Bit        Muxes := 1     
	   2 Input   23 Bit        Muxes := 1     
	   2 Input   22 Bit        Muxes := 1     
	   2 Input   21 Bit        Muxes := 1     
	   2 Input   20 Bit        Muxes := 1     
	   2 Input   19 Bit        Muxes := 1     
	   2 Input   18 Bit        Muxes := 1     
	   2 Input   17 Bit        Muxes := 1     
	   2 Input   16 Bit        Muxes := 1     
	   2 Input   15 Bit        Muxes := 1     
	   2 Input   14 Bit        Muxes := 1     
	   2 Input   13 Bit        Muxes := 1     
	   2 Input   12 Bit        Muxes := 1     
	   2 Input   11 Bit        Muxes := 1     
	   2 Input   10 Bit        Muxes := 1     
	   2 Input    9 Bit        Muxes := 1     
	  64 Input    8 Bit        Muxes := 1     
	   2 Input    8 Bit        Muxes := 1     
	   2 Input    7 Bit        Muxes := 1     
	   2 Input    6 Bit        Muxes := 1     
	   2 Input    5 Bit        Muxes := 1     
	   2 Input    4 Bit        Muxes := 4     
	   2 Input    3 Bit        Muxes := 1     
	   2 Input    2 Bit        Muxes := 8     
	   4 Input    2 Bit        Muxes := 7     
	   2 Input    1 Bit        Muxes := 25    
---------------------------------------------------------------------------------
Finished RTL Component Statistics 
---------------------------------------------------------------------------------
---------------------------------------------------------------------------------
Start Part Resource Summary
---------------------------------------------------------------------------------
Part Resources:
DSPs: 1248 (col length:96)
BRAMs: 288 (col length: RAMB18 96 RAMB36 48)
---------------------------------------------------------------------------------
Finished Part Resource Summary
---------------------------------------------------------------------------------

*** Running vivado
    with args -log design_1_myip_v1_0_HLS_0_0.vds -m64 -product Vivado -mode batch -messageDb vivado.pb -notrace -source design_1_myip_v1_0_HLS_0_0.tcl


ECHO is off.
ECHO is off.

****** Vivado v2023.2 (64-bit)
  **** SW Build 4029153 on Fri Oct 13 20:14:34 MDT 2023
  **** IP Build 4028589 on Sat Oct 14 00:45:43 MDT 2023
  **** SharedData Build 4025554 on Tue Oct 10 17:18:54 MDT 2023
    ** Copyright 1986-2022 Xilinx, Inc. All Rights Reserved.
    ** Copyright 2022-2023 Advanced Micro Devices, Inc. All Rights Reserved.

source design_1_myip_v1_0_HLS_0_0.tcl -notrace
create_project: Time (s): cpu = 00:00:07 ; elapsed = 00:00:08 . Memory (MB): peak = 455.559 ; gain = 183.035
INFO: [IP_Flow 19-234] Refreshing IP repositories
INFO: [IP_Flow 19-1700] Loaded user IP repository 'c:/Users/sunil/VivadoProjects/EE4218Labs/Lab4/ip_repo/myip_1_1'.
INFO: [IP_Flow 19-1700] Loaded user IP repository 'c:/Users/sunil/VitisHLSip/myip_v1_unoptimized_HLS'.
INFO: [IP_Flow 19-1700] Loaded user IP repository 'c:/Users/sunil/VitisHLSip/myip_v1_0_HLS/myip_v1_0_HLS'.
INFO: [IP_Flow 19-2313] Loaded Vivado IP repository 'C:/Xilinx/Vivado/2023.2/data/ip'.
WARNING: [IP_Flow 19-4995] The host OS only allows 260 characters in a normal path. The IP cache path is more than 80 characters. If you experience issues with IP caching, please consider changing the IP cache to a location with a shorter path. Alternately consider using the OS subst command to map part of the path to a drive letter. 
Current IP cache path is c:/Users/sunil/VivadoProjects/EE4218Labs/Lab4/integrated_coprocessor_v1/integrated_coprocessor_v1.cache/ip 
INFO: [IP_Flow 19-6924] IPCACHE: Running cache check for IP inst: design_1_myip_v1_0_HLS_0_0
Command: synth_design -top design_1_myip_v1_0_HLS_0_0 -part xck26-sfvc784-2LV-c -incremental_mode off -mode out_of_context
Starting synth_design
Attempting to get a license for feature 'Synthesis' and/or device 'xck26'
INFO: [Common 17-349] Got license for feature 'Synthesis' and/or device 'xck26'
INFO: [Device 21-403] Loading part xck26-sfvc784-2LV-c
INFO: [Synth 8-7079] Multithreading enabled for synth_design using a maximum of 2 processes.
INFO: [Synth 8-7078] Launching helper process for spawning children vivado processes
INFO: [Synth 8-7075] Helper process launched with PID 16008
---------------------------------------------------------------------------------
Starting RTL Elaboration : Time (s): cpu = 00:00:06 ; elapsed = 00:00:07 . Memory (MB): peak = 1861.414 ; gain = 379.586
---------------------------------------------------------------------------------
INFO: [Synth 8-6157] synthesizing module 'design_1_myip_v1_0_HLS_0_0' [c:/Users/sunil/VivadoProjects/EE4218Labs/Lab4/integrated_coprocessor_v1/integrated_coprocessor_v1.gen/sources_1/bd/design_1/ip/design_1_myip_v1_0_HLS_0_0/synth/design_1_myip_v1_0_HLS_0_0.v:53]
INFO: [Synth 8-6157] synthesizing module 'myip_v1_0_HLS' [c:/Users/sunil/VivadoProjects/EE4218Labs/Lab4/integrated_coprocessor_v1/integrated_coprocessor_v1.gen/sources_1/bd/design_1/ipshared/db18/hdl/verilog/myip_v1_0_HLS.v:9]
INFO: [Synth 8-6157] synthesizing module 'myip_v1_0_HLS_A_RAM_AUTO_1R1W' [c:/Users/sunil/VivadoProjects/EE4218Labs/Lab4/integrated_coprocessor_v1/integrated_coprocessor_v1.gen/sources_1/bd/design_1/ipshared/db18/hdl/verilog/myip_v1_0_HLS_A_RAM_AUTO_1R1W.v:7]
INFO: [Synth 8-6155] done synthesizing module 'myip_v1_0_HLS_A_RAM_AUTO_1R1W' (0#1) [c:/Users/sunil/VivadoProjects/EE4218Labs/Lab4/integrated_coprocessor_v1/integrated_coprocessor_v1.gen/sources_1/bd/design_1/ipshared/db18/hdl/verilog/myip_v1_0_HLS_A_RAM_AUTO_1R1W.v:7]
INFO: [Synth 8-6157] synthesizing module 'myip_v1_0_HLS_myip_v1_0_HLS_Pipeline_VITIS_LOOP_72_3' [c:/Users/sunil/VivadoProjects/EE4218Labs/Lab4/integrated_coprocessor_v1/integrated_coprocessor_v1.gen/sources_1/bd/design_1/ipshared/db18/hdl/verilog/myip_v1_0_HLS_myip_v1_0_HLS_Pipeline_VITIS_LOOP_72_3.v:9]
WARNING: [Synth 8-5974] attribute "use_dsp48" has been deprecated, please use "use_dsp" instead 
WARNING: [Synth 8-5974] attribute "use_dsp48" has been deprecated, please use "use_dsp" instead 
INFO: [Synth 8-6157] synthesizing module 'myip_v1_0_HLS_mul_8ns_8ns_16_1_1' [c:/Users/sunil/VivadoProjects/EE4218Labs/Lab4/integrated_coprocessor_v1/integrated_coprocessor_v1.gen/sources_1/bd/design_1/ipshared/db18/hdl/verilog/myip_v1_0_HLS_mul_8ns_8ns_16_1_1.v:5]
INFO: [Synth 8-6155] done synthesizing module 'myip_v1_0_HLS_mul_8ns_8ns_16_1_1' (0#1) [c:/Users/sunil/VivadoProjects/EE4218Labs/Lab4/integrated_coprocessor_v1/integrated_coprocessor_v1.gen/sources_1/bd/design_1/ipshared/db18/hdl/verilog/myip_v1_0_HLS_mul_8ns_8ns_16_1_1.v:5]
INFO: [Synth 8-6157] synthesizing module 'myip_v1_0_HLS_mac_muladd_8ns_8ns_16ns_16_4_1' [c:/Users/sunil/VivadoProjects/EE4218Labs/Lab4/integrated_coprocessor_v1/integrated_coprocessor_v1.gen/sources_1/bd/design_1/ipshared/db18/hdl/verilog/myip_v1_0_HLS_mac_muladd_8ns_8ns_16ns_16_4_1.v:49]
INFO: [Synth 8-6157] synthesizing module 'myip_v1_0_HLS_mac_muladd_8ns_8ns_16ns_16_4_1_DSP48_0' [c:/Users/sunil/VivadoProjects/EE4218Labs/Lab4/integrated_coprocessor_v1/integrated_coprocessor_v1.gen/sources_1/bd/design_1/ipshared/db18/hdl/verilog/myip_v1_0_HLS_mac_muladd_8ns_8ns_16ns_16_4_1.v:10]
INFO: [Synth 8-6155] done synthesizing module 'myip_v1_0_HLS_mac_muladd_8ns_8ns_16ns_16_4_1_DSP48_0' (0#1) [c:/Users/sunil/VivadoProjects/EE4218Labs/Lab4/integrated_coprocessor_v1/integrated_coprocessor_v1.gen/sources_1/bd/design_1/ipshared/db18/hdl/verilog/myip_v1_0_HLS_mac_muladd_8ns_8ns_16ns_16_4_1.v:10]
INFO: [Synth 8-6155] done synthesizing module 'myip_v1_0_HLS_mac_muladd_8ns_8ns_16ns_16_4_1' (0#1) [c:/Users/sunil/VivadoProjects/EE4218Labs/Lab4/integrated_coprocessor_v1/integrated_coprocessor_v1.gen/sources_1/bd/design_1/ipshared/db18/hdl/verilog/myip_v1_0_HLS_mac_muladd_8ns_8ns_16ns_16_4_1.v:49]
INFO: [Synth 8-6157] synthesizing module 'myip_v1_0_HLS_flow_control_loop_pipe_sequential_init' [c:/Users/sunil/VivadoProjects/EE4218Labs/Lab4/integrated_coprocessor_v1/integrated_coprocessor_v1.gen/sources_1/bd/design_1/ipshared/db18/hdl/verilog/myip_v1_0_HLS_flow_control_loop_pipe_sequential_init.v:11]
INFO: [Synth 8-6155] done synthesizing module 'myip_v1_0_HLS_flow_control_loop_pipe_sequential_init' (0#1) [c:/Users/sunil/VivadoProjects/EE4218Labs/Lab4/integrated_coprocessor_v1/integrated_coprocessor_v1.gen/sources_1/bd/design_1/ipshared/db18/hdl/verilog/myip_v1_0_HLS_flow_control_loop_pipe_sequential_init.v:11]
INFO: [Synth 8-6155] done synthesizing module 'myip_v1_0_HLS_myip_v1_0_HLS_Pipeline_VITIS_LOOP_72_3' (0#1) [c:/Users/sunil/VivadoProjects/EE4218Labs/Lab4/integrated_coprocessor_v1/integrated_coprocessor_v1.gen/sources_1/bd/design_1/ipshared/db18/hdl/verilog/myip_v1_0_HLS_myip_v1_0_HLS_Pipeline_VITIS_LOOP_72_3.v:9]
INFO: [Synth 8-6157] synthesizing module 'myip_v1_0_HLS_regslice_both' [c:/Users/sunil/VivadoProjects/EE4218Labs/Lab4/integrated_coprocessor_v1/integrated_coprocessor_v1.gen/sources_1/bd/design_1/ipshared/db18/hdl/verilog/myip_v1_0_HLS_regslice_both.v:11]
INFO: [Synth 8-6155] done synthesizing module 'myip_v1_0_HLS_regslice_both' (0#1) [c:/Users/sunil/VivadoProjects/EE4218Labs/Lab4/integrated_coprocessor_v1/integrated_coprocessor_v1.gen/sources_1/bd/design_1/ipshared/db18/hdl/verilog/myip_v1_0_HLS_regslice_both.v:11]
INFO: [Synth 8-6157] synthesizing module 'myip_v1_0_HLS_regslice_both__parameterized0' [c:/Users/sunil/VivadoProjects/EE4218Labs/Lab4/integrated_coprocessor_v1/integrated_coprocessor_v1.gen/sources_1/bd/design_1/ipshared/db18/hdl/verilog/myip_v1_0_HLS_regslice_both.v:11]
INFO: [Synth 8-6155] done synthesizing module 'myip_v1_0_HLS_regslice_both__parameterized0' (0#1) [c:/Users/sunil/VivadoProjects/EE4218Labs/Lab4/integrated_coprocessor_v1/integrated_coprocessor_v1.gen/sources_1/bd/design_1/ipshared/db18/hdl/verilog/myip_v1_0_HLS_regslice_both.v:11]
INFO: [Synth 8-6157] synthesizing module 'myip_v1_0_HLS_regslice_both__parameterized1' [c:/Users/sunil/VivadoProjects/EE4218Labs/Lab4/integrated_coprocessor_v1/integrated_coprocessor_v1.gen/sources_1/bd/design_1/ipshared/db18/hdl/verilog/myip_v1_0_HLS_regslice_both.v:11]
INFO: [Synth 8-6155] done synthesizing module 'myip_v1_0_HLS_regslice_both__parameterized1' (0#1) [c:/Users/sunil/VivadoProjects/EE4218Labs/Lab4/integrated_coprocessor_v1/integrated_coprocessor_v1.gen/sources_1/bd/design_1/ipshared/db18/hdl/verilog/myip_v1_0_HLS_regslice_both.v:11]
INFO: [Synth 8-6155] done synthesizing module 'myip_v1_0_HLS' (0#1) [c:/Users/sunil/VivadoProjects/EE4218Labs/Lab4/integrated_coprocessor_v1/integrated_coprocessor_v1.gen/sources_1/bd/design_1/ipshared/db18/hdl/verilog/myip_v1_0_HLS.v:9]
INFO: [Synth 8-6155] done synthesizing module 'design_1_myip_v1_0_HLS_0_0' (0#1) [c:/Users/sunil/VivadoProjects/EE4218Labs/Lab4/integrated_coprocessor_v1/integrated_coprocessor_v1.gen/sources_1/bd/design_1/ip/design_1_myip_v1_0_HLS_0_0/synth/design_1_myip_v1_0_HLS_0_0.v:53]
WARNING: [Synth 8-7129] Port rst in module myip_v1_0_HLS_mac_muladd_8ns_8ns_16ns_16_4_1_DSP48_0 is either unconnected or has no load
WARNING: [Synth 8-7129] Port reset in module myip_v1_0_HLS_A_RAM_AUTO_1R1W is either unconnected or has no load
---------------------------------------------------------------------------------
Finished RTL Elaboration : Time (s): cpu = 00:00:12 ; elapsed = 00:00:14 . Memory (MB): peak = 2177.590 ; gain = 695.762
---------------------------------------------------------------------------------
---------------------------------------------------------------------------------
Start Handling Custom Attributes
---------------------------------------------------------------------------------
---------------------------------------------------------------------------------
Finished Handling Custom Attributes : Time (s): cpu = 00:00:12 ; elapsed = 00:00:15 . Memory (MB): peak = 2177.590 ; gain = 695.762
---------------------------------------------------------------------------------
---------------------------------------------------------------------------------
Finished RTL Optimization Phase 1 : Time (s): cpu = 00:00:12 ; elapsed = 00:00:15 . Memory (MB): peak = 2177.590 ; gain = 695.762
---------------------------------------------------------------------------------
Netlist sorting complete. Time (s): cpu = 00:00:02 ; elapsed = 00:00:03 . Memory (MB): peak = 2177.590 ; gain = 0.000
INFO: [Project 1-570] Preparing netlist for logic optimization

Processing XDC Constraints
Initializing timing engine
Parsing XDC File [c:/Users/sunil/VivadoProjects/EE4218Labs/Lab4/integrated_coprocessor_v1/integrated_coprocessor_v1.gen/sources_1/bd/design_1/ip/design_1_myip_v1_0_HLS_0_0/constraints/myip_v1_0_HLS_ooc.xdc] for cell 'inst'
create_clock: Time (s): cpu = 00:00:06 ; elapsed = 00:00:06 . Memory (MB): peak = 3019.277 ; gain = 23.645
Finished Parsing XDC File [c:/Users/sunil/VivadoProjects/EE4218Labs/Lab4/integrated_coprocessor_v1/integrated_coprocessor_v1.gen/sources_1/bd/design_1/ip/design_1_myip_v1_0_HLS_0_0/constraints/myip_v1_0_HLS_ooc.xdc] for cell 'inst'
Parsing XDC File [C:/Users/sunil/VivadoProjects/EE4218Labs/Lab4/integrated_coprocessor_v1/integrated_coprocessor_v1.runs/design_1_myip_v1_0_HLS_0_0_synth_1/dont_touch.xdc]
Finished Parsing XDC File [C:/Users/sunil/VivadoProjects/EE4218Labs/Lab4/integrated_coprocessor_v1/integrated_coprocessor_v1.runs/design_1_myip_v1_0_HLS_0_0_synth_1/dont_touch.xdc]
Completed Processing XDC Constraints

Netlist sorting complete. Time (s): cpu = 00:00:00 ; elapsed = 00:00:00.003 . Memory (MB): peak = 3019.277 ; gain = 0.000
INFO: [Project 1-111] Unisim Transformation Summary:
No Unisim elements were transformed.

The system cannot find the path specified.
Constraint Validation Runtime : Time (s): cpu = 00:00:00 ; elapsed = 00:00:00.315 . Memory (MB): peak = 3030.363 ; gain = 11.086
INFO: [Designutils 20-5008] Incremental synthesis strategy off
---------------------------------------------------------------------------------
Finished Constraint Validation : Time (s): cpu = 00:00:46 ; elapsed = 00:00:54 . Memory (MB): peak = 3030.363 ; gain = 1548.535
---------------------------------------------------------------------------------
---------------------------------------------------------------------------------
Start Loading Part and Timing Information
---------------------------------------------------------------------------------
Loading part: xck26-sfvc784-2LV-c
INFO: [Synth 8-6742] Reading net delay rules and data
INFO: [Synth 8-4490] FSM extraction disabled for register 'ap_CS_fsm_reg' through user attribute
INFO: [Synth 8-6904] The RAM "myip_v1_0_HLS_A_RAM_AUTO_1R1W:/ram_reg" of size (depth=64 x width=8) is automatically implemented using LUTRAM. BRAM implementation would be inefficient 
---------------------------------------------------------------------------------
Finished RTL Optimization Phase 2 : Time (s): cpu = 00:00:54 ; elapsed = 00:01:06 . Memory (MB): peak = 3030.363 ; gain = 1548.535
---------------------------------------------------------------------------------
INFO: [Synth 8-223] decloning instance 'inst/regslice_both_M_AXIS_V_keep_V_U' (myip_v1_0_HLS_regslice_both__parameterized0) to 'inst/regslice_both_M_AXIS_V_strb_V_U'
---------------------------------------------------------------------------------
Start RTL Component Statistics 
---------------------------------------------------------------------------------
Detailed RTL Component Info : 
+---Adders : 
	   4 Input   16 Bit       Adders := 1     
	   2 Input    7 Bit       Adders := 1     
+---Registers : 
	               32 Bit    Registers := 4     
	               18 Bit    Registers := 4     
	                8 Bit    Registers := 25    
	                7 Bit    Registers := 1     
	                6 Bit    Registers := 4     
	                4 Bit    Registers := 6     
	                2 Bit    Registers := 7     
	                1 Bit    Registers := 30    
+---RAMs : 
	              512 Bit	(64 X 8 bit)          RAMs := 9     
+---Muxes : 
	   2 Input  587 Bit        Muxes := 2     
	   2 Input  586 Bit        Muxes := 1     
	   2 Input  585 Bit        Muxes := 1     
	   2 Input  584 Bit        Muxes := 1     
	   2 Input  583 Bit        Muxes := 1     
	   2 Input  582 Bit        Muxes := 1     
	   2 Input  581 Bit        Muxes := 1     
	   2 Input  580 Bit        Muxes := 1     
	   2 Input  579 Bit        Muxes := 1     
	   2 Input  578 Bit        Muxes := 1     
	   2 Input  577 Bit        Muxes := 1     
	   2 Input  576 Bit        Muxes := 1     
	   2 Input  575 Bit        Muxes := 1     
	   2 Input  574 Bit        Muxes := 1     
	   2 Input  573 Bit        Muxes := 1     
	   2 Input  572 Bit        Muxes := 1     
	   2 Input  571 Bit        Muxes := 1     
	   2 Input  570 Bit        Muxes := 1     
	   2 Input  569 Bit        Muxes := 1     
	   2 Input  568 Bit        Muxes := 1     
	   2 Input  567 Bit        Muxes := 1     
	   2 Input  566 Bit        Muxes := 1     
	   2 Input  565 Bit        Muxes := 1     
	   2 Input  564 Bit        Muxes := 1     
	   2 Input  563 Bit        Muxes := 1     
	   2 Input  562 Bit        Muxes := 1     
	   2 Input  561 Bit        Muxes := 1     
	   2 Input  560 Bit        Muxes := 1     
	   2 Input  559 Bit        Muxes := 1     
	   2 Input  558 Bit        Muxes := 1     
	   2 Input  557 Bit        Muxes := 1     
	   2 Input  556 Bit        Muxes := 1     
	   2 Input  555 Bit        Muxes := 1     
	   2 Input  554 Bit        Muxes := 1     
	   2 Input  553 Bit        Muxes := 1     
	   2 Input  552 Bit        Muxes := 1     
	   2 Input  551 Bit        Muxes := 1     
	   2 Input  550 Bit        Muxes := 1     
	   2 Input  549 Bit        Muxes := 1     
	   2 Input  548 Bit        Muxes := 1     
	   2 Input  547 Bit        Muxes := 1     
	   2 Input  546 Bit        Muxes := 1     
	   2 Input  545 Bit        Muxes := 1     
	   2 Input  544 Bit        Muxes := 1     
	   2 Input  543 Bit        Muxes := 1     
	   2 Input  542 Bit        Muxes := 1     
	   2 Input  541 Bit        Muxes := 1     
	   2 Input  540 Bit        Muxes := 1     
	   2 Input  539 Bit        Muxes := 1     
	   2 Input  538 Bit        Muxes := 1     
	   2 Input  537 Bit        Muxes := 1     
	   2 Input  536 Bit        Muxes := 1     
	   2 Input  535 Bit        Muxes := 1     
	   2 Input  534 Bit        Muxes := 1     
	   2 Input  533 Bit        Muxes := 1     
	   2 Input  532 Bit        Muxes := 1     
	   2 Input  531 Bit        Muxes := 1     
	   2 Input  530 Bit        Muxes := 1     
	   2 Input  529 Bit        Muxes := 1     
	   2 Input  528 Bit        Muxes := 1     
	   2 Input  527 Bit        Muxes := 1     
	   2 Input  526 Bit        Muxes := 1     
	   2 Input  525 Bit        Muxes := 1     
	   2 Input  524 Bit        Muxes := 1     
	   2 Input  522 Bit        Muxes := 1     
	   2 Input  521 Bit        Muxes := 1     
	   2 Input  520 Bit        Muxes := 1     
	   2 Input  519 Bit        Muxes := 1     
	   2 Input  518 Bit        Muxes := 1     
	   2 Input  517 Bit        Muxes := 1     
	   2 Input  516 Bit        Muxes := 1     
	   2 Input  515 Bit        Muxes := 1     
	   2 Input  514 Bit        Muxes := 1     
	   2 Input  513 Bit        Muxes := 1     
	   2 Input  512 Bit        Muxes := 1     
	   2 Input  511 Bit        Muxes := 1     
	   2 Input  510 Bit        Muxes := 1     
	   2 Input  509 Bit        Muxes := 1     
	   2 Input  508 Bit        Muxes := 1     
	   2 Input  507 Bit        Muxes := 1     
	   2 Input  506 Bit        Muxes := 1     
	   2 Input  505 Bit        Muxes := 1     
	   2 Input  504 Bit        Muxes := 1     
	   2 Input  503 Bit        Muxes := 1     
	   2 Input  502 Bit        Muxes := 1     
	   2 Input  501 Bit        Muxes := 1     
	   2 Input  500 Bit        Muxes := 1     
	   2 Input  499 Bit        Muxes := 1     
	   2 Input  498 Bit        Muxes := 1     
	   2 Input  497 Bit        Muxes := 1     
	   2 Input  496 Bit        Muxes := 1     
	   2 Input  495 Bit        Muxes := 1     
	   2 Input  494 Bit        Muxes := 1     
	   2 Input  493 Bit        Muxes := 1     
	   2 Input  492 Bit        Muxes := 1     
	   2 Input  491 Bit        Muxes := 1     
	   2 Input  490 Bit        Muxes := 1     
	   2 Input  489 Bit        Muxes := 1     
	   2 Input  488 Bit        Muxes := 1     
	   2 Input  487 Bit        Muxes := 1     
	   2 Input  486 Bit        Muxes := 1     
	   2 Input  485 Bit        Muxes := 1     
	   2 Input  484 Bit        Muxes := 1     
	   2 Input  483 Bit        Muxes := 1     
	   2 Input  482 Bit        Muxes := 1     
	   2 Input  481 Bit        Muxes := 1     
	   2 Input  480 Bit        Muxes := 1     
	   2 Input  479 Bit        Muxes := 1     
	   2 Input  478 Bit        Muxes := 1     
	   2 Input  477 Bit        Muxes := 1     
	   2 Input  476 Bit        Muxes := 1     
	   2 Input  475 Bit        Muxes := 1     
	   2 Input  474 Bit        Muxes := 1     
	   2 Input  473 Bit        Muxes := 1     
	   2 Input  472 Bit        Muxes := 1     
	   2 Input  471 Bit        Muxes := 1     
	   2 Input  470 Bit        Muxes := 1     
	   2 Input  469 Bit        Muxes := 1     
	   2 Input  468 Bit        Muxes := 1     
	   2 Input  467 Bit        Muxes := 1     
	   2 Input  466 Bit        Muxes := 1     
	   2 Input  465 Bit        Muxes := 1     
	   2 Input  464 Bit        Muxes := 1     
	   2 Input  463 Bit        Muxes := 1     
	   2 Input  462 Bit        Muxes := 1     
	   2 Input  461 Bit        Muxes := 1     
	   2 Input  460 Bit        Muxes := 1     
	   2 Input  459 Bit        Muxes := 1     
	   2 Input  458 Bit        Muxes := 1     
	   2 Input  457 Bit        Muxes := 1     
	   2 Input  456 Bit        Muxes := 1     
	   2 Input  455 Bit        Muxes := 1     
	   2 Input  454 Bit        Muxes := 1     
	   2 Input  453 Bit        Muxes := 1     
	   2 Input  452 Bit        Muxes := 1     
	   2 Input  451 Bit        Muxes := 1     
	   2 Input  450 Bit        Muxes := 1     
	   2 Input  449 Bit        Muxes := 1     
	   2 Input  448 Bit        Muxes := 1     
	   2 Input  447 Bit        Muxes := 1     
	   2 Input  446 Bit        Muxes := 1     
	   2 Input  445 Bit        Muxes := 1     
	   2 Input  444 Bit        Muxes := 1     
	   2 Input  443 Bit        Muxes := 1     
	   2 Input  442 Bit        Muxes := 1     
	   2 Input  441 Bit        Muxes := 1     
	   2 Input  440 Bit        Muxes := 1     
	   2 Input  439 Bit        Muxes := 1     
	   2 Input  438 Bit        Muxes := 1     
	   2 Input  437 Bit        Muxes := 1     
	   2 Input  436 Bit        Muxes := 1     
	   2 Input  435 Bit        Muxes := 1     
	   2 Input  434 Bit        Muxes := 1     
	   2 Input  433 Bit        Muxes := 1     
	   2 Input  432 Bit        Muxes := 1     
	   2 Input  431 Bit        Muxes := 1     
	   2 Input  430 Bit        Muxes := 1     
	   2 Input  429 Bit        Muxes := 1     
	   2 Input  428 Bit        Muxes := 1     
	   2 Input  427 Bit        Muxes := 1     
	   2 Input  426 Bit        Muxes := 1     
	   2 Input  425 Bit        Muxes := 1     
	   2 Input  424 Bit        Muxes := 1     
	   2 Input  423 Bit        Muxes := 1     
	   2 Input  422 Bit        Muxes := 1     
	   2 Input  421 Bit        Muxes := 1     
	   2 Input  420 Bit        Muxes := 1     
	   2 Input  419 Bit        Muxes := 1     
	   2 Input  418 Bit        Muxes := 1     
	   2 Input  417 Bit        Muxes := 1     
	   2 Input  416 Bit        Muxes := 1     
	   2 Input  415 Bit        Muxes := 1     
	   2 Input  414 Bit        Muxes := 1     
	   2 Input  413 Bit        Muxes := 1     
	   2 Input  412 Bit        Muxes := 1     
	   2 Input  411 Bit        Muxes := 1     
	   2 Input  410 Bit        Muxes := 1     
	   2 Input  409 Bit        Muxes := 1     
	   2 Input  408 Bit        Muxes := 1     
	   2 Input  407 Bit        Muxes := 1     
	   2 Input  406 Bit        Muxes := 1     
	   2 Input  405 Bit        Muxes := 1     
	   2 Input  404 Bit        Muxes := 1     
	   2 Input  403 Bit        Muxes := 1     
	   2 Input  402 Bit        Muxes := 1     
	   2 Input  401 Bit        Muxes := 1     
	   2 Input  400 Bit        Muxes := 1     
	   2 Input  399 Bit        Muxes := 1     
	   2 Input  398 Bit        Muxes := 1     
	   2 Input  397 Bit        Muxes := 1     
	   2 Input  396 Bit        Muxes := 1     
	   2 Input  395 Bit        Muxes := 1     
	   2 Input  394 Bit        Muxes := 1     
	   2 Input  393 Bit        Muxes := 1     
	   2 Input  392 Bit        Muxes := 1     
	   2 Input  391 Bit        Muxes := 1     
	   2 Input  390 Bit        Muxes := 1     
	   2 Input  389 Bit        Muxes := 1     
	   2 Input  388 Bit        Muxes := 1     
	   2 Input  387 Bit        Muxes := 1     
	   2 Input  386 Bit        Muxes := 1     
	   2 Input  385 Bit        Muxes := 1     
	   2 Input  384 Bit        Muxes := 1     
	   2 Input  383 Bit        Muxes := 1     
	   2 Input  382 Bit        Muxes := 1     
	   2 Input  381 Bit        Muxes := 1     
	   2 Input  380 Bit        Muxes := 1     
	   2 Input  379 Bit        Muxes := 1     
	   2 Input  378 Bit        Muxes := 1     
	   2 Input  377 Bit        Muxes := 1     
	   2 Input  376 Bit        Muxes := 1     
	   2 Input  375 Bit        Muxes := 1     
	   2 Input  374 Bit        Muxes := 1     
	   2 Input  373 Bit        Muxes := 1     
	   2 Input  372 Bit        Muxes := 1     
	   2 Input  371 Bit        Muxes := 1     
	   2 Input  370 Bit        Muxes := 1     
	   2 Input  369 Bit        Muxes := 1     
	   2 Input  368 Bit        Muxes := 1     
	   2 Input  367 Bit        Muxes := 1     
	   2 Input  366 Bit        Muxes := 1     
	   2 Input  365 Bit        Muxes := 1     
	   2 Input  364 Bit        Muxes := 1     
	   2 Input  363 Bit        Muxes := 1     
	   2 Input  362 Bit        Muxes := 1     
	   2 Input  361 Bit        Muxes := 1     
	   2 Input  360 Bit        Muxes := 1     
	   2 Input  359 Bit        Muxes := 1     
	   2 Input  358 Bit        Muxes := 1     
	   2 Input  357 Bit        Muxes := 1     
	   2 Input  356 Bit        Muxes := 1     
	   2 Input  355 Bit        Muxes := 1     
	   2 Input  354 Bit        Muxes := 1     
	   2 Input  353 Bit        Muxes := 1     
	   2 Input  352 Bit        Muxes := 1     
	   2 Input  351 Bit        Muxes := 1     
	   2 Input  350 Bit        Muxes := 1     
	   2 Input  349 Bit        Muxes := 1     
	   2 Input  348 Bit        Muxes := 1     
	   2 Input  347 Bit        Muxes := 1     
	   2 Input  346 Bit        Muxes := 1     
	   2 Input  345 Bit        Muxes := 1     
	   2 Input  344 Bit        Muxes := 1     
	   2 Input  343 Bit        Muxes := 1     
	   2 Input  342 Bit        Muxes := 1     
	   2 Input  341 Bit        Muxes := 1     
	   2 Input  340 Bit        Muxes := 1     
	   2 Input  339 Bit        Muxes := 1     
	   2 Input  338 Bit        Muxes := 1     
	   2 Input  337 Bit        Muxes := 1     
	   2 Input  336 Bit        Muxes := 1     
	   2 Input  335 Bit        Muxes := 1     
	   2 Input  334 Bit        Muxes := 1     
	   2 Input  333 Bit        Muxes := 1     
	   2 Input  332 Bit        Muxes := 1     
	   2 Input  331 Bit        Muxes := 1     
	   2 Input  330 Bit        Muxes := 1     
	   2 Input  329 Bit        Muxes := 1     
	   2 Input  328 Bit        Muxes := 1     
	   2 Input  327 Bit        Muxes := 1     
	   2 Input  326 Bit        Muxes := 1     
	   2 Input  325 Bit        Muxes := 1     
	   2 Input  324 Bit        Muxes := 1     
	   2 Input  323 Bit        Muxes := 1     
	   2 Input  322 Bit        Muxes := 1     
	   2 Input  321 Bit        Muxes := 1     
	   2 Input  320 Bit        Muxes := 1     
	   2 Input  319 Bit        Muxes := 1     
	   2 Input  318 Bit        Muxes := 1     
	   2 Input  317 Bit        Muxes := 1     
	   2 Input  316 Bit        Muxes := 1     
	   2 Input  315 Bit        Muxes := 1     
	   2 Input  314 Bit        Muxes := 1     
	   2 Input  313 Bit        Muxes := 1     
	   2 Input  312 Bit        Muxes := 1     
	   2 Input  311 Bit        Muxes := 1     
	   2 Input  310 Bit        Muxes := 1     
	   2 Input  309 Bit        Muxes := 1     
	   2 Input  308 Bit        Muxes := 1     
	   2 Input  307 Bit        Muxes := 1     
	   2 Input  306 Bit        Muxes := 1     
	   2 Input  305 Bit        Muxes := 1     
	   2 Input  304 Bit        Muxes := 1     
	   2 Input  303 Bit        Muxes := 1     
	   2 Input  302 Bit        Muxes := 1     
	   2 Input  301 Bit        Muxes := 1     
	   2 Input  300 Bit        Muxes := 1     
	   2 Input  299 Bit        Muxes := 1     
	   2 Input  298 Bit        Muxes := 1     
	   2 Input  297 Bit        Muxes := 1     
	   2 Input  296 Bit        Muxes := 1     
	   2 Input  295 Bit        Muxes := 1     
	   2 Input  294 Bit        Muxes := 1     
	   2 Input  293 Bit        Muxes := 1     
	   2 Input  292 Bit        Muxes := 1     
	   2 Input  291 Bit        Muxes := 1     
	   2 Input  290 Bit        Muxes := 1     
	   2 Input  289 Bit        Muxes := 1     
	   2 Input  288 Bit        Muxes := 1     
	   2 Input  287 Bit        Muxes := 1     
	   2 Input  286 Bit        Muxes := 1     
	   2 Input  285 Bit        Muxes := 1     
	   2 Input  284 Bit        Muxes := 1     
	   2 Input  283 Bit        Muxes := 1     
	   2 Input  282 Bit        Muxes := 1     
	   2 Input  281 Bit        Muxes := 1     
	   2 Input  280 Bit        Muxes := 1     
	   2 Input  279 Bit        Muxes := 1     
	   2 Input  278 Bit        Muxes := 1     
	   2 Input  277 Bit        Muxes := 1     
	   2 Input  276 Bit        Muxes := 1     
	   2 Input  275 Bit        Muxes := 1     
	   2 Input  274 Bit        Muxes := 1     
	   2 Input  273 Bit        Muxes := 1     
	   2 Input  272 Bit        Muxes := 1     
	   2 Input  271 Bit        Muxes := 1     
	   2 Input  270 Bit        Muxes := 1     
	   2 Input  269 Bit        Muxes := 1     
	   2 Input  268 Bit        Muxes := 1     
	   2 Input  267 Bit        Muxes := 1     
	   2 Input  266 Bit        Muxes := 1     
	   2 Input  265 Bit        Muxes := 1     
	   2 Input  264 Bit        Muxes := 1     
	   2 Input  263 Bit        Muxes := 1     
	   2 Input  262 Bit        Muxes := 1     
	   2 Input  261 Bit        Muxes := 1     
	   2 Input  260 Bit        Muxes := 1     
	   2 Input  259 Bit        Muxes := 1     
	   2 Input  258 Bit        Muxes := 1     
	   2 Input  257 Bit        Muxes := 1     
	   2 Input  256 Bit        Muxes := 1     
	   2 Input  255 Bit        Muxes := 1     
	   2 Input  254 Bit        Muxes := 1     
	   2 Input  253 Bit        Muxes := 1     
	   2 Input  252 Bit        Muxes := 1     
	   2 Input  251 Bit        Muxes := 1     
	   2 Input  250 Bit        Muxes := 1     
	   2 Input  249 Bit        Muxes := 1     
	   2 Input  248 Bit        Muxes := 1     
	   2 Input  247 Bit        Muxes := 1     
	   2 Input  246 Bit        Muxes := 1     
	   2 Input  245 Bit        Muxes := 1     
	   2 Input  244 Bit        Muxes := 1     
	   2 Input  243 Bit        Muxes := 1     
	   2 Input  242 Bit        Muxes := 1     
	   2 Input  241 Bit        Muxes := 1     
	   2 Input  240 Bit        Muxes := 1     
	   2 Input  239 Bit        Muxes := 1     
	   2 Input  238 Bit        Muxes := 1     
	   2 Input  237 Bit        Muxes := 1     
	   2 Input  236 Bit        Muxes := 1     
	   2 Input  235 Bit        Muxes := 1     
	   2 Input  234 Bit        Muxes := 1     
	   2 Input  233 Bit        Muxes := 1     
	   2 Input  232 Bit        Muxes := 1     
	   2 Input  231 Bit        Muxes := 1     
	   2 Input  230 Bit        Muxes := 1     
	   2 Input  229 Bit        Muxes := 1     
	   2 Input  228 Bit        Muxes := 1     
	   2 Input  227 Bit        Muxes := 1     
	   2 Input  226 Bit        Muxes := 1     
	   2 Input  225 Bit        Muxes := 1     
	   2 Input  224 Bit        Muxes := 1     
	   2 Input  223 Bit        Muxes := 1     
	   2 Input  222 Bit        Muxes := 1     
	   2 Input  221 Bit        Muxes := 1     
	   2 Input  220 Bit        Muxes := 1     
	   2 Input  219 Bit        Muxes := 1     
	   2 Input  218 Bit        Muxes := 1     
	   2 Input  217 Bit        Muxes := 1     
	   2 Input  216 Bit        Muxes := 1     
	   2 Input  215 Bit        Muxes := 1     
	   2 Input  214 Bit        Muxes := 1     
	   2 Input  213 Bit        Muxes := 1     
	   2 Input  212 Bit        Muxes := 1     
	   2 Input  211 Bit        Muxes := 1     
	   2 Input  210 Bit        Muxes := 1     
	   2 Input  209 Bit        Muxes := 1     
	   2 Input  208 Bit        Muxes := 1     
	   2 Input  207 Bit        Muxes := 1     
	   2 Input  206 Bit        Muxes := 1     
	   2 Input  205 Bit        Muxes := 1     
	   2 Input  204 Bit        Muxes := 1     
	   2 Input  203 Bit        Muxes := 1     
	   2 Input  202 Bit        Muxes := 1     
	   2 Input  201 Bit        Muxes := 1     
	   2 Input  200 Bit        Muxes := 1     
	   2 Input  199 Bit        Muxes := 1     
	   2 Input  198 Bit        Muxes := 1     
	   2 Input  197 Bit        Muxes := 1     
	   2 Input  196 Bit        Muxes := 1     
	   2 Input  195 Bit        Muxes := 1     
	   2 Input  194 Bit        Muxes := 1     
	   2 Input  193 Bit        Muxes := 1     
	   2 Input  192 Bit        Muxes := 1     
	   2 Input  191 Bit        Muxes := 1     
	   2 Input  190 Bit        Muxes := 1     
	   2 Input  189 Bit        Muxes := 1     
	   2 Input  188 Bit        Muxes := 1     
	   2 Input  187 Bit        Muxes := 1     
	   2 Input  186 Bit        Muxes := 1     
	   2 Input  185 Bit        Muxes := 1     
	   2 Input  184 Bit        Muxes := 1     
	   2 Input  183 Bit        Muxes := 1     
	   2 Input  182 Bit        Muxes := 1     
	   2 Input  181 Bit        Muxes := 1     
	   2 Input  180 Bit        Muxes := 1     
	   2 Input  179 Bit        Muxes := 1     
	   2 Input  178 Bit        Muxes := 1     
	   2 Input  177 Bit        Muxes := 1     
	   2 Input  176 Bit        Muxes := 1     
	   2 Input  175 Bit        Muxes := 1     
	   2 Input  174 Bit        Muxes := 1     
	   2 Input  173 Bit        Muxes := 1     
	   2 Input  172 Bit        Muxes := 1     
	   2 Input  171 Bit        Muxes := 1     
	   2 Input  170 Bit        Muxes := 1     
	   2 Input  169 Bit        Muxes := 1     
	   2 Input  168 Bit        Muxes := 1     
	   2 Input  167 Bit        Muxes := 1     
	   2 Input  166 Bit        Muxes := 1     
	   2 Input  165 Bit        Muxes := 1     
	   2 Input  164 Bit        Muxes := 1     
	   2 Input  163 Bit        Muxes := 1     
	   2 Input  162 Bit        Muxes := 1     
	   2 Input  161 Bit        Muxes := 1     
	   2 Input  160 Bit        Muxes := 1     
	   2 Input  159 Bit        Muxes := 1     
	   2 Input  158 Bit        Muxes := 1     
	   2 Input  157 Bit        Muxes := 1     
	   2 Input  156 Bit        Muxes := 1     
	   2 Input  155 Bit        Muxes := 1     
	   2 Input  154 Bit        Muxes := 1     
	   2 Input  153 Bit        Muxes := 1     
	   2 Input  152 Bit        Muxes := 1     
	   2 Input  151 Bit        Muxes := 1     
	   2 Input  150 Bit        Muxes := 1     
	   2 Input  149 Bit        Muxes := 1     
	   2 Input  148 Bit        Muxes := 1     
	   2 Input  147 Bit        Muxes := 1     
	   2 Input  146 Bit        Muxes := 1     
	   2 Input  145 Bit        Muxes := 1     
	   2 Input  144 Bit        Muxes := 1     
	   2 Input  143 Bit        Muxes := 1     
	   2 Input  142 Bit        Muxes := 1     
	   2 Input  141 Bit        Muxes := 1     
	   2 Input  140 Bit        Muxes := 1     
	   2 Input  139 Bit        Muxes := 1     
	   2 Input  138 Bit        Muxes := 1     
	   2 Input  137 Bit        Muxes := 1     
	   2 Input  136 Bit        Muxes := 1     
	   2 Input  135 Bit        Muxes := 1     
	   2 Input  134 Bit        Muxes := 1     
	   2 Input  133 Bit        Muxes := 1     
	   2 Input  132 Bit        Muxes := 1     
	   2 Input  131 Bit        Muxes := 1     
	   2 Input  130 Bit        Muxes := 1     
	   2 Input  129 Bit        Muxes := 1     
	   2 Input  128 Bit        Muxes := 1     
	   2 Input  127 Bit        Muxes := 1     
	   2 Input  126 Bit        Muxes := 1     
	   2 Input  125 Bit        Muxes := 1     
	   2 Input  124 Bit        Muxes := 1     
	   2 Input  123 Bit        Muxes := 1     
	   2 Input  122 Bit        Muxes := 1     
	   2 Input  121 Bit        Muxes := 1     
	   2 Input  120 Bit        Muxes := 1     
	   2 Input  119 Bit        Muxes := 1     
	   2 Input  118 Bit        Muxes := 1     
	   2 Input  117 Bit        Muxes := 1     
	   2 Input  116 Bit        Muxes := 1     
	   2 Input  115 Bit        Muxes := 1     
	   2 Input  114 Bit        Muxes := 1     
	   2 Input  113 Bit        Muxes := 1     
	   2 Input  112 Bit        Muxes := 1     
	   2 Input  111 Bit        Muxes := 1     
	   2 Input  110 Bit        Muxes := 1     
	   2 Input  109 Bit        Muxes := 1     
	   2 Input  108 Bit        Muxes := 1     
	   2 Input  107 Bit        Muxes := 1     
	   2 Input  106 Bit        Muxes := 1     
	   2 Input  105 Bit        Muxes := 1     
	   2 Input  104 Bit        Muxes := 1     
	   2 Input  103 Bit        Muxes := 1     
	   2 Input  102 Bit        Muxes := 1     
	   2 Input  101 Bit        Muxes := 1     
	   2 Input  100 Bit        Muxes := 1     
	   2 Input   99 Bit        Muxes := 1     
	   2 Input   98 Bit        Muxes := 1     
	   2 Input   97 Bit        Muxes := 1     
	   2 Input   96 Bit        Muxes := 1     
	   2 Input   95 Bit        Muxes := 1     
	   2 Input   94 Bit        Muxes := 1     
	   2 Input   93 Bit        Muxes := 1     
	   2 Input   92 Bit        Muxes := 1     
	   2 Input   91 Bit        Muxes := 1     
	   2 Input   90 Bit        Muxes := 1     
	   2 Input   89 Bit        Muxes := 1     
	   2 Input   88 Bit        Muxes := 1     
	   2 Input   87 Bit        Muxes := 1     
	   2 Input   86 Bit        Muxes := 1     
	   2 Input   85 Bit        Muxes := 1     
	   2 Input   84 Bit        Muxes := 1     
	   2 Input   83 Bit        Muxes := 1     
	   2 Input   82 Bit        Muxes := 1     
	   2 Input   81 Bit        Muxes := 1     
	   2 Input   80 Bit        Muxes := 1     
	   2 Input   79 Bit        Muxes := 1     
	   2 Input   78 Bit        Muxes := 1     
	   2 Input   77 Bit        Muxes := 1     
	   2 Input   76 Bit        Muxes := 1     
	   2 Input   75 Bit        Muxes := 1     
	   2 Input   74 Bit        Muxes := 1     
	   2 Input   73 Bit        Muxes := 1     
	   2 Input   72 Bit        Muxes := 1     
	   2 Input   71 Bit        Muxes := 1     
	   2 Input   70 Bit        Muxes := 1     
	   2 Input   69 Bit        Muxes := 1     
	   2 Input   68 Bit        Muxes := 1     
	   2 Input   67 Bit        Muxes := 1     
	   2 Input   66 Bit        Muxes := 1     
	   2 Input   65 Bit        Muxes := 1     
	   2 Input   64 Bit        Muxes := 1     
	   2 Input   63 Bit        Muxes := 1     
	   2 Input   62 Bit        Muxes := 1     
	   2 Input   61 Bit        Muxes := 1     
	   2 Input   60 Bit        Muxes := 1     
	   2 Input   59 Bit        Muxes := 1     
	   2 Input   58 Bit        Muxes := 1     
	   2 Input   57 Bit        Muxes := 1     
	   2 Input   56 Bit        Muxes := 1     
	   2 Input   55 Bit        Muxes := 1     
	   2 Input   54 Bit        Muxes := 1     
	   2 Input   53 Bit        Muxes := 1     
	   2 Input   52 Bit        Muxes := 1     
	   2 Input   51 Bit        Muxes := 1     
	   2 Input   50 Bit        Muxes := 1     
	   2 Input   49 Bit        Muxes := 1     
	   2 Input   48 Bit        Muxes := 1     
	   2 Input   47 Bit        Muxes := 1     
	   2 Input   46 Bit        Muxes := 1     
	   2 Input   45 Bit        Muxes := 1     
	   2 Input   44 Bit        Muxes := 1     
	   2 Input   43 Bit        Muxes := 1     
	   2 Input   42 Bit        Muxes := 1     
	   2 Input   41 Bit        Muxes := 1     
	   2 Input   40 Bit        Muxes := 1     
	   2 Input   39 Bit        Muxes := 1     
	   2 Input   38 Bit        Muxes := 1     
	   2 Input   37 Bit        Muxes := 1     
	   2 Input   36 Bit        Muxes := 1     
	   2 Input   35 Bit        Muxes := 1     
	   2 Input   34 Bit        Muxes := 1     
	   2 Input   33 Bit        Muxes := 1     
	   2 Input   32 Bit        Muxes := 3     
	   2 Input   31 Bit        Muxes := 1     
	   2 Input   30 Bit        Muxes := 1     
	   2 Input   29 Bit        Muxes := 1     
	   2 Input   28 Bit        Muxes := 1     
	   2 Input   27 Bit        Muxes := 1     
	   2 Input   26 Bit        Muxes := 1     
	   2 Input   25 Bit        Muxes := 1     
	   2 Input   24 Bit        Muxes := 1     
	   2 Input   23 Bit        Muxes := 1     
	   2 Input   22 Bit        Muxes := 1     
	   2 Input   21 Bit        Muxes := 1     
	   2 Input   20 Bit        Muxes := 1     
	   2 Input   19 Bit        Muxes := 1     
	   2 Input   18 Bit        Muxes := 1     
	   2 Input   17 Bit        Muxes := 1     
	   2 Input   16 Bit        Muxes := 1     
	   2 Input   15 Bit        Muxes := 1     
	   2 Input   14 Bit        Muxes := 1     
	   2 Input   13 Bit        Muxes := 1     
	   2 Input   12 Bit        Muxes := 1     
	   2 Input   11 Bit        Muxes := 1     
	   2 Input   10 Bit        Muxes := 1     
	   2 Input    9 Bit        Muxes := 1     
	  64 Input    8 Bit        Muxes := 1     
	   2 Input    8 Bit        Muxes := 1     
	   2 Input    7 Bit        Muxes := 1     
	   2 Input    6 Bit        Muxes := 1     
	   2 Input    5 Bit        Muxes := 1     
	   2 Input    4 Bit        Muxes := 4     
	   2 Input    3 Bit        Muxes := 1     
	   2 Input    2 Bit        Muxes := 8     
	   4 Input    2 Bit        Muxes := 7     
	   2 Input    1 Bit        Muxes := 25    
---------------------------------------------------------------------------------
Finished RTL Component Statistics 
---------------------------------------------------------------------------------
---------------------------------------------------------------------------------
Start Part Resource Summary
---------------------------------------------------------------------------------
Part Resources:
DSPs: 1248 (col length:96)
BRAMs: 288 (col length: RAMB18 96 RAMB36 48)
---------------------------------------------------------------------------------
Finished Part Resource Summary
---------------------------------------------------------------------------------
---------------------------------------------------------------------------------
Start Cross Boundary and Area Optimization
---------------------------------------------------------------------------------
WARNING: [Synth 8-7080] Parallel synthesis criteria is not met
WARNING: [Synth 8-3936] Found unconnected internal register 'mac_muladd_8ns_8ns_16ns_16_4_1_U5/myip_v1_0_HLS_mac_muladd_8ns_8ns_16ns_16_4_1_DSP48_0_U/p_reg_reg' and it is trimmed from '46' to '16' bits. [c:/Users/sunil/VivadoProjects/EE4218Labs/Lab4/integrated_coprocessor_v1/integrated_coprocessor_v1.gen/sources_1/bd/design_1/ipshared/db18/hdl/verilog/myip_v1_0_HLS_mac_muladd_8ns_8ns_16ns_16_4_1.v:41]
WARNING: [Synth 8-3936] Found unconnected internal register 'mac_muladd_8ns_8ns_16ns_16_4_1_U6/myip_v1_0_HLS_mac_muladd_8ns_8ns_16ns_16_4_1_DSP48_0_U/p_reg_reg' and it is trimmed from '46' to '16' bits. [c:/Users/sunil/VivadoProjects/EE4218Labs/Lab4/integrated_coprocessor_v1/integrated_coprocessor_v1.gen/sources_1/bd/design_1/ipshared/db18/hdl/verilog/myip_v1_0_HLS_mac_muladd_8ns_8ns_16ns_16_4_1.v:41]
WARNING: [Synth 8-3936] Found unconnected internal register 'mac_muladd_8ns_8ns_16ns_16_4_1_U7/myip_v1_0_HLS_mac_muladd_8ns_8ns_16ns_16_4_1_DSP48_0_U/p_reg_reg' and it is trimmed from '46' to '16' bits. [c:/Users/sunil/VivadoProjects/EE4218Labs/Lab4/integrated_coprocessor_v1/integrated_coprocessor_v1.gen/sources_1/bd/design_1/ipshared/db18/hdl/verilog/myip_v1_0_HLS_mac_muladd_8ns_8ns_16ns_16_4_1.v:41]
WARNING: [Synth 8-3936] Found unconnected internal register 'mac_muladd_8ns_8ns_16ns_16_4_1_U8/myip_v1_0_HLS_mac_muladd_8ns_8ns_16ns_16_4_1_DSP48_0_U/p_reg_reg' and it is trimmed from '46' to '16' bits. [c:/Users/sunil/VivadoProjects/EE4218Labs/Lab4/integrated_coprocessor_v1/integrated_coprocessor_v1.gen/sources_1/bd/design_1/ipshared/db18/hdl/verilog/myip_v1_0_HLS_mac_muladd_8ns_8ns_16ns_16_4_1.v:41]
WARNING: [Synth 8-3936] Found unconnected internal register 'mac_muladd_8ns_8ns_16ns_16_4_1_U5/myip_v1_0_HLS_mac_muladd_8ns_8ns_16ns_16_4_1_DSP48_0_U/m_reg_reg' and it is trimmed from '45' to '16' bits. [c:/Users/sunil/VivadoProjects/EE4218Labs/Lab4/integrated_coprocessor_v1/integrated_coprocessor_v1.gen/sources_1/bd/design_1/ipshared/db18/hdl/verilog/myip_v1_0_HLS_mac_muladd_8ns_8ns_16ns_16_4_1.v:34]
WARNING: [Synth 8-3936] Found unconnected internal register 'mac_muladd_8ns_8ns_16ns_16_4_1_U5/myip_v1_0_HLS_mac_muladd_8ns_8ns_16ns_16_4_1_DSP48_0_U/a_reg_reg' and it is trimmed from '27' to '16' bits. [c:/Users/sunil/VivadoProjects/EE4218Labs/Lab4/integrated_coprocessor_v1/integrated_coprocessor_v1.gen/sources_1/bd/design_1/ipshared/db18/hdl/verilog/myip_v1_0_HLS_mac_muladd_8ns_8ns_16ns_16_4_1.v:33]
WARNING: [Synth 8-3936] Found unconnected internal register 'mac_muladd_8ns_8ns_16ns_16_4_1_U6/myip_v1_0_HLS_mac_muladd_8ns_8ns_16ns_16_4_1_DSP48_0_U/m_reg_reg' and it is trimmed from '45' to '16' bits. [c:/Users/sunil/VivadoProjects/EE4218Labs/Lab4/integrated_coprocessor_v1/integrated_coprocessor_v1.gen/sources_1/bd/design_1/ipshared/db18/hdl/verilog/myip_v1_0_HLS_mac_muladd_8ns_8ns_16ns_16_4_1.v:34]
WARNING: [Synth 8-3936] Found unconnected internal register 'mac_muladd_8ns_8ns_16ns_16_4_1_U6/myip_v1_0_HLS_mac_muladd_8ns_8ns_16ns_16_4_1_DSP48_0_U/a_reg_reg' and it is trimmed from '27' to '16' bits. [c:/Users/sunil/VivadoProjects/EE4218Labs/Lab4/integrated_coprocessor_v1/integrated_coprocessor_v1.gen/sources_1/bd/design_1/ipshared/db18/hdl/verilog/myip_v1_0_HLS_mac_muladd_8ns_8ns_16ns_16_4_1.v:33]
WARNING: [Synth 8-3936] Found unconnected internal register 'mac_muladd_8ns_8ns_16ns_16_4_1_U7/myip_v1_0_HLS_mac_muladd_8ns_8ns_16ns_16_4_1_DSP48_0_U/m_reg_reg' and it is trimmed from '45' to '16' bits. [c:/Users/sunil/VivadoProjects/EE4218Labs/Lab4/integrated_coprocessor_v1/integrated_coprocessor_v1.gen/sources_1/bd/design_1/ipshared/db18/hdl/verilog/myip_v1_0_HLS_mac_muladd_8ns_8ns_16ns_16_4_1.v:34]
WARNING: [Synth 8-3936] Found unconnected internal register 'mac_muladd_8ns_8ns_16ns_16_4_1_U7/myip_v1_0_HLS_mac_muladd_8ns_8ns_16ns_16_4_1_DSP48_0_U/a_reg_reg' and it is trimmed from '27' to '16' bits. [c:/Users/sunil/VivadoProjects/EE4218Labs/Lab4/integrated_coprocessor_v1/integrated_coprocessor_v1.gen/sources_1/bd/design_1/ipshared/db18/hdl/verilog/myip_v1_0_HLS_mac_muladd_8ns_8ns_16ns_16_4_1.v:33]
WARNING: [Synth 8-3936] Found unconnected internal register 'mac_muladd_8ns_8ns_16ns_16_4_1_U8/myip_v1_0_HLS_mac_muladd_8ns_8ns_16ns_16_4_1_DSP48_0_U/m_reg_reg' and it is trimmed from '45' to '16' bits. [c:/Users/sunil/VivadoProjects/EE4218Labs/Lab4/integrated_coprocessor_v1/integrated_coprocessor_v1.gen/sources_1/bd/design_1/ipshared/db18/hdl/verilog/myip_v1_0_HLS_mac_muladd_8ns_8ns_16ns_16_4_1.v:34]
WARNING: [Synth 8-3936] Found unconnected internal register 'mac_muladd_8ns_8ns_16ns_16_4_1_U8/myip_v1_0_HLS_mac_muladd_8ns_8ns_16ns_16_4_1_DSP48_0_U/a_reg_reg' and it is trimmed from '27' to '16' bits. [c:/Users/sunil/VivadoProjects/EE4218Labs/Lab4/integrated_coprocessor_v1/integrated_coprocessor_v1.gen/sources_1/bd/design_1/ipshared/db18/hdl/verilog/myip_v1_0_HLS_mac_muladd_8ns_8ns_16ns_16_4_1.v:33]
WARNING: [Synth 8-3936] Found unconnected internal register 'mac_muladd_8ns_8ns_16ns_16_4_1_U8/myip_v1_0_HLS_mac_muladd_8ns_8ns_16ns_16_4_1_DSP48_0_U/b_reg_reg' and it is trimmed from '18' to '16' bits. [c:/Users/sunil/VivadoProjects/EE4218Labs/Lab4/integrated_coprocessor_v1/integrated_coprocessor_v1.gen/sources_1/bd/design_1/ipshared/db18/hdl/verilog/myip_v1_0_HLS_mac_muladd_8ns_8ns_16ns_16_4_1.v:33]
WARNING: [Synth 8-3936] Found unconnected internal register 'mac_muladd_8ns_8ns_16ns_16_4_1_U6/myip_v1_0_HLS_mac_muladd_8ns_8ns_16ns_16_4_1_DSP48_0_U/b_reg_reg' and it is trimmed from '18' to '16' bits. [c:/Users/sunil/VivadoProjects/EE4218Labs/Lab4/integrated_coprocessor_v1/integrated_coprocessor_v1.gen/sources_1/bd/design_1/ipshared/db18/hdl/verilog/myip_v1_0_HLS_mac_muladd_8ns_8ns_16ns_16_4_1.v:33]
WARNING: [Synth 8-3936] Found unconnected internal register 'mac_muladd_8ns_8ns_16ns_16_4_1_U7/myip_v1_0_HLS_mac_muladd_8ns_8ns_16ns_16_4_1_DSP48_0_U/b_reg_reg' and it is trimmed from '18' to '16' bits. [c:/Users/sunil/VivadoProjects/EE4218Labs/Lab4/integrated_coprocessor_v1/integrated_coprocessor_v1.gen/sources_1/bd/design_1/ipshared/db18/hdl/verilog/myip_v1_0_HLS_mac_muladd_8ns_8ns_16ns_16_4_1.v:33]
WARNING: [Synth 8-3936] Found unconnected internal register 'mac_muladd_8ns_8ns_16ns_16_4_1_U5/myip_v1_0_HLS_mac_muladd_8ns_8ns_16ns_16_4_1_DSP48_0_U/b_reg_reg' and it is trimmed from '18' to '16' bits. [c:/Users/sunil/VivadoProjects/EE4218Labs/Lab4/integrated_coprocessor_v1/integrated_coprocessor_v1.gen/sources_1/bd/design_1/ipshared/db18/hdl/verilog/myip_v1_0_HLS_mac_muladd_8ns_8ns_16ns_16_4_1.v:33]
DSP Report: Generating DSP mac_muladd_8ns_8ns_16ns_16_4_1_U5/myip_v1_0_HLS_mac_muladd_8ns_8ns_16ns_16_4_1_DSP48_0_U/m_reg_reg, operation Mode is: (A2*B'')'.
DSP Report: register mac_muladd_8ns_8ns_16ns_16_4_1_U5/myip_v1_0_HLS_mac_muladd_8ns_8ns_16ns_16_4_1_DSP48_0_U/m_reg_reg is absorbed into DSP mac_muladd_8ns_8ns_16ns_16_4_1_U5/myip_v1_0_HLS_mac_muladd_8ns_8ns_16ns_16_4_1_DSP48_0_U/m_reg_reg.
DSP Report: register mac_muladd_8ns_8ns_16ns_16_4_1_U5/myip_v1_0_HLS_mac_muladd_8ns_8ns_16ns_16_4_1_DSP48_0_U/m_reg_reg is absorbed into DSP mac_muladd_8ns_8ns_16ns_16_4_1_U5/myip_v1_0_HLS_mac_muladd_8ns_8ns_16ns_16_4_1_DSP48_0_U/m_reg_reg.
DSP Report: register mac_muladd_8ns_8ns_16ns_16_4_1_U5/myip_v1_0_HLS_mac_muladd_8ns_8ns_16ns_16_4_1_DSP48_0_U/a_reg_reg is absorbed into DSP mac_muladd_8ns_8ns_16ns_16_4_1_U5/myip_v1_0_HLS_mac_muladd_8ns_8ns_16ns_16_4_1_DSP48_0_U/m_reg_reg.
DSP Report: register mac_muladd_8ns_8ns_16ns_16_4_1_U5/myip_v1_0_HLS_mac_muladd_8ns_8ns_16ns_16_4_1_DSP48_0_U/m_reg_reg is absorbed into DSP mac_muladd_8ns_8ns_16ns_16_4_1_U5/myip_v1_0_HLS_mac_muladd_8ns_8ns_16ns_16_4_1_DSP48_0_U/m_reg_reg.
DSP Report: operator mac_muladd_8ns_8ns_16ns_16_4_1_U5/myip_v1_0_HLS_mac_muladd_8ns_8ns_16ns_16_4_1_DSP48_0_U/m is absorbed into DSP mac_muladd_8ns_8ns_16ns_16_4_1_U5/myip_v1_0_HLS_mac_muladd_8ns_8ns_16ns_16_4_1_DSP48_0_U/m_reg_reg.
DSP Report: Generating DSP mac_muladd_8ns_8ns_16ns_16_4_1_U5/myip_v1_0_HLS_mac_muladd_8ns_8ns_16ns_16_4_1_DSP48_0_U/p_reg_reg, operation Mode is: (PCIN+A*B2)'.
DSP Report: register mac_muladd_8ns_8ns_16ns_16_4_1_U5/myip_v1_0_HLS_mac_muladd_8ns_8ns_16ns_16_4_1_DSP48_0_U/p_reg_reg is absorbed into DSP mac_muladd_8ns_8ns_16ns_16_4_1_U5/myip_v1_0_HLS_mac_muladd_8ns_8ns_16ns_16_4_1_DSP48_0_U/p_reg_reg.
DSP Report: register mac_muladd_8ns_8ns_16ns_16_4_1_U5/myip_v1_0_HLS_mac_muladd_8ns_8ns_16ns_16_4_1_DSP48_0_U/p_reg_reg is absorbed into DSP mac_muladd_8ns_8ns_16ns_16_4_1_U5/myip_v1_0_HLS_mac_muladd_8ns_8ns_16ns_16_4_1_DSP48_0_U/p_reg_reg.
DSP Report: operator mac_muladd_8ns_8ns_16ns_16_4_1_U5/myip_v1_0_HLS_mac_muladd_8ns_8ns_16ns_16_4_1_DSP48_0_U/p is absorbed into DSP mac_muladd_8ns_8ns_16ns_16_4_1_U5/myip_v1_0_HLS_mac_muladd_8ns_8ns_16ns_16_4_1_DSP48_0_U/p_reg_reg.
DSP Report: operator mul_8ns_8ns_16_1_1_U1/tmp_product is absorbed into DSP mac_muladd_8ns_8ns_16ns_16_4_1_U5/myip_v1_0_HLS_mac_muladd_8ns_8ns_16ns_16_4_1_DSP48_0_U/p_reg_reg.
DSP Report: Generating DSP mac_muladd_8ns_8ns_16ns_16_4_1_U7/myip_v1_0_HLS_mac_muladd_8ns_8ns_16ns_16_4_1_DSP48_0_U/m_reg_reg, operation Mode is: (A2*B'')'.
DSP Report: register mac_muladd_8ns_8ns_16ns_16_4_1_U7/myip_v1_0_HLS_mac_muladd_8ns_8ns_16ns_16_4_1_DSP48_0_U/m_reg_reg is absorbed into DSP mac_muladd_8ns_8ns_16ns_16_4_1_U7/myip_v1_0_HLS_mac_muladd_8ns_8ns_16ns_16_4_1_DSP48_0_U/m_reg_reg.
DSP Report: register mac_muladd_8ns_8ns_16ns_16_4_1_U7/myip_v1_0_HLS_mac_muladd_8ns_8ns_16ns_16_4_1_DSP48_0_U/m_reg_reg is absorbed into DSP mac_muladd_8ns_8ns_16ns_16_4_1_U7/myip_v1_0_HLS_mac_muladd_8ns_8ns_16ns_16_4_1_DSP48_0_U/m_reg_reg.
DSP Report: register mac_muladd_8ns_8ns_16ns_16_4_1_U7/myip_v1_0_HLS_mac_muladd_8ns_8ns_16ns_16_4_1_DSP48_0_U/a_reg_reg is absorbed into DSP mac_muladd_8ns_8ns_16ns_16_4_1_U7/myip_v1_0_HLS_mac_muladd_8ns_8ns_16ns_16_4_1_DSP48_0_U/m_reg_reg.
DSP Report: register mac_muladd_8ns_8ns_16ns_16_4_1_U7/myip_v1_0_HLS_mac_muladd_8ns_8ns_16ns_16_4_1_DSP48_0_U/m_reg_reg is absorbed into DSP mac_muladd_8ns_8ns_16ns_16_4_1_U7/myip_v1_0_HLS_mac_muladd_8ns_8ns_16ns_16_4_1_DSP48_0_U/m_reg_reg.
DSP Report: operator mac_muladd_8ns_8ns_16ns_16_4_1_U7/myip_v1_0_HLS_mac_muladd_8ns_8ns_16ns_16_4_1_DSP48_0_U/m is absorbed into DSP mac_muladd_8ns_8ns_16ns_16_4_1_U7/myip_v1_0_HLS_mac_muladd_8ns_8ns_16ns_16_4_1_DSP48_0_U/m_reg_reg.
DSP Report: Generating DSP mac_muladd_8ns_8ns_16ns_16_4_1_U7/myip_v1_0_HLS_mac_muladd_8ns_8ns_16ns_16_4_1_DSP48_0_U/p_reg_reg, operation Mode is: (PCIN+A*B2)'.
DSP Report: register mac_muladd_8ns_8ns_16ns_16_4_1_U7/myip_v1_0_HLS_mac_muladd_8ns_8ns_16ns_16_4_1_DSP48_0_U/p_reg_reg is absorbed into DSP mac_muladd_8ns_8ns_16ns_16_4_1_U7/myip_v1_0_HLS_mac_muladd_8ns_8ns_16ns_16_4_1_DSP48_0_U/p_reg_reg.
DSP Report: register mac_muladd_8ns_8ns_16ns_16_4_1_U7/myip_v1_0_HLS_mac_muladd_8ns_8ns_16ns_16_4_1_DSP48_0_U/p_reg_reg is absorbed into DSP mac_muladd_8ns_8ns_16ns_16_4_1_U7/myip_v1_0_HLS_mac_muladd_8ns_8ns_16ns_16_4_1_DSP48_0_U/p_reg_reg.
DSP Report: operator mac_muladd_8ns_8ns_16ns_16_4_1_U7/myip_v1_0_HLS_mac_muladd_8ns_8ns_16ns_16_4_1_DSP48_0_U/p is absorbed into DSP mac_muladd_8ns_8ns_16ns_16_4_1_U7/myip_v1_0_HLS_mac_muladd_8ns_8ns_16ns_16_4_1_DSP48_0_U/p_reg_reg.
DSP Report: operator mul_8ns_8ns_16_1_1_U3/tmp_product is absorbed into DSP mac_muladd_8ns_8ns_16ns_16_4_1_U7/myip_v1_0_HLS_mac_muladd_8ns_8ns_16ns_16_4_1_DSP48_0_U/p_reg_reg.
DSP Report: Generating DSP mac_muladd_8ns_8ns_16ns_16_4_1_U6/myip_v1_0_HLS_mac_muladd_8ns_8ns_16ns_16_4_1_DSP48_0_U/m_reg_reg, operation Mode is: (A2*B'')'.
DSP Report: register mac_muladd_8ns_8ns_16ns_16_4_1_U6/myip_v1_0_HLS_mac_muladd_8ns_8ns_16ns_16_4_1_DSP48_0_U/m_reg_reg is absorbed into DSP mac_muladd_8ns_8ns_16ns_16_4_1_U6/myip_v1_0_HLS_mac_muladd_8ns_8ns_16ns_16_4_1_DSP48_0_U/m_reg_reg.
DSP Report: register mac_muladd_8ns_8ns_16ns_16_4_1_U6/myip_v1_0_HLS_mac_muladd_8ns_8ns_16ns_16_4_1_DSP48_0_U/m_reg_reg is absorbed into DSP mac_muladd_8ns_8ns_16ns_16_4_1_U6/myip_v1_0_HLS_mac_muladd_8ns_8ns_16ns_16_4_1_DSP48_0_U/m_reg_reg.
DSP Report: register mac_muladd_8ns_8ns_16ns_16_4_1_U6/myip_v1_0_HLS_mac_muladd_8ns_8ns_16ns_16_4_1_DSP48_0_U/a_reg_reg is absorbed into DSP mac_muladd_8ns_8ns_16ns_16_4_1_U6/myip_v1_0_HLS_mac_muladd_8ns_8ns_16ns_16_4_1_DSP48_0_U/m_reg_reg.
DSP Report: register mac_muladd_8ns_8ns_16ns_16_4_1_U6/myip_v1_0_HLS_mac_muladd_8ns_8ns_16ns_16_4_1_DSP48_0_U/m_reg_reg is absorbed into DSP mac_muladd_8ns_8ns_16ns_16_4_1_U6/myip_v1_0_HLS_mac_muladd_8ns_8ns_16ns_16_4_1_DSP48_0_U/m_reg_reg.
DSP Report: operator mac_muladd_8ns_8ns_16ns_16_4_1_U6/myip_v1_0_HLS_mac_muladd_8ns_8ns_16ns_16_4_1_DSP48_0_U/m is absorbed into DSP mac_muladd_8ns_8ns_16ns_16_4_1_U6/myip_v1_0_HLS_mac_muladd_8ns_8ns_16ns_16_4_1_DSP48_0_U/m_reg_reg.
DSP Report: Generating DSP mac_muladd_8ns_8ns_16ns_16_4_1_U6/myip_v1_0_HLS_mac_muladd_8ns_8ns_16ns_16_4_1_DSP48_0_U/p_reg_reg, operation Mode is: (PCIN+A*B2)'.
DSP Report: register mac_muladd_8ns_8ns_16ns_16_4_1_U6/myip_v1_0_HLS_mac_muladd_8ns_8ns_16ns_16_4_1_DSP48_0_U/p_reg_reg is absorbed into DSP mac_muladd_8ns_8ns_16ns_16_4_1_U6/myip_v1_0_HLS_mac_muladd_8ns_8ns_16ns_16_4_1_DSP48_0_U/p_reg_reg.
DSP Report: register mac_muladd_8ns_8ns_16ns_16_4_1_U6/myip_v1_0_HLS_mac_muladd_8ns_8ns_16ns_16_4_1_DSP48_0_U/p_reg_reg is absorbed into DSP mac_muladd_8ns_8ns_16ns_16_4_1_U6/myip_v1_0_HLS_mac_muladd_8ns_8ns_16ns_16_4_1_DSP48_0_U/p_reg_reg.
DSP Report: operator mac_muladd_8ns_8ns_16ns_16_4_1_U6/myip_v1_0_HLS_mac_muladd_8ns_8ns_16ns_16_4_1_DSP48_0_U/p is absorbed into DSP mac_muladd_8ns_8ns_16ns_16_4_1_U6/myip_v1_0_HLS_mac_muladd_8ns_8ns_16ns_16_4_1_DSP48_0_U/p_reg_reg.
DSP Report: operator mul_8ns_8ns_16_1_1_U2/tmp_product is absorbed into DSP mac_muladd_8ns_8ns_16ns_16_4_1_U6/myip_v1_0_HLS_mac_muladd_8ns_8ns_16ns_16_4_1_DSP48_0_U/p_reg_reg.
DSP Report: Generating DSP mac_muladd_8ns_8ns_16ns_16_4_1_U8/myip_v1_0_HLS_mac_muladd_8ns_8ns_16ns_16_4_1_DSP48_0_U/m_reg_reg, operation Mode is: (A2*B'')'.
DSP Report: register mac_muladd_8ns_8ns_16ns_16_4_1_U8/myip_v1_0_HLS_mac_muladd_8ns_8ns_16ns_16_4_1_DSP48_0_U/m_reg_reg is absorbed into DSP mac_muladd_8ns_8ns_16ns_16_4_1_U8/myip_v1_0_HLS_mac_muladd_8ns_8ns_16ns_16_4_1_DSP48_0_U/m_reg_reg.
DSP Report: register mac_muladd_8ns_8ns_16ns_16_4_1_U8/myip_v1_0_HLS_mac_muladd_8ns_8ns_16ns_16_4_1_DSP48_0_U/m_reg_reg is absorbed into DSP mac_muladd_8ns_8ns_16ns_16_4_1_U8/myip_v1_0_HLS_mac_muladd_8ns_8ns_16ns_16_4_1_DSP48_0_U/m_reg_reg.
DSP Report: register mac_muladd_8ns_8ns_16ns_16_4_1_U8/myip_v1_0_HLS_mac_muladd_8ns_8ns_16ns_16_4_1_DSP48_0_U/a_reg_reg is absorbed into DSP mac_muladd_8ns_8ns_16ns_16_4_1_U8/myip_v1_0_HLS_mac_muladd_8ns_8ns_16ns_16_4_1_DSP48_0_U/m_reg_reg.
DSP Report: register mac_muladd_8ns_8ns_16ns_16_4_1_U8/myip_v1_0_HLS_mac_muladd_8ns_8ns_16ns_16_4_1_DSP48_0_U/m_reg_reg is absorbed into DSP mac_muladd_8ns_8ns_16ns_16_4_1_U8/myip_v1_0_HLS_mac_muladd_8ns_8ns_16ns_16_4_1_DSP48_0_U/m_reg_reg.
DSP Report: operator mac_muladd_8ns_8ns_16ns_16_4_1_U8/myip_v1_0_HLS_mac_muladd_8ns_8ns_16ns_16_4_1_DSP48_0_U/m is absorbed into DSP mac_muladd_8ns_8ns_16ns_16_4_1_U8/myip_v1_0_HLS_mac_muladd_8ns_8ns_16ns_16_4_1_DSP48_0_U/m_reg_reg.
DSP Report: Generating DSP mac_muladd_8ns_8ns_16ns_16_4_1_U8/myip_v1_0_HLS_mac_muladd_8ns_8ns_16ns_16_4_1_DSP48_0_U/p_reg_reg, operation Mode is: (PCIN+A*B2)'.
DSP Report: register mac_muladd_8ns_8ns_16ns_16_4_1_U8/myip_v1_0_HLS_mac_muladd_8ns_8ns_16ns_16_4_1_DSP48_0_U/p_reg_reg is absorbed into DSP mac_muladd_8ns_8ns_16ns_16_4_1_U8/myip_v1_0_HLS_mac_muladd_8ns_8ns_16ns_16_4_1_DSP48_0_U/p_reg_reg.
DSP Report: register mac_muladd_8ns_8ns_16ns_16_4_1_U8/myip_v1_0_HLS_mac_muladd_8ns_8ns_16ns_16_4_1_DSP48_0_U/p_reg_reg is absorbed into DSP mac_muladd_8ns_8ns_16ns_16_4_1_U8/myip_v1_0_HLS_mac_muladd_8ns_8ns_16ns_16_4_1_DSP48_0_U/p_reg_reg.
DSP Report: operator mac_muladd_8ns_8ns_16ns_16_4_1_U8/myip_v1_0_HLS_mac_muladd_8ns_8ns_16ns_16_4_1_DSP48_0_U/p is absorbed into DSP mac_muladd_8ns_8ns_16ns_16_4_1_U8/myip_v1_0_HLS_mac_muladd_8ns_8ns_16ns_16_4_1_DSP48_0_U/p_reg_reg.
DSP Report: operator mul_8ns_8ns_16_1_1_U4/tmp_product is absorbed into DSP mac_muladd_8ns_8ns_16ns_16_4_1_U8/myip_v1_0_HLS_mac_muladd_8ns_8ns_16ns_16_4_1_DSP48_0_U/p_reg_reg.
INFO: [Synth 8-6904] The RAM "inst/A_U/ram_reg" of size (depth=64 x width=8) is automatically implemented using LUTRAM. BRAM implementation would be inefficient 
INFO: [Synth 8-6904] The RAM "inst/A_1_U/ram_reg" of size (depth=64 x width=8) is automatically implemented using LUTRAM. BRAM implementation would be inefficient 
INFO: [Synth 8-6904] The RAM "inst/A_2_U/ram_reg" of size (depth=64 x width=8) is automatically implemented using LUTRAM. BRAM implementation would be inefficient 
INFO: [Synth 8-6904] The RAM "inst/A_3_U/ram_reg" of size (depth=64 x width=8) is automatically implemented using LUTRAM. BRAM implementation would be inefficient 
INFO: [Synth 8-6904] The RAM "inst/A_4_U/ram_reg" of size (depth=64 x width=8) is automatically implemented using LUTRAM. BRAM implementation would be inefficient 
INFO: [Synth 8-6904] The RAM "inst/A_5_U/ram_reg" of size (depth=64 x width=8) is automatically implemented using LUTRAM. BRAM implementation would be inefficient 
INFO: [Synth 8-6904] The RAM "inst/A_6_U/ram_reg" of size (depth=64 x width=8) is automatically implemented using LUTRAM. BRAM implementation would be inefficient 
INFO: [Synth 8-6904] The RAM "inst/A_7_U/ram_reg" of size (depth=64 x width=8) is automatically implemented using LUTRAM. BRAM implementation would be inefficient 
INFO: [Synth 8-6904] The RAM "inst/C_0_U/ram_reg" of size (depth=64 x width=8) is automatically implemented using LUTRAM. BRAM implementation would be inefficient 
INFO: [Synth 8-6904] The RAM "inst/A_U/ram_reg" of size (depth=64 x width=8) is automatically implemented using LUTRAM. BRAM implementation would be inefficient 
INFO: [Synth 8-6904] The RAM "inst/A_1_U/ram_reg" of size (depth=64 x width=8) is automatically implemented using LUTRAM. BRAM implementation would be inefficient 
INFO: [Synth 8-6904] The RAM "inst/A_2_U/ram_reg" of size (depth=64 x width=8) is automatically implemented using LUTRAM. BRAM implementation would be inefficient 
INFO: [Synth 8-6904] The RAM "inst/A_3_U/ram_reg" of size (depth=64 x width=8) is automatically implemented using LUTRAM. BRAM implementation would be inefficient 
INFO: [Synth 8-6904] The RAM "inst/A_4_U/ram_reg" of size (depth=64 x width=8) is automatically implemented using LUTRAM. BRAM implementation would be inefficient 
INFO: [Synth 8-6904] The RAM "inst/A_5_U/ram_reg" of size (depth=64 x width=8) is automatically implemented using LUTRAM. BRAM implementation would be inefficient 
INFO: [Synth 8-6904] The RAM "inst/A_6_U/ram_reg" of size (depth=64 x width=8) is automatically implemented using LUTRAM. BRAM implementation would be inefficient 
INFO: [Synth 8-6904] The RAM "inst/A_7_U/ram_reg" of size (depth=64 x width=8) is automatically implemented using LUTRAM. BRAM implementation would be inefficient 
INFO: [Synth 8-6904] The RAM "inst/C_0_U/ram_reg" of size (depth=64 x width=8) is automatically implemented using LUTRAM. BRAM implementation would be inefficient 
---------------------------------------------------------------------------------
Finished Cross Boundary and Area Optimization : Time (s): cpu = 00:01:12 ; elapsed = 00:02:09 . Memory (MB): peak = 3030.363 ; gain = 1548.535
---------------------------------------------------------------------------------
 Sort Area is  mac_muladd_8ns_8ns_16ns_16_4_1_U5/myip_v1_0_HLS_mac_muladd_8ns_8ns_16ns_16_4_1_DSP48_0_U/m_reg_reg_5 : 0 0 : 2001 2653 : Used 1 time 100
 Sort Area is  mac_muladd_8ns_8ns_16ns_16_4_1_U5/myip_v1_0_HLS_mac_muladd_8ns_8ns_16ns_16_4_1_DSP48_0_U/m_reg_reg_5 : 0 1 : 652 2653 : Used 1 time 100
 Sort Area is  mac_muladd_8ns_8ns_16ns_16_4_1_U6/myip_v1_0_HLS_mac_muladd_8ns_8ns_16ns_16_4_1_DSP48_0_U/m_reg_reg_3 : 0 0 : 2001 2653 : Used 1 time 100
 Sort Area is  mac_muladd_8ns_8ns_16ns_16_4_1_U6/myip_v1_0_HLS_mac_muladd_8ns_8ns_16ns_16_4_1_DSP48_0_U/m_reg_reg_3 : 0 1 : 652 2653 : Used 1 time 100
 Sort Area is  mac_muladd_8ns_8ns_16ns_16_4_1_U7/myip_v1_0_HLS_mac_muladd_8ns_8ns_16ns_16_4_1_DSP48_0_U/m_reg_reg_4 : 0 0 : 2001 2653 : Used 1 time 100
 Sort Area is  mac_muladd_8ns_8ns_16ns_16_4_1_U7/myip_v1_0_HLS_mac_muladd_8ns_8ns_16ns_16_4_1_DSP48_0_U/m_reg_reg_4 : 0 1 : 652 2653 : Used 1 time 100
 Sort Area is  mac_muladd_8ns_8ns_16ns_16_4_1_U8/myip_v1_0_HLS_mac_muladd_8ns_8ns_16ns_16_4_1_DSP48_0_U/m_reg_reg_0 : 0 0 : 2001 2653 : Used 1 time 100
 Sort Area is  mac_muladd_8ns_8ns_16ns_16_4_1_U8/myip_v1_0_HLS_mac_muladd_8ns_8ns_16ns_16_4_1_DSP48_0_U/m_reg_reg_0 : 0 1 : 652 2653 : Used 1 time 100
---------------------------------------------------------------------------------
Start ROM, RAM, DSP, Shift Register and Retiming Reporting
---------------------------------------------------------------------------------

Distributed RAM: Preliminary Mapping Report (see note below)
+------------+---------------+-----------+----------------------+---------------+
|Module Name | RTL Object    | Inference | Size (Depth x Width) | Primitives    | 
+------------+---------------+-----------+----------------------+---------------+
|inst        | A_U/ram_reg   | Implied   | 64 x 8               | RAM64X1S x 8  | 
|inst        | A_1_U/ram_reg | Implied   | 64 x 8               | RAM64X1S x 8  | 
|inst        | A_2_U/ram_reg | Implied   | 64 x 8               | RAM64X1S x 8  | 
|inst        | A_3_U/ram_reg | Implied   | 64 x 8               | RAM64X1S x 8  | 
|inst        | A_4_U/ram_reg | Implied   | 64 x 8               | RAM64X1S x 8  | 
|inst        | A_5_U/ram_reg | Implied   | 64 x 8               | RAM64X1S x 8  | 
|inst        | A_6_U/ram_reg | Implied   | 64 x 8               | RAM64X1S x 8  | 
|inst        | A_7_U/ram_reg | Implied   | 64 x 8               | RAM64X1S x 8  | 
|inst        | C_0_U/ram_reg | Implied   | 64 x 8               | RAM64X1S x 8  | 
+------------+---------------+-----------+----------------------+---------------+

Note: The table above is a preliminary report that shows the Distributed RAMs at the current stage of the synthesis flow. Some Distributed RAMs may be reimplemented as non Distributed RAM primitives later in the synthesis flow. Multiple instantiated RAMs are reported only once.

DSP: Preliminary Mapping Report (see note below. The ' indicates corresponding REG is set)
+-----------------------------------------------------+--------------+--------+--------+--------+--------+--------+------+------+------+------+-------+------+------+
|Module Name                                          | DSP Mapping  | A Size | B Size | C Size | D Size | P Size | AREG | BREG | CREG | DREG | ADREG | MREG | PREG | 
+-----------------------------------------------------+--------------+--------+--------+--------+--------+--------+------+------+------+------+-------+------+------+
|myip_v1_0_HLS_myip_v1_0_HLS_Pipeline_VITIS_LOOP_72_3 | (A2*B'')'    | 16     | 16     | -      | -      | 32     | 1    | 2    | -    | -    | -     | 1    | 0    | 
|myip_v1_0_HLS_myip_v1_0_HLS_Pipeline_VITIS_LOOP_72_3 | (PCIN+A*B2)' | 9      | 9      | -      | -      | 16     | 0    | 1    | -    | -    | -     | 0    | 1    | 
|myip_v1_0_HLS_myip_v1_0_HLS_Pipeline_VITIS_LOOP_72_3 | (A2*B'')'    | 16     | 16     | -      | -      | 32     | 1    | 2    | -    | -    | -     | 1    | 0    | 
|myip_v1_0_HLS_myip_v1_0_HLS_Pipeline_VITIS_LOOP_72_3 | (PCIN+A*B2)' | 9      | 9      | -      | -      | 16     | 0    | 1    | -    | -    | -     | 0    | 1    | 
|myip_v1_0_HLS_myip_v1_0_HLS_Pipeline_VITIS_LOOP_72_3 | (A2*B'')'    | 16     | 16     | -      | -      | 32     | 1    | 2    | -    | -    | -     | 1    | 0    | 
|myip_v1_0_HLS_myip_v1_0_HLS_Pipeline_VITIS_LOOP_72_3 | (PCIN+A*B2)' | 9      | 9      | -      | -      | 16     | 0    | 1    | -    | -    | -     | 0    | 1    | 
|myip_v1_0_HLS_myip_v1_0_HLS_Pipeline_VITIS_LOOP_72_3 | (A2*B'')'    | 16     | 16     | -      | -      | 32     | 1    | 2    | -    | -    | -     | 1    | 0    | 
|myip_v1_0_HLS_myip_v1_0_HLS_Pipeline_VITIS_LOOP_72_3 | (PCIN+A*B2)' | 9      | 9      | -      | -      | 16     | 0    | 1    | -    | -    | -     | 0    | 1    | 
+-----------------------------------------------------+--------------+--------+--------+--------+--------+--------+------+------+------+------+-------+------+------+

Note: The table above is a preliminary report that shows the DSPs inferred at the current stage of the synthesis flow. Some DSP may be reimplemented as non DSP primitives later in the synthesis flow. Multiple instantiated DSPs are reported only once.
---------------------------------------------------------------------------------
Finished ROM, RAM, DSP, Shift Register and Retiming Reporting
---------------------------------------------------------------------------------
---------------------------------------------------------------------------------
Start Applying XDC Timing Constraints
---------------------------------------------------------------------------------
---------------------------------------------------------------------------------
Finished Applying XDC Timing Constraints : Time (s): cpu = 00:01:25 ; elapsed = 00:02:28 . Memory (MB): peak = 3030.363 ; gain = 1548.535
---------------------------------------------------------------------------------
---------------------------------------------------------------------------------
Start Timing Optimization
---------------------------------------------------------------------------------
---------------------------------------------------------------------------------
Finished Timing Optimization : Time (s): cpu = 00:01:30 ; elapsed = 00:02:34 . Memory (MB): peak = 3030.363 ; gain = 1548.535
---------------------------------------------------------------------------------
---------------------------------------------------------------------------------
Start ROM, RAM, DSP, Shift Register and Retiming Reporting
---------------------------------------------------------------------------------

Distributed RAM: Final Mapping Report
+------------+---------------+-----------+----------------------+---------------+
|Module Name | RTL Object    | Inference | Size (Depth x Width) | Primitives    | 
+------------+---------------+-----------+----------------------+---------------+
|inst        | A_U/ram_reg   | Implied   | 64 x 8               | RAM64X1S x 8  | 
|inst        | A_1_U/ram_reg | Implied   | 64 x 8               | RAM64X1S x 8  | 
|inst        | A_2_U/ram_reg | Implied   | 64 x 8               | RAM64X1S x 8  | 
|inst        | A_3_U/ram_reg | Implied   | 64 x 8               | RAM64X1S x 8  | 
|inst        | A_4_U/ram_reg | Implied   | 64 x 8               | RAM64X1S x 8  | 
|inst        | A_5_U/ram_reg | Implied   | 64 x 8               | RAM64X1S x 8  | 
|inst        | A_6_U/ram_reg | Implied   | 64 x 8               | RAM64X1S x 8  | 
|inst        | A_7_U/ram_reg | Implied   | 64 x 8               | RAM64X1S x 8  | 
|inst        | C_0_U/ram_reg | Implied   | 64 x 8               | RAM64X1S x 8  | 
+------------+---------------+-----------+----------------------+---------------+

---------------------------------------------------------------------------------
Finished ROM, RAM, DSP, Shift Register and Retiming Reporting
---------------------------------------------------------------------------------
---------------------------------------------------------------------------------
Start Technology Mapping
---------------------------------------------------------------------------------
---------------------------------------------------------------------------------
Finished Technology Mapping : Time (s): cpu = 00:01:31 ; elapsed = 00:02:35 . Memory (MB): peak = 3030.363 ; gain = 1548.535
---------------------------------------------------------------------------------
---------------------------------------------------------------------------------
Start IO Insertion
---------------------------------------------------------------------------------
---------------------------------------------------------------------------------
Start Flattening Before IO Insertion
---------------------------------------------------------------------------------
---------------------------------------------------------------------------------
Finished Flattening Before IO Insertion
---------------------------------------------------------------------------------
---------------------------------------------------------------------------------
Start Final Netlist Cleanup
---------------------------------------------------------------------------------
---------------------------------------------------------------------------------
Finished Final Netlist Cleanup
---------------------------------------------------------------------------------
---------------------------------------------------------------------------------
Finished IO Insertion : Time (s): cpu = 00:01:38 ; elapsed = 00:02:43 . Memory (MB): peak = 3030.363 ; gain = 1548.535
---------------------------------------------------------------------------------
---------------------------------------------------------------------------------
Start Renaming Generated Instances
---------------------------------------------------------------------------------
---------------------------------------------------------------------------------
Finished Renaming Generated Instances : Time (s): cpu = 00:01:38 ; elapsed = 00:02:43 . Memory (MB): peak = 3030.363 ; gain = 1548.535
---------------------------------------------------------------------------------
---------------------------------------------------------------------------------
Start Rebuilding User Hierarchy
---------------------------------------------------------------------------------
---------------------------------------------------------------------------------
Finished Rebuilding User Hierarchy : Time (s): cpu = 00:01:38 ; elapsed = 00:02:43 . Memory (MB): peak = 3030.363 ; gain = 1548.535
---------------------------------------------------------------------------------
---------------------------------------------------------------------------------
Start Renaming Generated Ports
---------------------------------------------------------------------------------
---------------------------------------------------------------------------------
Finished Renaming Generated Ports : Time (s): cpu = 00:01:38 ; elapsed = 00:02:43 . Memory (MB): peak = 3030.363 ; gain = 1548.535
---------------------------------------------------------------------------------
---------------------------------------------------------------------------------
Start Handling Custom Attributes
---------------------------------------------------------------------------------
---------------------------------------------------------------------------------
Finished Handling Custom Attributes : Time (s): cpu = 00:01:38 ; elapsed = 00:02:43 . Memory (MB): peak = 3030.363 ; gain = 1548.535
---------------------------------------------------------------------------------
---------------------------------------------------------------------------------
Start Renaming Generated Nets
---------------------------------------------------------------------------------
---------------------------------------------------------------------------------
Finished Renaming Generated Nets : Time (s): cpu = 00:01:38 ; elapsed = 00:02:43 . Memory (MB): peak = 3030.363 ; gain = 1548.535
---------------------------------------------------------------------------------
---------------------------------------------------------------------------------
Start ROM, RAM, DSP, Shift Register and Retiming Reporting
---------------------------------------------------------------------------------

Static Shift Register Report:
+--------------+-----------------------------------------------------------------------------------------+--------+-------+--------------+--------------------+-------------------+--------+---------+
|Module Name   | RTL Name                                                                                | Length | Width | Reset Signal | Pull out first Reg | Pull out last Reg | SRL16E | SRLC32E | 
+--------------+-----------------------------------------------------------------------------------------+--------+-------+--------------+--------------------+-------------------+--------+---------+
|myip_v1_0_HLS | grp_myip_v1_0_HLS_Pipeline_VITIS_LOOP_72_3_fu_4908/ap_loop_exit_ready_pp0_iter3_reg_reg | 3      | 1     | NO           | NO                 | YES               | 1      | 0       | 
+--------------+-----------------------------------------------------------------------------------------+--------+-------+--------------+--------------------+-------------------+--------+---------+

---------------------------------------------------------------------------------
Finished ROM, RAM, DSP, Shift Register and Retiming Reporting
---------------------------------------------------------------------------------
---------------------------------------------------------------------------------
Start Writing Synthesis Report
---------------------------------------------------------------------------------

DSP Final Report (the ' indicates corresponding REG is set)
+-----------------------------------------------------+----------------+--------+--------+--------+--------+--------+------+------+------+------+-------+------+------+
|Module Name                                          | DSP Mapping    | A Size | B Size | C Size | D Size | P Size | AREG | BREG | CREG | DREG | ADREG | MREG | PREG | 
+-----------------------------------------------------+----------------+--------+--------+--------+--------+--------+------+------+------+------+-------+------+------+
|myip_v1_0_HLS_myip_v1_0_HLS_Pipeline_VITIS_LOOP_72_3 | (A''*B'')'     | 8      | 8      | -      | -      | 0      | 2    | 2    | -    | -    | -     | 0    | 1    | 
|myip_v1_0_HLS_myip_v1_0_HLS_Pipeline_VITIS_LOOP_72_3 | (PCIN+A'*B'')' | 8      | 8      | -      | -      | 16     | 1    | 2    | -    | -    | -     | 0    | 1    | 
|myip_v1_0_HLS_myip_v1_0_HLS_Pipeline_VITIS_LOOP_72_3 | (A''*B'')'     | 8      | 8      | -      | -      | 0      | 2    | 2    | -    | -    | -     | 0    | 1    | 
|myip_v1_0_HLS_myip_v1_0_HLS_Pipeline_VITIS_LOOP_72_3 | (PCIN+A'*B'')' | 8      | 8      | -      | -      | 16     | 1    | 2    | -    | -    | -     | 0    | 1    | 
|myip_v1_0_HLS_myip_v1_0_HLS_Pipeline_VITIS_LOOP_72_3 | (A''*B'')'     | 8      | 8      | -      | -      | 0      | 2    | 2    | -    | -    | -     | 0    | 1    | 
|myip_v1_0_HLS_myip_v1_0_HLS_Pipeline_VITIS_LOOP_72_3 | (PCIN+A'*B'')' | 8      | 8      | -      | -      | 16     | 1    | 2    | -    | -    | -     | 0    | 1    | 
|myip_v1_0_HLS_myip_v1_0_HLS_Pipeline_VITIS_LOOP_72_3 | (A''*B'')'     | 8      | 8      | -      | -      | 0      | 2    | 2    | -    | -    | -     | 0    | 1    | 
|myip_v1_0_HLS_myip_v1_0_HLS_Pipeline_VITIS_LOOP_72_3 | (PCIN+A'*B'')' | 8      | 8      | -      | -      | 16     | 1    | 2    | -    | -    | -     | 0    | 1    | 
+-----------------------------------------------------+----------------+--------+--------+--------+--------+--------+------+------+------+------+-------+------+------+


Report BlackBoxes: 
+-+--------------+----------+
| |BlackBox name |Instances |
+-+--------------+----------+
+-+--------------+----------+

Report Cell Usage: 
+------+----------------+------+
|      |Cell            |Count |
+------+----------------+------+
|1     |CARRY8          |     2|
|2     |DSP_ALU         |     8|
|3     |DSP_A_B_DATA    |     8|
|5     |DSP_C_DATA      |     8|
|7     |DSP_MULTIPLIER  |     8|
|8     |DSP_M_DATA      |     8|
|9     |DSP_OUTPUT      |     8|
|10    |DSP_PREADD      |     8|
|11    |DSP_PREADD_DATA |     8|
|12    |LUT1            |     1|
|13    |LUT2            |    66|
|14    |LUT3            |    89|
|15    |LUT4            |   122|
|16    |LUT5            |   205|
|17    |LUT6            |   395|
|18    |RAM64X1S        |    72|
|19    |SRL16E          |     1|
|20    |FDRE            |   711|
|21    |FDSE            |     1|
+------+----------------+------+
---------------------------------------------------------------------------------
Finished Writing Synthesis Report : Time (s): cpu = 00:01:38 ; elapsed = 00:02:43 . Memory (MB): peak = 3030.363 ; gain = 1548.535
---------------------------------------------------------------------------------
Synthesis finished with 0 errors, 0 critical warnings and 21 warnings.
Synthesis Optimization Runtime : Time (s): cpu = 00:01:00 ; elapsed = 00:02:15 . Memory (MB): peak = 3030.363 ; gain = 695.762
Synthesis Optimization Complete : Time (s): cpu = 00:01:38 ; elapsed = 00:02:45 . Memory (MB): peak = 3030.363 ; gain = 1548.535
INFO: [Project 1-571] Translating synthesized netlist
Netlist sorting complete. Time (s): cpu = 00:00:00 ; elapsed = 00:00:00.052 . Memory (MB): peak = 3030.363 ; gain = 0.000
INFO: [Netlist 29-17] Analyzing 82 Unisim elements for replacement
INFO: [Netlist 29-28] Unisim Transformation completed in 0 CPU seconds
INFO: [Project 1-570] Preparing netlist for logic optimization
INFO: [Opt 31-138] Pushed 0 inverter(s) to 0 load pin(s).
Netlist sorting complete. Time (s): cpu = 00:00:00 ; elapsed = 00:00:00.001 . Memory (MB): peak = 3030.363 ; gain = 0.000
INFO: [Project 1-111] Unisim Transformation Summary:
  A total of 80 instances were transformed.
  DSP48E2 => DSP48E2 (DSP_ALU, DSP_A_B_DATA, DSP_C_DATA, DSP_MULTIPLIER, DSP_M_DATA, DSP_OUTPUT, DSP_PREADD, DSP_PREADD_DATA): 8 instances
  RAM64X1S => RAM64X1S (RAMS64E): 72 instances

The system cannot find the path specified.
Synth Design complete | Checksum: b50d0d7a
INFO: [Common 17-83] Releasing license: Synthesis
65 Infos, 26 Warnings, 0 Critical Warnings and 0 Errors encountered.
synth_design completed successfully
synth_design: Time (s): cpu = 00:01:47 ; elapsed = 00:02:58 . Memory (MB): peak = 3030.363 ; gain = 2523.801
Write ShapeDB Complete: Time (s): cpu = 00:00:00 ; elapsed = 00:00:00.006 . Memory (MB): peak = 3030.363 ; gain = 0.000
INFO: [Common 17-1381] The checkpoint 'C:/Users/sunil/VivadoProjects/EE4218Labs/Lab4/integrated_coprocessor_v1/integrated_coprocessor_v1.runs/design_1_myip_v1_0_HLS_0_0_synth_1/design_1_myip_v1_0_HLS_0_0.dcp' has been generated.
INFO: [Coretcl 2-1648] Added synthesis output to IP cache for IP design_1_myip_v1_0_HLS_0_0, cache-ID = 91630b3a02b1aa5c
INFO: [Coretcl 2-1174] Renamed 23 cell refs.
Write ShapeDB Complete: Time (s): cpu = 00:00:00 ; elapsed = 00:00:00.006 . Memory (MB): peak = 3030.363 ; gain = 0.000
INFO: [Common 17-1381] The checkpoint 'C:/Users/sunil/VivadoProjects/EE4218Labs/Lab4/integrated_coprocessor_v1/integrated_coprocessor_v1.runs/design_1_myip_v1_0_HLS_0_0_synth_1/design_1_myip_v1_0_HLS_0_0.dcp' has been generated.
INFO: [runtcl-4] Executing : report_utilization -file design_1_myip_v1_0_HLS_0_0_utilization_synth.rpt -pb design_1_myip_v1_0_HLS_0_0_utilization_synth.pb
INFO: [Common 17-206] Exiting Vivado at Wed Mar 19 02:12:57 2025...
