TRACE::2025-04-09.14:05:58::SCWPlatform::Trying to open the hw design at C:/Users/sunil/VivadoProjects/EE4218Labs/Project/MLP_NN_Platform_Project_HDL_HLS_v1/hw/MLP_NN_HDL_HLS_v1.xsa
TRACE::2025-04-09.14:05:58::SCWPlatform::DSA given C:/Users/sunil/VivadoProjects/EE4218Labs/Project/MLP_NN_Platform_Project_HDL_HLS_v1/hw/MLP_NN_HDL_HLS_v1.xsa
TRACE::2025-04-09.14:05:58::SCWPlatform::DSA absoulate path C:/Users/sunil/VivadoProjects/EE4218Labs/Project/MLP_NN_Platform_Project_HDL_HLS_v1/hw/MLP_NN_HDL_HLS_v1.xsa
TRACE::2025-04-09.14:05:58::SCWPlatform::DSA directory C:/Users/sunil/VivadoProjects/EE4218Labs/Project/MLP_NN_Platform_Project_HDL_HLS_v1/hw
TRACE::2025-04-09.14:05:58::SCWPlatform:: Platform Path C:/Users/sunil/VivadoProjects/EE4218Labs/Project/MLP_NN_Platform_Project_HDL_HLS_v1/hw/MLP_NN_HDL_HLS_v1.xsa
TRACE::2025-04-09.14:05:58::SCWPlatform:: Unique name xilinx:kv260_som::0.0
TRACE::2025-04-09.14:05:58::SCWPlatform::Do not have an existing db opened. 
TRACE::2025-04-09.14:06:06::SCWPlatform::Opened new HwDB with name design_1_wrapper_1
TRACE::2025-04-09.14:06:06::SCWWriter::formatted JSON is {
	"platformName":	"MLP_NN_Platform_Project_HDL_HLS_v1",
	"sprVersion":	"2.0",
	"mode":	"gui",
	"dsaType":	"Fixed",
	"platformDesc":	"MLP_NN_Platform_Project_HDL_HLS_v1",
	"platHandOff":	"C:/Users/sunil/VivadoProjects/EE4218Labs/Project/MLP_NN_Project/MLP_NN_HDL_HLS_v1.xsa",
	"platIntHandOff":	"<platformDir>/hw/MLP_NN_HDL_HLS_v1.xsa",
	"deviceType":	"zynqMP",
	"platIsPrebuiltAutogen":	"false",
	"platIsNoBootBsp":	"false",
	"hasFsblMakeHasChanges":	"false",
	"hasPmufwMakeHasChanges":	"false",
	"platPreBuiltFlag":	false,
	"platformSamplesDir":	""
}
TRACE::2025-04-09.14:06:06::SCWWriter::formatted JSON is {
	"platformName":	"MLP_NN_Platform_Project_HDL_HLS_v1",
	"sprVersion":	"2.0",
	"mode":	"gui",
	"dsaType":	"Fixed",
	"platformDesc":	"MLP_NN_Platform_Project_HDL_HLS_v1",
	"platHandOff":	"C:/Users/sunil/VivadoProjects/EE4218Labs/Project/MLP_NN_Project/MLP_NN_HDL_HLS_v1.xsa",
	"platIntHandOff":	"<platformDir>/hw/MLP_NN_HDL_HLS_v1.xsa",
	"deviceType":	"zynqMP",
	"platIsPrebuiltAutogen":	"false",
	"platIsNoBootBsp":	"false",
	"hasFsblMakeHasChanges":	"false",
	"hasPmufwMakeHasChanges":	"false",
	"platPreBuiltFlag":	false,
	"platformSamplesDir":	"",
	"platActiveSys":	"MLP_NN_Platform_Project_HDL_HLS_v1",
	"systems":	[{
			"systemName":	"MLP_NN_Platform_Project_HDL_HLS_v1",
			"systemDesc":	"MLP_NN_Platform_Project_HDL_HLS_v1",
			"sysIsBootAutoGen":	"true",
			"systemDispName":	"MLP_NN_Platform_Project_HDL_HLS_v1"
		}]
}
TRACE::2025-04-09.14:06:07::SCWPlatform::Boot application domains not present, creating them
TRACE::2025-04-09.14:06:07::SCWDomain::checking for install qemu data   : 
TRACE::2025-04-09.14:06:07::SCWDomain:: Using the QEMU Data from install at  : C:/Xilinx/Vitis/2023.2/data/emulation/platforms/zynqmp/sw/a53_standalone/qemu/
TRACE::2025-04-09.14:06:07::SCWDomain:: Using the QEMU args  from install at  : C:/Xilinx/Vitis/2023.2/data/emulation/platforms/zynqmp/sw/a53_standalone/qemu/qemu_args.txt
TRACE::2025-04-09.14:06:07::SCWDomain:: Using the PMUQEMU args from install at  : C:/Xilinx/Vitis/2023.2/data/emulation/platforms/zynqmp/sw/a53_standalone/qemu/pmu_args.txt
TRACE::2025-04-09.14:06:07::SCWPlatform::Trying to open the hw design at C:/Users/sunil/VivadoProjects/EE4218Labs/Project/MLP_NN_Platform_Project_HDL_HLS_v1/hw/MLP_NN_HDL_HLS_v1.xsa
TRACE::2025-04-09.14:06:07::SCWPlatform::DSA given C:/Users/sunil/VivadoProjects/EE4218Labs/Project/MLP_NN_Platform_Project_HDL_HLS_v1/hw/MLP_NN_HDL_HLS_v1.xsa
TRACE::2025-04-09.14:06:07::SCWPlatform::DSA absoulate path C:/Users/sunil/VivadoProjects/EE4218Labs/Project/MLP_NN_Platform_Project_HDL_HLS_v1/hw/MLP_NN_HDL_HLS_v1.xsa
TRACE::2025-04-09.14:06:07::SCWPlatform::DSA directory C:/Users/sunil/VivadoProjects/EE4218Labs/Project/MLP_NN_Platform_Project_HDL_HLS_v1/hw
TRACE::2025-04-09.14:06:07::SCWPlatform:: Platform Path C:/Users/sunil/VivadoProjects/EE4218Labs/Project/MLP_NN_Platform_Project_HDL_HLS_v1/hw/MLP_NN_HDL_HLS_v1.xsa
TRACE::2025-04-09.14:06:07::SCWPlatform:: Unique name xilinx:kv260_som::0.0
TRACE::2025-04-09.14:06:07::SCWPlatform::Trying to set the existing hwdb with name design_1_wrapper_1
TRACE::2025-04-09.14:06:07::SCWPlatform::Opened existing hwdb design_1_wrapper_1
TRACE::2025-04-09.14:06:07::SCWPlatform::Found the Hw Db part of the input DSA
TRACE::2025-04-09.14:06:07::SCWPlatform::Trying to open the hw design at C:/Users/sunil/VivadoProjects/EE4218Labs/Project/MLP_NN_Platform_Project_HDL_HLS_v1/hw/MLP_NN_HDL_HLS_v1.xsa
TRACE::2025-04-09.14:06:07::SCWPlatform::DSA given C:/Users/sunil/VivadoProjects/EE4218Labs/Project/MLP_NN_Platform_Project_HDL_HLS_v1/hw/MLP_NN_HDL_HLS_v1.xsa
TRACE::2025-04-09.14:06:07::SCWPlatform::DSA absoulate path C:/Users/sunil/VivadoProjects/EE4218Labs/Project/MLP_NN_Platform_Project_HDL_HLS_v1/hw/MLP_NN_HDL_HLS_v1.xsa
TRACE::2025-04-09.14:06:07::SCWPlatform::DSA directory C:/Users/sunil/VivadoProjects/EE4218Labs/Project/MLP_NN_Platform_Project_HDL_HLS_v1/hw
TRACE::2025-04-09.14:06:07::SCWPlatform:: Platform Path C:/Users/sunil/VivadoProjects/EE4218Labs/Project/MLP_NN_Platform_Project_HDL_HLS_v1/hw/MLP_NN_HDL_HLS_v1.xsa
TRACE::2025-04-09.14:06:07::SCWPlatform:: Unique name xilinx:kv260_som::0.0
TRACE::2025-04-09.14:06:07::SCWPlatform::Trying to set the existing hwdb with name design_1_wrapper_1
TRACE::2025-04-09.14:06:07::SCWPlatform::Opened existing hwdb design_1_wrapper_1
TRACE::2025-04-09.14:06:07::SCWPlatform::Found the Hw Db part of the input DSA
TRACE::2025-04-09.14:06:07::SCWPlatform::Trying to open the hw design at C:/Users/sunil/VivadoProjects/EE4218Labs/Project/MLP_NN_Platform_Project_HDL_HLS_v1/hw/MLP_NN_HDL_HLS_v1.xsa
TRACE::2025-04-09.14:06:07::SCWPlatform::DSA given C:/Users/sunil/VivadoProjects/EE4218Labs/Project/MLP_NN_Platform_Project_HDL_HLS_v1/hw/MLP_NN_HDL_HLS_v1.xsa
TRACE::2025-04-09.14:06:07::SCWPlatform::DSA absoulate path C:/Users/sunil/VivadoProjects/EE4218Labs/Project/MLP_NN_Platform_Project_HDL_HLS_v1/hw/MLP_NN_HDL_HLS_v1.xsa
TRACE::2025-04-09.14:06:07::SCWPlatform::DSA directory C:/Users/sunil/VivadoProjects/EE4218Labs/Project/MLP_NN_Platform_Project_HDL_HLS_v1/hw
TRACE::2025-04-09.14:06:07::SCWPlatform:: Platform Path C:/Users/sunil/VivadoProjects/EE4218Labs/Project/MLP_NN_Platform_Project_HDL_HLS_v1/hw/MLP_NN_HDL_HLS_v1.xsa
TRACE::2025-04-09.14:06:07::SCWPlatform:: Unique name xilinx:kv260_som::0.0
TRACE::2025-04-09.14:06:07::SCWPlatform::Trying to set the existing hwdb with name design_1_wrapper_1
TRACE::2025-04-09.14:06:07::SCWPlatform::Opened existing hwdb design_1_wrapper_1
TRACE::2025-04-09.14:06:07::SCWPlatform::Found the Hw Db part of the input DSA
TRACE::2025-04-09.14:06:07::SCWPlatform::Boot application domain added for zynqmp_fsbl
TRACE::2025-04-09.14:06:07::SCWPlatform::Generating the sources  .
TRACE::2025-04-09.14:06:07::SCWBDomain::Generating boot domain sources.
TRACE::2025-04-09.14:06:07::SCWBDomain:: Generating the zynqmp_fsbl Application.
TRACE::2025-04-09.14:06:07::SCWPlatform::Trying to open the hw design at C:/Users/sunil/VivadoProjects/EE4218Labs/Project/MLP_NN_Platform_Project_HDL_HLS_v1/hw/MLP_NN_HDL_HLS_v1.xsa
TRACE::2025-04-09.14:06:07::SCWPlatform::DSA given C:/Users/sunil/VivadoProjects/EE4218Labs/Project/MLP_NN_Platform_Project_HDL_HLS_v1/hw/MLP_NN_HDL_HLS_v1.xsa
TRACE::2025-04-09.14:06:07::SCWPlatform::DSA absoulate path C:/Users/sunil/VivadoProjects/EE4218Labs/Project/MLP_NN_Platform_Project_HDL_HLS_v1/hw/MLP_NN_HDL_HLS_v1.xsa
TRACE::2025-04-09.14:06:07::SCWPlatform::DSA directory C:/Users/sunil/VivadoProjects/EE4218Labs/Project/MLP_NN_Platform_Project_HDL_HLS_v1/hw
TRACE::2025-04-09.14:06:07::SCWPlatform:: Platform Path C:/Users/sunil/VivadoProjects/EE4218Labs/Project/MLP_NN_Platform_Project_HDL_HLS_v1/hw/MLP_NN_HDL_HLS_v1.xsa
TRACE::2025-04-09.14:06:07::SCWPlatform:: Unique name xilinx:kv260_som::0.0
TRACE::2025-04-09.14:06:07::SCWPlatform::Trying to set the existing hwdb with name design_1_wrapper_1
TRACE::2025-04-09.14:06:07::SCWPlatform::Opened existing hwdb design_1_wrapper_1
TRACE::2025-04-09.14:06:07::SCWPlatform::Found the Hw Db part of the input DSA
TRACE::2025-04-09.14:06:07::SCWMssOS::Checking the sw design at  C:/Users/sunil/VivadoProjects/EE4218Labs/Project/MLP_NN_Platform_Project_HDL_HLS_v1/zynqmp_fsbl/zynqmp_fsbl_bsp/system.mss
TRACE::2025-04-09.14:06:07::SCWMssOS::DEBUG:  swdes dump  
TRACE::2025-04-09.14:06:07::SCWMssOS::No sw design opened at  C:/Users/sunil/VivadoProjects/EE4218Labs/Project/MLP_NN_Platform_Project_HDL_HLS_v1/zynqmp_fsbl/zynqmp_fsbl_bsp/system.mss
TRACE::2025-04-09.14:06:07::SCWMssOS::mss does not exists at C:/Users/sunil/VivadoProjects/EE4218Labs/Project/MLP_NN_Platform_Project_HDL_HLS_v1/zynqmp_fsbl/zynqmp_fsbl_bsp/system.mss
TRACE::2025-04-09.14:06:07::SCWMssOS::Creating sw design at  C:/Users/sunil/VivadoProjects/EE4218Labs/Project/MLP_NN_Platform_Project_HDL_HLS_v1/zynqmp_fsbl/zynqmp_fsbl_bsp/system.mss
TRACE::2025-04-09.14:06:07::SCWMssOS::Adding the swdes entry, created swdb C:/Users/sunil/VivadoProjects/EE4218Labs/Project/MLP_NN_Platform_Project_HDL_HLS_v1/zynqmp_fsbl/zynqmp_fsbl_bsp/system.mss with des name C:/Users/sunil/VivadoProjects/EE4218Labs/Project/MLP_NN_Platform_Project_HDL_HLS_v1/zynqmp_fsbl/zynqmp_fsbl_bsp/system.mss
TRACE::2025-04-09.14:06:07::SCWMssOS::updating the scw layer changes to swdes at   C:/Users/sunil/VivadoProjects/EE4218Labs/Project/MLP_NN_Platform_Project_HDL_HLS_v1/zynqmp_fsbl/zynqmp_fsbl_bsp/system.mss
TRACE::2025-04-09.14:06:07::SCWMssOS::Writing mss at C:/Users/sunil/VivadoProjects/EE4218Labs/Project/MLP_NN_Platform_Project_HDL_HLS_v1/zynqmp_fsbl/zynqmp_fsbl_bsp/system.mss
TRACE::2025-04-09.14:06:07::SCWMssOS::Completed writing the mss file at C:/Users/sunil/VivadoProjects/EE4218Labs/Project/MLP_NN_Platform_Project_HDL_HLS_v1/zynqmp_fsbl/zynqmp_fsbl_bsp
TRACE::2025-04-09.14:06:07::SCWMssOS::Picking up changes from newly written mss file into SCW Layer. 
TRACE::2025-04-09.14:06:07::SCWMssOS::Updated the changes from newly written mss file into SCW Layer. 
TRACE::2025-04-09.14:06:07::SCWBDomain::Completed writing the mss file at C:/Users/sunil/VivadoProjects/EE4218Labs/Project/MLP_NN_Platform_Project_HDL_HLS_v1/zynqmp_fsbl/zynqmp_fsbl_bsp
TRACE::2025-04-09.14:06:15::SCWPlatform::Generating sources Done.
TRACE::2025-04-09.14:06:15::SCWDomain::checking for install qemu data   : 
TRACE::2025-04-09.14:06:15::SCWDomain:: Using the QEMU Data from install at  : C:/Xilinx/Vitis/2023.2/data/emulation/platforms/zynqmp/sw/a53_standalone/qemu/
TRACE::2025-04-09.14:06:15::SCWDomain:: Using the QEMU args  from install at  : C:/Xilinx/Vitis/2023.2/data/emulation/platforms/zynqmp/sw/a53_standalone/qemu/qemu_args.txt
TRACE::2025-04-09.14:06:15::SCWDomain:: Using the PMUQEMU args from install at  : C:/Xilinx/Vitis/2023.2/data/emulation/platforms/zynqmp/sw/a53_standalone/qemu/pmu_args.txt
TRACE::2025-04-09.14:06:15::SCWPlatform::Trying to open the hw design at C:/Users/sunil/VivadoProjects/EE4218Labs/Project/MLP_NN_Platform_Project_HDL_HLS_v1/hw/MLP_NN_HDL_HLS_v1.xsa
TRACE::2025-04-09.14:06:15::SCWPlatform::DSA given C:/Users/sunil/VivadoProjects/EE4218Labs/Project/MLP_NN_Platform_Project_HDL_HLS_v1/hw/MLP_NN_HDL_HLS_v1.xsa
TRACE::2025-04-09.14:06:15::SCWPlatform::DSA absoulate path C:/Users/sunil/VivadoProjects/EE4218Labs/Project/MLP_NN_Platform_Project_HDL_HLS_v1/hw/MLP_NN_HDL_HLS_v1.xsa
TRACE::2025-04-09.14:06:15::SCWPlatform::DSA directory C:/Users/sunil/VivadoProjects/EE4218Labs/Project/MLP_NN_Platform_Project_HDL_HLS_v1/hw
TRACE::2025-04-09.14:06:15::SCWPlatform:: Platform Path C:/Users/sunil/VivadoProjects/EE4218Labs/Project/MLP_NN_Platform_Project_HDL_HLS_v1/hw/MLP_NN_HDL_HLS_v1.xsa
TRACE::2025-04-09.14:06:15::SCWPlatform:: Unique name xilinx:kv260_som::0.0
TRACE::2025-04-09.14:06:15::SCWPlatform::Trying to set the existing hwdb with name design_1_wrapper_1
TRACE::2025-04-09.14:06:15::SCWPlatform::Opened existing hwdb design_1_wrapper_1
TRACE::2025-04-09.14:06:15::SCWPlatform::Found the Hw Db part of the input DSA
TRACE::2025-04-09.14:06:15::SCWPlatform::Boot application domain added for zynqmp_pmufw
TRACE::2025-04-09.14:06:15::SCWPlatform::Generating the sources  .
TRACE::2025-04-09.14:06:15::SCWBDomain::Generating boot domain sources.
TRACE::2025-04-09.14:06:15::SCWBDomain:: Generating the zynqmp_pmufw Application.
TRACE::2025-04-09.14:06:15::SCWPlatform::Trying to open the hw design at C:/Users/sunil/VivadoProjects/EE4218Labs/Project/MLP_NN_Platform_Project_HDL_HLS_v1/hw/MLP_NN_HDL_HLS_v1.xsa
TRACE::2025-04-09.14:06:15::SCWPlatform::DSA given C:/Users/sunil/VivadoProjects/EE4218Labs/Project/MLP_NN_Platform_Project_HDL_HLS_v1/hw/MLP_NN_HDL_HLS_v1.xsa
TRACE::2025-04-09.14:06:15::SCWPlatform::DSA absoulate path C:/Users/sunil/VivadoProjects/EE4218Labs/Project/MLP_NN_Platform_Project_HDL_HLS_v1/hw/MLP_NN_HDL_HLS_v1.xsa
TRACE::2025-04-09.14:06:15::SCWPlatform::DSA directory C:/Users/sunil/VivadoProjects/EE4218Labs/Project/MLP_NN_Platform_Project_HDL_HLS_v1/hw
TRACE::2025-04-09.14:06:15::SCWPlatform:: Platform Path C:/Users/sunil/VivadoProjects/EE4218Labs/Project/MLP_NN_Platform_Project_HDL_HLS_v1/hw/MLP_NN_HDL_HLS_v1.xsa
TRACE::2025-04-09.14:06:15::SCWPlatform:: Unique name xilinx:kv260_som::0.0
TRACE::2025-04-09.14:06:15::SCWPlatform::Trying to set the existing hwdb with name design_1_wrapper_1
TRACE::2025-04-09.14:06:15::SCWPlatform::Opened existing hwdb design_1_wrapper_1
TRACE::2025-04-09.14:06:15::SCWPlatform::Found the Hw Db part of the input DSA
TRACE::2025-04-09.14:06:15::SCWMssOS::Checking the sw design at  C:/Users/sunil/VivadoProjects/EE4218Labs/Project/MLP_NN_Platform_Project_HDL_HLS_v1/zynqmp_pmufw/zynqmp_pmufw_bsp/system.mss
TRACE::2025-04-09.14:06:15::SCWMssOS::DEBUG:  swdes dump  
TRACE::2025-04-09.14:06:15::SCWMssOS::No sw design opened at  C:/Users/sunil/VivadoProjects/EE4218Labs/Project/MLP_NN_Platform_Project_HDL_HLS_v1/zynqmp_pmufw/zynqmp_pmufw_bsp/system.mss
TRACE::2025-04-09.14:06:15::SCWMssOS::mss does not exists at C:/Users/sunil/VivadoProjects/EE4218Labs/Project/MLP_NN_Platform_Project_HDL_HLS_v1/zynqmp_pmufw/zynqmp_pmufw_bsp/system.mss
TRACE::2025-04-09.14:06:15::SCWMssOS::Creating sw design at  C:/Users/sunil/VivadoProjects/EE4218Labs/Project/MLP_NN_Platform_Project_HDL_HLS_v1/zynqmp_pmufw/zynqmp_pmufw_bsp/system.mss
TRACE::2025-04-09.14:06:15::SCWMssOS::Adding the swdes entry, created swdb C:/Users/sunil/VivadoProjects/EE4218Labs/Project/MLP_NN_Platform_Project_HDL_HLS_v1/zynqmp_pmufw/zynqmp_pmufw_bsp/system.mss with des name C:/Users/sunil/VivadoProjects/EE4218Labs/Project/MLP_NN_Platform_Project_HDL_HLS_v1/zynqmp_pmufw/zynqmp_pmufw_bsp/system.mss
TRACE::2025-04-09.14:06:15::SCWMssOS::updating the scw layer changes to swdes at   C:/Users/sunil/VivadoProjects/EE4218Labs/Project/MLP_NN_Platform_Project_HDL_HLS_v1/zynqmp_pmufw/zynqmp_pmufw_bsp/system.mss
TRACE::2025-04-09.14:06:15::SCWMssOS::Writing mss at C:/Users/sunil/VivadoProjects/EE4218Labs/Project/MLP_NN_Platform_Project_HDL_HLS_v1/zynqmp_pmufw/zynqmp_pmufw_bsp/system.mss
TRACE::2025-04-09.14:06:15::SCWMssOS::Completed writing the mss file at C:/Users/sunil/VivadoProjects/EE4218Labs/Project/MLP_NN_Platform_Project_HDL_HLS_v1/zynqmp_pmufw/zynqmp_pmufw_bsp
TRACE::2025-04-09.14:06:15::SCWMssOS::Picking up changes from newly written mss file into SCW Layer. 
TRACE::2025-04-09.14:06:15::SCWMssOS::Updated the changes from newly written mss file into SCW Layer. 
TRACE::2025-04-09.14:06:15::SCWBDomain::Completed writing the mss file at C:/Users/sunil/VivadoProjects/EE4218Labs/Project/MLP_NN_Platform_Project_HDL_HLS_v1/zynqmp_pmufw/zynqmp_pmufw_bsp
TRACE::2025-04-09.14:06:21::SCWPlatform::Generating sources Done.
TRACE::2025-04-09.14:06:21::SCWPlatform::Trying to open the hw design at C:/Users/sunil/VivadoProjects/EE4218Labs/Project/MLP_NN_Platform_Project_HDL_HLS_v1/hw/MLP_NN_HDL_HLS_v1.xsa
TRACE::2025-04-09.14:06:21::SCWPlatform::DSA given C:/Users/sunil/VivadoProjects/EE4218Labs/Project/MLP_NN_Platform_Project_HDL_HLS_v1/hw/MLP_NN_HDL_HLS_v1.xsa
TRACE::2025-04-09.14:06:21::SCWPlatform::DSA absoulate path C:/Users/sunil/VivadoProjects/EE4218Labs/Project/MLP_NN_Platform_Project_HDL_HLS_v1/hw/MLP_NN_HDL_HLS_v1.xsa
TRACE::2025-04-09.14:06:21::SCWPlatform::DSA directory C:/Users/sunil/VivadoProjects/EE4218Labs/Project/MLP_NN_Platform_Project_HDL_HLS_v1/hw
TRACE::2025-04-09.14:06:21::SCWPlatform:: Platform Path C:/Users/sunil/VivadoProjects/EE4218Labs/Project/MLP_NN_Platform_Project_HDL_HLS_v1/hw/MLP_NN_HDL_HLS_v1.xsa
TRACE::2025-04-09.14:06:21::SCWPlatform:: Unique name xilinx:kv260_som::0.0
TRACE::2025-04-09.14:06:21::SCWPlatform::Trying to set the existing hwdb with name design_1_wrapper_1
TRACE::2025-04-09.14:06:21::SCWPlatform::Opened existing hwdb design_1_wrapper_1
TRACE::2025-04-09.14:06:21::SCWPlatform::Found the Hw Db part of the input DSA
TRACE::2025-04-09.14:06:21::SCWMssOS::Checking the sw design at  C:/Users/sunil/VivadoProjects/EE4218Labs/Project/MLP_NN_Platform_Project_HDL_HLS_v1/zynqmp_fsbl/zynqmp_fsbl_bsp/system.mss
TRACE::2025-04-09.14:06:21::SCWMssOS::DEBUG:  swdes dump  
TRACE::2025-04-09.14:06:21::SCWMssOS::No sw design opened at  C:/Users/sunil/VivadoProjects/EE4218Labs/Project/MLP_NN_Platform_Project_HDL_HLS_v1/zynqmp_fsbl/zynqmp_fsbl_bsp/system.mss
TRACE::2025-04-09.14:06:21::SCWMssOS::mss exists loading the mss file  C:/Users/sunil/VivadoProjects/EE4218Labs/Project/MLP_NN_Platform_Project_HDL_HLS_v1/zynqmp_fsbl/zynqmp_fsbl_bsp/system.mss
TRACE::2025-04-09.14:06:21::SCWMssOS::Opened the sw design from mss  C:/Users/sunil/VivadoProjects/EE4218Labs/Project/MLP_NN_Platform_Project_HDL_HLS_v1/zynqmp_fsbl/zynqmp_fsbl_bsp/system.mss
TRACE::2025-04-09.14:06:21::SCWMssOS::Adding the swdes entry C:/Users/sunil/VivadoProjects/EE4218Labs/Project/MLP_NN_Platform_Project_HDL_HLS_v1/zynqmp_fsbl/zynqmp_fsbl_bsp/system.mss with des name system
TRACE::2025-04-09.14:06:21::SCWMssOS::updating the scw layer about changes
TRACE::2025-04-09.14:06:21::SCWMssOS::Opened the sw design.  C:/Users/sunil/VivadoProjects/EE4218Labs/Project/MLP_NN_Platform_Project_HDL_HLS_v1/zynqmp_fsbl/zynqmp_fsbl_bsp/system.mss
TRACE::2025-04-09.14:06:21::SCWPlatform::Trying to open the hw design at C:/Users/sunil/VivadoProjects/EE4218Labs/Project/MLP_NN_Platform_Project_HDL_HLS_v1/hw/MLP_NN_HDL_HLS_v1.xsa
TRACE::2025-04-09.14:06:21::SCWPlatform::DSA given C:/Users/sunil/VivadoProjects/EE4218Labs/Project/MLP_NN_Platform_Project_HDL_HLS_v1/hw/MLP_NN_HDL_HLS_v1.xsa
TRACE::2025-04-09.14:06:21::SCWPlatform::DSA absoulate path C:/Users/sunil/VivadoProjects/EE4218Labs/Project/MLP_NN_Platform_Project_HDL_HLS_v1/hw/MLP_NN_HDL_HLS_v1.xsa
TRACE::2025-04-09.14:06:21::SCWPlatform::DSA directory C:/Users/sunil/VivadoProjects/EE4218Labs/Project/MLP_NN_Platform_Project_HDL_HLS_v1/hw
TRACE::2025-04-09.14:06:21::SCWPlatform:: Platform Path C:/Users/sunil/VivadoProjects/EE4218Labs/Project/MLP_NN_Platform_Project_HDL_HLS_v1/hw/MLP_NN_HDL_HLS_v1.xsa
TRACE::2025-04-09.14:06:21::SCWPlatform:: Unique name xilinx:kv260_som::0.0
TRACE::2025-04-09.14:06:21::SCWPlatform::Trying to set the existing hwdb with name design_1_wrapper_1
TRACE::2025-04-09.14:06:21::SCWPlatform::Opened existing hwdb design_1_wrapper_1
TRACE::2025-04-09.14:06:21::SCWPlatform::Found the Hw Db part of the input DSA
TRACE::2025-04-09.14:06:21::SCWMssOS::Checking the sw design at  C:/Users/sunil/VivadoProjects/EE4218Labs/Project/MLP_NN_Platform_Project_HDL_HLS_v1/zynqmp_pmufw/zynqmp_pmufw_bsp/system.mss
TRACE::2025-04-09.14:06:21::SCWMssOS::DEBUG:  swdes dump  C:/Users/sunil/VivadoProjects/EE4218Labs/Project/MLP_NN_Platform_Project_HDL_HLS_v1/zynqmp_fsbl/zynqmp_fsbl_bsp/system.mss|system||

TRACE::2025-04-09.14:06:21::SCWMssOS::No sw design opened at  C:/Users/sunil/VivadoProjects/EE4218Labs/Project/MLP_NN_Platform_Project_HDL_HLS_v1/zynqmp_pmufw/zynqmp_pmufw_bsp/system.mss
TRACE::2025-04-09.14:06:21::SCWMssOS::mss exists loading the mss file  C:/Users/sunil/VivadoProjects/EE4218Labs/Project/MLP_NN_Platform_Project_HDL_HLS_v1/zynqmp_pmufw/zynqmp_pmufw_bsp/system.mss
TRACE::2025-04-09.14:06:21::SCWMssOS::Opened the sw design from mss  C:/Users/sunil/VivadoProjects/EE4218Labs/Project/MLP_NN_Platform_Project_HDL_HLS_v1/zynqmp_pmufw/zynqmp_pmufw_bsp/system.mss
TRACE::2025-04-09.14:06:21::SCWMssOS::Adding the swdes entry C:/Users/sunil/VivadoProjects/EE4218Labs/Project/MLP_NN_Platform_Project_HDL_HLS_v1/zynqmp_pmufw/zynqmp_pmufw_bsp/system.mss with des name system_0
TRACE::2025-04-09.14:06:21::SCWMssOS::updating the scw layer about changes
TRACE::2025-04-09.14:06:21::SCWMssOS::Opened the sw design.  C:/Users/sunil/VivadoProjects/EE4218Labs/Project/MLP_NN_Platform_Project_HDL_HLS_v1/zynqmp_pmufw/zynqmp_pmufw_bsp/system.mss
TRACE::2025-04-09.14:06:21::SCWMssOS::Saving the mss changes C:/Users/sunil/VivadoProjects/EE4218Labs/Project/MLP_NN_Platform_Project_HDL_HLS_v1/zynqmp_fsbl/zynqmp_fsbl_bsp/system.mss
TRACE::2025-04-09.14:06:21::SCWMssOS::Found a swdesign opened with the mssfile.
TRACE::2025-04-09.14:06:21::SCWMssOS::Completed writemss as part of save.
TRACE::2025-04-09.14:06:21::SCWMssOS::Commit changes completed.
TRACE::2025-04-09.14:06:21::SCWMssOS::Saving the mss changes C:/Users/sunil/VivadoProjects/EE4218Labs/Project/MLP_NN_Platform_Project_HDL_HLS_v1/zynqmp_pmufw/zynqmp_pmufw_bsp/system.mss
TRACE::2025-04-09.14:06:21::SCWMssOS::Found a swdesign opened with the mssfile.
TRACE::2025-04-09.14:06:21::SCWMssOS::Completed writemss as part of save.
TRACE::2025-04-09.14:06:21::SCWMssOS::Commit changes completed.
TRACE::2025-04-09.14:06:21::SCWPlatform::Trying to open the hw design at C:/Users/sunil/VivadoProjects/EE4218Labs/Project/MLP_NN_Platform_Project_HDL_HLS_v1/hw/MLP_NN_HDL_HLS_v1.xsa
TRACE::2025-04-09.14:06:21::SCWPlatform::DSA given C:/Users/sunil/VivadoProjects/EE4218Labs/Project/MLP_NN_Platform_Project_HDL_HLS_v1/hw/MLP_NN_HDL_HLS_v1.xsa
TRACE::2025-04-09.14:06:21::SCWPlatform::DSA absoulate path C:/Users/sunil/VivadoProjects/EE4218Labs/Project/MLP_NN_Platform_Project_HDL_HLS_v1/hw/MLP_NN_HDL_HLS_v1.xsa
TRACE::2025-04-09.14:06:21::SCWPlatform::DSA directory C:/Users/sunil/VivadoProjects/EE4218Labs/Project/MLP_NN_Platform_Project_HDL_HLS_v1/hw
TRACE::2025-04-09.14:06:21::SCWPlatform:: Platform Path C:/Users/sunil/VivadoProjects/EE4218Labs/Project/MLP_NN_Platform_Project_HDL_HLS_v1/hw/MLP_NN_HDL_HLS_v1.xsa
TRACE::2025-04-09.14:06:21::SCWPlatform:: Unique name xilinx:kv260_som::0.0
TRACE::2025-04-09.14:06:21::SCWPlatform::Trying to set the existing hwdb with name design_1_wrapper_1
TRACE::2025-04-09.14:06:21::SCWPlatform::Opened existing hwdb design_1_wrapper_1
TRACE::2025-04-09.14:06:21::SCWPlatform::Found the Hw Db part of the input DSA
TRACE::2025-04-09.14:06:21::SCWMssOS::Checking the sw design at  C:/Users/sunil/VivadoProjects/EE4218Labs/Project/MLP_NN_Platform_Project_HDL_HLS_v1/zynqmp_fsbl/zynqmp_fsbl_bsp/system.mss
TRACE::2025-04-09.14:06:21::SCWMssOS::DEBUG:  swdes dump  C:/Users/sunil/VivadoProjects/EE4218Labs/Project/MLP_NN_Platform_Project_HDL_HLS_v1/zynqmp_fsbl/zynqmp_fsbl_bsp/system.mss|system||
C:/Users/sunil/VivadoProjects/EE4218Labs/Project/MLP_NN_Platform_Project_HDL_HLS_v1/zynqmp_pmufw/zynqmp_pmufw_bsp/system.mss|system_0||

TRACE::2025-04-09.14:06:21::SCWMssOS::Sw design exists and opened at  C:/Users/sunil/VivadoProjects/EE4218Labs/Project/MLP_NN_Platform_Project_HDL_HLS_v1/zynqmp_fsbl/zynqmp_fsbl_bsp/system.mss
TRACE::2025-04-09.14:06:21::SCWPlatform::Trying to open the hw design at C:/Users/sunil/VivadoProjects/EE4218Labs/Project/MLP_NN_Platform_Project_HDL_HLS_v1/hw/MLP_NN_HDL_HLS_v1.xsa
TRACE::2025-04-09.14:06:21::SCWPlatform::DSA given C:/Users/sunil/VivadoProjects/EE4218Labs/Project/MLP_NN_Platform_Project_HDL_HLS_v1/hw/MLP_NN_HDL_HLS_v1.xsa
TRACE::2025-04-09.14:06:21::SCWPlatform::DSA absoulate path C:/Users/sunil/VivadoProjects/EE4218Labs/Project/MLP_NN_Platform_Project_HDL_HLS_v1/hw/MLP_NN_HDL_HLS_v1.xsa
TRACE::2025-04-09.14:06:21::SCWPlatform::DSA directory C:/Users/sunil/VivadoProjects/EE4218Labs/Project/MLP_NN_Platform_Project_HDL_HLS_v1/hw
TRACE::2025-04-09.14:06:21::SCWPlatform:: Platform Path C:/Users/sunil/VivadoProjects/EE4218Labs/Project/MLP_NN_Platform_Project_HDL_HLS_v1/hw/MLP_NN_HDL_HLS_v1.xsa
TRACE::2025-04-09.14:06:21::SCWPlatform:: Unique name xilinx:kv260_som::0.0
TRACE::2025-04-09.14:06:21::SCWPlatform::Trying to set the existing hwdb with name design_1_wrapper_1
TRACE::2025-04-09.14:06:21::SCWPlatform::Opened existing hwdb design_1_wrapper_1
TRACE::2025-04-09.14:06:21::SCWPlatform::Found the Hw Db part of the input DSA
TRACE::2025-04-09.14:06:21::SCWMssOS::Checking the sw design at  C:/Users/sunil/VivadoProjects/EE4218Labs/Project/MLP_NN_Platform_Project_HDL_HLS_v1/zynqmp_fsbl/zynqmp_fsbl_bsp/system.mss
TRACE::2025-04-09.14:06:21::SCWMssOS::DEBUG:  swdes dump  C:/Users/sunil/VivadoProjects/EE4218Labs/Project/MLP_NN_Platform_Project_HDL_HLS_v1/zynqmp_fsbl/zynqmp_fsbl_bsp/system.mss|system||
C:/Users/sunil/VivadoProjects/EE4218Labs/Project/MLP_NN_Platform_Project_HDL_HLS_v1/zynqmp_pmufw/zynqmp_pmufw_bsp/system.mss|system_0||

TRACE::2025-04-09.14:06:21::SCWMssOS::Sw design exists and opened at  C:/Users/sunil/VivadoProjects/EE4218Labs/Project/MLP_NN_Platform_Project_HDL_HLS_v1/zynqmp_fsbl/zynqmp_fsbl_bsp/system.mss
TRACE::2025-04-09.14:06:21::SCWPlatform::Trying to open the hw design at C:/Users/sunil/VivadoProjects/EE4218Labs/Project/MLP_NN_Platform_Project_HDL_HLS_v1/hw/MLP_NN_HDL_HLS_v1.xsa
TRACE::2025-04-09.14:06:21::SCWPlatform::DSA given C:/Users/sunil/VivadoProjects/EE4218Labs/Project/MLP_NN_Platform_Project_HDL_HLS_v1/hw/MLP_NN_HDL_HLS_v1.xsa
TRACE::2025-04-09.14:06:21::SCWPlatform::DSA absoulate path C:/Users/sunil/VivadoProjects/EE4218Labs/Project/MLP_NN_Platform_Project_HDL_HLS_v1/hw/MLP_NN_HDL_HLS_v1.xsa
TRACE::2025-04-09.14:06:21::SCWPlatform::DSA directory C:/Users/sunil/VivadoProjects/EE4218Labs/Project/MLP_NN_Platform_Project_HDL_HLS_v1/hw
TRACE::2025-04-09.14:06:21::SCWPlatform:: Platform Path C:/Users/sunil/VivadoProjects/EE4218Labs/Project/MLP_NN_Platform_Project_HDL_HLS_v1/hw/MLP_NN_HDL_HLS_v1.xsa
TRACE::2025-04-09.14:06:21::SCWPlatform:: Unique name xilinx:kv260_som::0.0
TRACE::2025-04-09.14:06:21::SCWPlatform::Trying to set the existing hwdb with name design_1_wrapper_1
TRACE::2025-04-09.14:06:21::SCWPlatform::Opened existing hwdb design_1_wrapper_1
TRACE::2025-04-09.14:06:21::SCWPlatform::Found the Hw Db part of the input DSA
TRACE::2025-04-09.14:06:21::SCWMssOS::Checking the sw design at  C:/Users/sunil/VivadoProjects/EE4218Labs/Project/MLP_NN_Platform_Project_HDL_HLS_v1/zynqmp_fsbl/zynqmp_fsbl_bsp/system.mss
TRACE::2025-04-09.14:06:21::SCWMssOS::DEBUG:  swdes dump  C:/Users/sunil/VivadoProjects/EE4218Labs/Project/MLP_NN_Platform_Project_HDL_HLS_v1/zynqmp_fsbl/zynqmp_fsbl_bsp/system.mss|system||
C:/Users/sunil/VivadoProjects/EE4218Labs/Project/MLP_NN_Platform_Project_HDL_HLS_v1/zynqmp_pmufw/zynqmp_pmufw_bsp/system.mss|system_0||

TRACE::2025-04-09.14:06:21::SCWMssOS::Sw design exists and opened at  C:/Users/sunil/VivadoProjects/EE4218Labs/Project/MLP_NN_Platform_Project_HDL_HLS_v1/zynqmp_fsbl/zynqmp_fsbl_bsp/system.mss
TRACE::2025-04-09.14:06:21::SCWPlatform::Trying to open the hw design at C:/Users/sunil/VivadoProjects/EE4218Labs/Project/MLP_NN_Platform_Project_HDL_HLS_v1/hw/MLP_NN_HDL_HLS_v1.xsa
TRACE::2025-04-09.14:06:21::SCWPlatform::DSA given C:/Users/sunil/VivadoProjects/EE4218Labs/Project/MLP_NN_Platform_Project_HDL_HLS_v1/hw/MLP_NN_HDL_HLS_v1.xsa
TRACE::2025-04-09.14:06:21::SCWPlatform::DSA absoulate path C:/Users/sunil/VivadoProjects/EE4218Labs/Project/MLP_NN_Platform_Project_HDL_HLS_v1/hw/MLP_NN_HDL_HLS_v1.xsa
TRACE::2025-04-09.14:06:21::SCWPlatform::DSA directory C:/Users/sunil/VivadoProjects/EE4218Labs/Project/MLP_NN_Platform_Project_HDL_HLS_v1/hw
TRACE::2025-04-09.14:06:21::SCWPlatform:: Platform Path C:/Users/sunil/VivadoProjects/EE4218Labs/Project/MLP_NN_Platform_Project_HDL_HLS_v1/hw/MLP_NN_HDL_HLS_v1.xsa
TRACE::2025-04-09.14:06:21::SCWPlatform:: Unique name xilinx:kv260_som::0.0
TRACE::2025-04-09.14:06:21::SCWPlatform::Trying to set the existing hwdb with name design_1_wrapper_1
TRACE::2025-04-09.14:06:21::SCWPlatform::Opened existing hwdb design_1_wrapper_1
TRACE::2025-04-09.14:06:21::SCWPlatform::Found the Hw Db part of the input DSA
TRACE::2025-04-09.14:06:21::SCWMssOS::Checking the sw design at  C:/Users/sunil/VivadoProjects/EE4218Labs/Project/MLP_NN_Platform_Project_HDL_HLS_v1/zynqmp_pmufw/zynqmp_pmufw_bsp/system.mss
TRACE::2025-04-09.14:06:21::SCWMssOS::DEBUG:  swdes dump  C:/Users/sunil/VivadoProjects/EE4218Labs/Project/MLP_NN_Platform_Project_HDL_HLS_v1/zynqmp_fsbl/zynqmp_fsbl_bsp/system.mss|system||
C:/Users/sunil/VivadoProjects/EE4218Labs/Project/MLP_NN_Platform_Project_HDL_HLS_v1/zynqmp_pmufw/zynqmp_pmufw_bsp/system.mss|system_0||

TRACE::2025-04-09.14:06:21::SCWMssOS::Sw design exists and opened at  C:/Users/sunil/VivadoProjects/EE4218Labs/Project/MLP_NN_Platform_Project_HDL_HLS_v1/zynqmp_pmufw/zynqmp_pmufw_bsp/system.mss
TRACE::2025-04-09.14:06:21::SCWPlatform::Trying to open the hw design at C:/Users/sunil/VivadoProjects/EE4218Labs/Project/MLP_NN_Platform_Project_HDL_HLS_v1/hw/MLP_NN_HDL_HLS_v1.xsa
TRACE::2025-04-09.14:06:21::SCWPlatform::DSA given C:/Users/sunil/VivadoProjects/EE4218Labs/Project/MLP_NN_Platform_Project_HDL_HLS_v1/hw/MLP_NN_HDL_HLS_v1.xsa
TRACE::2025-04-09.14:06:21::SCWPlatform::DSA absoulate path C:/Users/sunil/VivadoProjects/EE4218Labs/Project/MLP_NN_Platform_Project_HDL_HLS_v1/hw/MLP_NN_HDL_HLS_v1.xsa
TRACE::2025-04-09.14:06:21::SCWPlatform::DSA directory C:/Users/sunil/VivadoProjects/EE4218Labs/Project/MLP_NN_Platform_Project_HDL_HLS_v1/hw
TRACE::2025-04-09.14:06:21::SCWPlatform:: Platform Path C:/Users/sunil/VivadoProjects/EE4218Labs/Project/MLP_NN_Platform_Project_HDL_HLS_v1/hw/MLP_NN_HDL_HLS_v1.xsa
TRACE::2025-04-09.14:06:21::SCWPlatform:: Unique name xilinx:kv260_som::0.0
TRACE::2025-04-09.14:06:21::SCWPlatform::Trying to set the existing hwdb with name design_1_wrapper_1
TRACE::2025-04-09.14:06:21::SCWPlatform::Opened existing hwdb design_1_wrapper_1
TRACE::2025-04-09.14:06:21::SCWPlatform::Found the Hw Db part of the input DSA
TRACE::2025-04-09.14:06:21::SCWMssOS::Checking the sw design at  C:/Users/sunil/VivadoProjects/EE4218Labs/Project/MLP_NN_Platform_Project_HDL_HLS_v1/zynqmp_pmufw/zynqmp_pmufw_bsp/system.mss
TRACE::2025-04-09.14:06:21::SCWMssOS::DEBUG:  swdes dump  C:/Users/sunil/VivadoProjects/EE4218Labs/Project/MLP_NN_Platform_Project_HDL_HLS_v1/zynqmp_fsbl/zynqmp_fsbl_bsp/system.mss|system||
C:/Users/sunil/VivadoProjects/EE4218Labs/Project/MLP_NN_Platform_Project_HDL_HLS_v1/zynqmp_pmufw/zynqmp_pmufw_bsp/system.mss|system_0||

TRACE::2025-04-09.14:06:21::SCWMssOS::Sw design exists and opened at  C:/Users/sunil/VivadoProjects/EE4218Labs/Project/MLP_NN_Platform_Project_HDL_HLS_v1/zynqmp_pmufw/zynqmp_pmufw_bsp/system.mss
TRACE::2025-04-09.14:06:21::SCWPlatform::Trying to open the hw design at C:/Users/sunil/VivadoProjects/EE4218Labs/Project/MLP_NN_Platform_Project_HDL_HLS_v1/hw/MLP_NN_HDL_HLS_v1.xsa
TRACE::2025-04-09.14:06:21::SCWPlatform::DSA given C:/Users/sunil/VivadoProjects/EE4218Labs/Project/MLP_NN_Platform_Project_HDL_HLS_v1/hw/MLP_NN_HDL_HLS_v1.xsa
TRACE::2025-04-09.14:06:21::SCWPlatform::DSA absoulate path C:/Users/sunil/VivadoProjects/EE4218Labs/Project/MLP_NN_Platform_Project_HDL_HLS_v1/hw/MLP_NN_HDL_HLS_v1.xsa
TRACE::2025-04-09.14:06:21::SCWPlatform::DSA directory C:/Users/sunil/VivadoProjects/EE4218Labs/Project/MLP_NN_Platform_Project_HDL_HLS_v1/hw
TRACE::2025-04-09.14:06:21::SCWPlatform:: Platform Path C:/Users/sunil/VivadoProjects/EE4218Labs/Project/MLP_NN_Platform_Project_HDL_HLS_v1/hw/MLP_NN_HDL_HLS_v1.xsa
TRACE::2025-04-09.14:06:21::SCWPlatform:: Unique name xilinx:kv260_som::0.0
TRACE::2025-04-09.14:06:21::SCWPlatform::Trying to set the existing hwdb with name design_1_wrapper_1
TRACE::2025-04-09.14:06:21::SCWPlatform::Opened existing hwdb design_1_wrapper_1
TRACE::2025-04-09.14:06:21::SCWPlatform::Found the Hw Db part of the input DSA
TRACE::2025-04-09.14:06:21::SCWMssOS::Checking the sw design at  C:/Users/sunil/VivadoProjects/EE4218Labs/Project/MLP_NN_Platform_Project_HDL_HLS_v1/zynqmp_pmufw/zynqmp_pmufw_bsp/system.mss
TRACE::2025-04-09.14:06:21::SCWMssOS::DEBUG:  swdes dump  C:/Users/sunil/VivadoProjects/EE4218Labs/Project/MLP_NN_Platform_Project_HDL_HLS_v1/zynqmp_fsbl/zynqmp_fsbl_bsp/system.mss|system||
C:/Users/sunil/VivadoProjects/EE4218Labs/Project/MLP_NN_Platform_Project_HDL_HLS_v1/zynqmp_pmufw/zynqmp_pmufw_bsp/system.mss|system_0||

TRACE::2025-04-09.14:06:21::SCWMssOS::Sw design exists and opened at  C:/Users/sunil/VivadoProjects/EE4218Labs/Project/MLP_NN_Platform_Project_HDL_HLS_v1/zynqmp_pmufw/zynqmp_pmufw_bsp/system.mss
TRACE::2025-04-09.14:06:21::SCWWriter::formatted JSON is {
	"platformName":	"MLP_NN_Platform_Project_HDL_HLS_v1",
	"sprVersion":	"2.0",
	"mode":	"gui",
	"dsaType":	"Fixed",
	"platformDesc":	"MLP_NN_Platform_Project_HDL_HLS_v1",
	"platHandOff":	"C:/Users/sunil/VivadoProjects/EE4218Labs/Project/MLP_NN_Project/MLP_NN_HDL_HLS_v1.xsa",
	"platIntHandOff":	"<platformDir>/hw/MLP_NN_HDL_HLS_v1.xsa",
	"deviceType":	"zynqMP",
	"platIsPrebuiltAutogen":	"false",
	"platIsNoBootBsp":	"false",
	"platFsblTarget":	"psu_cortexa53_0",
	"hasFsblMakeHasChanges":	"false",
	"hasPmufwMakeHasChanges":	"false",
	"fsblExtraCompilerFlags":	"-MMD -MP      -Wall -fmessage-length=0 -DARMA53_64 -Os -flto -ffat-lto-objects  ",
	"pmufwExtraCompilerFlags":	"-MMD -MP      -mlittle-endian -mxl-barrel-shift -mxl-pattern-compare -mcpu=v9.2 -mxl-soft-mul -Os -flto -ffat-lto-objects  ",
	"platPreBuiltFlag":	false,
	"platformSamplesDir":	"",
	"platActiveSys":	"MLP_NN_Platform_Project_HDL_HLS_v1",
	"systems":	[{
			"systemName":	"MLP_NN_Platform_Project_HDL_HLS_v1",
			"systemDesc":	"MLP_NN_Platform_Project_HDL_HLS_v1",
			"sysIsBootAutoGen":	"true",
			"systemDispName":	"MLP_NN_Platform_Project_HDL_HLS_v1",
			"sysActiveDom":	"zynqmp_pmufw",
			"sysDefaultDom":	"",
			"domains":	[{
					"domainName":	"zynqmp_fsbl",
					"domainDispName":	"zynqmp_fsbl",
					"domainDesc":	"FSBL Application BSP - Auto Generated.",
					"processors":	"psu_cortexa53_0",
					"os":	"standalone",
					"sdxOs":	"standalone",
					"debugEnable":	"",
					"domRuntimes":	["cpp"],
					"swRepo":	"",
					"mssOsVer":	"9.0",
					"mssFile":	"",
					"md5Digest":	"c7c8fa58e044570b55d2f2ba60dc3bc0",
					"compatibleApp":	"zynqmp_fsbl",
					"domType":	"bootDomain",
					"arch":	"64-bit",
					"appSettings":	{
						"appCompilerFlags":	"",
						"appLinkerFlags":	""
					},
					"addedLibs":	["xilffs:5.1", "xilsecure:5.2", "xilpm:5.1"],
					"libOptions":	{
						"standalone":	{
							"zynqmp_fsbl_bsp":	"true",
							"libOptionNames":	["zynqmp_fsbl_bsp"]
						},
						"xilffs":	{
							"read_only":	"true",
							"use_mkfs":	"false",
							"libOptionNames":	["read_only", "use_mkfs"]
						},
						"xilsecure":	{
							"tpm_support":	"true",
							"libOptionNames":	["tpm_support"]
						},
						"libsContainingOptions":	["standalone", "xilffs", "xilsecure"]
					},
					"prebuiltLibs":	{
						"prebuiltIncPath":	[],
						"prebuiltLibPath":	[]
					},
					"isolation":	{
					}
				}, {
					"domainName":	"zynqmp_pmufw",
					"domainDispName":	"zynqmp_pmufw",
					"domainDesc":	"PMUFW Application BSP - Auto Generated.",
					"processors":	"psu_pmu_0",
					"os":	"standalone",
					"sdxOs":	"standalone",
					"debugEnable":	"",
					"domRuntimes":	["cpp"],
					"swRepo":	"",
					"mssOsVer":	"9.0",
					"mssFile":	"",
					"md5Digest":	"e6544fc05bafd272b4bb018ad32ad28d",
					"compatibleApp":	"zynqmp_pmufw",
					"domType":	"bootDomain",
					"arch":	"32-bit",
					"appSettings":	{
						"appCompilerFlags":	"",
						"appLinkerFlags":	""
					},
					"addedLibs":	["xilfpga:6.5", "xilsecure:5.2", "xilskey:7.5"],
					"libOptions":	{
						"psu_pmu_0":	{
							"extra_compiler_flags":	"-g -ffunction-sections -fdata-sections -Wall -Wextra -fno-tree-loop-distribute-patterns  -Os -flto -ffat-lto-objects",
							"libOptionNames":	["extra_compiler_flags"]
						},
						"libsContainingOptions":	["psu_pmu_0"]
					},
					"prebuiltLibs":	{
						"prebuiltIncPath":	[],
						"prebuiltLibPath":	[]
					},
					"isolation":	{
					}
				}]
		}]
}
TRACE::2025-04-09.14:06:21::SCWPlatform::Trying to open the hw design at C:/Users/sunil/VivadoProjects/EE4218Labs/Project/MLP_NN_Platform_Project_HDL_HLS_v1/hw/MLP_NN_HDL_HLS_v1.xsa
TRACE::2025-04-09.14:06:21::SCWPlatform::DSA given C:/Users/sunil/VivadoProjects/EE4218Labs/Project/MLP_NN_Platform_Project_HDL_HLS_v1/hw/MLP_NN_HDL_HLS_v1.xsa
TRACE::2025-04-09.14:06:21::SCWPlatform::DSA absoulate path C:/Users/sunil/VivadoProjects/EE4218Labs/Project/MLP_NN_Platform_Project_HDL_HLS_v1/hw/MLP_NN_HDL_HLS_v1.xsa
TRACE::2025-04-09.14:06:21::SCWPlatform::DSA directory C:/Users/sunil/VivadoProjects/EE4218Labs/Project/MLP_NN_Platform_Project_HDL_HLS_v1/hw
TRACE::2025-04-09.14:06:21::SCWPlatform:: Platform Path C:/Users/sunil/VivadoProjects/EE4218Labs/Project/MLP_NN_Platform_Project_HDL_HLS_v1/hw/MLP_NN_HDL_HLS_v1.xsa
TRACE::2025-04-09.14:06:21::SCWPlatform:: Unique name xilinx:kv260_som::0.0
TRACE::2025-04-09.14:06:21::SCWPlatform::Trying to set the existing hwdb with name design_1_wrapper_1
TRACE::2025-04-09.14:06:21::SCWPlatform::Opened existing hwdb design_1_wrapper_1
TRACE::2025-04-09.14:06:21::SCWPlatform::Found the Hw Db part of the input DSA
TRACE::2025-04-09.14:06:21::SCWPlatform::Trying to open the hw design at C:/Users/sunil/VivadoProjects/EE4218Labs/Project/MLP_NN_Platform_Project_HDL_HLS_v1/hw/MLP_NN_HDL_HLS_v1.xsa
TRACE::2025-04-09.14:06:21::SCWPlatform::DSA given C:/Users/sunil/VivadoProjects/EE4218Labs/Project/MLP_NN_Platform_Project_HDL_HLS_v1/hw/MLP_NN_HDL_HLS_v1.xsa
TRACE::2025-04-09.14:06:21::SCWPlatform::DSA absoulate path C:/Users/sunil/VivadoProjects/EE4218Labs/Project/MLP_NN_Platform_Project_HDL_HLS_v1/hw/MLP_NN_HDL_HLS_v1.xsa
TRACE::2025-04-09.14:06:21::SCWPlatform::DSA directory C:/Users/sunil/VivadoProjects/EE4218Labs/Project/MLP_NN_Platform_Project_HDL_HLS_v1/hw
TRACE::2025-04-09.14:06:21::SCWPlatform:: Platform Path C:/Users/sunil/VivadoProjects/EE4218Labs/Project/MLP_NN_Platform_Project_HDL_HLS_v1/hw/MLP_NN_HDL_HLS_v1.xsa
TRACE::2025-04-09.14:06:21::SCWPlatform:: Unique name xilinx:kv260_som::0.0
TRACE::2025-04-09.14:06:21::SCWPlatform::Trying to set the existing hwdb with name design_1_wrapper_1
TRACE::2025-04-09.14:06:21::SCWPlatform::Opened existing hwdb design_1_wrapper_1
TRACE::2025-04-09.14:06:21::SCWPlatform::Found the Hw Db part of the input DSA
TRACE::2025-04-09.14:06:21::SCWDomain::checking for install qemu data   : 
TRACE::2025-04-09.14:06:21::SCWDomain:: Using the QEMU Data from install at  : C:/Xilinx/Vitis/2023.2/data/emulation/platforms/zynqmp/sw/a53_standalone/qemu/
TRACE::2025-04-09.14:06:21::SCWDomain:: Using the QEMU args  from install at  : C:/Xilinx/Vitis/2023.2/data/emulation/platforms/zynqmp/sw/a53_standalone/qemu/qemu_args.txt
TRACE::2025-04-09.14:06:21::SCWDomain:: Using the PMUQEMU args from install at  : C:/Xilinx/Vitis/2023.2/data/emulation/platforms/zynqmp/sw/a53_standalone/qemu/pmu_args.txt
TRACE::2025-04-09.14:06:21::SCWPlatform::Trying to open the hw design at C:/Users/sunil/VivadoProjects/EE4218Labs/Project/MLP_NN_Platform_Project_HDL_HLS_v1/hw/MLP_NN_HDL_HLS_v1.xsa
TRACE::2025-04-09.14:06:21::SCWPlatform::DSA given C:/Users/sunil/VivadoProjects/EE4218Labs/Project/MLP_NN_Platform_Project_HDL_HLS_v1/hw/MLP_NN_HDL_HLS_v1.xsa
TRACE::2025-04-09.14:06:21::SCWPlatform::DSA absoulate path C:/Users/sunil/VivadoProjects/EE4218Labs/Project/MLP_NN_Platform_Project_HDL_HLS_v1/hw/MLP_NN_HDL_HLS_v1.xsa
TRACE::2025-04-09.14:06:21::SCWPlatform::DSA directory C:/Users/sunil/VivadoProjects/EE4218Labs/Project/MLP_NN_Platform_Project_HDL_HLS_v1/hw
TRACE::2025-04-09.14:06:21::SCWPlatform:: Platform Path C:/Users/sunil/VivadoProjects/EE4218Labs/Project/MLP_NN_Platform_Project_HDL_HLS_v1/hw/MLP_NN_HDL_HLS_v1.xsa
TRACE::2025-04-09.14:06:21::SCWPlatform:: Unique name xilinx:kv260_som::0.0
TRACE::2025-04-09.14:06:21::SCWPlatform::Trying to set the existing hwdb with name design_1_wrapper_1
TRACE::2025-04-09.14:06:21::SCWPlatform::Opened existing hwdb design_1_wrapper_1
TRACE::2025-04-09.14:06:21::SCWPlatform::Found the Hw Db part of the input DSA
TRACE::2025-04-09.14:06:21::SCWPlatform::Trying to open the hw design at C:/Users/sunil/VivadoProjects/EE4218Labs/Project/MLP_NN_Platform_Project_HDL_HLS_v1/hw/MLP_NN_HDL_HLS_v1.xsa
TRACE::2025-04-09.14:06:21::SCWPlatform::DSA given C:/Users/sunil/VivadoProjects/EE4218Labs/Project/MLP_NN_Platform_Project_HDL_HLS_v1/hw/MLP_NN_HDL_HLS_v1.xsa
TRACE::2025-04-09.14:06:21::SCWPlatform::DSA absoulate path C:/Users/sunil/VivadoProjects/EE4218Labs/Project/MLP_NN_Platform_Project_HDL_HLS_v1/hw/MLP_NN_HDL_HLS_v1.xsa
TRACE::2025-04-09.14:06:21::SCWPlatform::DSA directory C:/Users/sunil/VivadoProjects/EE4218Labs/Project/MLP_NN_Platform_Project_HDL_HLS_v1/hw
TRACE::2025-04-09.14:06:21::SCWPlatform:: Platform Path C:/Users/sunil/VivadoProjects/EE4218Labs/Project/MLP_NN_Platform_Project_HDL_HLS_v1/hw/MLP_NN_HDL_HLS_v1.xsa
TRACE::2025-04-09.14:06:21::SCWPlatform:: Unique name xilinx:kv260_som::0.0
TRACE::2025-04-09.14:06:21::SCWPlatform::Trying to set the existing hwdb with name design_1_wrapper_1
TRACE::2025-04-09.14:06:21::SCWPlatform::Opened existing hwdb design_1_wrapper_1
TRACE::2025-04-09.14:06:21::SCWPlatform::Found the Hw Db part of the input DSA
TRACE::2025-04-09.14:06:21::SCWDomain::Qemu Directory name is changed from "" to "qemu"
TRACE::2025-04-09.14:06:21::SCWPlatform::Trying to open the hw design at C:/Users/sunil/VivadoProjects/EE4218Labs/Project/MLP_NN_Platform_Project_HDL_HLS_v1/hw/MLP_NN_HDL_HLS_v1.xsa
TRACE::2025-04-09.14:06:21::SCWPlatform::DSA given C:/Users/sunil/VivadoProjects/EE4218Labs/Project/MLP_NN_Platform_Project_HDL_HLS_v1/hw/MLP_NN_HDL_HLS_v1.xsa
TRACE::2025-04-09.14:06:21::SCWPlatform::DSA absoulate path C:/Users/sunil/VivadoProjects/EE4218Labs/Project/MLP_NN_Platform_Project_HDL_HLS_v1/hw/MLP_NN_HDL_HLS_v1.xsa
TRACE::2025-04-09.14:06:21::SCWPlatform::DSA directory C:/Users/sunil/VivadoProjects/EE4218Labs/Project/MLP_NN_Platform_Project_HDL_HLS_v1/hw
TRACE::2025-04-09.14:06:21::SCWPlatform:: Platform Path C:/Users/sunil/VivadoProjects/EE4218Labs/Project/MLP_NN_Platform_Project_HDL_HLS_v1/hw/MLP_NN_HDL_HLS_v1.xsa
TRACE::2025-04-09.14:06:21::SCWPlatform:: Unique name xilinx:kv260_som::0.0
TRACE::2025-04-09.14:06:21::SCWPlatform::Trying to set the existing hwdb with name design_1_wrapper_1
TRACE::2025-04-09.14:06:21::SCWPlatform::Opened existing hwdb design_1_wrapper_1
TRACE::2025-04-09.14:06:21::SCWPlatform::Found the Hw Db part of the input DSA
TRACE::2025-04-09.14:06:21::SCWMssOS::Checking the sw design at  C:/Users/sunil/VivadoProjects/EE4218Labs/Project/MLP_NN_Platform_Project_HDL_HLS_v1/psu_cortexa53_0/standalone_domain/bsp/system.mss
TRACE::2025-04-09.14:06:21::SCWMssOS::DEBUG:  swdes dump  C:/Users/sunil/VivadoProjects/EE4218Labs/Project/MLP_NN_Platform_Project_HDL_HLS_v1/zynqmp_fsbl/zynqmp_fsbl_bsp/system.mss|system||
C:/Users/sunil/VivadoProjects/EE4218Labs/Project/MLP_NN_Platform_Project_HDL_HLS_v1/zynqmp_pmufw/zynqmp_pmufw_bsp/system.mss|system_0||

TRACE::2025-04-09.14:06:21::SCWMssOS::No sw design opened at  C:/Users/sunil/VivadoProjects/EE4218Labs/Project/MLP_NN_Platform_Project_HDL_HLS_v1/psu_cortexa53_0/standalone_domain/bsp/system.mss
TRACE::2025-04-09.14:06:21::SCWMssOS::mss does not exists at C:/Users/sunil/VivadoProjects/EE4218Labs/Project/MLP_NN_Platform_Project_HDL_HLS_v1/psu_cortexa53_0/standalone_domain/bsp/system.mss
TRACE::2025-04-09.14:06:21::SCWMssOS::Creating sw design at  C:/Users/sunil/VivadoProjects/EE4218Labs/Project/MLP_NN_Platform_Project_HDL_HLS_v1/psu_cortexa53_0/standalone_domain/bsp/system.mss
TRACE::2025-04-09.14:06:21::SCWMssOS::Adding the swdes entry, created swdb C:/Users/sunil/VivadoProjects/EE4218Labs/Project/MLP_NN_Platform_Project_HDL_HLS_v1/psu_cortexa53_0/standalone_domain/bsp/system.mss with des name C:/Users/sunil/VivadoProjects/EE4218Labs/Project/MLP_NN_Platform_Project_HDL_HLS_v1/psu_cortexa53_0/standalone_domain/bsp/system.mss
TRACE::2025-04-09.14:06:21::SCWMssOS::updating the scw layer changes to swdes at   C:/Users/sunil/VivadoProjects/EE4218Labs/Project/MLP_NN_Platform_Project_HDL_HLS_v1/psu_cortexa53_0/standalone_domain/bsp/system.mss
TRACE::2025-04-09.14:06:21::SCWMssOS::Writing mss at C:/Users/sunil/VivadoProjects/EE4218Labs/Project/MLP_NN_Platform_Project_HDL_HLS_v1/psu_cortexa53_0/standalone_domain/bsp/system.mss
TRACE::2025-04-09.14:06:21::SCWMssOS::Completed writing the mss file at C:/Users/sunil/VivadoProjects/EE4218Labs/Project/MLP_NN_Platform_Project_HDL_HLS_v1/psu_cortexa53_0/standalone_domain/bsp
TRACE::2025-04-09.14:06:21::SCWMssOS::Picking up changes from newly written mss file into SCW Layer. 
TRACE::2025-04-09.14:06:21::SCWMssOS::Updated the changes from newly written mss file into SCW Layer. 
TRACE::2025-04-09.14:06:21::SCWMssOS::Completed writing the mss file at C:/Users/sunil/VivadoProjects/EE4218Labs/Project/MLP_NN_Platform_Project_HDL_HLS_v1/psu_cortexa53_0/standalone_domain/bsp
TRACE::2025-04-09.14:06:21::SCWMssOS::Forcing BSP Sources regeneration.
TRACE::2025-04-09.14:06:26::SCWMssOS::Saving the mss changes C:/Users/sunil/VivadoProjects/EE4218Labs/Project/MLP_NN_Platform_Project_HDL_HLS_v1/zynqmp_fsbl/zynqmp_fsbl_bsp/system.mss
TRACE::2025-04-09.14:06:26::SCWMssOS::Found a swdesign opened with the mssfile.
TRACE::2025-04-09.14:06:26::SCWMssOS::Completed writemss as part of save.
TRACE::2025-04-09.14:06:26::SCWMssOS::Commit changes completed.
TRACE::2025-04-09.14:06:26::SCWMssOS::Saving the mss changes C:/Users/sunil/VivadoProjects/EE4218Labs/Project/MLP_NN_Platform_Project_HDL_HLS_v1/zynqmp_pmufw/zynqmp_pmufw_bsp/system.mss
TRACE::2025-04-09.14:06:26::SCWMssOS::Found a swdesign opened with the mssfile.
TRACE::2025-04-09.14:06:26::SCWMssOS::Completed writemss as part of save.
TRACE::2025-04-09.14:06:26::SCWMssOS::Commit changes completed.
TRACE::2025-04-09.14:06:26::SCWMssOS::Saving the mss changes C:/Users/sunil/VivadoProjects/EE4218Labs/Project/MLP_NN_Platform_Project_HDL_HLS_v1/psu_cortexa53_0/standalone_domain/bsp/system.mss
TRACE::2025-04-09.14:06:26::SCWMssOS::Adding the swdes entry, mss present, able to open swdb C:/Users/sunil/VivadoProjects/EE4218Labs/Project/MLP_NN_Platform_Project_HDL_HLS_v1/psu_cortexa53_0/standalone_domain/bsp/system.mss with des name system_1
TRACE::2025-04-09.14:06:26::SCWMssOS::Writing the mss file completed C:/Users/sunil/VivadoProjects/EE4218Labs/Project/MLP_NN_Platform_Project_HDL_HLS_v1/psu_cortexa53_0/standalone_domain/bsp/system.mss
TRACE::2025-04-09.14:06:26::SCWMssOS::Commit changes completed.
TRACE::2025-04-09.14:06:26::SCWPlatform::Trying to open the hw design at C:/Users/sunil/VivadoProjects/EE4218Labs/Project/MLP_NN_Platform_Project_HDL_HLS_v1/hw/MLP_NN_HDL_HLS_v1.xsa
TRACE::2025-04-09.14:06:26::SCWPlatform::DSA given C:/Users/sunil/VivadoProjects/EE4218Labs/Project/MLP_NN_Platform_Project_HDL_HLS_v1/hw/MLP_NN_HDL_HLS_v1.xsa
TRACE::2025-04-09.14:06:26::SCWPlatform::DSA absoulate path C:/Users/sunil/VivadoProjects/EE4218Labs/Project/MLP_NN_Platform_Project_HDL_HLS_v1/hw/MLP_NN_HDL_HLS_v1.xsa
TRACE::2025-04-09.14:06:26::SCWPlatform::DSA directory C:/Users/sunil/VivadoProjects/EE4218Labs/Project/MLP_NN_Platform_Project_HDL_HLS_v1/hw
TRACE::2025-04-09.14:06:26::SCWPlatform:: Platform Path C:/Users/sunil/VivadoProjects/EE4218Labs/Project/MLP_NN_Platform_Project_HDL_HLS_v1/hw/MLP_NN_HDL_HLS_v1.xsa
TRACE::2025-04-09.14:06:26::SCWPlatform:: Unique name xilinx:kv260_som::0.0
TRACE::2025-04-09.14:06:26::SCWPlatform::Trying to set the existing hwdb with name design_1_wrapper_1
TRACE::2025-04-09.14:06:26::SCWPlatform::Opened existing hwdb design_1_wrapper_1
TRACE::2025-04-09.14:06:26::SCWPlatform::Found the Hw Db part of the input DSA
TRACE::2025-04-09.14:06:26::SCWMssOS::Checking the sw design at  C:/Users/sunil/VivadoProjects/EE4218Labs/Project/MLP_NN_Platform_Project_HDL_HLS_v1/zynqmp_fsbl/zynqmp_fsbl_bsp/system.mss
TRACE::2025-04-09.14:06:26::SCWMssOS::DEBUG:  swdes dump  C:/Users/sunil/VivadoProjects/EE4218Labs/Project/MLP_NN_Platform_Project_HDL_HLS_v1/psu_cortexa53_0/standalone_domain/bsp/system.mss|system_1||
C:/Users/sunil/VivadoProjects/EE4218Labs/Project/MLP_NN_Platform_Project_HDL_HLS_v1/zynqmp_fsbl/zynqmp_fsbl_bsp/system.mss|system||
C:/Users/sunil/VivadoProjects/EE4218Labs/Project/MLP_NN_Platform_Project_HDL_HLS_v1/zynqmp_pmufw/zynqmp_pmufw_bsp/system.mss|system_0||

TRACE::2025-04-09.14:06:26::SCWMssOS::Sw design exists and opened at  C:/Users/sunil/VivadoProjects/EE4218Labs/Project/MLP_NN_Platform_Project_HDL_HLS_v1/zynqmp_fsbl/zynqmp_fsbl_bsp/system.mss
TRACE::2025-04-09.14:06:26::SCWPlatform::Trying to open the hw design at C:/Users/sunil/VivadoProjects/EE4218Labs/Project/MLP_NN_Platform_Project_HDL_HLS_v1/hw/MLP_NN_HDL_HLS_v1.xsa
TRACE::2025-04-09.14:06:26::SCWPlatform::DSA given C:/Users/sunil/VivadoProjects/EE4218Labs/Project/MLP_NN_Platform_Project_HDL_HLS_v1/hw/MLP_NN_HDL_HLS_v1.xsa
TRACE::2025-04-09.14:06:26::SCWPlatform::DSA absoulate path C:/Users/sunil/VivadoProjects/EE4218Labs/Project/MLP_NN_Platform_Project_HDL_HLS_v1/hw/MLP_NN_HDL_HLS_v1.xsa
TRACE::2025-04-09.14:06:26::SCWPlatform::DSA directory C:/Users/sunil/VivadoProjects/EE4218Labs/Project/MLP_NN_Platform_Project_HDL_HLS_v1/hw
TRACE::2025-04-09.14:06:26::SCWPlatform:: Platform Path C:/Users/sunil/VivadoProjects/EE4218Labs/Project/MLP_NN_Platform_Project_HDL_HLS_v1/hw/MLP_NN_HDL_HLS_v1.xsa
TRACE::2025-04-09.14:06:26::SCWPlatform:: Unique name xilinx:kv260_som::0.0
TRACE::2025-04-09.14:06:26::SCWPlatform::Trying to set the existing hwdb with name design_1_wrapper_1
TRACE::2025-04-09.14:06:26::SCWPlatform::Opened existing hwdb design_1_wrapper_1
TRACE::2025-04-09.14:06:26::SCWPlatform::Found the Hw Db part of the input DSA
TRACE::2025-04-09.14:06:26::SCWMssOS::Checking the sw design at  C:/Users/sunil/VivadoProjects/EE4218Labs/Project/MLP_NN_Platform_Project_HDL_HLS_v1/zynqmp_fsbl/zynqmp_fsbl_bsp/system.mss
TRACE::2025-04-09.14:06:26::SCWMssOS::DEBUG:  swdes dump  C:/Users/sunil/VivadoProjects/EE4218Labs/Project/MLP_NN_Platform_Project_HDL_HLS_v1/psu_cortexa53_0/standalone_domain/bsp/system.mss|system_1||
C:/Users/sunil/VivadoProjects/EE4218Labs/Project/MLP_NN_Platform_Project_HDL_HLS_v1/zynqmp_fsbl/zynqmp_fsbl_bsp/system.mss|system||
C:/Users/sunil/VivadoProjects/EE4218Labs/Project/MLP_NN_Platform_Project_HDL_HLS_v1/zynqmp_pmufw/zynqmp_pmufw_bsp/system.mss|system_0||

TRACE::2025-04-09.14:06:26::SCWMssOS::Sw design exists and opened at  C:/Users/sunil/VivadoProjects/EE4218Labs/Project/MLP_NN_Platform_Project_HDL_HLS_v1/zynqmp_fsbl/zynqmp_fsbl_bsp/system.mss
TRACE::2025-04-09.14:06:26::SCWPlatform::Trying to open the hw design at C:/Users/sunil/VivadoProjects/EE4218Labs/Project/MLP_NN_Platform_Project_HDL_HLS_v1/hw/MLP_NN_HDL_HLS_v1.xsa
TRACE::2025-04-09.14:06:26::SCWPlatform::DSA given C:/Users/sunil/VivadoProjects/EE4218Labs/Project/MLP_NN_Platform_Project_HDL_HLS_v1/hw/MLP_NN_HDL_HLS_v1.xsa
TRACE::2025-04-09.14:06:26::SCWPlatform::DSA absoulate path C:/Users/sunil/VivadoProjects/EE4218Labs/Project/MLP_NN_Platform_Project_HDL_HLS_v1/hw/MLP_NN_HDL_HLS_v1.xsa
TRACE::2025-04-09.14:06:26::SCWPlatform::DSA directory C:/Users/sunil/VivadoProjects/EE4218Labs/Project/MLP_NN_Platform_Project_HDL_HLS_v1/hw
TRACE::2025-04-09.14:06:26::SCWPlatform:: Platform Path C:/Users/sunil/VivadoProjects/EE4218Labs/Project/MLP_NN_Platform_Project_HDL_HLS_v1/hw/MLP_NN_HDL_HLS_v1.xsa
TRACE::2025-04-09.14:06:26::SCWPlatform:: Unique name xilinx:kv260_som::0.0
TRACE::2025-04-09.14:06:26::SCWPlatform::Trying to set the existing hwdb with name design_1_wrapper_1
TRACE::2025-04-09.14:06:26::SCWPlatform::Opened existing hwdb design_1_wrapper_1
TRACE::2025-04-09.14:06:26::SCWPlatform::Found the Hw Db part of the input DSA
TRACE::2025-04-09.14:06:26::SCWMssOS::Checking the sw design at  C:/Users/sunil/VivadoProjects/EE4218Labs/Project/MLP_NN_Platform_Project_HDL_HLS_v1/zynqmp_fsbl/zynqmp_fsbl_bsp/system.mss
TRACE::2025-04-09.14:06:26::SCWMssOS::DEBUG:  swdes dump  C:/Users/sunil/VivadoProjects/EE4218Labs/Project/MLP_NN_Platform_Project_HDL_HLS_v1/psu_cortexa53_0/standalone_domain/bsp/system.mss|system_1||
C:/Users/sunil/VivadoProjects/EE4218Labs/Project/MLP_NN_Platform_Project_HDL_HLS_v1/zynqmp_fsbl/zynqmp_fsbl_bsp/system.mss|system||
C:/Users/sunil/VivadoProjects/EE4218Labs/Project/MLP_NN_Platform_Project_HDL_HLS_v1/zynqmp_pmufw/zynqmp_pmufw_bsp/system.mss|system_0||

TRACE::2025-04-09.14:06:26::SCWMssOS::Sw design exists and opened at  C:/Users/sunil/VivadoProjects/EE4218Labs/Project/MLP_NN_Platform_Project_HDL_HLS_v1/zynqmp_fsbl/zynqmp_fsbl_bsp/system.mss
TRACE::2025-04-09.14:06:26::SCWPlatform::Trying to open the hw design at C:/Users/sunil/VivadoProjects/EE4218Labs/Project/MLP_NN_Platform_Project_HDL_HLS_v1/hw/MLP_NN_HDL_HLS_v1.xsa
TRACE::2025-04-09.14:06:26::SCWPlatform::DSA given C:/Users/sunil/VivadoProjects/EE4218Labs/Project/MLP_NN_Platform_Project_HDL_HLS_v1/hw/MLP_NN_HDL_HLS_v1.xsa
TRACE::2025-04-09.14:06:26::SCWPlatform::DSA absoulate path C:/Users/sunil/VivadoProjects/EE4218Labs/Project/MLP_NN_Platform_Project_HDL_HLS_v1/hw/MLP_NN_HDL_HLS_v1.xsa
TRACE::2025-04-09.14:06:26::SCWPlatform::DSA directory C:/Users/sunil/VivadoProjects/EE4218Labs/Project/MLP_NN_Platform_Project_HDL_HLS_v1/hw
TRACE::2025-04-09.14:06:26::SCWPlatform:: Platform Path C:/Users/sunil/VivadoProjects/EE4218Labs/Project/MLP_NN_Platform_Project_HDL_HLS_v1/hw/MLP_NN_HDL_HLS_v1.xsa
TRACE::2025-04-09.14:06:26::SCWPlatform:: Unique name xilinx:kv260_som::0.0
TRACE::2025-04-09.14:06:26::SCWPlatform::Trying to set the existing hwdb with name design_1_wrapper_1
TRACE::2025-04-09.14:06:26::SCWPlatform::Opened existing hwdb design_1_wrapper_1
TRACE::2025-04-09.14:06:26::SCWPlatform::Found the Hw Db part of the input DSA
TRACE::2025-04-09.14:06:26::SCWMssOS::Checking the sw design at  C:/Users/sunil/VivadoProjects/EE4218Labs/Project/MLP_NN_Platform_Project_HDL_HLS_v1/zynqmp_pmufw/zynqmp_pmufw_bsp/system.mss
TRACE::2025-04-09.14:06:26::SCWMssOS::DEBUG:  swdes dump  C:/Users/sunil/VivadoProjects/EE4218Labs/Project/MLP_NN_Platform_Project_HDL_HLS_v1/psu_cortexa53_0/standalone_domain/bsp/system.mss|system_1||
C:/Users/sunil/VivadoProjects/EE4218Labs/Project/MLP_NN_Platform_Project_HDL_HLS_v1/zynqmp_fsbl/zynqmp_fsbl_bsp/system.mss|system||
C:/Users/sunil/VivadoProjects/EE4218Labs/Project/MLP_NN_Platform_Project_HDL_HLS_v1/zynqmp_pmufw/zynqmp_pmufw_bsp/system.mss|system_0||

TRACE::2025-04-09.14:06:26::SCWMssOS::Sw design exists and opened at  C:/Users/sunil/VivadoProjects/EE4218Labs/Project/MLP_NN_Platform_Project_HDL_HLS_v1/zynqmp_pmufw/zynqmp_pmufw_bsp/system.mss
TRACE::2025-04-09.14:06:26::SCWPlatform::Trying to open the hw design at C:/Users/sunil/VivadoProjects/EE4218Labs/Project/MLP_NN_Platform_Project_HDL_HLS_v1/hw/MLP_NN_HDL_HLS_v1.xsa
TRACE::2025-04-09.14:06:26::SCWPlatform::DSA given C:/Users/sunil/VivadoProjects/EE4218Labs/Project/MLP_NN_Platform_Project_HDL_HLS_v1/hw/MLP_NN_HDL_HLS_v1.xsa
TRACE::2025-04-09.14:06:26::SCWPlatform::DSA absoulate path C:/Users/sunil/VivadoProjects/EE4218Labs/Project/MLP_NN_Platform_Project_HDL_HLS_v1/hw/MLP_NN_HDL_HLS_v1.xsa
TRACE::2025-04-09.14:06:26::SCWPlatform::DSA directory C:/Users/sunil/VivadoProjects/EE4218Labs/Project/MLP_NN_Platform_Project_HDL_HLS_v1/hw
TRACE::2025-04-09.14:06:26::SCWPlatform:: Platform Path C:/Users/sunil/VivadoProjects/EE4218Labs/Project/MLP_NN_Platform_Project_HDL_HLS_v1/hw/MLP_NN_HDL_HLS_v1.xsa
TRACE::2025-04-09.14:06:26::SCWPlatform:: Unique name xilinx:kv260_som::0.0
TRACE::2025-04-09.14:06:26::SCWPlatform::Trying to set the existing hwdb with name design_1_wrapper_1
TRACE::2025-04-09.14:06:26::SCWPlatform::Opened existing hwdb design_1_wrapper_1
TRACE::2025-04-09.14:06:26::SCWPlatform::Found the Hw Db part of the input DSA
TRACE::2025-04-09.14:06:26::SCWMssOS::Checking the sw design at  C:/Users/sunil/VivadoProjects/EE4218Labs/Project/MLP_NN_Platform_Project_HDL_HLS_v1/zynqmp_pmufw/zynqmp_pmufw_bsp/system.mss
TRACE::2025-04-09.14:06:26::SCWMssOS::DEBUG:  swdes dump  C:/Users/sunil/VivadoProjects/EE4218Labs/Project/MLP_NN_Platform_Project_HDL_HLS_v1/psu_cortexa53_0/standalone_domain/bsp/system.mss|system_1||
C:/Users/sunil/VivadoProjects/EE4218Labs/Project/MLP_NN_Platform_Project_HDL_HLS_v1/zynqmp_fsbl/zynqmp_fsbl_bsp/system.mss|system||
C:/Users/sunil/VivadoProjects/EE4218Labs/Project/MLP_NN_Platform_Project_HDL_HLS_v1/zynqmp_pmufw/zynqmp_pmufw_bsp/system.mss|system_0||

TRACE::2025-04-09.14:06:26::SCWMssOS::Sw design exists and opened at  C:/Users/sunil/VivadoProjects/EE4218Labs/Project/MLP_NN_Platform_Project_HDL_HLS_v1/zynqmp_pmufw/zynqmp_pmufw_bsp/system.mss
TRACE::2025-04-09.14:06:26::SCWPlatform::Trying to open the hw design at C:/Users/sunil/VivadoProjects/EE4218Labs/Project/MLP_NN_Platform_Project_HDL_HLS_v1/hw/MLP_NN_HDL_HLS_v1.xsa
TRACE::2025-04-09.14:06:26::SCWPlatform::DSA given C:/Users/sunil/VivadoProjects/EE4218Labs/Project/MLP_NN_Platform_Project_HDL_HLS_v1/hw/MLP_NN_HDL_HLS_v1.xsa
TRACE::2025-04-09.14:06:26::SCWPlatform::DSA absoulate path C:/Users/sunil/VivadoProjects/EE4218Labs/Project/MLP_NN_Platform_Project_HDL_HLS_v1/hw/MLP_NN_HDL_HLS_v1.xsa
TRACE::2025-04-09.14:06:26::SCWPlatform::DSA directory C:/Users/sunil/VivadoProjects/EE4218Labs/Project/MLP_NN_Platform_Project_HDL_HLS_v1/hw
TRACE::2025-04-09.14:06:26::SCWPlatform:: Platform Path C:/Users/sunil/VivadoProjects/EE4218Labs/Project/MLP_NN_Platform_Project_HDL_HLS_v1/hw/MLP_NN_HDL_HLS_v1.xsa
TRACE::2025-04-09.14:06:26::SCWPlatform:: Unique name xilinx:kv260_som::0.0
TRACE::2025-04-09.14:06:26::SCWPlatform::Trying to set the existing hwdb with name design_1_wrapper_1
TRACE::2025-04-09.14:06:26::SCWPlatform::Opened existing hwdb design_1_wrapper_1
TRACE::2025-04-09.14:06:26::SCWPlatform::Found the Hw Db part of the input DSA
TRACE::2025-04-09.14:06:26::SCWMssOS::Checking the sw design at  C:/Users/sunil/VivadoProjects/EE4218Labs/Project/MLP_NN_Platform_Project_HDL_HLS_v1/zynqmp_pmufw/zynqmp_pmufw_bsp/system.mss
TRACE::2025-04-09.14:06:26::SCWMssOS::DEBUG:  swdes dump  C:/Users/sunil/VivadoProjects/EE4218Labs/Project/MLP_NN_Platform_Project_HDL_HLS_v1/psu_cortexa53_0/standalone_domain/bsp/system.mss|system_1||
C:/Users/sunil/VivadoProjects/EE4218Labs/Project/MLP_NN_Platform_Project_HDL_HLS_v1/zynqmp_fsbl/zynqmp_fsbl_bsp/system.mss|system||
C:/Users/sunil/VivadoProjects/EE4218Labs/Project/MLP_NN_Platform_Project_HDL_HLS_v1/zynqmp_pmufw/zynqmp_pmufw_bsp/system.mss|system_0||

TRACE::2025-04-09.14:06:26::SCWMssOS::Sw design exists and opened at  C:/Users/sunil/VivadoProjects/EE4218Labs/Project/MLP_NN_Platform_Project_HDL_HLS_v1/zynqmp_pmufw/zynqmp_pmufw_bsp/system.mss
TRACE::2025-04-09.14:06:26::SCWPlatform::Trying to open the hw design at C:/Users/sunil/VivadoProjects/EE4218Labs/Project/MLP_NN_Platform_Project_HDL_HLS_v1/hw/MLP_NN_HDL_HLS_v1.xsa
TRACE::2025-04-09.14:06:26::SCWPlatform::DSA given C:/Users/sunil/VivadoProjects/EE4218Labs/Project/MLP_NN_Platform_Project_HDL_HLS_v1/hw/MLP_NN_HDL_HLS_v1.xsa
TRACE::2025-04-09.14:06:26::SCWPlatform::DSA absoulate path C:/Users/sunil/VivadoProjects/EE4218Labs/Project/MLP_NN_Platform_Project_HDL_HLS_v1/hw/MLP_NN_HDL_HLS_v1.xsa
TRACE::2025-04-09.14:06:26::SCWPlatform::DSA directory C:/Users/sunil/VivadoProjects/EE4218Labs/Project/MLP_NN_Platform_Project_HDL_HLS_v1/hw
TRACE::2025-04-09.14:06:26::SCWPlatform:: Platform Path C:/Users/sunil/VivadoProjects/EE4218Labs/Project/MLP_NN_Platform_Project_HDL_HLS_v1/hw/MLP_NN_HDL_HLS_v1.xsa
TRACE::2025-04-09.14:06:26::SCWPlatform:: Unique name xilinx:kv260_som::0.0
TRACE::2025-04-09.14:06:26::SCWPlatform::Trying to set the existing hwdb with name design_1_wrapper_1
TRACE::2025-04-09.14:06:26::SCWPlatform::Opened existing hwdb design_1_wrapper_1
TRACE::2025-04-09.14:06:26::SCWPlatform::Found the Hw Db part of the input DSA
TRACE::2025-04-09.14:06:26::SCWMssOS::Checking the sw design at  C:/Users/sunil/VivadoProjects/EE4218Labs/Project/MLP_NN_Platform_Project_HDL_HLS_v1/psu_cortexa53_0/standalone_domain/bsp/system.mss
TRACE::2025-04-09.14:06:26::SCWMssOS::DEBUG:  swdes dump  C:/Users/sunil/VivadoProjects/EE4218Labs/Project/MLP_NN_Platform_Project_HDL_HLS_v1/psu_cortexa53_0/standalone_domain/bsp/system.mss|system_1||
C:/Users/sunil/VivadoProjects/EE4218Labs/Project/MLP_NN_Platform_Project_HDL_HLS_v1/zynqmp_fsbl/zynqmp_fsbl_bsp/system.mss|system||
C:/Users/sunil/VivadoProjects/EE4218Labs/Project/MLP_NN_Platform_Project_HDL_HLS_v1/zynqmp_pmufw/zynqmp_pmufw_bsp/system.mss|system_0||

TRACE::2025-04-09.14:06:26::SCWMssOS::Sw design exists and opened at  C:/Users/sunil/VivadoProjects/EE4218Labs/Project/MLP_NN_Platform_Project_HDL_HLS_v1/psu_cortexa53_0/standalone_domain/bsp/system.mss
TRACE::2025-04-09.14:06:26::SCWPlatform::Trying to open the hw design at C:/Users/sunil/VivadoProjects/EE4218Labs/Project/MLP_NN_Platform_Project_HDL_HLS_v1/hw/MLP_NN_HDL_HLS_v1.xsa
TRACE::2025-04-09.14:06:26::SCWPlatform::DSA given C:/Users/sunil/VivadoProjects/EE4218Labs/Project/MLP_NN_Platform_Project_HDL_HLS_v1/hw/MLP_NN_HDL_HLS_v1.xsa
TRACE::2025-04-09.14:06:26::SCWPlatform::DSA absoulate path C:/Users/sunil/VivadoProjects/EE4218Labs/Project/MLP_NN_Platform_Project_HDL_HLS_v1/hw/MLP_NN_HDL_HLS_v1.xsa
TRACE::2025-04-09.14:06:26::SCWPlatform::DSA directory C:/Users/sunil/VivadoProjects/EE4218Labs/Project/MLP_NN_Platform_Project_HDL_HLS_v1/hw
TRACE::2025-04-09.14:06:26::SCWPlatform:: Platform Path C:/Users/sunil/VivadoProjects/EE4218Labs/Project/MLP_NN_Platform_Project_HDL_HLS_v1/hw/MLP_NN_HDL_HLS_v1.xsa
TRACE::2025-04-09.14:06:26::SCWPlatform:: Unique name xilinx:kv260_som::0.0
TRACE::2025-04-09.14:06:26::SCWPlatform::Trying to set the existing hwdb with name design_1_wrapper_1
TRACE::2025-04-09.14:06:26::SCWPlatform::Opened existing hwdb design_1_wrapper_1
TRACE::2025-04-09.14:06:26::SCWPlatform::Found the Hw Db part of the input DSA
TRACE::2025-04-09.14:06:26::SCWMssOS::Checking the sw design at  C:/Users/sunil/VivadoProjects/EE4218Labs/Project/MLP_NN_Platform_Project_HDL_HLS_v1/psu_cortexa53_0/standalone_domain/bsp/system.mss
TRACE::2025-04-09.14:06:26::SCWMssOS::DEBUG:  swdes dump  C:/Users/sunil/VivadoProjects/EE4218Labs/Project/MLP_NN_Platform_Project_HDL_HLS_v1/psu_cortexa53_0/standalone_domain/bsp/system.mss|system_1||
C:/Users/sunil/VivadoProjects/EE4218Labs/Project/MLP_NN_Platform_Project_HDL_HLS_v1/zynqmp_fsbl/zynqmp_fsbl_bsp/system.mss|system||
C:/Users/sunil/VivadoProjects/EE4218Labs/Project/MLP_NN_Platform_Project_HDL_HLS_v1/zynqmp_pmufw/zynqmp_pmufw_bsp/system.mss|system_0||

TRACE::2025-04-09.14:06:26::SCWMssOS::Sw design exists and opened at  C:/Users/sunil/VivadoProjects/EE4218Labs/Project/MLP_NN_Platform_Project_HDL_HLS_v1/psu_cortexa53_0/standalone_domain/bsp/system.mss
TRACE::2025-04-09.14:06:26::SCWPlatform::Trying to open the hw design at C:/Users/sunil/VivadoProjects/EE4218Labs/Project/MLP_NN_Platform_Project_HDL_HLS_v1/hw/MLP_NN_HDL_HLS_v1.xsa
TRACE::2025-04-09.14:06:26::SCWPlatform::DSA given C:/Users/sunil/VivadoProjects/EE4218Labs/Project/MLP_NN_Platform_Project_HDL_HLS_v1/hw/MLP_NN_HDL_HLS_v1.xsa
TRACE::2025-04-09.14:06:26::SCWPlatform::DSA absoulate path C:/Users/sunil/VivadoProjects/EE4218Labs/Project/MLP_NN_Platform_Project_HDL_HLS_v1/hw/MLP_NN_HDL_HLS_v1.xsa
TRACE::2025-04-09.14:06:26::SCWPlatform::DSA directory C:/Users/sunil/VivadoProjects/EE4218Labs/Project/MLP_NN_Platform_Project_HDL_HLS_v1/hw
TRACE::2025-04-09.14:06:26::SCWPlatform:: Platform Path C:/Users/sunil/VivadoProjects/EE4218Labs/Project/MLP_NN_Platform_Project_HDL_HLS_v1/hw/MLP_NN_HDL_HLS_v1.xsa
TRACE::2025-04-09.14:06:26::SCWPlatform:: Unique name xilinx:kv260_som::0.0
TRACE::2025-04-09.14:06:26::SCWPlatform::Trying to set the existing hwdb with name design_1_wrapper_1
TRACE::2025-04-09.14:06:26::SCWPlatform::Opened existing hwdb design_1_wrapper_1
TRACE::2025-04-09.14:06:26::SCWPlatform::Found the Hw Db part of the input DSA
TRACE::2025-04-09.14:06:26::SCWMssOS::Checking the sw design at  C:/Users/sunil/VivadoProjects/EE4218Labs/Project/MLP_NN_Platform_Project_HDL_HLS_v1/psu_cortexa53_0/standalone_domain/bsp/system.mss
TRACE::2025-04-09.14:06:26::SCWMssOS::DEBUG:  swdes dump  C:/Users/sunil/VivadoProjects/EE4218Labs/Project/MLP_NN_Platform_Project_HDL_HLS_v1/psu_cortexa53_0/standalone_domain/bsp/system.mss|system_1||
C:/Users/sunil/VivadoProjects/EE4218Labs/Project/MLP_NN_Platform_Project_HDL_HLS_v1/zynqmp_fsbl/zynqmp_fsbl_bsp/system.mss|system||
C:/Users/sunil/VivadoProjects/EE4218Labs/Project/MLP_NN_Platform_Project_HDL_HLS_v1/zynqmp_pmufw/zynqmp_pmufw_bsp/system.mss|system_0||

TRACE::2025-04-09.14:06:26::SCWMssOS::Sw design exists and opened at  C:/Users/sunil/VivadoProjects/EE4218Labs/Project/MLP_NN_Platform_Project_HDL_HLS_v1/psu_cortexa53_0/standalone_domain/bsp/system.mss
TRACE::2025-04-09.14:06:26::SCWWriter::formatted JSON is {
	"platformName":	"MLP_NN_Platform_Project_HDL_HLS_v1",
	"sprVersion":	"2.0",
	"mode":	"gui",
	"dsaType":	"Fixed",
	"platformDesc":	"MLP_NN_Platform_Project_HDL_HLS_v1",
	"platHandOff":	"C:/Users/sunil/VivadoProjects/EE4218Labs/Project/MLP_NN_Project/MLP_NN_HDL_HLS_v1.xsa",
	"platIntHandOff":	"<platformDir>/hw/MLP_NN_HDL_HLS_v1.xsa",
	"deviceType":	"zynqMP",
	"platIsPrebuiltAutogen":	"false",
	"platIsNoBootBsp":	"false",
	"platFsblTarget":	"psu_cortexa53_0",
	"hasFsblMakeHasChanges":	"false",
	"hasPmufwMakeHasChanges":	"false",
	"fsblExtraCompilerFlags":	"-MMD -MP      -Wall -fmessage-length=0 -DARMA53_64 -Os -flto -ffat-lto-objects  ",
	"pmufwExtraCompilerFlags":	"-MMD -MP      -mlittle-endian -mxl-barrel-shift -mxl-pattern-compare -mcpu=v9.2 -mxl-soft-mul -Os -flto -ffat-lto-objects  ",
	"platPreBuiltFlag":	false,
	"platformSamplesDir":	"",
	"platActiveSys":	"MLP_NN_Platform_Project_HDL_HLS_v1",
	"systems":	[{
			"systemName":	"MLP_NN_Platform_Project_HDL_HLS_v1",
			"systemDesc":	"MLP_NN_Platform_Project_HDL_HLS_v1",
			"sysIsBootAutoGen":	"true",
			"systemDispName":	"MLP_NN_Platform_Project_HDL_HLS_v1",
			"sysActiveDom":	"standalone_domain",
			"sysDefaultDom":	"standalone_domain",
			"domains":	[{
					"domainName":	"zynqmp_fsbl",
					"domainDispName":	"zynqmp_fsbl",
					"domainDesc":	"FSBL Application BSP - Auto Generated.",
					"processors":	"psu_cortexa53_0",
					"os":	"standalone",
					"sdxOs":	"standalone",
					"debugEnable":	"",
					"domRuntimes":	["cpp"],
					"swRepo":	"",
					"mssOsVer":	"9.0",
					"mssFile":	"",
					"md5Digest":	"c7c8fa58e044570b55d2f2ba60dc3bc0",
					"compatibleApp":	"zynqmp_fsbl",
					"domType":	"bootDomain",
					"arch":	"64-bit",
					"appSettings":	{
						"appCompilerFlags":	"",
						"appLinkerFlags":	""
					},
					"addedLibs":	["xilffs:5.1", "xilsecure:5.2", "xilpm:5.1"],
					"libOptions":	{
						"standalone":	{
							"zynqmp_fsbl_bsp":	"true",
							"libOptionNames":	["zynqmp_fsbl_bsp"]
						},
						"xilffs":	{
							"read_only":	"true",
							"use_mkfs":	"false",
							"libOptionNames":	["read_only", "use_mkfs"]
						},
						"xilsecure":	{
							"tpm_support":	"true",
							"libOptionNames":	["tpm_support"]
						},
						"libsContainingOptions":	["standalone", "xilffs", "xilsecure"]
					},
					"prebuiltLibs":	{
						"prebuiltIncPath":	[],
						"prebuiltLibPath":	[]
					},
					"isolation":	{
					}
				}, {
					"domainName":	"zynqmp_pmufw",
					"domainDispName":	"zynqmp_pmufw",
					"domainDesc":	"PMUFW Application BSP - Auto Generated.",
					"processors":	"psu_pmu_0",
					"os":	"standalone",
					"sdxOs":	"standalone",
					"debugEnable":	"",
					"domRuntimes":	["cpp"],
					"swRepo":	"",
					"mssOsVer":	"9.0",
					"mssFile":	"",
					"md5Digest":	"e6544fc05bafd272b4bb018ad32ad28d",
					"compatibleApp":	"zynqmp_pmufw",
					"domType":	"bootDomain",
					"arch":	"32-bit",
					"appSettings":	{
						"appCompilerFlags":	"",
						"appLinkerFlags":	""
					},
					"addedLibs":	["xilfpga:6.5", "xilsecure:5.2", "xilskey:7.5"],
					"libOptions":	{
						"psu_pmu_0":	{
							"extra_compiler_flags":	"-g -ffunction-sections -fdata-sections -Wall -Wextra -fno-tree-loop-distribute-patterns  -Os -flto -ffat-lto-objects",
							"libOptionNames":	["extra_compiler_flags"]
						},
						"libsContainingOptions":	["psu_pmu_0"]
					},
					"prebuiltLibs":	{
						"prebuiltIncPath":	[],
						"prebuiltLibPath":	[]
					},
					"isolation":	{
					}
				}, {
					"domainName":	"standalone_domain",
					"domainDispName":	"standalone_domain",
					"domainDesc":	"standalone_domain",
					"processors":	"psu_cortexa53_0",
					"os":	"standalone",
					"sdxOs":	"standalone",
					"qemuArgs":	"<platformDir>/resources/MLP_NN_Platform_Project_HDL_HLS_v1/standalone_domain/qemu_args.txt",
					"qemuData":	"<platformDir>/resources/MLP_NN_Platform_Project_HDL_HLS_v1/standalone_domain/qemu",
					"pmuQemuArgs":	"<platformDir>/resources/MLP_NN_Platform_Project_HDL_HLS_v1/standalone_domain/pmu_args.txt",
					"debugEnable":	"False",
					"domRuntimes":	["cpp"],
					"swRepo":	"",
					"mssOsVer":	"9.0",
					"mssFile":	"",
					"md5Digest":	"e970e3844aeffe5da67223332ff51269",
					"compatibleApp":	"",
					"domType":	"mssDomain",
					"arch":	"64-bit",
					"appSettings":	{
						"appCompilerFlags":	"",
						"appLinkerFlags":	""
					},
					"addedLibs":	[],
					"libOptions":	{
						"libsContainingOptions":	[]
					},
					"prebuiltLibs":	{
						"prebuiltIncPath":	[],
						"prebuiltLibPath":	[]
					},
					"isolation":	{
					}
				}]
		}]
}
LOG::2025-04-09.14:06:26::SCWPlatform::Started generating the artifacts platform MLP_NN_Platform_Project_HDL_HLS_v1
TRACE::2025-04-09.14:06:26::SCWPlatform::Sanity checking of platform is completed
LOG::2025-04-09.14:06:26::SCWPlatform::Started generating the artifacts for system configuration MLP_NN_Platform_Project_HDL_HLS_v1
LOG::2025-04-09.14:06:26::SCWSystem::Checking the domain zynqmp_fsbl
LOG::2025-04-09.14:06:26::SCWSystem::Doing application build for :  zynqmp_fsbl
TRACE::2025-04-09.14:06:26::SCWBDomain::Not a forced makefile updation, No changes are present. 
TRACE::2025-04-09.14:06:26::SCWDomain::Skipping the build for domain :  zynqmp_fsbl
LOG::2025-04-09.14:06:26::SCWSystem::Checking the domain zynqmp_pmufw
LOG::2025-04-09.14:06:26::SCWSystem::Doing application build for :  zynqmp_pmufw
TRACE::2025-04-09.14:06:26::SCWBDomain::Not a forced makefile updation, No changes are present. 
TRACE::2025-04-09.14:06:26::SCWDomain::Skipping the build for domain :  zynqmp_pmufw
LOG::2025-04-09.14:06:26::SCWSystem::Checking the domain standalone_domain
LOG::2025-04-09.14:06:26::SCWSystem::Not a boot domain 
LOG::2025-04-09.14:06:26::SCWSystem::Started Processing the domain standalone_domain
TRACE::2025-04-09.14:06:26::SCWDomain::Generating domain artifcats
TRACE::2025-04-09.14:06:26::SCWMssOS::Generating standalone artifcats
TRACE::2025-04-09.14:06:26::SCWMssOS::Copying the qemu file from  C:/Users/sunil/VivadoProjects/EE4218Labs/Project/MLP_NN_Platform_Project_HDL_HLS_v1/resources/MLP_NN_Platform_Project_HDL_HLS_v1/standalone_domain/qemu_args.txt To C:/Users/sunil/VivadoProjects/EE4218Labs/Project/MLP_NN_Platform_Project_HDL_HLS_v1/export/MLP_NN_Platform_Project_HDL_HLS_v1/sw/MLP_NN_Platform_Project_HDL_HLS_v1/qemu/
TRACE::2025-04-09.14:06:26::SCWMssOS::Copying the qemu file from  C:/Users/sunil/VivadoProjects/EE4218Labs/Project/MLP_NN_Platform_Project_HDL_HLS_v1/resources/MLP_NN_Platform_Project_HDL_HLS_v1/standalone_domain/qemu_args.txt To C:/Users/sunil/VivadoProjects/EE4218Labs/Project/MLP_NN_Platform_Project_HDL_HLS_v1/export/MLP_NN_Platform_Project_HDL_HLS_v1/sw/MLP_NN_Platform_Project_HDL_HLS_v1/qemu/
TRACE::2025-04-09.14:06:26::SCWMssOS::Copying the qemu file from  C:/Users/sunil/VivadoProjects/EE4218Labs/Project/MLP_NN_Platform_Project_HDL_HLS_v1/resources/MLP_NN_Platform_Project_HDL_HLS_v1/standalone_domain/qemu_args.txt To C:/Users/sunil/VivadoProjects/EE4218Labs/Project/MLP_NN_Platform_Project_HDL_HLS_v1/export/MLP_NN_Platform_Project_HDL_HLS_v1/sw/MLP_NN_Platform_Project_HDL_HLS_v1/standalone_domain/qemu/
TRACE::2025-04-09.14:06:26::SCWMssOS::Copying the qemu file from  C:/Users/sunil/VivadoProjects/EE4218Labs/Project/MLP_NN_Platform_Project_HDL_HLS_v1/resources/MLP_NN_Platform_Project_HDL_HLS_v1/standalone_domain/qemu_args.txt To C:/Users/sunil/VivadoProjects/EE4218Labs/Project/MLP_NN_Platform_Project_HDL_HLS_v1/export/MLP_NN_Platform_Project_HDL_HLS_v1/sw/MLP_NN_Platform_Project_HDL_HLS_v1/standalone_domain/qemu/
TRACE::2025-04-09.14:06:26::SCWMssOS:: Copying the user libraries. 
TRACE::2025-04-09.14:06:26::SCWPlatform::Trying to open the hw design at C:/Users/sunil/VivadoProjects/EE4218Labs/Project/MLP_NN_Platform_Project_HDL_HLS_v1/hw/MLP_NN_HDL_HLS_v1.xsa
TRACE::2025-04-09.14:06:26::SCWPlatform::DSA given C:/Users/sunil/VivadoProjects/EE4218Labs/Project/MLP_NN_Platform_Project_HDL_HLS_v1/hw/MLP_NN_HDL_HLS_v1.xsa
TRACE::2025-04-09.14:06:26::SCWPlatform::DSA absoulate path C:/Users/sunil/VivadoProjects/EE4218Labs/Project/MLP_NN_Platform_Project_HDL_HLS_v1/hw/MLP_NN_HDL_HLS_v1.xsa
TRACE::2025-04-09.14:06:26::SCWPlatform::DSA directory C:/Users/sunil/VivadoProjects/EE4218Labs/Project/MLP_NN_Platform_Project_HDL_HLS_v1/hw
TRACE::2025-04-09.14:06:26::SCWPlatform:: Platform Path C:/Users/sunil/VivadoProjects/EE4218Labs/Project/MLP_NN_Platform_Project_HDL_HLS_v1/hw/MLP_NN_HDL_HLS_v1.xsa
TRACE::2025-04-09.14:06:26::SCWPlatform:: Unique name xilinx:kv260_som::0.0
TRACE::2025-04-09.14:06:26::SCWPlatform::Trying to set the existing hwdb with name design_1_wrapper_1
TRACE::2025-04-09.14:06:26::SCWPlatform::Opened existing hwdb design_1_wrapper_1
TRACE::2025-04-09.14:06:26::SCWPlatform::Found the Hw Db part of the input DSA
TRACE::2025-04-09.14:06:26::SCWMssOS::Checking the sw design at  C:/Users/sunil/VivadoProjects/EE4218Labs/Project/MLP_NN_Platform_Project_HDL_HLS_v1/psu_cortexa53_0/standalone_domain/bsp/system.mss
TRACE::2025-04-09.14:06:26::SCWMssOS::DEBUG:  swdes dump  C:/Users/sunil/VivadoProjects/EE4218Labs/Project/MLP_NN_Platform_Project_HDL_HLS_v1/psu_cortexa53_0/standalone_domain/bsp/system.mss|system_1||
C:/Users/sunil/VivadoProjects/EE4218Labs/Project/MLP_NN_Platform_Project_HDL_HLS_v1/zynqmp_fsbl/zynqmp_fsbl_bsp/system.mss|system||
C:/Users/sunil/VivadoProjects/EE4218Labs/Project/MLP_NN_Platform_Project_HDL_HLS_v1/zynqmp_pmufw/zynqmp_pmufw_bsp/system.mss|system_0||

TRACE::2025-04-09.14:06:26::SCWMssOS::Sw design exists and opened at  C:/Users/sunil/VivadoProjects/EE4218Labs/Project/MLP_NN_Platform_Project_HDL_HLS_v1/psu_cortexa53_0/standalone_domain/bsp/system.mss
TRACE::2025-04-09.14:06:26::SCWMssOS::Completed writing the mss file at C:/Users/sunil/VivadoProjects/EE4218Labs/Project/MLP_NN_Platform_Project_HDL_HLS_v1/psu_cortexa53_0/standalone_domain/bsp
TRACE::2025-04-09.14:06:26::SCWMssOS::Mss edits present, copying mssfile into export location C:/Users/sunil/VivadoProjects/EE4218Labs/Project/MLP_NN_Platform_Project_HDL_HLS_v1/psu_cortexa53_0/standalone_domain/bsp/system.mss
TRACE::2025-04-09.14:06:26::SCWMssOS::bsp generated is upto date with the mss file. Skipping bsp generation.
TRACE::2025-04-09.14:06:26::SCWMssOS::BSP is already built. skipping the bsp build ... 
TRACE::2025-04-09.14:06:26::SCWDomain::Skipping the build for domain :  standalone_domain
TRACE::2025-04-09.14:06:26::SCWMssOS::skipping the bsp build ... 
TRACE::2025-04-09.14:06:26::SCWMssOS::Copying to export directory.
TRACE::2025-04-09.14:06:26::SCWMssOS:: Checking if to create the Supporting Applications
TRACE::2025-04-09.14:06:26::SCWMssOS:: No Linux domain exists, trying to generate FSBL 
TRACE::2025-04-09.14:06:26::SCWMssOS:: Completed Standalone Artifacts creation 
LOG::2025-04-09.14:06:26::SCWSystem::Completed Processing the domain standalone_domain
LOG::2025-04-09.14:06:26::SCWSystem::Completed Processing the sysconfig MLP_NN_Platform_Project_HDL_HLS_v1
LOG::2025-04-09.14:06:26::SCWPlatform::Completed generating the artifacts for system configuration MLP_NN_Platform_Project_HDL_HLS_v1
TRACE::2025-04-09.14:06:26::SCWPlatform::Started preparing the platform 
TRACE::2025-04-09.14:06:26::SCWSystem::Writing the bif file for system config MLP_NN_Platform_Project_HDL_HLS_v1
TRACE::2025-04-09.14:06:26::SCWSystem::dir created 
TRACE::2025-04-09.14:06:26::SCWSystem::Writing the bif 
TRACE::2025-04-09.14:06:26::SCWPlatform::Started writing the spfm file 
TRACE::2025-04-09.14:06:26::SCWPlatform::Started writing the xpfm file 
TRACE::2025-04-09.14:06:26::SCWPlatform::Completed generating the platform
TRACE::2025-04-09.14:06:26::SCWMssOS::Saving the mss changes C:/Users/sunil/VivadoProjects/EE4218Labs/Project/MLP_NN_Platform_Project_HDL_HLS_v1/zynqmp_fsbl/zynqmp_fsbl_bsp/system.mss
TRACE::2025-04-09.14:06:26::SCWMssOS::Found a swdesign opened with the mssfile.
TRACE::2025-04-09.14:06:26::SCWMssOS::Completed writemss as part of save.
TRACE::2025-04-09.14:06:26::SCWMssOS::Commit changes completed.
TRACE::2025-04-09.14:06:26::SCWMssOS::Saving the mss changes C:/Users/sunil/VivadoProjects/EE4218Labs/Project/MLP_NN_Platform_Project_HDL_HLS_v1/zynqmp_pmufw/zynqmp_pmufw_bsp/system.mss
TRACE::2025-04-09.14:06:26::SCWMssOS::Found a swdesign opened with the mssfile.
TRACE::2025-04-09.14:06:26::SCWMssOS::Completed writemss as part of save.
TRACE::2025-04-09.14:06:26::SCWMssOS::Commit changes completed.
TRACE::2025-04-09.14:06:26::SCWMssOS::Saving the mss changes C:/Users/sunil/VivadoProjects/EE4218Labs/Project/MLP_NN_Platform_Project_HDL_HLS_v1/psu_cortexa53_0/standalone_domain/bsp/system.mss
TRACE::2025-04-09.14:06:26::SCWMssOS::Found a swdesign opened with the mssfile.
TRACE::2025-04-09.14:06:26::SCWMssOS::Completed writemss as part of save.
TRACE::2025-04-09.14:06:26::SCWMssOS::Commit changes completed.
TRACE::2025-04-09.14:06:26::SCWPlatform::Trying to open the hw design at C:/Users/sunil/VivadoProjects/EE4218Labs/Project/MLP_NN_Platform_Project_HDL_HLS_v1/hw/MLP_NN_HDL_HLS_v1.xsa
TRACE::2025-04-09.14:06:26::SCWPlatform::DSA given C:/Users/sunil/VivadoProjects/EE4218Labs/Project/MLP_NN_Platform_Project_HDL_HLS_v1/hw/MLP_NN_HDL_HLS_v1.xsa
TRACE::2025-04-09.14:06:26::SCWPlatform::DSA absoulate path C:/Users/sunil/VivadoProjects/EE4218Labs/Project/MLP_NN_Platform_Project_HDL_HLS_v1/hw/MLP_NN_HDL_HLS_v1.xsa
TRACE::2025-04-09.14:06:26::SCWPlatform::DSA directory C:/Users/sunil/VivadoProjects/EE4218Labs/Project/MLP_NN_Platform_Project_HDL_HLS_v1/hw
TRACE::2025-04-09.14:06:26::SCWPlatform:: Platform Path C:/Users/sunil/VivadoProjects/EE4218Labs/Project/MLP_NN_Platform_Project_HDL_HLS_v1/hw/MLP_NN_HDL_HLS_v1.xsa
TRACE::2025-04-09.14:06:26::SCWPlatform:: Unique name xilinx:kv260_som::0.0
TRACE::2025-04-09.14:06:26::SCWPlatform::Trying to set the existing hwdb with name design_1_wrapper_1
TRACE::2025-04-09.14:06:26::SCWPlatform::Opened existing hwdb design_1_wrapper_1
TRACE::2025-04-09.14:06:26::SCWPlatform::Found the Hw Db part of the input DSA
TRACE::2025-04-09.14:06:26::SCWMssOS::Checking the sw design at  C:/Users/sunil/VivadoProjects/EE4218Labs/Project/MLP_NN_Platform_Project_HDL_HLS_v1/zynqmp_fsbl/zynqmp_fsbl_bsp/system.mss
TRACE::2025-04-09.14:06:26::SCWMssOS::DEBUG:  swdes dump  C:/Users/sunil/VivadoProjects/EE4218Labs/Project/MLP_NN_Platform_Project_HDL_HLS_v1/psu_cortexa53_0/standalone_domain/bsp/system.mss|system_1||
C:/Users/sunil/VivadoProjects/EE4218Labs/Project/MLP_NN_Platform_Project_HDL_HLS_v1/zynqmp_fsbl/zynqmp_fsbl_bsp/system.mss|system||
C:/Users/sunil/VivadoProjects/EE4218Labs/Project/MLP_NN_Platform_Project_HDL_HLS_v1/zynqmp_pmufw/zynqmp_pmufw_bsp/system.mss|system_0||

TRACE::2025-04-09.14:06:26::SCWMssOS::Sw design exists and opened at  C:/Users/sunil/VivadoProjects/EE4218Labs/Project/MLP_NN_Platform_Project_HDL_HLS_v1/zynqmp_fsbl/zynqmp_fsbl_bsp/system.mss
TRACE::2025-04-09.14:06:26::SCWPlatform::Trying to open the hw design at C:/Users/sunil/VivadoProjects/EE4218Labs/Project/MLP_NN_Platform_Project_HDL_HLS_v1/hw/MLP_NN_HDL_HLS_v1.xsa
TRACE::2025-04-09.14:06:26::SCWPlatform::DSA given C:/Users/sunil/VivadoProjects/EE4218Labs/Project/MLP_NN_Platform_Project_HDL_HLS_v1/hw/MLP_NN_HDL_HLS_v1.xsa
TRACE::2025-04-09.14:06:26::SCWPlatform::DSA absoulate path C:/Users/sunil/VivadoProjects/EE4218Labs/Project/MLP_NN_Platform_Project_HDL_HLS_v1/hw/MLP_NN_HDL_HLS_v1.xsa
TRACE::2025-04-09.14:06:26::SCWPlatform::DSA directory C:/Users/sunil/VivadoProjects/EE4218Labs/Project/MLP_NN_Platform_Project_HDL_HLS_v1/hw
TRACE::2025-04-09.14:06:26::SCWPlatform:: Platform Path C:/Users/sunil/VivadoProjects/EE4218Labs/Project/MLP_NN_Platform_Project_HDL_HLS_v1/hw/MLP_NN_HDL_HLS_v1.xsa
TRACE::2025-04-09.14:06:26::SCWPlatform:: Unique name xilinx:kv260_som::0.0
TRACE::2025-04-09.14:06:26::SCWPlatform::Trying to set the existing hwdb with name design_1_wrapper_1
TRACE::2025-04-09.14:06:26::SCWPlatform::Opened existing hwdb design_1_wrapper_1
TRACE::2025-04-09.14:06:26::SCWPlatform::Found the Hw Db part of the input DSA
TRACE::2025-04-09.14:06:26::SCWMssOS::Checking the sw design at  C:/Users/sunil/VivadoProjects/EE4218Labs/Project/MLP_NN_Platform_Project_HDL_HLS_v1/zynqmp_fsbl/zynqmp_fsbl_bsp/system.mss
TRACE::2025-04-09.14:06:26::SCWMssOS::DEBUG:  swdes dump  C:/Users/sunil/VivadoProjects/EE4218Labs/Project/MLP_NN_Platform_Project_HDL_HLS_v1/psu_cortexa53_0/standalone_domain/bsp/system.mss|system_1||
C:/Users/sunil/VivadoProjects/EE4218Labs/Project/MLP_NN_Platform_Project_HDL_HLS_v1/zynqmp_fsbl/zynqmp_fsbl_bsp/system.mss|system||
C:/Users/sunil/VivadoProjects/EE4218Labs/Project/MLP_NN_Platform_Project_HDL_HLS_v1/zynqmp_pmufw/zynqmp_pmufw_bsp/system.mss|system_0||

TRACE::2025-04-09.14:06:26::SCWMssOS::Sw design exists and opened at  C:/Users/sunil/VivadoProjects/EE4218Labs/Project/MLP_NN_Platform_Project_HDL_HLS_v1/zynqmp_fsbl/zynqmp_fsbl_bsp/system.mss
TRACE::2025-04-09.14:06:26::SCWPlatform::Trying to open the hw design at C:/Users/sunil/VivadoProjects/EE4218Labs/Project/MLP_NN_Platform_Project_HDL_HLS_v1/hw/MLP_NN_HDL_HLS_v1.xsa
TRACE::2025-04-09.14:06:26::SCWPlatform::DSA given C:/Users/sunil/VivadoProjects/EE4218Labs/Project/MLP_NN_Platform_Project_HDL_HLS_v1/hw/MLP_NN_HDL_HLS_v1.xsa
TRACE::2025-04-09.14:06:26::SCWPlatform::DSA absoulate path C:/Users/sunil/VivadoProjects/EE4218Labs/Project/MLP_NN_Platform_Project_HDL_HLS_v1/hw/MLP_NN_HDL_HLS_v1.xsa
TRACE::2025-04-09.14:06:26::SCWPlatform::DSA directory C:/Users/sunil/VivadoProjects/EE4218Labs/Project/MLP_NN_Platform_Project_HDL_HLS_v1/hw
TRACE::2025-04-09.14:06:26::SCWPlatform:: Platform Path C:/Users/sunil/VivadoProjects/EE4218Labs/Project/MLP_NN_Platform_Project_HDL_HLS_v1/hw/MLP_NN_HDL_HLS_v1.xsa
TRACE::2025-04-09.14:06:26::SCWPlatform:: Unique name xilinx:kv260_som::0.0
TRACE::2025-04-09.14:06:26::SCWPlatform::Trying to set the existing hwdb with name design_1_wrapper_1
TRACE::2025-04-09.14:06:26::SCWPlatform::Opened existing hwdb design_1_wrapper_1
TRACE::2025-04-09.14:06:26::SCWPlatform::Found the Hw Db part of the input DSA
TRACE::2025-04-09.14:06:26::SCWMssOS::Checking the sw design at  C:/Users/sunil/VivadoProjects/EE4218Labs/Project/MLP_NN_Platform_Project_HDL_HLS_v1/zynqmp_fsbl/zynqmp_fsbl_bsp/system.mss
TRACE::2025-04-09.14:06:26::SCWMssOS::DEBUG:  swdes dump  C:/Users/sunil/VivadoProjects/EE4218Labs/Project/MLP_NN_Platform_Project_HDL_HLS_v1/psu_cortexa53_0/standalone_domain/bsp/system.mss|system_1||
C:/Users/sunil/VivadoProjects/EE4218Labs/Project/MLP_NN_Platform_Project_HDL_HLS_v1/zynqmp_fsbl/zynqmp_fsbl_bsp/system.mss|system||
C:/Users/sunil/VivadoProjects/EE4218Labs/Project/MLP_NN_Platform_Project_HDL_HLS_v1/zynqmp_pmufw/zynqmp_pmufw_bsp/system.mss|system_0||

TRACE::2025-04-09.14:06:26::SCWMssOS::Sw design exists and opened at  C:/Users/sunil/VivadoProjects/EE4218Labs/Project/MLP_NN_Platform_Project_HDL_HLS_v1/zynqmp_fsbl/zynqmp_fsbl_bsp/system.mss
TRACE::2025-04-09.14:06:26::SCWPlatform::Trying to open the hw design at C:/Users/sunil/VivadoProjects/EE4218Labs/Project/MLP_NN_Platform_Project_HDL_HLS_v1/hw/MLP_NN_HDL_HLS_v1.xsa
TRACE::2025-04-09.14:06:26::SCWPlatform::DSA given C:/Users/sunil/VivadoProjects/EE4218Labs/Project/MLP_NN_Platform_Project_HDL_HLS_v1/hw/MLP_NN_HDL_HLS_v1.xsa
TRACE::2025-04-09.14:06:26::SCWPlatform::DSA absoulate path C:/Users/sunil/VivadoProjects/EE4218Labs/Project/MLP_NN_Platform_Project_HDL_HLS_v1/hw/MLP_NN_HDL_HLS_v1.xsa
TRACE::2025-04-09.14:06:26::SCWPlatform::DSA directory C:/Users/sunil/VivadoProjects/EE4218Labs/Project/MLP_NN_Platform_Project_HDL_HLS_v1/hw
TRACE::2025-04-09.14:06:26::SCWPlatform:: Platform Path C:/Users/sunil/VivadoProjects/EE4218Labs/Project/MLP_NN_Platform_Project_HDL_HLS_v1/hw/MLP_NN_HDL_HLS_v1.xsa
TRACE::2025-04-09.14:06:26::SCWPlatform:: Unique name xilinx:kv260_som::0.0
TRACE::2025-04-09.14:06:26::SCWPlatform::Trying to set the existing hwdb with name design_1_wrapper_1
TRACE::2025-04-09.14:06:26::SCWPlatform::Opened existing hwdb design_1_wrapper_1
TRACE::2025-04-09.14:06:26::SCWPlatform::Found the Hw Db part of the input DSA
TRACE::2025-04-09.14:06:26::SCWMssOS::Checking the sw design at  C:/Users/sunil/VivadoProjects/EE4218Labs/Project/MLP_NN_Platform_Project_HDL_HLS_v1/zynqmp_pmufw/zynqmp_pmufw_bsp/system.mss
TRACE::2025-04-09.14:06:26::SCWMssOS::DEBUG:  swdes dump  C:/Users/sunil/VivadoProjects/EE4218Labs/Project/MLP_NN_Platform_Project_HDL_HLS_v1/psu_cortexa53_0/standalone_domain/bsp/system.mss|system_1||
C:/Users/sunil/VivadoProjects/EE4218Labs/Project/MLP_NN_Platform_Project_HDL_HLS_v1/zynqmp_fsbl/zynqmp_fsbl_bsp/system.mss|system||
C:/Users/sunil/VivadoProjects/EE4218Labs/Project/MLP_NN_Platform_Project_HDL_HLS_v1/zynqmp_pmufw/zynqmp_pmufw_bsp/system.mss|system_0||

TRACE::2025-04-09.14:06:26::SCWMssOS::Sw design exists and opened at  C:/Users/sunil/VivadoProjects/EE4218Labs/Project/MLP_NN_Platform_Project_HDL_HLS_v1/zynqmp_pmufw/zynqmp_pmufw_bsp/system.mss
TRACE::2025-04-09.14:06:26::SCWPlatform::Trying to open the hw design at C:/Users/sunil/VivadoProjects/EE4218Labs/Project/MLP_NN_Platform_Project_HDL_HLS_v1/hw/MLP_NN_HDL_HLS_v1.xsa
TRACE::2025-04-09.14:06:26::SCWPlatform::DSA given C:/Users/sunil/VivadoProjects/EE4218Labs/Project/MLP_NN_Platform_Project_HDL_HLS_v1/hw/MLP_NN_HDL_HLS_v1.xsa
TRACE::2025-04-09.14:06:26::SCWPlatform::DSA absoulate path C:/Users/sunil/VivadoProjects/EE4218Labs/Project/MLP_NN_Platform_Project_HDL_HLS_v1/hw/MLP_NN_HDL_HLS_v1.xsa
TRACE::2025-04-09.14:06:26::SCWPlatform::DSA directory C:/Users/sunil/VivadoProjects/EE4218Labs/Project/MLP_NN_Platform_Project_HDL_HLS_v1/hw
TRACE::2025-04-09.14:06:26::SCWPlatform:: Platform Path C:/Users/sunil/VivadoProjects/EE4218Labs/Project/MLP_NN_Platform_Project_HDL_HLS_v1/hw/MLP_NN_HDL_HLS_v1.xsa
TRACE::2025-04-09.14:06:26::SCWPlatform:: Unique name xilinx:kv260_som::0.0
TRACE::2025-04-09.14:06:26::SCWPlatform::Trying to set the existing hwdb with name design_1_wrapper_1
TRACE::2025-04-09.14:06:26::SCWPlatform::Opened existing hwdb design_1_wrapper_1
TRACE::2025-04-09.14:06:26::SCWPlatform::Found the Hw Db part of the input DSA
TRACE::2025-04-09.14:06:26::SCWMssOS::Checking the sw design at  C:/Users/sunil/VivadoProjects/EE4218Labs/Project/MLP_NN_Platform_Project_HDL_HLS_v1/zynqmp_pmufw/zynqmp_pmufw_bsp/system.mss
TRACE::2025-04-09.14:06:26::SCWMssOS::DEBUG:  swdes dump  C:/Users/sunil/VivadoProjects/EE4218Labs/Project/MLP_NN_Platform_Project_HDL_HLS_v1/psu_cortexa53_0/standalone_domain/bsp/system.mss|system_1||
C:/Users/sunil/VivadoProjects/EE4218Labs/Project/MLP_NN_Platform_Project_HDL_HLS_v1/zynqmp_fsbl/zynqmp_fsbl_bsp/system.mss|system||
C:/Users/sunil/VivadoProjects/EE4218Labs/Project/MLP_NN_Platform_Project_HDL_HLS_v1/zynqmp_pmufw/zynqmp_pmufw_bsp/system.mss|system_0||

TRACE::2025-04-09.14:06:26::SCWMssOS::Sw design exists and opened at  C:/Users/sunil/VivadoProjects/EE4218Labs/Project/MLP_NN_Platform_Project_HDL_HLS_v1/zynqmp_pmufw/zynqmp_pmufw_bsp/system.mss
TRACE::2025-04-09.14:06:26::SCWPlatform::Trying to open the hw design at C:/Users/sunil/VivadoProjects/EE4218Labs/Project/MLP_NN_Platform_Project_HDL_HLS_v1/hw/MLP_NN_HDL_HLS_v1.xsa
TRACE::2025-04-09.14:06:26::SCWPlatform::DSA given C:/Users/sunil/VivadoProjects/EE4218Labs/Project/MLP_NN_Platform_Project_HDL_HLS_v1/hw/MLP_NN_HDL_HLS_v1.xsa
TRACE::2025-04-09.14:06:26::SCWPlatform::DSA absoulate path C:/Users/sunil/VivadoProjects/EE4218Labs/Project/MLP_NN_Platform_Project_HDL_HLS_v1/hw/MLP_NN_HDL_HLS_v1.xsa
TRACE::2025-04-09.14:06:26::SCWPlatform::DSA directory C:/Users/sunil/VivadoProjects/EE4218Labs/Project/MLP_NN_Platform_Project_HDL_HLS_v1/hw
TRACE::2025-04-09.14:06:26::SCWPlatform:: Platform Path C:/Users/sunil/VivadoProjects/EE4218Labs/Project/MLP_NN_Platform_Project_HDL_HLS_v1/hw/MLP_NN_HDL_HLS_v1.xsa
TRACE::2025-04-09.14:06:26::SCWPlatform:: Unique name xilinx:kv260_som::0.0
TRACE::2025-04-09.14:06:26::SCWPlatform::Trying to set the existing hwdb with name design_1_wrapper_1
TRACE::2025-04-09.14:06:26::SCWPlatform::Opened existing hwdb design_1_wrapper_1
TRACE::2025-04-09.14:06:26::SCWPlatform::Found the Hw Db part of the input DSA
TRACE::2025-04-09.14:06:26::SCWMssOS::Checking the sw design at  C:/Users/sunil/VivadoProjects/EE4218Labs/Project/MLP_NN_Platform_Project_HDL_HLS_v1/zynqmp_pmufw/zynqmp_pmufw_bsp/system.mss
TRACE::2025-04-09.14:06:26::SCWMssOS::DEBUG:  swdes dump  C:/Users/sunil/VivadoProjects/EE4218Labs/Project/MLP_NN_Platform_Project_HDL_HLS_v1/psu_cortexa53_0/standalone_domain/bsp/system.mss|system_1||
C:/Users/sunil/VivadoProjects/EE4218Labs/Project/MLP_NN_Platform_Project_HDL_HLS_v1/zynqmp_fsbl/zynqmp_fsbl_bsp/system.mss|system||
C:/Users/sunil/VivadoProjects/EE4218Labs/Project/MLP_NN_Platform_Project_HDL_HLS_v1/zynqmp_pmufw/zynqmp_pmufw_bsp/system.mss|system_0||

TRACE::2025-04-09.14:06:26::SCWMssOS::Sw design exists and opened at  C:/Users/sunil/VivadoProjects/EE4218Labs/Project/MLP_NN_Platform_Project_HDL_HLS_v1/zynqmp_pmufw/zynqmp_pmufw_bsp/system.mss
TRACE::2025-04-09.14:06:26::SCWPlatform::Trying to open the hw design at C:/Users/sunil/VivadoProjects/EE4218Labs/Project/MLP_NN_Platform_Project_HDL_HLS_v1/hw/MLP_NN_HDL_HLS_v1.xsa
TRACE::2025-04-09.14:06:26::SCWPlatform::DSA given C:/Users/sunil/VivadoProjects/EE4218Labs/Project/MLP_NN_Platform_Project_HDL_HLS_v1/hw/MLP_NN_HDL_HLS_v1.xsa
TRACE::2025-04-09.14:06:26::SCWPlatform::DSA absoulate path C:/Users/sunil/VivadoProjects/EE4218Labs/Project/MLP_NN_Platform_Project_HDL_HLS_v1/hw/MLP_NN_HDL_HLS_v1.xsa
TRACE::2025-04-09.14:06:26::SCWPlatform::DSA directory C:/Users/sunil/VivadoProjects/EE4218Labs/Project/MLP_NN_Platform_Project_HDL_HLS_v1/hw
TRACE::2025-04-09.14:06:26::SCWPlatform:: Platform Path C:/Users/sunil/VivadoProjects/EE4218Labs/Project/MLP_NN_Platform_Project_HDL_HLS_v1/hw/MLP_NN_HDL_HLS_v1.xsa
TRACE::2025-04-09.14:06:26::SCWPlatform:: Unique name xilinx:kv260_som::0.0
TRACE::2025-04-09.14:06:26::SCWPlatform::Trying to set the existing hwdb with name design_1_wrapper_1
TRACE::2025-04-09.14:06:26::SCWPlatform::Opened existing hwdb design_1_wrapper_1
TRACE::2025-04-09.14:06:26::SCWPlatform::Found the Hw Db part of the input DSA
TRACE::2025-04-09.14:06:26::SCWMssOS::Checking the sw design at  C:/Users/sunil/VivadoProjects/EE4218Labs/Project/MLP_NN_Platform_Project_HDL_HLS_v1/psu_cortexa53_0/standalone_domain/bsp/system.mss
TRACE::2025-04-09.14:06:26::SCWMssOS::DEBUG:  swdes dump  C:/Users/sunil/VivadoProjects/EE4218Labs/Project/MLP_NN_Platform_Project_HDL_HLS_v1/psu_cortexa53_0/standalone_domain/bsp/system.mss|system_1||
C:/Users/sunil/VivadoProjects/EE4218Labs/Project/MLP_NN_Platform_Project_HDL_HLS_v1/zynqmp_fsbl/zynqmp_fsbl_bsp/system.mss|system||
C:/Users/sunil/VivadoProjects/EE4218Labs/Project/MLP_NN_Platform_Project_HDL_HLS_v1/zynqmp_pmufw/zynqmp_pmufw_bsp/system.mss|system_0||

TRACE::2025-04-09.14:06:26::SCWMssOS::Sw design exists and opened at  C:/Users/sunil/VivadoProjects/EE4218Labs/Project/MLP_NN_Platform_Project_HDL_HLS_v1/psu_cortexa53_0/standalone_domain/bsp/system.mss
TRACE::2025-04-09.14:06:26::SCWPlatform::Trying to open the hw design at C:/Users/sunil/VivadoProjects/EE4218Labs/Project/MLP_NN_Platform_Project_HDL_HLS_v1/hw/MLP_NN_HDL_HLS_v1.xsa
TRACE::2025-04-09.14:06:26::SCWPlatform::DSA given C:/Users/sunil/VivadoProjects/EE4218Labs/Project/MLP_NN_Platform_Project_HDL_HLS_v1/hw/MLP_NN_HDL_HLS_v1.xsa
TRACE::2025-04-09.14:06:26::SCWPlatform::DSA absoulate path C:/Users/sunil/VivadoProjects/EE4218Labs/Project/MLP_NN_Platform_Project_HDL_HLS_v1/hw/MLP_NN_HDL_HLS_v1.xsa
TRACE::2025-04-09.14:06:26::SCWPlatform::DSA directory C:/Users/sunil/VivadoProjects/EE4218Labs/Project/MLP_NN_Platform_Project_HDL_HLS_v1/hw
TRACE::2025-04-09.14:06:26::SCWPlatform:: Platform Path C:/Users/sunil/VivadoProjects/EE4218Labs/Project/MLP_NN_Platform_Project_HDL_HLS_v1/hw/MLP_NN_HDL_HLS_v1.xsa
TRACE::2025-04-09.14:06:26::SCWPlatform:: Unique name xilinx:kv260_som::0.0
TRACE::2025-04-09.14:06:26::SCWPlatform::Trying to set the existing hwdb with name design_1_wrapper_1
TRACE::2025-04-09.14:06:26::SCWPlatform::Opened existing hwdb design_1_wrapper_1
TRACE::2025-04-09.14:06:26::SCWPlatform::Found the Hw Db part of the input DSA
TRACE::2025-04-09.14:06:26::SCWMssOS::Checking the sw design at  C:/Users/sunil/VivadoProjects/EE4218Labs/Project/MLP_NN_Platform_Project_HDL_HLS_v1/psu_cortexa53_0/standalone_domain/bsp/system.mss
TRACE::2025-04-09.14:06:26::SCWMssOS::DEBUG:  swdes dump  C:/Users/sunil/VivadoProjects/EE4218Labs/Project/MLP_NN_Platform_Project_HDL_HLS_v1/psu_cortexa53_0/standalone_domain/bsp/system.mss|system_1||
C:/Users/sunil/VivadoProjects/EE4218Labs/Project/MLP_NN_Platform_Project_HDL_HLS_v1/zynqmp_fsbl/zynqmp_fsbl_bsp/system.mss|system||
C:/Users/sunil/VivadoProjects/EE4218Labs/Project/MLP_NN_Platform_Project_HDL_HLS_v1/zynqmp_pmufw/zynqmp_pmufw_bsp/system.mss|system_0||

TRACE::2025-04-09.14:06:26::SCWMssOS::Sw design exists and opened at  C:/Users/sunil/VivadoProjects/EE4218Labs/Project/MLP_NN_Platform_Project_HDL_HLS_v1/psu_cortexa53_0/standalone_domain/bsp/system.mss
TRACE::2025-04-09.14:06:26::SCWPlatform::Trying to open the hw design at C:/Users/sunil/VivadoProjects/EE4218Labs/Project/MLP_NN_Platform_Project_HDL_HLS_v1/hw/MLP_NN_HDL_HLS_v1.xsa
TRACE::2025-04-09.14:06:26::SCWPlatform::DSA given C:/Users/sunil/VivadoProjects/EE4218Labs/Project/MLP_NN_Platform_Project_HDL_HLS_v1/hw/MLP_NN_HDL_HLS_v1.xsa
TRACE::2025-04-09.14:06:26::SCWPlatform::DSA absoulate path C:/Users/sunil/VivadoProjects/EE4218Labs/Project/MLP_NN_Platform_Project_HDL_HLS_v1/hw/MLP_NN_HDL_HLS_v1.xsa
TRACE::2025-04-09.14:06:26::SCWPlatform::DSA directory C:/Users/sunil/VivadoProjects/EE4218Labs/Project/MLP_NN_Platform_Project_HDL_HLS_v1/hw
TRACE::2025-04-09.14:06:26::SCWPlatform:: Platform Path C:/Users/sunil/VivadoProjects/EE4218Labs/Project/MLP_NN_Platform_Project_HDL_HLS_v1/hw/MLP_NN_HDL_HLS_v1.xsa
TRACE::2025-04-09.14:06:26::SCWPlatform:: Unique name xilinx:kv260_som::0.0
TRACE::2025-04-09.14:06:26::SCWPlatform::Trying to set the existing hwdb with name design_1_wrapper_1
TRACE::2025-04-09.14:06:26::SCWPlatform::Opened existing hwdb design_1_wrapper_1
TRACE::2025-04-09.14:06:26::SCWPlatform::Found the Hw Db part of the input DSA
TRACE::2025-04-09.14:06:26::SCWMssOS::Checking the sw design at  C:/Users/sunil/VivadoProjects/EE4218Labs/Project/MLP_NN_Platform_Project_HDL_HLS_v1/psu_cortexa53_0/standalone_domain/bsp/system.mss
TRACE::2025-04-09.14:06:26::SCWMssOS::DEBUG:  swdes dump  C:/Users/sunil/VivadoProjects/EE4218Labs/Project/MLP_NN_Platform_Project_HDL_HLS_v1/psu_cortexa53_0/standalone_domain/bsp/system.mss|system_1||
C:/Users/sunil/VivadoProjects/EE4218Labs/Project/MLP_NN_Platform_Project_HDL_HLS_v1/zynqmp_fsbl/zynqmp_fsbl_bsp/system.mss|system||
C:/Users/sunil/VivadoProjects/EE4218Labs/Project/MLP_NN_Platform_Project_HDL_HLS_v1/zynqmp_pmufw/zynqmp_pmufw_bsp/system.mss|system_0||

TRACE::2025-04-09.14:06:26::SCWMssOS::Sw design exists and opened at  C:/Users/sunil/VivadoProjects/EE4218Labs/Project/MLP_NN_Platform_Project_HDL_HLS_v1/psu_cortexa53_0/standalone_domain/bsp/system.mss
TRACE::2025-04-09.14:06:26::SCWWriter::formatted JSON is {
	"platformName":	"MLP_NN_Platform_Project_HDL_HLS_v1",
	"sprVersion":	"2.0",
	"mode":	"gui",
	"dsaType":	"Fixed",
	"platformDesc":	"MLP_NN_Platform_Project_HDL_HLS_v1",
	"platHandOff":	"C:/Users/sunil/VivadoProjects/EE4218Labs/Project/MLP_NN_Project/MLP_NN_HDL_HLS_v1.xsa",
	"platIntHandOff":	"<platformDir>/hw/MLP_NN_HDL_HLS_v1.xsa",
	"deviceType":	"zynqMP",
	"platIsPrebuiltAutogen":	"false",
	"platIsNoBootBsp":	"false",
	"platFsblTarget":	"psu_cortexa53_0",
	"hasFsblMakeHasChanges":	"false",
	"hasPmufwMakeHasChanges":	"false",
	"fsblExtraCompilerFlags":	"-MMD -MP      -Wall -fmessage-length=0 -DARMA53_64 -Os -flto -ffat-lto-objects  ",
	"pmufwExtraCompilerFlags":	"-MMD -MP      -mlittle-endian -mxl-barrel-shift -mxl-pattern-compare -mcpu=v9.2 -mxl-soft-mul -Os -flto -ffat-lto-objects  ",
	"platPreBuiltFlag":	false,
	"platformSamplesDir":	"",
	"platActiveSys":	"MLP_NN_Platform_Project_HDL_HLS_v1",
	"systems":	[{
			"systemName":	"MLP_NN_Platform_Project_HDL_HLS_v1",
			"systemDesc":	"MLP_NN_Platform_Project_HDL_HLS_v1",
			"sysIsBootAutoGen":	"true",
			"systemDispName":	"MLP_NN_Platform_Project_HDL_HLS_v1",
			"sysActiveDom":	"standalone_domain",
			"sysDefaultDom":	"standalone_domain",
			"domains":	[{
					"domainName":	"zynqmp_fsbl",
					"domainDispName":	"zynqmp_fsbl",
					"domainDesc":	"FSBL Application BSP - Auto Generated.",
					"processors":	"psu_cortexa53_0",
					"os":	"standalone",
					"sdxOs":	"standalone",
					"debugEnable":	"",
					"domRuntimes":	["cpp"],
					"swRepo":	"",
					"mssOsVer":	"9.0",
					"mssFile":	"",
					"md5Digest":	"c7c8fa58e044570b55d2f2ba60dc3bc0",
					"compatibleApp":	"zynqmp_fsbl",
					"domType":	"bootDomain",
					"arch":	"64-bit",
					"appSettings":	{
						"appCompilerFlags":	"",
						"appLinkerFlags":	""
					},
					"addedLibs":	["xilffs:5.1", "xilsecure:5.2", "xilpm:5.1"],
					"libOptions":	{
						"standalone":	{
							"zynqmp_fsbl_bsp":	"true",
							"libOptionNames":	["zynqmp_fsbl_bsp"]
						},
						"xilffs":	{
							"read_only":	"true",
							"use_mkfs":	"false",
							"libOptionNames":	["read_only", "use_mkfs"]
						},
						"xilsecure":	{
							"tpm_support":	"true",
							"libOptionNames":	["tpm_support"]
						},
						"libsContainingOptions":	["standalone", "xilffs", "xilsecure"]
					},
					"prebuiltLibs":	{
						"prebuiltIncPath":	[],
						"prebuiltLibPath":	[]
					},
					"isolation":	{
					}
				}, {
					"domainName":	"zynqmp_pmufw",
					"domainDispName":	"zynqmp_pmufw",
					"domainDesc":	"PMUFW Application BSP - Auto Generated.",
					"processors":	"psu_pmu_0",
					"os":	"standalone",
					"sdxOs":	"standalone",
					"debugEnable":	"",
					"domRuntimes":	["cpp"],
					"swRepo":	"",
					"mssOsVer":	"9.0",
					"mssFile":	"",
					"md5Digest":	"e6544fc05bafd272b4bb018ad32ad28d",
					"compatibleApp":	"zynqmp_pmufw",
					"domType":	"bootDomain",
					"arch":	"32-bit",
					"appSettings":	{
						"appCompilerFlags":	"",
						"appLinkerFlags":	""
					},
					"addedLibs":	["xilfpga:6.5", "xilsecure:5.2", "xilskey:7.5"],
					"libOptions":	{
						"psu_pmu_0":	{
							"extra_compiler_flags":	"-g -ffunction-sections -fdata-sections -Wall -Wextra -fno-tree-loop-distribute-patterns  -Os -flto -ffat-lto-objects",
							"libOptionNames":	["extra_compiler_flags"]
						},
						"libsContainingOptions":	["psu_pmu_0"]
					},
					"prebuiltLibs":	{
						"prebuiltIncPath":	[],
						"prebuiltLibPath":	[]
					},
					"isolation":	{
					}
				}, {
					"domainName":	"standalone_domain",
					"domainDispName":	"standalone_domain",
					"domainDesc":	"standalone_domain",
					"processors":	"psu_cortexa53_0",
					"os":	"standalone",
					"sdxOs":	"standalone",
					"qemuArgs":	"<platformDir>/resources/MLP_NN_Platform_Project_HDL_HLS_v1/standalone_domain/qemu_args.txt",
					"qemuData":	"<platformDir>/resources/MLP_NN_Platform_Project_HDL_HLS_v1/standalone_domain/qemu",
					"pmuQemuArgs":	"<platformDir>/resources/MLP_NN_Platform_Project_HDL_HLS_v1/standalone_domain/pmu_args.txt",
					"debugEnable":	"False",
					"domRuntimes":	["cpp"],
					"swRepo":	"",
					"mssOsVer":	"9.0",
					"mssFile":	"",
					"md5Digest":	"e970e3844aeffe5da67223332ff51269",
					"compatibleApp":	"",
					"domType":	"mssDomain",
					"arch":	"64-bit",
					"appSettings":	{
						"appCompilerFlags":	"",
						"appLinkerFlags":	""
					},
					"addedLibs":	[],
					"libOptions":	{
						"libsContainingOptions":	[]
					},
					"prebuiltLibs":	{
						"prebuiltIncPath":	[],
						"prebuiltLibPath":	[]
					},
					"isolation":	{
					}
				}]
		}]
}
KEYINFO::2025-04-09.14:06:26::SCWPlatform::updated the xpfm file.
TRACE::2025-04-09.14:06:27::SCWPlatform::Trying to open the hw design at C:/Users/sunil/VivadoProjects/EE4218Labs/Project/MLP_NN_Platform_Project_HDL_HLS_v1/hw/MLP_NN_HDL_HLS_v1.xsa
TRACE::2025-04-09.14:06:27::SCWPlatform::DSA given C:/Users/sunil/VivadoProjects/EE4218Labs/Project/MLP_NN_Platform_Project_HDL_HLS_v1/hw/MLP_NN_HDL_HLS_v1.xsa
TRACE::2025-04-09.14:06:27::SCWPlatform::DSA absoulate path C:/Users/sunil/VivadoProjects/EE4218Labs/Project/MLP_NN_Platform_Project_HDL_HLS_v1/hw/MLP_NN_HDL_HLS_v1.xsa
TRACE::2025-04-09.14:06:27::SCWPlatform::DSA directory C:/Users/sunil/VivadoProjects/EE4218Labs/Project/MLP_NN_Platform_Project_HDL_HLS_v1/hw
TRACE::2025-04-09.14:06:27::SCWPlatform:: Platform Path C:/Users/sunil/VivadoProjects/EE4218Labs/Project/MLP_NN_Platform_Project_HDL_HLS_v1/hw/MLP_NN_HDL_HLS_v1.xsa
TRACE::2025-04-09.14:06:27::SCWPlatform:: Unique name xilinx:kv260_som::0.0
TRACE::2025-04-09.14:06:27::SCWPlatform::Trying to set the existing hwdb with name design_1_wrapper_1
TRACE::2025-04-09.14:06:27::SCWPlatform::Opened existing hwdb design_1_wrapper_1
TRACE::2025-04-09.14:06:27::SCWPlatform::Found the Hw Db part of the input DSA
TRACE::2025-04-09.14:06:27::SCWMssOS::Checking the sw design at  C:/Users/sunil/VivadoProjects/EE4218Labs/Project/MLP_NN_Platform_Project_HDL_HLS_v1/psu_cortexa53_0/standalone_domain/bsp/system.mss
TRACE::2025-04-09.14:06:27::SCWMssOS::DEBUG:  swdes dump  C:/Users/sunil/VivadoProjects/EE4218Labs/Project/MLP_NN_Platform_Project_HDL_HLS_v1/psu_cortexa53_0/standalone_domain/bsp/system.mss|system_1||
C:/Users/sunil/VivadoProjects/EE4218Labs/Project/MLP_NN_Platform_Project_HDL_HLS_v1/zynqmp_fsbl/zynqmp_fsbl_bsp/system.mss|system||
C:/Users/sunil/VivadoProjects/EE4218Labs/Project/MLP_NN_Platform_Project_HDL_HLS_v1/zynqmp_pmufw/zynqmp_pmufw_bsp/system.mss|system_0||

TRACE::2025-04-09.14:06:27::SCWMssOS::Sw design exists and opened at  C:/Users/sunil/VivadoProjects/EE4218Labs/Project/MLP_NN_Platform_Project_HDL_HLS_v1/psu_cortexa53_0/standalone_domain/bsp/system.mss
TRACE::2025-04-09.14:06:27::SCWMssOS::Saving the mss changes C:/Users/sunil/VivadoProjects/EE4218Labs/Project/MLP_NN_Platform_Project_HDL_HLS_v1/zynqmp_fsbl/zynqmp_fsbl_bsp/system.mss
TRACE::2025-04-09.14:06:27::SCWMssOS::Found a swdesign opened with the mssfile.
TRACE::2025-04-09.14:06:27::SCWMssOS::Completed writemss as part of save.
TRACE::2025-04-09.14:06:27::SCWMssOS::Commit changes completed.
TRACE::2025-04-09.14:06:27::SCWMssOS::Saving the mss changes C:/Users/sunil/VivadoProjects/EE4218Labs/Project/MLP_NN_Platform_Project_HDL_HLS_v1/zynqmp_pmufw/zynqmp_pmufw_bsp/system.mss
TRACE::2025-04-09.14:06:27::SCWMssOS::Found a swdesign opened with the mssfile.
TRACE::2025-04-09.14:06:27::SCWMssOS::Completed writemss as part of save.
TRACE::2025-04-09.14:06:27::SCWMssOS::Commit changes completed.
TRACE::2025-04-09.14:06:27::SCWMssOS::Saving the mss changes C:/Users/sunil/VivadoProjects/EE4218Labs/Project/MLP_NN_Platform_Project_HDL_HLS_v1/psu_cortexa53_0/standalone_domain/bsp/system.mss
TRACE::2025-04-09.14:06:27::SCWMssOS::Found a swdesign opened with the mssfile.
TRACE::2025-04-09.14:06:27::SCWMssOS::Completed writemss as part of save.
TRACE::2025-04-09.14:06:27::SCWMssOS::Commit changes completed.
TRACE::2025-04-09.14:06:27::SCWPlatform::Trying to open the hw design at C:/Users/sunil/VivadoProjects/EE4218Labs/Project/MLP_NN_Platform_Project_HDL_HLS_v1/hw/MLP_NN_HDL_HLS_v1.xsa
TRACE::2025-04-09.14:06:27::SCWPlatform::DSA given C:/Users/sunil/VivadoProjects/EE4218Labs/Project/MLP_NN_Platform_Project_HDL_HLS_v1/hw/MLP_NN_HDL_HLS_v1.xsa
TRACE::2025-04-09.14:06:27::SCWPlatform::DSA absoulate path C:/Users/sunil/VivadoProjects/EE4218Labs/Project/MLP_NN_Platform_Project_HDL_HLS_v1/hw/MLP_NN_HDL_HLS_v1.xsa
TRACE::2025-04-09.14:06:27::SCWPlatform::DSA directory C:/Users/sunil/VivadoProjects/EE4218Labs/Project/MLP_NN_Platform_Project_HDL_HLS_v1/hw
TRACE::2025-04-09.14:06:27::SCWPlatform:: Platform Path C:/Users/sunil/VivadoProjects/EE4218Labs/Project/MLP_NN_Platform_Project_HDL_HLS_v1/hw/MLP_NN_HDL_HLS_v1.xsa
TRACE::2025-04-09.14:06:27::SCWPlatform:: Unique name xilinx:kv260_som::0.0
TRACE::2025-04-09.14:06:27::SCWPlatform::Trying to set the existing hwdb with name design_1_wrapper_1
TRACE::2025-04-09.14:06:27::SCWPlatform::Opened existing hwdb design_1_wrapper_1
TRACE::2025-04-09.14:06:27::SCWPlatform::Found the Hw Db part of the input DSA
TRACE::2025-04-09.14:06:27::SCWMssOS::Checking the sw design at  C:/Users/sunil/VivadoProjects/EE4218Labs/Project/MLP_NN_Platform_Project_HDL_HLS_v1/zynqmp_fsbl/zynqmp_fsbl_bsp/system.mss
TRACE::2025-04-09.14:06:27::SCWMssOS::DEBUG:  swdes dump  C:/Users/sunil/VivadoProjects/EE4218Labs/Project/MLP_NN_Platform_Project_HDL_HLS_v1/psu_cortexa53_0/standalone_domain/bsp/system.mss|system_1||
C:/Users/sunil/VivadoProjects/EE4218Labs/Project/MLP_NN_Platform_Project_HDL_HLS_v1/zynqmp_fsbl/zynqmp_fsbl_bsp/system.mss|system||
C:/Users/sunil/VivadoProjects/EE4218Labs/Project/MLP_NN_Platform_Project_HDL_HLS_v1/zynqmp_pmufw/zynqmp_pmufw_bsp/system.mss|system_0||

TRACE::2025-04-09.14:06:27::SCWMssOS::Sw design exists and opened at  C:/Users/sunil/VivadoProjects/EE4218Labs/Project/MLP_NN_Platform_Project_HDL_HLS_v1/zynqmp_fsbl/zynqmp_fsbl_bsp/system.mss
TRACE::2025-04-09.14:06:27::SCWPlatform::Trying to open the hw design at C:/Users/sunil/VivadoProjects/EE4218Labs/Project/MLP_NN_Platform_Project_HDL_HLS_v1/hw/MLP_NN_HDL_HLS_v1.xsa
TRACE::2025-04-09.14:06:27::SCWPlatform::DSA given C:/Users/sunil/VivadoProjects/EE4218Labs/Project/MLP_NN_Platform_Project_HDL_HLS_v1/hw/MLP_NN_HDL_HLS_v1.xsa
TRACE::2025-04-09.14:06:27::SCWPlatform::DSA absoulate path C:/Users/sunil/VivadoProjects/EE4218Labs/Project/MLP_NN_Platform_Project_HDL_HLS_v1/hw/MLP_NN_HDL_HLS_v1.xsa
TRACE::2025-04-09.14:06:27::SCWPlatform::DSA directory C:/Users/sunil/VivadoProjects/EE4218Labs/Project/MLP_NN_Platform_Project_HDL_HLS_v1/hw
TRACE::2025-04-09.14:06:27::SCWPlatform:: Platform Path C:/Users/sunil/VivadoProjects/EE4218Labs/Project/MLP_NN_Platform_Project_HDL_HLS_v1/hw/MLP_NN_HDL_HLS_v1.xsa
TRACE::2025-04-09.14:06:27::SCWPlatform:: Unique name xilinx:kv260_som::0.0
TRACE::2025-04-09.14:06:27::SCWPlatform::Trying to set the existing hwdb with name design_1_wrapper_1
TRACE::2025-04-09.14:06:27::SCWPlatform::Opened existing hwdb design_1_wrapper_1
TRACE::2025-04-09.14:06:27::SCWPlatform::Found the Hw Db part of the input DSA
TRACE::2025-04-09.14:06:27::SCWMssOS::Checking the sw design at  C:/Users/sunil/VivadoProjects/EE4218Labs/Project/MLP_NN_Platform_Project_HDL_HLS_v1/zynqmp_fsbl/zynqmp_fsbl_bsp/system.mss
TRACE::2025-04-09.14:06:27::SCWMssOS::DEBUG:  swdes dump  C:/Users/sunil/VivadoProjects/EE4218Labs/Project/MLP_NN_Platform_Project_HDL_HLS_v1/psu_cortexa53_0/standalone_domain/bsp/system.mss|system_1||
C:/Users/sunil/VivadoProjects/EE4218Labs/Project/MLP_NN_Platform_Project_HDL_HLS_v1/zynqmp_fsbl/zynqmp_fsbl_bsp/system.mss|system||
C:/Users/sunil/VivadoProjects/EE4218Labs/Project/MLP_NN_Platform_Project_HDL_HLS_v1/zynqmp_pmufw/zynqmp_pmufw_bsp/system.mss|system_0||

TRACE::2025-04-09.14:06:27::SCWMssOS::Sw design exists and opened at  C:/Users/sunil/VivadoProjects/EE4218Labs/Project/MLP_NN_Platform_Project_HDL_HLS_v1/zynqmp_fsbl/zynqmp_fsbl_bsp/system.mss
TRACE::2025-04-09.14:06:27::SCWPlatform::Trying to open the hw design at C:/Users/sunil/VivadoProjects/EE4218Labs/Project/MLP_NN_Platform_Project_HDL_HLS_v1/hw/MLP_NN_HDL_HLS_v1.xsa
TRACE::2025-04-09.14:06:27::SCWPlatform::DSA given C:/Users/sunil/VivadoProjects/EE4218Labs/Project/MLP_NN_Platform_Project_HDL_HLS_v1/hw/MLP_NN_HDL_HLS_v1.xsa
TRACE::2025-04-09.14:06:27::SCWPlatform::DSA absoulate path C:/Users/sunil/VivadoProjects/EE4218Labs/Project/MLP_NN_Platform_Project_HDL_HLS_v1/hw/MLP_NN_HDL_HLS_v1.xsa
TRACE::2025-04-09.14:06:27::SCWPlatform::DSA directory C:/Users/sunil/VivadoProjects/EE4218Labs/Project/MLP_NN_Platform_Project_HDL_HLS_v1/hw
TRACE::2025-04-09.14:06:27::SCWPlatform:: Platform Path C:/Users/sunil/VivadoProjects/EE4218Labs/Project/MLP_NN_Platform_Project_HDL_HLS_v1/hw/MLP_NN_HDL_HLS_v1.xsa
TRACE::2025-04-09.14:06:27::SCWPlatform:: Unique name xilinx:kv260_som::0.0
TRACE::2025-04-09.14:06:27::SCWPlatform::Trying to set the existing hwdb with name design_1_wrapper_1
TRACE::2025-04-09.14:06:27::SCWPlatform::Opened existing hwdb design_1_wrapper_1
TRACE::2025-04-09.14:06:27::SCWPlatform::Found the Hw Db part of the input DSA
TRACE::2025-04-09.14:06:27::SCWMssOS::Checking the sw design at  C:/Users/sunil/VivadoProjects/EE4218Labs/Project/MLP_NN_Platform_Project_HDL_HLS_v1/zynqmp_fsbl/zynqmp_fsbl_bsp/system.mss
TRACE::2025-04-09.14:06:27::SCWMssOS::DEBUG:  swdes dump  C:/Users/sunil/VivadoProjects/EE4218Labs/Project/MLP_NN_Platform_Project_HDL_HLS_v1/psu_cortexa53_0/standalone_domain/bsp/system.mss|system_1||
C:/Users/sunil/VivadoProjects/EE4218Labs/Project/MLP_NN_Platform_Project_HDL_HLS_v1/zynqmp_fsbl/zynqmp_fsbl_bsp/system.mss|system||
C:/Users/sunil/VivadoProjects/EE4218Labs/Project/MLP_NN_Platform_Project_HDL_HLS_v1/zynqmp_pmufw/zynqmp_pmufw_bsp/system.mss|system_0||

TRACE::2025-04-09.14:06:27::SCWMssOS::Sw design exists and opened at  C:/Users/sunil/VivadoProjects/EE4218Labs/Project/MLP_NN_Platform_Project_HDL_HLS_v1/zynqmp_fsbl/zynqmp_fsbl_bsp/system.mss
TRACE::2025-04-09.14:06:27::SCWPlatform::Trying to open the hw design at C:/Users/sunil/VivadoProjects/EE4218Labs/Project/MLP_NN_Platform_Project_HDL_HLS_v1/hw/MLP_NN_HDL_HLS_v1.xsa
TRACE::2025-04-09.14:06:27::SCWPlatform::DSA given C:/Users/sunil/VivadoProjects/EE4218Labs/Project/MLP_NN_Platform_Project_HDL_HLS_v1/hw/MLP_NN_HDL_HLS_v1.xsa
TRACE::2025-04-09.14:06:27::SCWPlatform::DSA absoulate path C:/Users/sunil/VivadoProjects/EE4218Labs/Project/MLP_NN_Platform_Project_HDL_HLS_v1/hw/MLP_NN_HDL_HLS_v1.xsa
TRACE::2025-04-09.14:06:27::SCWPlatform::DSA directory C:/Users/sunil/VivadoProjects/EE4218Labs/Project/MLP_NN_Platform_Project_HDL_HLS_v1/hw
TRACE::2025-04-09.14:06:27::SCWPlatform:: Platform Path C:/Users/sunil/VivadoProjects/EE4218Labs/Project/MLP_NN_Platform_Project_HDL_HLS_v1/hw/MLP_NN_HDL_HLS_v1.xsa
TRACE::2025-04-09.14:06:27::SCWPlatform:: Unique name xilinx:kv260_som::0.0
TRACE::2025-04-09.14:06:27::SCWPlatform::Trying to set the existing hwdb with name design_1_wrapper_1
TRACE::2025-04-09.14:06:27::SCWPlatform::Opened existing hwdb design_1_wrapper_1
TRACE::2025-04-09.14:06:27::SCWPlatform::Found the Hw Db part of the input DSA
TRACE::2025-04-09.14:06:27::SCWMssOS::Checking the sw design at  C:/Users/sunil/VivadoProjects/EE4218Labs/Project/MLP_NN_Platform_Project_HDL_HLS_v1/zynqmp_pmufw/zynqmp_pmufw_bsp/system.mss
TRACE::2025-04-09.14:06:27::SCWMssOS::DEBUG:  swdes dump  C:/Users/sunil/VivadoProjects/EE4218Labs/Project/MLP_NN_Platform_Project_HDL_HLS_v1/psu_cortexa53_0/standalone_domain/bsp/system.mss|system_1||
C:/Users/sunil/VivadoProjects/EE4218Labs/Project/MLP_NN_Platform_Project_HDL_HLS_v1/zynqmp_fsbl/zynqmp_fsbl_bsp/system.mss|system||
C:/Users/sunil/VivadoProjects/EE4218Labs/Project/MLP_NN_Platform_Project_HDL_HLS_v1/zynqmp_pmufw/zynqmp_pmufw_bsp/system.mss|system_0||

TRACE::2025-04-09.14:06:27::SCWMssOS::Sw design exists and opened at  C:/Users/sunil/VivadoProjects/EE4218Labs/Project/MLP_NN_Platform_Project_HDL_HLS_v1/zynqmp_pmufw/zynqmp_pmufw_bsp/system.mss
TRACE::2025-04-09.14:06:27::SCWPlatform::Trying to open the hw design at C:/Users/sunil/VivadoProjects/EE4218Labs/Project/MLP_NN_Platform_Project_HDL_HLS_v1/hw/MLP_NN_HDL_HLS_v1.xsa
TRACE::2025-04-09.14:06:27::SCWPlatform::DSA given C:/Users/sunil/VivadoProjects/EE4218Labs/Project/MLP_NN_Platform_Project_HDL_HLS_v1/hw/MLP_NN_HDL_HLS_v1.xsa
TRACE::2025-04-09.14:06:27::SCWPlatform::DSA absoulate path C:/Users/sunil/VivadoProjects/EE4218Labs/Project/MLP_NN_Platform_Project_HDL_HLS_v1/hw/MLP_NN_HDL_HLS_v1.xsa
TRACE::2025-04-09.14:06:27::SCWPlatform::DSA directory C:/Users/sunil/VivadoProjects/EE4218Labs/Project/MLP_NN_Platform_Project_HDL_HLS_v1/hw
TRACE::2025-04-09.14:06:27::SCWPlatform:: Platform Path C:/Users/sunil/VivadoProjects/EE4218Labs/Project/MLP_NN_Platform_Project_HDL_HLS_v1/hw/MLP_NN_HDL_HLS_v1.xsa
TRACE::2025-04-09.14:06:27::SCWPlatform:: Unique name xilinx:kv260_som::0.0
TRACE::2025-04-09.14:06:27::SCWPlatform::Trying to set the existing hwdb with name design_1_wrapper_1
TRACE::2025-04-09.14:06:27::SCWPlatform::Opened existing hwdb design_1_wrapper_1
TRACE::2025-04-09.14:06:27::SCWPlatform::Found the Hw Db part of the input DSA
TRACE::2025-04-09.14:06:27::SCWMssOS::Checking the sw design at  C:/Users/sunil/VivadoProjects/EE4218Labs/Project/MLP_NN_Platform_Project_HDL_HLS_v1/zynqmp_pmufw/zynqmp_pmufw_bsp/system.mss
TRACE::2025-04-09.14:06:27::SCWMssOS::DEBUG:  swdes dump  C:/Users/sunil/VivadoProjects/EE4218Labs/Project/MLP_NN_Platform_Project_HDL_HLS_v1/psu_cortexa53_0/standalone_domain/bsp/system.mss|system_1||
C:/Users/sunil/VivadoProjects/EE4218Labs/Project/MLP_NN_Platform_Project_HDL_HLS_v1/zynqmp_fsbl/zynqmp_fsbl_bsp/system.mss|system||
C:/Users/sunil/VivadoProjects/EE4218Labs/Project/MLP_NN_Platform_Project_HDL_HLS_v1/zynqmp_pmufw/zynqmp_pmufw_bsp/system.mss|system_0||

TRACE::2025-04-09.14:06:27::SCWMssOS::Sw design exists and opened at  C:/Users/sunil/VivadoProjects/EE4218Labs/Project/MLP_NN_Platform_Project_HDL_HLS_v1/zynqmp_pmufw/zynqmp_pmufw_bsp/system.mss
TRACE::2025-04-09.14:06:27::SCWPlatform::Trying to open the hw design at C:/Users/sunil/VivadoProjects/EE4218Labs/Project/MLP_NN_Platform_Project_HDL_HLS_v1/hw/MLP_NN_HDL_HLS_v1.xsa
TRACE::2025-04-09.14:06:27::SCWPlatform::DSA given C:/Users/sunil/VivadoProjects/EE4218Labs/Project/MLP_NN_Platform_Project_HDL_HLS_v1/hw/MLP_NN_HDL_HLS_v1.xsa
TRACE::2025-04-09.14:06:27::SCWPlatform::DSA absoulate path C:/Users/sunil/VivadoProjects/EE4218Labs/Project/MLP_NN_Platform_Project_HDL_HLS_v1/hw/MLP_NN_HDL_HLS_v1.xsa
TRACE::2025-04-09.14:06:27::SCWPlatform::DSA directory C:/Users/sunil/VivadoProjects/EE4218Labs/Project/MLP_NN_Platform_Project_HDL_HLS_v1/hw
TRACE::2025-04-09.14:06:27::SCWPlatform:: Platform Path C:/Users/sunil/VivadoProjects/EE4218Labs/Project/MLP_NN_Platform_Project_HDL_HLS_v1/hw/MLP_NN_HDL_HLS_v1.xsa
TRACE::2025-04-09.14:06:27::SCWPlatform:: Unique name xilinx:kv260_som::0.0
TRACE::2025-04-09.14:06:27::SCWPlatform::Trying to set the existing hwdb with name design_1_wrapper_1
TRACE::2025-04-09.14:06:27::SCWPlatform::Opened existing hwdb design_1_wrapper_1
TRACE::2025-04-09.14:06:27::SCWPlatform::Found the Hw Db part of the input DSA
TRACE::2025-04-09.14:06:27::SCWMssOS::Checking the sw design at  C:/Users/sunil/VivadoProjects/EE4218Labs/Project/MLP_NN_Platform_Project_HDL_HLS_v1/zynqmp_pmufw/zynqmp_pmufw_bsp/system.mss
TRACE::2025-04-09.14:06:27::SCWMssOS::DEBUG:  swdes dump  C:/Users/sunil/VivadoProjects/EE4218Labs/Project/MLP_NN_Platform_Project_HDL_HLS_v1/psu_cortexa53_0/standalone_domain/bsp/system.mss|system_1||
C:/Users/sunil/VivadoProjects/EE4218Labs/Project/MLP_NN_Platform_Project_HDL_HLS_v1/zynqmp_fsbl/zynqmp_fsbl_bsp/system.mss|system||
C:/Users/sunil/VivadoProjects/EE4218Labs/Project/MLP_NN_Platform_Project_HDL_HLS_v1/zynqmp_pmufw/zynqmp_pmufw_bsp/system.mss|system_0||

TRACE::2025-04-09.14:06:27::SCWMssOS::Sw design exists and opened at  C:/Users/sunil/VivadoProjects/EE4218Labs/Project/MLP_NN_Platform_Project_HDL_HLS_v1/zynqmp_pmufw/zynqmp_pmufw_bsp/system.mss
TRACE::2025-04-09.14:06:27::SCWPlatform::Trying to open the hw design at C:/Users/sunil/VivadoProjects/EE4218Labs/Project/MLP_NN_Platform_Project_HDL_HLS_v1/hw/MLP_NN_HDL_HLS_v1.xsa
TRACE::2025-04-09.14:06:27::SCWPlatform::DSA given C:/Users/sunil/VivadoProjects/EE4218Labs/Project/MLP_NN_Platform_Project_HDL_HLS_v1/hw/MLP_NN_HDL_HLS_v1.xsa
TRACE::2025-04-09.14:06:27::SCWPlatform::DSA absoulate path C:/Users/sunil/VivadoProjects/EE4218Labs/Project/MLP_NN_Platform_Project_HDL_HLS_v1/hw/MLP_NN_HDL_HLS_v1.xsa
TRACE::2025-04-09.14:06:27::SCWPlatform::DSA directory C:/Users/sunil/VivadoProjects/EE4218Labs/Project/MLP_NN_Platform_Project_HDL_HLS_v1/hw
TRACE::2025-04-09.14:06:27::SCWPlatform:: Platform Path C:/Users/sunil/VivadoProjects/EE4218Labs/Project/MLP_NN_Platform_Project_HDL_HLS_v1/hw/MLP_NN_HDL_HLS_v1.xsa
TRACE::2025-04-09.14:06:27::SCWPlatform:: Unique name xilinx:kv260_som::0.0
TRACE::2025-04-09.14:06:27::SCWPlatform::Trying to set the existing hwdb with name design_1_wrapper_1
TRACE::2025-04-09.14:06:27::SCWPlatform::Opened existing hwdb design_1_wrapper_1
TRACE::2025-04-09.14:06:27::SCWPlatform::Found the Hw Db part of the input DSA
TRACE::2025-04-09.14:06:27::SCWMssOS::Checking the sw design at  C:/Users/sunil/VivadoProjects/EE4218Labs/Project/MLP_NN_Platform_Project_HDL_HLS_v1/psu_cortexa53_0/standalone_domain/bsp/system.mss
TRACE::2025-04-09.14:06:27::SCWMssOS::DEBUG:  swdes dump  C:/Users/sunil/VivadoProjects/EE4218Labs/Project/MLP_NN_Platform_Project_HDL_HLS_v1/psu_cortexa53_0/standalone_domain/bsp/system.mss|system_1||
C:/Users/sunil/VivadoProjects/EE4218Labs/Project/MLP_NN_Platform_Project_HDL_HLS_v1/zynqmp_fsbl/zynqmp_fsbl_bsp/system.mss|system||
C:/Users/sunil/VivadoProjects/EE4218Labs/Project/MLP_NN_Platform_Project_HDL_HLS_v1/zynqmp_pmufw/zynqmp_pmufw_bsp/system.mss|system_0||

TRACE::2025-04-09.14:06:27::SCWMssOS::Sw design exists and opened at  C:/Users/sunil/VivadoProjects/EE4218Labs/Project/MLP_NN_Platform_Project_HDL_HLS_v1/psu_cortexa53_0/standalone_domain/bsp/system.mss
TRACE::2025-04-09.14:06:27::SCWPlatform::Trying to open the hw design at C:/Users/sunil/VivadoProjects/EE4218Labs/Project/MLP_NN_Platform_Project_HDL_HLS_v1/hw/MLP_NN_HDL_HLS_v1.xsa
TRACE::2025-04-09.14:06:27::SCWPlatform::DSA given C:/Users/sunil/VivadoProjects/EE4218Labs/Project/MLP_NN_Platform_Project_HDL_HLS_v1/hw/MLP_NN_HDL_HLS_v1.xsa
TRACE::2025-04-09.14:06:27::SCWPlatform::DSA absoulate path C:/Users/sunil/VivadoProjects/EE4218Labs/Project/MLP_NN_Platform_Project_HDL_HLS_v1/hw/MLP_NN_HDL_HLS_v1.xsa
TRACE::2025-04-09.14:06:27::SCWPlatform::DSA directory C:/Users/sunil/VivadoProjects/EE4218Labs/Project/MLP_NN_Platform_Project_HDL_HLS_v1/hw
TRACE::2025-04-09.14:06:27::SCWPlatform:: Platform Path C:/Users/sunil/VivadoProjects/EE4218Labs/Project/MLP_NN_Platform_Project_HDL_HLS_v1/hw/MLP_NN_HDL_HLS_v1.xsa
TRACE::2025-04-09.14:06:27::SCWPlatform:: Unique name xilinx:kv260_som::0.0
TRACE::2025-04-09.14:06:27::SCWPlatform::Trying to set the existing hwdb with name design_1_wrapper_1
TRACE::2025-04-09.14:06:27::SCWPlatform::Opened existing hwdb design_1_wrapper_1
TRACE::2025-04-09.14:06:27::SCWPlatform::Found the Hw Db part of the input DSA
TRACE::2025-04-09.14:06:27::SCWMssOS::Checking the sw design at  C:/Users/sunil/VivadoProjects/EE4218Labs/Project/MLP_NN_Platform_Project_HDL_HLS_v1/psu_cortexa53_0/standalone_domain/bsp/system.mss
TRACE::2025-04-09.14:06:27::SCWMssOS::DEBUG:  swdes dump  C:/Users/sunil/VivadoProjects/EE4218Labs/Project/MLP_NN_Platform_Project_HDL_HLS_v1/psu_cortexa53_0/standalone_domain/bsp/system.mss|system_1||
C:/Users/sunil/VivadoProjects/EE4218Labs/Project/MLP_NN_Platform_Project_HDL_HLS_v1/zynqmp_fsbl/zynqmp_fsbl_bsp/system.mss|system||
C:/Users/sunil/VivadoProjects/EE4218Labs/Project/MLP_NN_Platform_Project_HDL_HLS_v1/zynqmp_pmufw/zynqmp_pmufw_bsp/system.mss|system_0||

TRACE::2025-04-09.14:06:27::SCWMssOS::Sw design exists and opened at  C:/Users/sunil/VivadoProjects/EE4218Labs/Project/MLP_NN_Platform_Project_HDL_HLS_v1/psu_cortexa53_0/standalone_domain/bsp/system.mss
TRACE::2025-04-09.14:06:27::SCWPlatform::Trying to open the hw design at C:/Users/sunil/VivadoProjects/EE4218Labs/Project/MLP_NN_Platform_Project_HDL_HLS_v1/hw/MLP_NN_HDL_HLS_v1.xsa
TRACE::2025-04-09.14:06:27::SCWPlatform::DSA given C:/Users/sunil/VivadoProjects/EE4218Labs/Project/MLP_NN_Platform_Project_HDL_HLS_v1/hw/MLP_NN_HDL_HLS_v1.xsa
TRACE::2025-04-09.14:06:27::SCWPlatform::DSA absoulate path C:/Users/sunil/VivadoProjects/EE4218Labs/Project/MLP_NN_Platform_Project_HDL_HLS_v1/hw/MLP_NN_HDL_HLS_v1.xsa
TRACE::2025-04-09.14:06:27::SCWPlatform::DSA directory C:/Users/sunil/VivadoProjects/EE4218Labs/Project/MLP_NN_Platform_Project_HDL_HLS_v1/hw
TRACE::2025-04-09.14:06:27::SCWPlatform:: Platform Path C:/Users/sunil/VivadoProjects/EE4218Labs/Project/MLP_NN_Platform_Project_HDL_HLS_v1/hw/MLP_NN_HDL_HLS_v1.xsa
TRACE::2025-04-09.14:06:27::SCWPlatform:: Unique name xilinx:kv260_som::0.0
TRACE::2025-04-09.14:06:27::SCWPlatform::Trying to set the existing hwdb with name design_1_wrapper_1
TRACE::2025-04-09.14:06:27::SCWPlatform::Opened existing hwdb design_1_wrapper_1
TRACE::2025-04-09.14:06:27::SCWPlatform::Found the Hw Db part of the input DSA
TRACE::2025-04-09.14:06:27::SCWMssOS::Checking the sw design at  C:/Users/sunil/VivadoProjects/EE4218Labs/Project/MLP_NN_Platform_Project_HDL_HLS_v1/psu_cortexa53_0/standalone_domain/bsp/system.mss
TRACE::2025-04-09.14:06:27::SCWMssOS::DEBUG:  swdes dump  C:/Users/sunil/VivadoProjects/EE4218Labs/Project/MLP_NN_Platform_Project_HDL_HLS_v1/psu_cortexa53_0/standalone_domain/bsp/system.mss|system_1||
C:/Users/sunil/VivadoProjects/EE4218Labs/Project/MLP_NN_Platform_Project_HDL_HLS_v1/zynqmp_fsbl/zynqmp_fsbl_bsp/system.mss|system||
C:/Users/sunil/VivadoProjects/EE4218Labs/Project/MLP_NN_Platform_Project_HDL_HLS_v1/zynqmp_pmufw/zynqmp_pmufw_bsp/system.mss|system_0||

TRACE::2025-04-09.14:06:27::SCWMssOS::Sw design exists and opened at  C:/Users/sunil/VivadoProjects/EE4218Labs/Project/MLP_NN_Platform_Project_HDL_HLS_v1/psu_cortexa53_0/standalone_domain/bsp/system.mss
TRACE::2025-04-09.14:06:27::SCWWriter::formatted JSON is {
	"platformName":	"MLP_NN_Platform_Project_HDL_HLS_v1",
	"sprVersion":	"2.0",
	"mode":	"gui",
	"dsaType":	"Fixed",
	"platformDesc":	"MLP_NN_Platform_Project_HDL_HLS_v1",
	"platHandOff":	"C:/Users/sunil/VivadoProjects/EE4218Labs/Project/MLP_NN_Project/MLP_NN_HDL_HLS_v1.xsa",
	"platIntHandOff":	"<platformDir>/hw/MLP_NN_HDL_HLS_v1.xsa",
	"deviceType":	"zynqMP",
	"platIsPrebuiltAutogen":	"false",
	"platIsNoBootBsp":	"false",
	"platFsblTarget":	"psu_cortexa53_0",
	"hasFsblMakeHasChanges":	"false",
	"hasPmufwMakeHasChanges":	"false",
	"fsblExtraCompilerFlags":	"-MMD -MP      -Wall -fmessage-length=0 -DARMA53_64 -Os -flto -ffat-lto-objects  ",
	"pmufwExtraCompilerFlags":	"-MMD -MP      -mlittle-endian -mxl-barrel-shift -mxl-pattern-compare -mcpu=v9.2 -mxl-soft-mul -Os -flto -ffat-lto-objects  ",
	"platPreBuiltFlag":	false,
	"platformSamplesDir":	"",
	"platActiveSys":	"MLP_NN_Platform_Project_HDL_HLS_v1",
	"systems":	[{
			"systemName":	"MLP_NN_Platform_Project_HDL_HLS_v1",
			"systemDesc":	"MLP_NN_Platform_Project_HDL_HLS_v1",
			"sysIsBootAutoGen":	"true",
			"systemDispName":	"MLP_NN_Platform_Project_HDL_HLS_v1",
			"sysActiveDom":	"standalone_domain",
			"sysDefaultDom":	"standalone_domain",
			"domains":	[{
					"domainName":	"zynqmp_fsbl",
					"domainDispName":	"zynqmp_fsbl",
					"domainDesc":	"FSBL Application BSP - Auto Generated.",
					"processors":	"psu_cortexa53_0",
					"os":	"standalone",
					"sdxOs":	"standalone",
					"debugEnable":	"",
					"domRuntimes":	["cpp"],
					"swRepo":	"",
					"mssOsVer":	"9.0",
					"mssFile":	"",
					"md5Digest":	"c7c8fa58e044570b55d2f2ba60dc3bc0",
					"compatibleApp":	"zynqmp_fsbl",
					"domType":	"bootDomain",
					"arch":	"64-bit",
					"appSettings":	{
						"appCompilerFlags":	"",
						"appLinkerFlags":	""
					},
					"addedLibs":	["xilffs:5.1", "xilsecure:5.2", "xilpm:5.1"],
					"libOptions":	{
						"standalone":	{
							"zynqmp_fsbl_bsp":	"true",
							"libOptionNames":	["zynqmp_fsbl_bsp"]
						},
						"xilffs":	{
							"read_only":	"true",
							"use_mkfs":	"false",
							"libOptionNames":	["read_only", "use_mkfs"]
						},
						"xilsecure":	{
							"tpm_support":	"true",
							"libOptionNames":	["tpm_support"]
						},
						"libsContainingOptions":	["standalone", "xilffs", "xilsecure"]
					},
					"prebuiltLibs":	{
						"prebuiltIncPath":	[],
						"prebuiltLibPath":	[]
					},
					"isolation":	{
					}
				}, {
					"domainName":	"zynqmp_pmufw",
					"domainDispName":	"zynqmp_pmufw",
					"domainDesc":	"PMUFW Application BSP - Auto Generated.",
					"processors":	"psu_pmu_0",
					"os":	"standalone",
					"sdxOs":	"standalone",
					"debugEnable":	"",
					"domRuntimes":	["cpp"],
					"swRepo":	"",
					"mssOsVer":	"9.0",
					"mssFile":	"",
					"md5Digest":	"e6544fc05bafd272b4bb018ad32ad28d",
					"compatibleApp":	"zynqmp_pmufw",
					"domType":	"bootDomain",
					"arch":	"32-bit",
					"appSettings":	{
						"appCompilerFlags":	"",
						"appLinkerFlags":	""
					},
					"addedLibs":	["xilfpga:6.5", "xilsecure:5.2", "xilskey:7.5"],
					"libOptions":	{
						"psu_pmu_0":	{
							"extra_compiler_flags":	"-g -ffunction-sections -fdata-sections -Wall -Wextra -fno-tree-loop-distribute-patterns  -Os -flto -ffat-lto-objects",
							"libOptionNames":	["extra_compiler_flags"]
						},
						"libsContainingOptions":	["psu_pmu_0"]
					},
					"prebuiltLibs":	{
						"prebuiltIncPath":	[],
						"prebuiltLibPath":	[]
					},
					"isolation":	{
					}
				}, {
					"domainName":	"standalone_domain",
					"domainDispName":	"standalone_domain",
					"domainDesc":	"standalone_domain",
					"processors":	"psu_cortexa53_0",
					"os":	"standalone",
					"sdxOs":	"standalone",
					"qemuArgs":	"<platformDir>/resources/MLP_NN_Platform_Project_HDL_HLS_v1/standalone_domain/qemu_args.txt",
					"qemuData":	"<platformDir>/resources/MLP_NN_Platform_Project_HDL_HLS_v1/standalone_domain/qemu",
					"pmuQemuArgs":	"<platformDir>/resources/MLP_NN_Platform_Project_HDL_HLS_v1/standalone_domain/pmu_args.txt",
					"debugEnable":	"False",
					"domRuntimes":	["cpp"],
					"swRepo":	"",
					"mssOsVer":	"9.0",
					"mssFile":	"",
					"md5Digest":	"e970e3844aeffe5da67223332ff51269",
					"compatibleApp":	"",
					"domType":	"mssDomain",
					"arch":	"64-bit",
					"appSettings":	{
						"appCompilerFlags":	"",
						"appLinkerFlags":	""
					},
					"addedLibs":	[],
					"libOptions":	{
						"libsContainingOptions":	[]
					},
					"prebuiltLibs":	{
						"prebuiltIncPath":	[],
						"prebuiltLibPath":	[]
					},
					"isolation":	{
					}
				}]
		}]
}
TRACE::2025-04-09.14:06:27::SCWPlatform::Trying to open the hw design at C:/Users/sunil/VivadoProjects/EE4218Labs/Project/MLP_NN_Platform_Project_HDL_HLS_v1/hw/MLP_NN_HDL_HLS_v1.xsa
TRACE::2025-04-09.14:06:27::SCWPlatform::DSA given C:/Users/sunil/VivadoProjects/EE4218Labs/Project/MLP_NN_Platform_Project_HDL_HLS_v1/hw/MLP_NN_HDL_HLS_v1.xsa
TRACE::2025-04-09.14:06:27::SCWPlatform::DSA absoulate path C:/Users/sunil/VivadoProjects/EE4218Labs/Project/MLP_NN_Platform_Project_HDL_HLS_v1/hw/MLP_NN_HDL_HLS_v1.xsa
TRACE::2025-04-09.14:06:27::SCWPlatform::DSA directory C:/Users/sunil/VivadoProjects/EE4218Labs/Project/MLP_NN_Platform_Project_HDL_HLS_v1/hw
TRACE::2025-04-09.14:06:27::SCWPlatform:: Platform Path C:/Users/sunil/VivadoProjects/EE4218Labs/Project/MLP_NN_Platform_Project_HDL_HLS_v1/hw/MLP_NN_HDL_HLS_v1.xsa
TRACE::2025-04-09.14:06:27::SCWPlatform:: Unique name xilinx:kv260_som::0.0
TRACE::2025-04-09.14:06:27::SCWPlatform::Trying to set the existing hwdb with name design_1_wrapper_1
TRACE::2025-04-09.14:06:27::SCWPlatform::Opened existing hwdb design_1_wrapper_1
TRACE::2025-04-09.14:06:27::SCWPlatform::Found the Hw Db part of the input DSA
TRACE::2025-04-09.14:06:27::SCWMssOS::Checking the sw design at  C:/Users/sunil/VivadoProjects/EE4218Labs/Project/MLP_NN_Platform_Project_HDL_HLS_v1/psu_cortexa53_0/standalone_domain/bsp/system.mss
TRACE::2025-04-09.14:06:27::SCWMssOS::DEBUG:  swdes dump  C:/Users/sunil/VivadoProjects/EE4218Labs/Project/MLP_NN_Platform_Project_HDL_HLS_v1/psu_cortexa53_0/standalone_domain/bsp/system.mss|system_1||
C:/Users/sunil/VivadoProjects/EE4218Labs/Project/MLP_NN_Platform_Project_HDL_HLS_v1/zynqmp_fsbl/zynqmp_fsbl_bsp/system.mss|system||
C:/Users/sunil/VivadoProjects/EE4218Labs/Project/MLP_NN_Platform_Project_HDL_HLS_v1/zynqmp_pmufw/zynqmp_pmufw_bsp/system.mss|system_0||

TRACE::2025-04-09.14:06:27::SCWMssOS::Sw design exists and opened at  C:/Users/sunil/VivadoProjects/EE4218Labs/Project/MLP_NN_Platform_Project_HDL_HLS_v1/psu_cortexa53_0/standalone_domain/bsp/system.mss
TRACE::2025-04-09.14:06:27::SCWPlatform::Trying to open the hw design at C:/Users/sunil/VivadoProjects/EE4218Labs/Project/MLP_NN_Platform_Project_HDL_HLS_v1/hw/MLP_NN_HDL_HLS_v1.xsa
TRACE::2025-04-09.14:06:27::SCWPlatform::DSA given C:/Users/sunil/VivadoProjects/EE4218Labs/Project/MLP_NN_Platform_Project_HDL_HLS_v1/hw/MLP_NN_HDL_HLS_v1.xsa
TRACE::2025-04-09.14:06:27::SCWPlatform::DSA absoulate path C:/Users/sunil/VivadoProjects/EE4218Labs/Project/MLP_NN_Platform_Project_HDL_HLS_v1/hw/MLP_NN_HDL_HLS_v1.xsa
TRACE::2025-04-09.14:06:27::SCWPlatform::DSA directory C:/Users/sunil/VivadoProjects/EE4218Labs/Project/MLP_NN_Platform_Project_HDL_HLS_v1/hw
TRACE::2025-04-09.14:06:27::SCWPlatform:: Platform Path C:/Users/sunil/VivadoProjects/EE4218Labs/Project/MLP_NN_Platform_Project_HDL_HLS_v1/hw/MLP_NN_HDL_HLS_v1.xsa
TRACE::2025-04-09.14:06:27::SCWPlatform:: Unique name xilinx:kv260_som::0.0
TRACE::2025-04-09.14:06:27::SCWPlatform::Trying to set the existing hwdb with name design_1_wrapper_1
TRACE::2025-04-09.14:06:27::SCWPlatform::Opened existing hwdb design_1_wrapper_1
TRACE::2025-04-09.14:06:27::SCWPlatform::Found the Hw Db part of the input DSA
TRACE::2025-04-09.14:06:27::SCWMssOS::Checking the sw design at  C:/Users/sunil/VivadoProjects/EE4218Labs/Project/MLP_NN_Platform_Project_HDL_HLS_v1/psu_cortexa53_0/standalone_domain/bsp/system.mss
TRACE::2025-04-09.14:06:27::SCWMssOS::DEBUG:  swdes dump  C:/Users/sunil/VivadoProjects/EE4218Labs/Project/MLP_NN_Platform_Project_HDL_HLS_v1/psu_cortexa53_0/standalone_domain/bsp/system.mss|system_1||
C:/Users/sunil/VivadoProjects/EE4218Labs/Project/MLP_NN_Platform_Project_HDL_HLS_v1/zynqmp_fsbl/zynqmp_fsbl_bsp/system.mss|system||
C:/Users/sunil/VivadoProjects/EE4218Labs/Project/MLP_NN_Platform_Project_HDL_HLS_v1/zynqmp_pmufw/zynqmp_pmufw_bsp/system.mss|system_0||

TRACE::2025-04-09.14:06:27::SCWMssOS::Sw design exists and opened at  C:/Users/sunil/VivadoProjects/EE4218Labs/Project/MLP_NN_Platform_Project_HDL_HLS_v1/psu_cortexa53_0/standalone_domain/bsp/system.mss
TRACE::2025-04-09.14:06:27::SCWPlatform::Trying to open the hw design at C:/Users/sunil/VivadoProjects/EE4218Labs/Project/MLP_NN_Platform_Project_HDL_HLS_v1/hw/MLP_NN_HDL_HLS_v1.xsa
TRACE::2025-04-09.14:06:27::SCWPlatform::DSA given C:/Users/sunil/VivadoProjects/EE4218Labs/Project/MLP_NN_Platform_Project_HDL_HLS_v1/hw/MLP_NN_HDL_HLS_v1.xsa
TRACE::2025-04-09.14:06:27::SCWPlatform::DSA absoulate path C:/Users/sunil/VivadoProjects/EE4218Labs/Project/MLP_NN_Platform_Project_HDL_HLS_v1/hw/MLP_NN_HDL_HLS_v1.xsa
TRACE::2025-04-09.14:06:27::SCWPlatform::DSA directory C:/Users/sunil/VivadoProjects/EE4218Labs/Project/MLP_NN_Platform_Project_HDL_HLS_v1/hw
TRACE::2025-04-09.14:06:27::SCWPlatform:: Platform Path C:/Users/sunil/VivadoProjects/EE4218Labs/Project/MLP_NN_Platform_Project_HDL_HLS_v1/hw/MLP_NN_HDL_HLS_v1.xsa
TRACE::2025-04-09.14:06:27::SCWPlatform:: Unique name xilinx:kv260_som::0.0
TRACE::2025-04-09.14:06:27::SCWPlatform::Trying to set the existing hwdb with name design_1_wrapper_1
TRACE::2025-04-09.14:06:27::SCWPlatform::Opened existing hwdb design_1_wrapper_1
TRACE::2025-04-09.14:06:27::SCWPlatform::Found the Hw Db part of the input DSA
TRACE::2025-04-09.14:06:27::SCWMssOS::Checking the sw design at  C:/Users/sunil/VivadoProjects/EE4218Labs/Project/MLP_NN_Platform_Project_HDL_HLS_v1/psu_cortexa53_0/standalone_domain/bsp/system.mss
TRACE::2025-04-09.14:06:27::SCWMssOS::DEBUG:  swdes dump  C:/Users/sunil/VivadoProjects/EE4218Labs/Project/MLP_NN_Platform_Project_HDL_HLS_v1/psu_cortexa53_0/standalone_domain/bsp/system.mss|system_1||
C:/Users/sunil/VivadoProjects/EE4218Labs/Project/MLP_NN_Platform_Project_HDL_HLS_v1/zynqmp_fsbl/zynqmp_fsbl_bsp/system.mss|system||
C:/Users/sunil/VivadoProjects/EE4218Labs/Project/MLP_NN_Platform_Project_HDL_HLS_v1/zynqmp_pmufw/zynqmp_pmufw_bsp/system.mss|system_0||

TRACE::2025-04-09.14:06:27::SCWMssOS::Sw design exists and opened at  C:/Users/sunil/VivadoProjects/EE4218Labs/Project/MLP_NN_Platform_Project_HDL_HLS_v1/psu_cortexa53_0/standalone_domain/bsp/system.mss
TRACE::2025-04-09.14:06:27::SCWMssOS::Saving the mss changes C:/Users/sunil/VivadoProjects/EE4218Labs/Project/MLP_NN_Platform_Project_HDL_HLS_v1/zynqmp_fsbl/zynqmp_fsbl_bsp/system.mss
TRACE::2025-04-09.14:06:27::SCWMssOS::Found a swdesign opened with the mssfile.
TRACE::2025-04-09.14:06:27::SCWMssOS::Completed writemss as part of save.
TRACE::2025-04-09.14:06:27::SCWMssOS::Commit changes completed.
TRACE::2025-04-09.14:06:27::SCWMssOS::Saving the mss changes C:/Users/sunil/VivadoProjects/EE4218Labs/Project/MLP_NN_Platform_Project_HDL_HLS_v1/zynqmp_pmufw/zynqmp_pmufw_bsp/system.mss
TRACE::2025-04-09.14:06:27::SCWMssOS::Found a swdesign opened with the mssfile.
TRACE::2025-04-09.14:06:27::SCWMssOS::Completed writemss as part of save.
TRACE::2025-04-09.14:06:27::SCWMssOS::Commit changes completed.
TRACE::2025-04-09.14:06:27::SCWMssOS::Saving the mss changes C:/Users/sunil/VivadoProjects/EE4218Labs/Project/MLP_NN_Platform_Project_HDL_HLS_v1/psu_cortexa53_0/standalone_domain/bsp/system.mss
TRACE::2025-04-09.14:06:27::SCWMssOS::Found a swdesign opened with the mssfile.
TRACE::2025-04-09.14:06:27::SCWMssOS::Completed writemss as part of save.
TRACE::2025-04-09.14:06:27::SCWMssOS::Commit changes completed.
TRACE::2025-04-09.14:06:27::SCWPlatform::Trying to open the hw design at C:/Users/sunil/VivadoProjects/EE4218Labs/Project/MLP_NN_Platform_Project_HDL_HLS_v1/hw/MLP_NN_HDL_HLS_v1.xsa
TRACE::2025-04-09.14:06:27::SCWPlatform::DSA given C:/Users/sunil/VivadoProjects/EE4218Labs/Project/MLP_NN_Platform_Project_HDL_HLS_v1/hw/MLP_NN_HDL_HLS_v1.xsa
TRACE::2025-04-09.14:06:27::SCWPlatform::DSA absoulate path C:/Users/sunil/VivadoProjects/EE4218Labs/Project/MLP_NN_Platform_Project_HDL_HLS_v1/hw/MLP_NN_HDL_HLS_v1.xsa
TRACE::2025-04-09.14:06:27::SCWPlatform::DSA directory C:/Users/sunil/VivadoProjects/EE4218Labs/Project/MLP_NN_Platform_Project_HDL_HLS_v1/hw
TRACE::2025-04-09.14:06:27::SCWPlatform:: Platform Path C:/Users/sunil/VivadoProjects/EE4218Labs/Project/MLP_NN_Platform_Project_HDL_HLS_v1/hw/MLP_NN_HDL_HLS_v1.xsa
TRACE::2025-04-09.14:06:27::SCWPlatform:: Unique name xilinx:kv260_som::0.0
TRACE::2025-04-09.14:06:27::SCWPlatform::Trying to set the existing hwdb with name design_1_wrapper_1
TRACE::2025-04-09.14:06:27::SCWPlatform::Opened existing hwdb design_1_wrapper_1
TRACE::2025-04-09.14:06:27::SCWPlatform::Found the Hw Db part of the input DSA
TRACE::2025-04-09.14:06:27::SCWMssOS::Checking the sw design at  C:/Users/sunil/VivadoProjects/EE4218Labs/Project/MLP_NN_Platform_Project_HDL_HLS_v1/zynqmp_fsbl/zynqmp_fsbl_bsp/system.mss
TRACE::2025-04-09.14:06:27::SCWMssOS::DEBUG:  swdes dump  C:/Users/sunil/VivadoProjects/EE4218Labs/Project/MLP_NN_Platform_Project_HDL_HLS_v1/psu_cortexa53_0/standalone_domain/bsp/system.mss|system_1||
C:/Users/sunil/VivadoProjects/EE4218Labs/Project/MLP_NN_Platform_Project_HDL_HLS_v1/zynqmp_fsbl/zynqmp_fsbl_bsp/system.mss|system||
C:/Users/sunil/VivadoProjects/EE4218Labs/Project/MLP_NN_Platform_Project_HDL_HLS_v1/zynqmp_pmufw/zynqmp_pmufw_bsp/system.mss|system_0||

TRACE::2025-04-09.14:06:27::SCWMssOS::Sw design exists and opened at  C:/Users/sunil/VivadoProjects/EE4218Labs/Project/MLP_NN_Platform_Project_HDL_HLS_v1/zynqmp_fsbl/zynqmp_fsbl_bsp/system.mss
TRACE::2025-04-09.14:06:27::SCWPlatform::Trying to open the hw design at C:/Users/sunil/VivadoProjects/EE4218Labs/Project/MLP_NN_Platform_Project_HDL_HLS_v1/hw/MLP_NN_HDL_HLS_v1.xsa
TRACE::2025-04-09.14:06:27::SCWPlatform::DSA given C:/Users/sunil/VivadoProjects/EE4218Labs/Project/MLP_NN_Platform_Project_HDL_HLS_v1/hw/MLP_NN_HDL_HLS_v1.xsa
TRACE::2025-04-09.14:06:27::SCWPlatform::DSA absoulate path C:/Users/sunil/VivadoProjects/EE4218Labs/Project/MLP_NN_Platform_Project_HDL_HLS_v1/hw/MLP_NN_HDL_HLS_v1.xsa
TRACE::2025-04-09.14:06:27::SCWPlatform::DSA directory C:/Users/sunil/VivadoProjects/EE4218Labs/Project/MLP_NN_Platform_Project_HDL_HLS_v1/hw
TRACE::2025-04-09.14:06:27::SCWPlatform:: Platform Path C:/Users/sunil/VivadoProjects/EE4218Labs/Project/MLP_NN_Platform_Project_HDL_HLS_v1/hw/MLP_NN_HDL_HLS_v1.xsa
TRACE::2025-04-09.14:06:27::SCWPlatform:: Unique name xilinx:kv260_som::0.0
TRACE::2025-04-09.14:06:27::SCWPlatform::Trying to set the existing hwdb with name design_1_wrapper_1
TRACE::2025-04-09.14:06:27::SCWPlatform::Opened existing hwdb design_1_wrapper_1
TRACE::2025-04-09.14:06:27::SCWPlatform::Found the Hw Db part of the input DSA
TRACE::2025-04-09.14:06:27::SCWMssOS::Checking the sw design at  C:/Users/sunil/VivadoProjects/EE4218Labs/Project/MLP_NN_Platform_Project_HDL_HLS_v1/zynqmp_fsbl/zynqmp_fsbl_bsp/system.mss
TRACE::2025-04-09.14:06:27::SCWMssOS::DEBUG:  swdes dump  C:/Users/sunil/VivadoProjects/EE4218Labs/Project/MLP_NN_Platform_Project_HDL_HLS_v1/psu_cortexa53_0/standalone_domain/bsp/system.mss|system_1||
C:/Users/sunil/VivadoProjects/EE4218Labs/Project/MLP_NN_Platform_Project_HDL_HLS_v1/zynqmp_fsbl/zynqmp_fsbl_bsp/system.mss|system||
C:/Users/sunil/VivadoProjects/EE4218Labs/Project/MLP_NN_Platform_Project_HDL_HLS_v1/zynqmp_pmufw/zynqmp_pmufw_bsp/system.mss|system_0||

TRACE::2025-04-09.14:06:27::SCWMssOS::Sw design exists and opened at  C:/Users/sunil/VivadoProjects/EE4218Labs/Project/MLP_NN_Platform_Project_HDL_HLS_v1/zynqmp_fsbl/zynqmp_fsbl_bsp/system.mss
TRACE::2025-04-09.14:06:27::SCWPlatform::Trying to open the hw design at C:/Users/sunil/VivadoProjects/EE4218Labs/Project/MLP_NN_Platform_Project_HDL_HLS_v1/hw/MLP_NN_HDL_HLS_v1.xsa
TRACE::2025-04-09.14:06:27::SCWPlatform::DSA given C:/Users/sunil/VivadoProjects/EE4218Labs/Project/MLP_NN_Platform_Project_HDL_HLS_v1/hw/MLP_NN_HDL_HLS_v1.xsa
TRACE::2025-04-09.14:06:27::SCWPlatform::DSA absoulate path C:/Users/sunil/VivadoProjects/EE4218Labs/Project/MLP_NN_Platform_Project_HDL_HLS_v1/hw/MLP_NN_HDL_HLS_v1.xsa
TRACE::2025-04-09.14:06:27::SCWPlatform::DSA directory C:/Users/sunil/VivadoProjects/EE4218Labs/Project/MLP_NN_Platform_Project_HDL_HLS_v1/hw
TRACE::2025-04-09.14:06:27::SCWPlatform:: Platform Path C:/Users/sunil/VivadoProjects/EE4218Labs/Project/MLP_NN_Platform_Project_HDL_HLS_v1/hw/MLP_NN_HDL_HLS_v1.xsa
TRACE::2025-04-09.14:06:27::SCWPlatform:: Unique name xilinx:kv260_som::0.0
TRACE::2025-04-09.14:06:27::SCWPlatform::Trying to set the existing hwdb with name design_1_wrapper_1
TRACE::2025-04-09.14:06:27::SCWPlatform::Opened existing hwdb design_1_wrapper_1
TRACE::2025-04-09.14:06:27::SCWPlatform::Found the Hw Db part of the input DSA
TRACE::2025-04-09.14:06:27::SCWMssOS::Checking the sw design at  C:/Users/sunil/VivadoProjects/EE4218Labs/Project/MLP_NN_Platform_Project_HDL_HLS_v1/zynqmp_fsbl/zynqmp_fsbl_bsp/system.mss
TRACE::2025-04-09.14:06:27::SCWMssOS::DEBUG:  swdes dump  C:/Users/sunil/VivadoProjects/EE4218Labs/Project/MLP_NN_Platform_Project_HDL_HLS_v1/psu_cortexa53_0/standalone_domain/bsp/system.mss|system_1||
C:/Users/sunil/VivadoProjects/EE4218Labs/Project/MLP_NN_Platform_Project_HDL_HLS_v1/zynqmp_fsbl/zynqmp_fsbl_bsp/system.mss|system||
C:/Users/sunil/VivadoProjects/EE4218Labs/Project/MLP_NN_Platform_Project_HDL_HLS_v1/zynqmp_pmufw/zynqmp_pmufw_bsp/system.mss|system_0||

TRACE::2025-04-09.14:06:27::SCWMssOS::Sw design exists and opened at  C:/Users/sunil/VivadoProjects/EE4218Labs/Project/MLP_NN_Platform_Project_HDL_HLS_v1/zynqmp_fsbl/zynqmp_fsbl_bsp/system.mss
TRACE::2025-04-09.14:06:27::SCWPlatform::Trying to open the hw design at C:/Users/sunil/VivadoProjects/EE4218Labs/Project/MLP_NN_Platform_Project_HDL_HLS_v1/hw/MLP_NN_HDL_HLS_v1.xsa
TRACE::2025-04-09.14:06:27::SCWPlatform::DSA given C:/Users/sunil/VivadoProjects/EE4218Labs/Project/MLP_NN_Platform_Project_HDL_HLS_v1/hw/MLP_NN_HDL_HLS_v1.xsa
TRACE::2025-04-09.14:06:27::SCWPlatform::DSA absoulate path C:/Users/sunil/VivadoProjects/EE4218Labs/Project/MLP_NN_Platform_Project_HDL_HLS_v1/hw/MLP_NN_HDL_HLS_v1.xsa
TRACE::2025-04-09.14:06:27::SCWPlatform::DSA directory C:/Users/sunil/VivadoProjects/EE4218Labs/Project/MLP_NN_Platform_Project_HDL_HLS_v1/hw
TRACE::2025-04-09.14:06:27::SCWPlatform:: Platform Path C:/Users/sunil/VivadoProjects/EE4218Labs/Project/MLP_NN_Platform_Project_HDL_HLS_v1/hw/MLP_NN_HDL_HLS_v1.xsa
TRACE::2025-04-09.14:06:27::SCWPlatform:: Unique name xilinx:kv260_som::0.0
TRACE::2025-04-09.14:06:27::SCWPlatform::Trying to set the existing hwdb with name design_1_wrapper_1
TRACE::2025-04-09.14:06:27::SCWPlatform::Opened existing hwdb design_1_wrapper_1
TRACE::2025-04-09.14:06:27::SCWPlatform::Found the Hw Db part of the input DSA
TRACE::2025-04-09.14:06:27::SCWMssOS::Checking the sw design at  C:/Users/sunil/VivadoProjects/EE4218Labs/Project/MLP_NN_Platform_Project_HDL_HLS_v1/zynqmp_pmufw/zynqmp_pmufw_bsp/system.mss
TRACE::2025-04-09.14:06:27::SCWMssOS::DEBUG:  swdes dump  C:/Users/sunil/VivadoProjects/EE4218Labs/Project/MLP_NN_Platform_Project_HDL_HLS_v1/psu_cortexa53_0/standalone_domain/bsp/system.mss|system_1||
C:/Users/sunil/VivadoProjects/EE4218Labs/Project/MLP_NN_Platform_Project_HDL_HLS_v1/zynqmp_fsbl/zynqmp_fsbl_bsp/system.mss|system||
C:/Users/sunil/VivadoProjects/EE4218Labs/Project/MLP_NN_Platform_Project_HDL_HLS_v1/zynqmp_pmufw/zynqmp_pmufw_bsp/system.mss|system_0||

TRACE::2025-04-09.14:06:27::SCWMssOS::Sw design exists and opened at  C:/Users/sunil/VivadoProjects/EE4218Labs/Project/MLP_NN_Platform_Project_HDL_HLS_v1/zynqmp_pmufw/zynqmp_pmufw_bsp/system.mss
TRACE::2025-04-09.14:06:27::SCWPlatform::Trying to open the hw design at C:/Users/sunil/VivadoProjects/EE4218Labs/Project/MLP_NN_Platform_Project_HDL_HLS_v1/hw/MLP_NN_HDL_HLS_v1.xsa
TRACE::2025-04-09.14:06:27::SCWPlatform::DSA given C:/Users/sunil/VivadoProjects/EE4218Labs/Project/MLP_NN_Platform_Project_HDL_HLS_v1/hw/MLP_NN_HDL_HLS_v1.xsa
TRACE::2025-04-09.14:06:27::SCWPlatform::DSA absoulate path C:/Users/sunil/VivadoProjects/EE4218Labs/Project/MLP_NN_Platform_Project_HDL_HLS_v1/hw/MLP_NN_HDL_HLS_v1.xsa
TRACE::2025-04-09.14:06:27::SCWPlatform::DSA directory C:/Users/sunil/VivadoProjects/EE4218Labs/Project/MLP_NN_Platform_Project_HDL_HLS_v1/hw
TRACE::2025-04-09.14:06:27::SCWPlatform:: Platform Path C:/Users/sunil/VivadoProjects/EE4218Labs/Project/MLP_NN_Platform_Project_HDL_HLS_v1/hw/MLP_NN_HDL_HLS_v1.xsa
TRACE::2025-04-09.14:06:27::SCWPlatform:: Unique name xilinx:kv260_som::0.0
TRACE::2025-04-09.14:06:27::SCWPlatform::Trying to set the existing hwdb with name design_1_wrapper_1
TRACE::2025-04-09.14:06:27::SCWPlatform::Opened existing hwdb design_1_wrapper_1
TRACE::2025-04-09.14:06:27::SCWPlatform::Found the Hw Db part of the input DSA
TRACE::2025-04-09.14:06:27::SCWMssOS::Checking the sw design at  C:/Users/sunil/VivadoProjects/EE4218Labs/Project/MLP_NN_Platform_Project_HDL_HLS_v1/zynqmp_pmufw/zynqmp_pmufw_bsp/system.mss
TRACE::2025-04-09.14:06:27::SCWMssOS::DEBUG:  swdes dump  C:/Users/sunil/VivadoProjects/EE4218Labs/Project/MLP_NN_Platform_Project_HDL_HLS_v1/psu_cortexa53_0/standalone_domain/bsp/system.mss|system_1||
C:/Users/sunil/VivadoProjects/EE4218Labs/Project/MLP_NN_Platform_Project_HDL_HLS_v1/zynqmp_fsbl/zynqmp_fsbl_bsp/system.mss|system||
C:/Users/sunil/VivadoProjects/EE4218Labs/Project/MLP_NN_Platform_Project_HDL_HLS_v1/zynqmp_pmufw/zynqmp_pmufw_bsp/system.mss|system_0||

TRACE::2025-04-09.14:06:27::SCWMssOS::Sw design exists and opened at  C:/Users/sunil/VivadoProjects/EE4218Labs/Project/MLP_NN_Platform_Project_HDL_HLS_v1/zynqmp_pmufw/zynqmp_pmufw_bsp/system.mss
TRACE::2025-04-09.14:06:27::SCWPlatform::Trying to open the hw design at C:/Users/sunil/VivadoProjects/EE4218Labs/Project/MLP_NN_Platform_Project_HDL_HLS_v1/hw/MLP_NN_HDL_HLS_v1.xsa
TRACE::2025-04-09.14:06:27::SCWPlatform::DSA given C:/Users/sunil/VivadoProjects/EE4218Labs/Project/MLP_NN_Platform_Project_HDL_HLS_v1/hw/MLP_NN_HDL_HLS_v1.xsa
TRACE::2025-04-09.14:06:27::SCWPlatform::DSA absoulate path C:/Users/sunil/VivadoProjects/EE4218Labs/Project/MLP_NN_Platform_Project_HDL_HLS_v1/hw/MLP_NN_HDL_HLS_v1.xsa
TRACE::2025-04-09.14:06:27::SCWPlatform::DSA directory C:/Users/sunil/VivadoProjects/EE4218Labs/Project/MLP_NN_Platform_Project_HDL_HLS_v1/hw
TRACE::2025-04-09.14:06:27::SCWPlatform:: Platform Path C:/Users/sunil/VivadoProjects/EE4218Labs/Project/MLP_NN_Platform_Project_HDL_HLS_v1/hw/MLP_NN_HDL_HLS_v1.xsa
TRACE::2025-04-09.14:06:27::SCWPlatform:: Unique name xilinx:kv260_som::0.0
TRACE::2025-04-09.14:06:27::SCWPlatform::Trying to set the existing hwdb with name design_1_wrapper_1
TRACE::2025-04-09.14:06:27::SCWPlatform::Opened existing hwdb design_1_wrapper_1
TRACE::2025-04-09.14:06:27::SCWPlatform::Found the Hw Db part of the input DSA
TRACE::2025-04-09.14:06:27::SCWMssOS::Checking the sw design at  C:/Users/sunil/VivadoProjects/EE4218Labs/Project/MLP_NN_Platform_Project_HDL_HLS_v1/zynqmp_pmufw/zynqmp_pmufw_bsp/system.mss
TRACE::2025-04-09.14:06:27::SCWMssOS::DEBUG:  swdes dump  C:/Users/sunil/VivadoProjects/EE4218Labs/Project/MLP_NN_Platform_Project_HDL_HLS_v1/psu_cortexa53_0/standalone_domain/bsp/system.mss|system_1||
C:/Users/sunil/VivadoProjects/EE4218Labs/Project/MLP_NN_Platform_Project_HDL_HLS_v1/zynqmp_fsbl/zynqmp_fsbl_bsp/system.mss|system||
C:/Users/sunil/VivadoProjects/EE4218Labs/Project/MLP_NN_Platform_Project_HDL_HLS_v1/zynqmp_pmufw/zynqmp_pmufw_bsp/system.mss|system_0||

TRACE::2025-04-09.14:06:27::SCWMssOS::Sw design exists and opened at  C:/Users/sunil/VivadoProjects/EE4218Labs/Project/MLP_NN_Platform_Project_HDL_HLS_v1/zynqmp_pmufw/zynqmp_pmufw_bsp/system.mss
TRACE::2025-04-09.14:06:27::SCWPlatform::Trying to open the hw design at C:/Users/sunil/VivadoProjects/EE4218Labs/Project/MLP_NN_Platform_Project_HDL_HLS_v1/hw/MLP_NN_HDL_HLS_v1.xsa
TRACE::2025-04-09.14:06:27::SCWPlatform::DSA given C:/Users/sunil/VivadoProjects/EE4218Labs/Project/MLP_NN_Platform_Project_HDL_HLS_v1/hw/MLP_NN_HDL_HLS_v1.xsa
TRACE::2025-04-09.14:06:27::SCWPlatform::DSA absoulate path C:/Users/sunil/VivadoProjects/EE4218Labs/Project/MLP_NN_Platform_Project_HDL_HLS_v1/hw/MLP_NN_HDL_HLS_v1.xsa
TRACE::2025-04-09.14:06:27::SCWPlatform::DSA directory C:/Users/sunil/VivadoProjects/EE4218Labs/Project/MLP_NN_Platform_Project_HDL_HLS_v1/hw
TRACE::2025-04-09.14:06:27::SCWPlatform:: Platform Path C:/Users/sunil/VivadoProjects/EE4218Labs/Project/MLP_NN_Platform_Project_HDL_HLS_v1/hw/MLP_NN_HDL_HLS_v1.xsa
TRACE::2025-04-09.14:06:27::SCWPlatform:: Unique name xilinx:kv260_som::0.0
TRACE::2025-04-09.14:06:27::SCWPlatform::Trying to set the existing hwdb with name design_1_wrapper_1
TRACE::2025-04-09.14:06:27::SCWPlatform::Opened existing hwdb design_1_wrapper_1
TRACE::2025-04-09.14:06:27::SCWPlatform::Found the Hw Db part of the input DSA
TRACE::2025-04-09.14:06:27::SCWMssOS::Checking the sw design at  C:/Users/sunil/VivadoProjects/EE4218Labs/Project/MLP_NN_Platform_Project_HDL_HLS_v1/psu_cortexa53_0/standalone_domain/bsp/system.mss
TRACE::2025-04-09.14:06:27::SCWMssOS::DEBUG:  swdes dump  C:/Users/sunil/VivadoProjects/EE4218Labs/Project/MLP_NN_Platform_Project_HDL_HLS_v1/psu_cortexa53_0/standalone_domain/bsp/system.mss|system_1||
C:/Users/sunil/VivadoProjects/EE4218Labs/Project/MLP_NN_Platform_Project_HDL_HLS_v1/zynqmp_fsbl/zynqmp_fsbl_bsp/system.mss|system||
C:/Users/sunil/VivadoProjects/EE4218Labs/Project/MLP_NN_Platform_Project_HDL_HLS_v1/zynqmp_pmufw/zynqmp_pmufw_bsp/system.mss|system_0||

TRACE::2025-04-09.14:06:27::SCWMssOS::Sw design exists and opened at  C:/Users/sunil/VivadoProjects/EE4218Labs/Project/MLP_NN_Platform_Project_HDL_HLS_v1/psu_cortexa53_0/standalone_domain/bsp/system.mss
TRACE::2025-04-09.14:06:27::SCWPlatform::Trying to open the hw design at C:/Users/sunil/VivadoProjects/EE4218Labs/Project/MLP_NN_Platform_Project_HDL_HLS_v1/hw/MLP_NN_HDL_HLS_v1.xsa
TRACE::2025-04-09.14:06:27::SCWPlatform::DSA given C:/Users/sunil/VivadoProjects/EE4218Labs/Project/MLP_NN_Platform_Project_HDL_HLS_v1/hw/MLP_NN_HDL_HLS_v1.xsa
TRACE::2025-04-09.14:06:27::SCWPlatform::DSA absoulate path C:/Users/sunil/VivadoProjects/EE4218Labs/Project/MLP_NN_Platform_Project_HDL_HLS_v1/hw/MLP_NN_HDL_HLS_v1.xsa
TRACE::2025-04-09.14:06:27::SCWPlatform::DSA directory C:/Users/sunil/VivadoProjects/EE4218Labs/Project/MLP_NN_Platform_Project_HDL_HLS_v1/hw
TRACE::2025-04-09.14:06:27::SCWPlatform:: Platform Path C:/Users/sunil/VivadoProjects/EE4218Labs/Project/MLP_NN_Platform_Project_HDL_HLS_v1/hw/MLP_NN_HDL_HLS_v1.xsa
TRACE::2025-04-09.14:06:27::SCWPlatform:: Unique name xilinx:kv260_som::0.0
TRACE::2025-04-09.14:06:27::SCWPlatform::Trying to set the existing hwdb with name design_1_wrapper_1
TRACE::2025-04-09.14:06:27::SCWPlatform::Opened existing hwdb design_1_wrapper_1
TRACE::2025-04-09.14:06:27::SCWPlatform::Found the Hw Db part of the input DSA
TRACE::2025-04-09.14:06:27::SCWMssOS::Checking the sw design at  C:/Users/sunil/VivadoProjects/EE4218Labs/Project/MLP_NN_Platform_Project_HDL_HLS_v1/psu_cortexa53_0/standalone_domain/bsp/system.mss
TRACE::2025-04-09.14:06:27::SCWMssOS::DEBUG:  swdes dump  C:/Users/sunil/VivadoProjects/EE4218Labs/Project/MLP_NN_Platform_Project_HDL_HLS_v1/psu_cortexa53_0/standalone_domain/bsp/system.mss|system_1||
C:/Users/sunil/VivadoProjects/EE4218Labs/Project/MLP_NN_Platform_Project_HDL_HLS_v1/zynqmp_fsbl/zynqmp_fsbl_bsp/system.mss|system||
C:/Users/sunil/VivadoProjects/EE4218Labs/Project/MLP_NN_Platform_Project_HDL_HLS_v1/zynqmp_pmufw/zynqmp_pmufw_bsp/system.mss|system_0||

TRACE::2025-04-09.14:06:27::SCWMssOS::Sw design exists and opened at  C:/Users/sunil/VivadoProjects/EE4218Labs/Project/MLP_NN_Platform_Project_HDL_HLS_v1/psu_cortexa53_0/standalone_domain/bsp/system.mss
TRACE::2025-04-09.14:06:27::SCWPlatform::Trying to open the hw design at C:/Users/sunil/VivadoProjects/EE4218Labs/Project/MLP_NN_Platform_Project_HDL_HLS_v1/hw/MLP_NN_HDL_HLS_v1.xsa
TRACE::2025-04-09.14:06:27::SCWPlatform::DSA given C:/Users/sunil/VivadoProjects/EE4218Labs/Project/MLP_NN_Platform_Project_HDL_HLS_v1/hw/MLP_NN_HDL_HLS_v1.xsa
TRACE::2025-04-09.14:06:27::SCWPlatform::DSA absoulate path C:/Users/sunil/VivadoProjects/EE4218Labs/Project/MLP_NN_Platform_Project_HDL_HLS_v1/hw/MLP_NN_HDL_HLS_v1.xsa
TRACE::2025-04-09.14:06:27::SCWPlatform::DSA directory C:/Users/sunil/VivadoProjects/EE4218Labs/Project/MLP_NN_Platform_Project_HDL_HLS_v1/hw
TRACE::2025-04-09.14:06:27::SCWPlatform:: Platform Path C:/Users/sunil/VivadoProjects/EE4218Labs/Project/MLP_NN_Platform_Project_HDL_HLS_v1/hw/MLP_NN_HDL_HLS_v1.xsa
TRACE::2025-04-09.14:06:27::SCWPlatform:: Unique name xilinx:kv260_som::0.0
TRACE::2025-04-09.14:06:27::SCWPlatform::Trying to set the existing hwdb with name design_1_wrapper_1
TRACE::2025-04-09.14:06:27::SCWPlatform::Opened existing hwdb design_1_wrapper_1
TRACE::2025-04-09.14:06:27::SCWPlatform::Found the Hw Db part of the input DSA
TRACE::2025-04-09.14:06:27::SCWMssOS::Checking the sw design at  C:/Users/sunil/VivadoProjects/EE4218Labs/Project/MLP_NN_Platform_Project_HDL_HLS_v1/psu_cortexa53_0/standalone_domain/bsp/system.mss
TRACE::2025-04-09.14:06:27::SCWMssOS::DEBUG:  swdes dump  C:/Users/sunil/VivadoProjects/EE4218Labs/Project/MLP_NN_Platform_Project_HDL_HLS_v1/psu_cortexa53_0/standalone_domain/bsp/system.mss|system_1||
C:/Users/sunil/VivadoProjects/EE4218Labs/Project/MLP_NN_Platform_Project_HDL_HLS_v1/zynqmp_fsbl/zynqmp_fsbl_bsp/system.mss|system||
C:/Users/sunil/VivadoProjects/EE4218Labs/Project/MLP_NN_Platform_Project_HDL_HLS_v1/zynqmp_pmufw/zynqmp_pmufw_bsp/system.mss|system_0||

TRACE::2025-04-09.14:06:27::SCWMssOS::Sw design exists and opened at  C:/Users/sunil/VivadoProjects/EE4218Labs/Project/MLP_NN_Platform_Project_HDL_HLS_v1/psu_cortexa53_0/standalone_domain/bsp/system.mss
TRACE::2025-04-09.14:06:27::SCWWriter::formatted JSON is {
	"platformName":	"MLP_NN_Platform_Project_HDL_HLS_v1",
	"sprVersion":	"2.0",
	"mode":	"gui",
	"dsaType":	"Fixed",
	"platformDesc":	"MLP_NN_Platform_Project_HDL_HLS_v1",
	"platHandOff":	"C:/Users/sunil/VivadoProjects/EE4218Labs/Project/MLP_NN_Project/MLP_NN_HDL_HLS_v1.xsa",
	"platIntHandOff":	"<platformDir>/hw/MLP_NN_HDL_HLS_v1.xsa",
	"deviceType":	"zynqMP",
	"platIsPrebuiltAutogen":	"false",
	"platIsNoBootBsp":	"false",
	"platFsblTarget":	"psu_cortexa53_0",
	"hasFsblMakeHasChanges":	"false",
	"hasPmufwMakeHasChanges":	"false",
	"fsblExtraCompilerFlags":	"-MMD -MP      -Wall -fmessage-length=0 -DARMA53_64 -Os -flto -ffat-lto-objects  ",
	"pmufwExtraCompilerFlags":	"-MMD -MP      -mlittle-endian -mxl-barrel-shift -mxl-pattern-compare -mcpu=v9.2 -mxl-soft-mul -Os -flto -ffat-lto-objects  ",
	"platPreBuiltFlag":	false,
	"platformSamplesDir":	"",
	"platActiveSys":	"MLP_NN_Platform_Project_HDL_HLS_v1",
	"systems":	[{
			"systemName":	"MLP_NN_Platform_Project_HDL_HLS_v1",
			"systemDesc":	"MLP_NN_Platform_Project_HDL_HLS_v1",
			"sysIsBootAutoGen":	"true",
			"systemDispName":	"MLP_NN_Platform_Project_HDL_HLS_v1",
			"sysActiveDom":	"standalone_domain",
			"sysDefaultDom":	"standalone_domain",
			"domains":	[{
					"domainName":	"zynqmp_fsbl",
					"domainDispName":	"zynqmp_fsbl",
					"domainDesc":	"FSBL Application BSP - Auto Generated.",
					"processors":	"psu_cortexa53_0",
					"os":	"standalone",
					"sdxOs":	"standalone",
					"debugEnable":	"",
					"domRuntimes":	["cpp"],
					"swRepo":	"",
					"mssOsVer":	"9.0",
					"mssFile":	"",
					"md5Digest":	"c7c8fa58e044570b55d2f2ba60dc3bc0",
					"compatibleApp":	"zynqmp_fsbl",
					"domType":	"bootDomain",
					"arch":	"64-bit",
					"appSettings":	{
						"appCompilerFlags":	"",
						"appLinkerFlags":	""
					},
					"addedLibs":	["xilffs:5.1", "xilsecure:5.2", "xilpm:5.1"],
					"libOptions":	{
						"standalone":	{
							"zynqmp_fsbl_bsp":	"true",
							"libOptionNames":	["zynqmp_fsbl_bsp"]
						},
						"xilffs":	{
							"read_only":	"true",
							"use_mkfs":	"false",
							"libOptionNames":	["read_only", "use_mkfs"]
						},
						"xilsecure":	{
							"tpm_support":	"true",
							"libOptionNames":	["tpm_support"]
						},
						"libsContainingOptions":	["standalone", "xilffs", "xilsecure"]
					},
					"prebuiltLibs":	{
						"prebuiltIncPath":	[],
						"prebuiltLibPath":	[]
					},
					"isolation":	{
					}
				}, {
					"domainName":	"zynqmp_pmufw",
					"domainDispName":	"zynqmp_pmufw",
					"domainDesc":	"PMUFW Application BSP - Auto Generated.",
					"processors":	"psu_pmu_0",
					"os":	"standalone",
					"sdxOs":	"standalone",
					"debugEnable":	"",
					"domRuntimes":	["cpp"],
					"swRepo":	"",
					"mssOsVer":	"9.0",
					"mssFile":	"",
					"md5Digest":	"e6544fc05bafd272b4bb018ad32ad28d",
					"compatibleApp":	"zynqmp_pmufw",
					"domType":	"bootDomain",
					"arch":	"32-bit",
					"appSettings":	{
						"appCompilerFlags":	"",
						"appLinkerFlags":	""
					},
					"addedLibs":	["xilfpga:6.5", "xilsecure:5.2", "xilskey:7.5"],
					"libOptions":	{
						"psu_pmu_0":	{
							"extra_compiler_flags":	"-g -ffunction-sections -fdata-sections -Wall -Wextra -fno-tree-loop-distribute-patterns  -Os -flto -ffat-lto-objects",
							"libOptionNames":	["extra_compiler_flags"]
						},
						"libsContainingOptions":	["psu_pmu_0"]
					},
					"prebuiltLibs":	{
						"prebuiltIncPath":	[],
						"prebuiltLibPath":	[]
					},
					"isolation":	{
					}
				}, {
					"domainName":	"standalone_domain",
					"domainDispName":	"standalone on psu_cortexa53_0",
					"domainDesc":	"standalone_domain",
					"processors":	"psu_cortexa53_0",
					"os":	"standalone",
					"sdxOs":	"standalone",
					"qemuArgs":	"<platformDir>/resources/MLP_NN_Platform_Project_HDL_HLS_v1/standalone_domain/qemu_args.txt",
					"qemuData":	"<platformDir>/resources/MLP_NN_Platform_Project_HDL_HLS_v1/standalone_domain/qemu",
					"pmuQemuArgs":	"<platformDir>/resources/MLP_NN_Platform_Project_HDL_HLS_v1/standalone_domain/pmu_args.txt",
					"debugEnable":	"False",
					"domRuntimes":	["cpp"],
					"swRepo":	"",
					"mssOsVer":	"9.0",
					"mssFile":	"",
					"md5Digest":	"e970e3844aeffe5da67223332ff51269",
					"compatibleApp":	"",
					"domType":	"mssDomain",
					"arch":	"64-bit",
					"appSettings":	{
						"appCompilerFlags":	"",
						"appLinkerFlags":	""
					},
					"addedLibs":	[],
					"libOptions":	{
						"libsContainingOptions":	[]
					},
					"prebuiltLibs":	{
						"prebuiltIncPath":	[],
						"prebuiltLibPath":	[]
					},
					"isolation":	{
					}
				}]
		}]
}
TRACE::2025-04-09.14:06:27::SCWMssOS::Saving the mss changes C:/Users/sunil/VivadoProjects/EE4218Labs/Project/MLP_NN_Platform_Project_HDL_HLS_v1/zynqmp_fsbl/zynqmp_fsbl_bsp/system.mss
TRACE::2025-04-09.14:06:27::SCWMssOS::Found a swdesign opened with the mssfile.
TRACE::2025-04-09.14:06:27::SCWMssOS::Completed writemss as part of save.
TRACE::2025-04-09.14:06:27::SCWMssOS::Commit changes completed.
TRACE::2025-04-09.14:06:27::SCWMssOS::Saving the mss changes C:/Users/sunil/VivadoProjects/EE4218Labs/Project/MLP_NN_Platform_Project_HDL_HLS_v1/zynqmp_pmufw/zynqmp_pmufw_bsp/system.mss
TRACE::2025-04-09.14:06:27::SCWMssOS::Found a swdesign opened with the mssfile.
TRACE::2025-04-09.14:06:27::SCWMssOS::Completed writemss as part of save.
TRACE::2025-04-09.14:06:27::SCWMssOS::Commit changes completed.
TRACE::2025-04-09.14:06:27::SCWMssOS::Saving the mss changes C:/Users/sunil/VivadoProjects/EE4218Labs/Project/MLP_NN_Platform_Project_HDL_HLS_v1/psu_cortexa53_0/standalone_domain/bsp/system.mss
TRACE::2025-04-09.14:06:27::SCWMssOS::Found a swdesign opened with the mssfile.
TRACE::2025-04-09.14:06:27::SCWMssOS::Completed writemss as part of save.
TRACE::2025-04-09.14:06:27::SCWMssOS::Commit changes completed.
TRACE::2025-04-09.14:06:27::SCWPlatform::Trying to open the hw design at C:/Users/sunil/VivadoProjects/EE4218Labs/Project/MLP_NN_Platform_Project_HDL_HLS_v1/hw/MLP_NN_HDL_HLS_v1.xsa
TRACE::2025-04-09.14:06:27::SCWPlatform::DSA given C:/Users/sunil/VivadoProjects/EE4218Labs/Project/MLP_NN_Platform_Project_HDL_HLS_v1/hw/MLP_NN_HDL_HLS_v1.xsa
TRACE::2025-04-09.14:06:27::SCWPlatform::DSA absoulate path C:/Users/sunil/VivadoProjects/EE4218Labs/Project/MLP_NN_Platform_Project_HDL_HLS_v1/hw/MLP_NN_HDL_HLS_v1.xsa
TRACE::2025-04-09.14:06:27::SCWPlatform::DSA directory C:/Users/sunil/VivadoProjects/EE4218Labs/Project/MLP_NN_Platform_Project_HDL_HLS_v1/hw
TRACE::2025-04-09.14:06:27::SCWPlatform:: Platform Path C:/Users/sunil/VivadoProjects/EE4218Labs/Project/MLP_NN_Platform_Project_HDL_HLS_v1/hw/MLP_NN_HDL_HLS_v1.xsa
TRACE::2025-04-09.14:06:27::SCWPlatform:: Unique name xilinx:kv260_som::0.0
TRACE::2025-04-09.14:06:27::SCWPlatform::Trying to set the existing hwdb with name design_1_wrapper_1
TRACE::2025-04-09.14:06:27::SCWPlatform::Opened existing hwdb design_1_wrapper_1
TRACE::2025-04-09.14:06:27::SCWPlatform::Found the Hw Db part of the input DSA
TRACE::2025-04-09.14:06:27::SCWMssOS::Checking the sw design at  C:/Users/sunil/VivadoProjects/EE4218Labs/Project/MLP_NN_Platform_Project_HDL_HLS_v1/zynqmp_fsbl/zynqmp_fsbl_bsp/system.mss
TRACE::2025-04-09.14:06:27::SCWMssOS::DEBUG:  swdes dump  C:/Users/sunil/VivadoProjects/EE4218Labs/Project/MLP_NN_Platform_Project_HDL_HLS_v1/psu_cortexa53_0/standalone_domain/bsp/system.mss|system_1||
C:/Users/sunil/VivadoProjects/EE4218Labs/Project/MLP_NN_Platform_Project_HDL_HLS_v1/zynqmp_fsbl/zynqmp_fsbl_bsp/system.mss|system||
C:/Users/sunil/VivadoProjects/EE4218Labs/Project/MLP_NN_Platform_Project_HDL_HLS_v1/zynqmp_pmufw/zynqmp_pmufw_bsp/system.mss|system_0||

TRACE::2025-04-09.14:06:27::SCWMssOS::Sw design exists and opened at  C:/Users/sunil/VivadoProjects/EE4218Labs/Project/MLP_NN_Platform_Project_HDL_HLS_v1/zynqmp_fsbl/zynqmp_fsbl_bsp/system.mss
TRACE::2025-04-09.14:06:27::SCWPlatform::Trying to open the hw design at C:/Users/sunil/VivadoProjects/EE4218Labs/Project/MLP_NN_Platform_Project_HDL_HLS_v1/hw/MLP_NN_HDL_HLS_v1.xsa
TRACE::2025-04-09.14:06:27::SCWPlatform::DSA given C:/Users/sunil/VivadoProjects/EE4218Labs/Project/MLP_NN_Platform_Project_HDL_HLS_v1/hw/MLP_NN_HDL_HLS_v1.xsa
TRACE::2025-04-09.14:06:27::SCWPlatform::DSA absoulate path C:/Users/sunil/VivadoProjects/EE4218Labs/Project/MLP_NN_Platform_Project_HDL_HLS_v1/hw/MLP_NN_HDL_HLS_v1.xsa
TRACE::2025-04-09.14:06:27::SCWPlatform::DSA directory C:/Users/sunil/VivadoProjects/EE4218Labs/Project/MLP_NN_Platform_Project_HDL_HLS_v1/hw
TRACE::2025-04-09.14:06:27::SCWPlatform:: Platform Path C:/Users/sunil/VivadoProjects/EE4218Labs/Project/MLP_NN_Platform_Project_HDL_HLS_v1/hw/MLP_NN_HDL_HLS_v1.xsa
TRACE::2025-04-09.14:06:27::SCWPlatform:: Unique name xilinx:kv260_som::0.0
TRACE::2025-04-09.14:06:27::SCWPlatform::Trying to set the existing hwdb with name design_1_wrapper_1
TRACE::2025-04-09.14:06:27::SCWPlatform::Opened existing hwdb design_1_wrapper_1
TRACE::2025-04-09.14:06:27::SCWPlatform::Found the Hw Db part of the input DSA
TRACE::2025-04-09.14:06:27::SCWMssOS::Checking the sw design at  C:/Users/sunil/VivadoProjects/EE4218Labs/Project/MLP_NN_Platform_Project_HDL_HLS_v1/zynqmp_fsbl/zynqmp_fsbl_bsp/system.mss
TRACE::2025-04-09.14:06:27::SCWMssOS::DEBUG:  swdes dump  C:/Users/sunil/VivadoProjects/EE4218Labs/Project/MLP_NN_Platform_Project_HDL_HLS_v1/psu_cortexa53_0/standalone_domain/bsp/system.mss|system_1||
C:/Users/sunil/VivadoProjects/EE4218Labs/Project/MLP_NN_Platform_Project_HDL_HLS_v1/zynqmp_fsbl/zynqmp_fsbl_bsp/system.mss|system||
C:/Users/sunil/VivadoProjects/EE4218Labs/Project/MLP_NN_Platform_Project_HDL_HLS_v1/zynqmp_pmufw/zynqmp_pmufw_bsp/system.mss|system_0||

TRACE::2025-04-09.14:06:27::SCWMssOS::Sw design exists and opened at  C:/Users/sunil/VivadoProjects/EE4218Labs/Project/MLP_NN_Platform_Project_HDL_HLS_v1/zynqmp_fsbl/zynqmp_fsbl_bsp/system.mss
TRACE::2025-04-09.14:06:27::SCWPlatform::Trying to open the hw design at C:/Users/sunil/VivadoProjects/EE4218Labs/Project/MLP_NN_Platform_Project_HDL_HLS_v1/hw/MLP_NN_HDL_HLS_v1.xsa
TRACE::2025-04-09.14:06:27::SCWPlatform::DSA given C:/Users/sunil/VivadoProjects/EE4218Labs/Project/MLP_NN_Platform_Project_HDL_HLS_v1/hw/MLP_NN_HDL_HLS_v1.xsa
TRACE::2025-04-09.14:06:27::SCWPlatform::DSA absoulate path C:/Users/sunil/VivadoProjects/EE4218Labs/Project/MLP_NN_Platform_Project_HDL_HLS_v1/hw/MLP_NN_HDL_HLS_v1.xsa
TRACE::2025-04-09.14:06:27::SCWPlatform::DSA directory C:/Users/sunil/VivadoProjects/EE4218Labs/Project/MLP_NN_Platform_Project_HDL_HLS_v1/hw
TRACE::2025-04-09.14:06:27::SCWPlatform:: Platform Path C:/Users/sunil/VivadoProjects/EE4218Labs/Project/MLP_NN_Platform_Project_HDL_HLS_v1/hw/MLP_NN_HDL_HLS_v1.xsa
TRACE::2025-04-09.14:06:27::SCWPlatform:: Unique name xilinx:kv260_som::0.0
TRACE::2025-04-09.14:06:27::SCWPlatform::Trying to set the existing hwdb with name design_1_wrapper_1
TRACE::2025-04-09.14:06:27::SCWPlatform::Opened existing hwdb design_1_wrapper_1
TRACE::2025-04-09.14:06:27::SCWPlatform::Found the Hw Db part of the input DSA
TRACE::2025-04-09.14:06:27::SCWMssOS::Checking the sw design at  C:/Users/sunil/VivadoProjects/EE4218Labs/Project/MLP_NN_Platform_Project_HDL_HLS_v1/zynqmp_fsbl/zynqmp_fsbl_bsp/system.mss
TRACE::2025-04-09.14:06:27::SCWMssOS::DEBUG:  swdes dump  C:/Users/sunil/VivadoProjects/EE4218Labs/Project/MLP_NN_Platform_Project_HDL_HLS_v1/psu_cortexa53_0/standalone_domain/bsp/system.mss|system_1||
C:/Users/sunil/VivadoProjects/EE4218Labs/Project/MLP_NN_Platform_Project_HDL_HLS_v1/zynqmp_fsbl/zynqmp_fsbl_bsp/system.mss|system||
C:/Users/sunil/VivadoProjects/EE4218Labs/Project/MLP_NN_Platform_Project_HDL_HLS_v1/zynqmp_pmufw/zynqmp_pmufw_bsp/system.mss|system_0||

TRACE::2025-04-09.14:06:27::SCWMssOS::Sw design exists and opened at  C:/Users/sunil/VivadoProjects/EE4218Labs/Project/MLP_NN_Platform_Project_HDL_HLS_v1/zynqmp_fsbl/zynqmp_fsbl_bsp/system.mss
TRACE::2025-04-09.14:06:27::SCWPlatform::Trying to open the hw design at C:/Users/sunil/VivadoProjects/EE4218Labs/Project/MLP_NN_Platform_Project_HDL_HLS_v1/hw/MLP_NN_HDL_HLS_v1.xsa
TRACE::2025-04-09.14:06:27::SCWPlatform::DSA given C:/Users/sunil/VivadoProjects/EE4218Labs/Project/MLP_NN_Platform_Project_HDL_HLS_v1/hw/MLP_NN_HDL_HLS_v1.xsa
TRACE::2025-04-09.14:06:27::SCWPlatform::DSA absoulate path C:/Users/sunil/VivadoProjects/EE4218Labs/Project/MLP_NN_Platform_Project_HDL_HLS_v1/hw/MLP_NN_HDL_HLS_v1.xsa
TRACE::2025-04-09.14:06:27::SCWPlatform::DSA directory C:/Users/sunil/VivadoProjects/EE4218Labs/Project/MLP_NN_Platform_Project_HDL_HLS_v1/hw
TRACE::2025-04-09.14:06:27::SCWPlatform:: Platform Path C:/Users/sunil/VivadoProjects/EE4218Labs/Project/MLP_NN_Platform_Project_HDL_HLS_v1/hw/MLP_NN_HDL_HLS_v1.xsa
TRACE::2025-04-09.14:06:27::SCWPlatform:: Unique name xilinx:kv260_som::0.0
TRACE::2025-04-09.14:06:27::SCWPlatform::Trying to set the existing hwdb with name design_1_wrapper_1
TRACE::2025-04-09.14:06:27::SCWPlatform::Opened existing hwdb design_1_wrapper_1
TRACE::2025-04-09.14:06:27::SCWPlatform::Found the Hw Db part of the input DSA
TRACE::2025-04-09.14:06:27::SCWMssOS::Checking the sw design at  C:/Users/sunil/VivadoProjects/EE4218Labs/Project/MLP_NN_Platform_Project_HDL_HLS_v1/zynqmp_pmufw/zynqmp_pmufw_bsp/system.mss
TRACE::2025-04-09.14:06:27::SCWMssOS::DEBUG:  swdes dump  C:/Users/sunil/VivadoProjects/EE4218Labs/Project/MLP_NN_Platform_Project_HDL_HLS_v1/psu_cortexa53_0/standalone_domain/bsp/system.mss|system_1||
C:/Users/sunil/VivadoProjects/EE4218Labs/Project/MLP_NN_Platform_Project_HDL_HLS_v1/zynqmp_fsbl/zynqmp_fsbl_bsp/system.mss|system||
C:/Users/sunil/VivadoProjects/EE4218Labs/Project/MLP_NN_Platform_Project_HDL_HLS_v1/zynqmp_pmufw/zynqmp_pmufw_bsp/system.mss|system_0||

TRACE::2025-04-09.14:06:27::SCWMssOS::Sw design exists and opened at  C:/Users/sunil/VivadoProjects/EE4218Labs/Project/MLP_NN_Platform_Project_HDL_HLS_v1/zynqmp_pmufw/zynqmp_pmufw_bsp/system.mss
TRACE::2025-04-09.14:06:27::SCWPlatform::Trying to open the hw design at C:/Users/sunil/VivadoProjects/EE4218Labs/Project/MLP_NN_Platform_Project_HDL_HLS_v1/hw/MLP_NN_HDL_HLS_v1.xsa
TRACE::2025-04-09.14:06:27::SCWPlatform::DSA given C:/Users/sunil/VivadoProjects/EE4218Labs/Project/MLP_NN_Platform_Project_HDL_HLS_v1/hw/MLP_NN_HDL_HLS_v1.xsa
TRACE::2025-04-09.14:06:27::SCWPlatform::DSA absoulate path C:/Users/sunil/VivadoProjects/EE4218Labs/Project/MLP_NN_Platform_Project_HDL_HLS_v1/hw/MLP_NN_HDL_HLS_v1.xsa
TRACE::2025-04-09.14:06:27::SCWPlatform::DSA directory C:/Users/sunil/VivadoProjects/EE4218Labs/Project/MLP_NN_Platform_Project_HDL_HLS_v1/hw
TRACE::2025-04-09.14:06:27::SCWPlatform:: Platform Path C:/Users/sunil/VivadoProjects/EE4218Labs/Project/MLP_NN_Platform_Project_HDL_HLS_v1/hw/MLP_NN_HDL_HLS_v1.xsa
TRACE::2025-04-09.14:06:27::SCWPlatform:: Unique name xilinx:kv260_som::0.0
TRACE::2025-04-09.14:06:27::SCWPlatform::Trying to set the existing hwdb with name design_1_wrapper_1
TRACE::2025-04-09.14:06:27::SCWPlatform::Opened existing hwdb design_1_wrapper_1
TRACE::2025-04-09.14:06:27::SCWPlatform::Found the Hw Db part of the input DSA
TRACE::2025-04-09.14:06:27::SCWMssOS::Checking the sw design at  C:/Users/sunil/VivadoProjects/EE4218Labs/Project/MLP_NN_Platform_Project_HDL_HLS_v1/zynqmp_pmufw/zynqmp_pmufw_bsp/system.mss
TRACE::2025-04-09.14:06:27::SCWMssOS::DEBUG:  swdes dump  C:/Users/sunil/VivadoProjects/EE4218Labs/Project/MLP_NN_Platform_Project_HDL_HLS_v1/psu_cortexa53_0/standalone_domain/bsp/system.mss|system_1||
C:/Users/sunil/VivadoProjects/EE4218Labs/Project/MLP_NN_Platform_Project_HDL_HLS_v1/zynqmp_fsbl/zynqmp_fsbl_bsp/system.mss|system||
C:/Users/sunil/VivadoProjects/EE4218Labs/Project/MLP_NN_Platform_Project_HDL_HLS_v1/zynqmp_pmufw/zynqmp_pmufw_bsp/system.mss|system_0||

TRACE::2025-04-09.14:06:27::SCWMssOS::Sw design exists and opened at  C:/Users/sunil/VivadoProjects/EE4218Labs/Project/MLP_NN_Platform_Project_HDL_HLS_v1/zynqmp_pmufw/zynqmp_pmufw_bsp/system.mss
TRACE::2025-04-09.14:06:27::SCWPlatform::Trying to open the hw design at C:/Users/sunil/VivadoProjects/EE4218Labs/Project/MLP_NN_Platform_Project_HDL_HLS_v1/hw/MLP_NN_HDL_HLS_v1.xsa
TRACE::2025-04-09.14:06:27::SCWPlatform::DSA given C:/Users/sunil/VivadoProjects/EE4218Labs/Project/MLP_NN_Platform_Project_HDL_HLS_v1/hw/MLP_NN_HDL_HLS_v1.xsa
TRACE::2025-04-09.14:06:27::SCWPlatform::DSA absoulate path C:/Users/sunil/VivadoProjects/EE4218Labs/Project/MLP_NN_Platform_Project_HDL_HLS_v1/hw/MLP_NN_HDL_HLS_v1.xsa
TRACE::2025-04-09.14:06:27::SCWPlatform::DSA directory C:/Users/sunil/VivadoProjects/EE4218Labs/Project/MLP_NN_Platform_Project_HDL_HLS_v1/hw
TRACE::2025-04-09.14:06:27::SCWPlatform:: Platform Path C:/Users/sunil/VivadoProjects/EE4218Labs/Project/MLP_NN_Platform_Project_HDL_HLS_v1/hw/MLP_NN_HDL_HLS_v1.xsa
TRACE::2025-04-09.14:06:27::SCWPlatform:: Unique name xilinx:kv260_som::0.0
TRACE::2025-04-09.14:06:27::SCWPlatform::Trying to set the existing hwdb with name design_1_wrapper_1
TRACE::2025-04-09.14:06:27::SCWPlatform::Opened existing hwdb design_1_wrapper_1
TRACE::2025-04-09.14:06:27::SCWPlatform::Found the Hw Db part of the input DSA
TRACE::2025-04-09.14:06:27::SCWMssOS::Checking the sw design at  C:/Users/sunil/VivadoProjects/EE4218Labs/Project/MLP_NN_Platform_Project_HDL_HLS_v1/zynqmp_pmufw/zynqmp_pmufw_bsp/system.mss
TRACE::2025-04-09.14:06:27::SCWMssOS::DEBUG:  swdes dump  C:/Users/sunil/VivadoProjects/EE4218Labs/Project/MLP_NN_Platform_Project_HDL_HLS_v1/psu_cortexa53_0/standalone_domain/bsp/system.mss|system_1||
C:/Users/sunil/VivadoProjects/EE4218Labs/Project/MLP_NN_Platform_Project_HDL_HLS_v1/zynqmp_fsbl/zynqmp_fsbl_bsp/system.mss|system||
C:/Users/sunil/VivadoProjects/EE4218Labs/Project/MLP_NN_Platform_Project_HDL_HLS_v1/zynqmp_pmufw/zynqmp_pmufw_bsp/system.mss|system_0||

TRACE::2025-04-09.14:06:27::SCWMssOS::Sw design exists and opened at  C:/Users/sunil/VivadoProjects/EE4218Labs/Project/MLP_NN_Platform_Project_HDL_HLS_v1/zynqmp_pmufw/zynqmp_pmufw_bsp/system.mss
TRACE::2025-04-09.14:06:27::SCWPlatform::Trying to open the hw design at C:/Users/sunil/VivadoProjects/EE4218Labs/Project/MLP_NN_Platform_Project_HDL_HLS_v1/hw/MLP_NN_HDL_HLS_v1.xsa
TRACE::2025-04-09.14:06:27::SCWPlatform::DSA given C:/Users/sunil/VivadoProjects/EE4218Labs/Project/MLP_NN_Platform_Project_HDL_HLS_v1/hw/MLP_NN_HDL_HLS_v1.xsa
TRACE::2025-04-09.14:06:27::SCWPlatform::DSA absoulate path C:/Users/sunil/VivadoProjects/EE4218Labs/Project/MLP_NN_Platform_Project_HDL_HLS_v1/hw/MLP_NN_HDL_HLS_v1.xsa
TRACE::2025-04-09.14:06:27::SCWPlatform::DSA directory C:/Users/sunil/VivadoProjects/EE4218Labs/Project/MLP_NN_Platform_Project_HDL_HLS_v1/hw
TRACE::2025-04-09.14:06:27::SCWPlatform:: Platform Path C:/Users/sunil/VivadoProjects/EE4218Labs/Project/MLP_NN_Platform_Project_HDL_HLS_v1/hw/MLP_NN_HDL_HLS_v1.xsa
TRACE::2025-04-09.14:06:27::SCWPlatform:: Unique name xilinx:kv260_som::0.0
TRACE::2025-04-09.14:06:27::SCWPlatform::Trying to set the existing hwdb with name design_1_wrapper_1
TRACE::2025-04-09.14:06:27::SCWPlatform::Opened existing hwdb design_1_wrapper_1
TRACE::2025-04-09.14:06:27::SCWPlatform::Found the Hw Db part of the input DSA
TRACE::2025-04-09.14:06:27::SCWMssOS::Checking the sw design at  C:/Users/sunil/VivadoProjects/EE4218Labs/Project/MLP_NN_Platform_Project_HDL_HLS_v1/psu_cortexa53_0/standalone_domain/bsp/system.mss
TRACE::2025-04-09.14:06:27::SCWMssOS::DEBUG:  swdes dump  C:/Users/sunil/VivadoProjects/EE4218Labs/Project/MLP_NN_Platform_Project_HDL_HLS_v1/psu_cortexa53_0/standalone_domain/bsp/system.mss|system_1||
C:/Users/sunil/VivadoProjects/EE4218Labs/Project/MLP_NN_Platform_Project_HDL_HLS_v1/zynqmp_fsbl/zynqmp_fsbl_bsp/system.mss|system||
C:/Users/sunil/VivadoProjects/EE4218Labs/Project/MLP_NN_Platform_Project_HDL_HLS_v1/zynqmp_pmufw/zynqmp_pmufw_bsp/system.mss|system_0||

TRACE::2025-04-09.14:06:27::SCWMssOS::Sw design exists and opened at  C:/Users/sunil/VivadoProjects/EE4218Labs/Project/MLP_NN_Platform_Project_HDL_HLS_v1/psu_cortexa53_0/standalone_domain/bsp/system.mss
TRACE::2025-04-09.14:06:27::SCWPlatform::Trying to open the hw design at C:/Users/sunil/VivadoProjects/EE4218Labs/Project/MLP_NN_Platform_Project_HDL_HLS_v1/hw/MLP_NN_HDL_HLS_v1.xsa
TRACE::2025-04-09.14:06:27::SCWPlatform::DSA given C:/Users/sunil/VivadoProjects/EE4218Labs/Project/MLP_NN_Platform_Project_HDL_HLS_v1/hw/MLP_NN_HDL_HLS_v1.xsa
TRACE::2025-04-09.14:06:27::SCWPlatform::DSA absoulate path C:/Users/sunil/VivadoProjects/EE4218Labs/Project/MLP_NN_Platform_Project_HDL_HLS_v1/hw/MLP_NN_HDL_HLS_v1.xsa
TRACE::2025-04-09.14:06:27::SCWPlatform::DSA directory C:/Users/sunil/VivadoProjects/EE4218Labs/Project/MLP_NN_Platform_Project_HDL_HLS_v1/hw
TRACE::2025-04-09.14:06:27::SCWPlatform:: Platform Path C:/Users/sunil/VivadoProjects/EE4218Labs/Project/MLP_NN_Platform_Project_HDL_HLS_v1/hw/MLP_NN_HDL_HLS_v1.xsa
TRACE::2025-04-09.14:06:27::SCWPlatform:: Unique name xilinx:kv260_som::0.0
TRACE::2025-04-09.14:06:27::SCWPlatform::Trying to set the existing hwdb with name design_1_wrapper_1
TRACE::2025-04-09.14:06:27::SCWPlatform::Opened existing hwdb design_1_wrapper_1
TRACE::2025-04-09.14:06:27::SCWPlatform::Found the Hw Db part of the input DSA
TRACE::2025-04-09.14:06:27::SCWMssOS::Checking the sw design at  C:/Users/sunil/VivadoProjects/EE4218Labs/Project/MLP_NN_Platform_Project_HDL_HLS_v1/psu_cortexa53_0/standalone_domain/bsp/system.mss
TRACE::2025-04-09.14:06:27::SCWMssOS::DEBUG:  swdes dump  C:/Users/sunil/VivadoProjects/EE4218Labs/Project/MLP_NN_Platform_Project_HDL_HLS_v1/psu_cortexa53_0/standalone_domain/bsp/system.mss|system_1||
C:/Users/sunil/VivadoProjects/EE4218Labs/Project/MLP_NN_Platform_Project_HDL_HLS_v1/zynqmp_fsbl/zynqmp_fsbl_bsp/system.mss|system||
C:/Users/sunil/VivadoProjects/EE4218Labs/Project/MLP_NN_Platform_Project_HDL_HLS_v1/zynqmp_pmufw/zynqmp_pmufw_bsp/system.mss|system_0||

TRACE::2025-04-09.14:06:27::SCWMssOS::Sw design exists and opened at  C:/Users/sunil/VivadoProjects/EE4218Labs/Project/MLP_NN_Platform_Project_HDL_HLS_v1/psu_cortexa53_0/standalone_domain/bsp/system.mss
TRACE::2025-04-09.14:06:27::SCWPlatform::Trying to open the hw design at C:/Users/sunil/VivadoProjects/EE4218Labs/Project/MLP_NN_Platform_Project_HDL_HLS_v1/hw/MLP_NN_HDL_HLS_v1.xsa
TRACE::2025-04-09.14:06:27::SCWPlatform::DSA given C:/Users/sunil/VivadoProjects/EE4218Labs/Project/MLP_NN_Platform_Project_HDL_HLS_v1/hw/MLP_NN_HDL_HLS_v1.xsa
TRACE::2025-04-09.14:06:27::SCWPlatform::DSA absoulate path C:/Users/sunil/VivadoProjects/EE4218Labs/Project/MLP_NN_Platform_Project_HDL_HLS_v1/hw/MLP_NN_HDL_HLS_v1.xsa
TRACE::2025-04-09.14:06:27::SCWPlatform::DSA directory C:/Users/sunil/VivadoProjects/EE4218Labs/Project/MLP_NN_Platform_Project_HDL_HLS_v1/hw
TRACE::2025-04-09.14:06:27::SCWPlatform:: Platform Path C:/Users/sunil/VivadoProjects/EE4218Labs/Project/MLP_NN_Platform_Project_HDL_HLS_v1/hw/MLP_NN_HDL_HLS_v1.xsa
TRACE::2025-04-09.14:06:27::SCWPlatform:: Unique name xilinx:kv260_som::0.0
TRACE::2025-04-09.14:06:27::SCWPlatform::Trying to set the existing hwdb with name design_1_wrapper_1
TRACE::2025-04-09.14:06:27::SCWPlatform::Opened existing hwdb design_1_wrapper_1
TRACE::2025-04-09.14:06:27::SCWPlatform::Found the Hw Db part of the input DSA
TRACE::2025-04-09.14:06:27::SCWMssOS::Checking the sw design at  C:/Users/sunil/VivadoProjects/EE4218Labs/Project/MLP_NN_Platform_Project_HDL_HLS_v1/psu_cortexa53_0/standalone_domain/bsp/system.mss
TRACE::2025-04-09.14:06:27::SCWMssOS::DEBUG:  swdes dump  C:/Users/sunil/VivadoProjects/EE4218Labs/Project/MLP_NN_Platform_Project_HDL_HLS_v1/psu_cortexa53_0/standalone_domain/bsp/system.mss|system_1||
C:/Users/sunil/VivadoProjects/EE4218Labs/Project/MLP_NN_Platform_Project_HDL_HLS_v1/zynqmp_fsbl/zynqmp_fsbl_bsp/system.mss|system||
C:/Users/sunil/VivadoProjects/EE4218Labs/Project/MLP_NN_Platform_Project_HDL_HLS_v1/zynqmp_pmufw/zynqmp_pmufw_bsp/system.mss|system_0||

TRACE::2025-04-09.14:06:27::SCWMssOS::Sw design exists and opened at  C:/Users/sunil/VivadoProjects/EE4218Labs/Project/MLP_NN_Platform_Project_HDL_HLS_v1/psu_cortexa53_0/standalone_domain/bsp/system.mss
TRACE::2025-04-09.14:06:27::SCWWriter::formatted JSON is {
	"platformName":	"MLP_NN_Platform_Project_HDL_HLS_v1",
	"sprVersion":	"2.0",
	"mode":	"gui",
	"dsaType":	"Fixed",
	"platformDesc":	"MLP_NN_Platform_Project_HDL_HLS_v1",
	"platHandOff":	"C:/Users/sunil/VivadoProjects/EE4218Labs/Project/MLP_NN_Project/MLP_NN_HDL_HLS_v1.xsa",
	"platIntHandOff":	"<platformDir>/hw/MLP_NN_HDL_HLS_v1.xsa",
	"deviceType":	"zynqMP",
	"platIsPrebuiltAutogen":	"false",
	"platIsNoBootBsp":	"false",
	"platFsblTarget":	"psu_cortexa53_0",
	"hasFsblMakeHasChanges":	"false",
	"hasPmufwMakeHasChanges":	"false",
	"fsblExtraCompilerFlags":	"-MMD -MP      -Wall -fmessage-length=0 -DARMA53_64 -Os -flto -ffat-lto-objects  ",
	"pmufwExtraCompilerFlags":	"-MMD -MP      -mlittle-endian -mxl-barrel-shift -mxl-pattern-compare -mcpu=v9.2 -mxl-soft-mul -Os -flto -ffat-lto-objects  ",
	"platPreBuiltFlag":	false,
	"platformSamplesDir":	"",
	"platActiveSys":	"MLP_NN_Platform_Project_HDL_HLS_v1",
	"systems":	[{
			"systemName":	"MLP_NN_Platform_Project_HDL_HLS_v1",
			"systemDesc":	"MLP_NN_Platform_Project_HDL_HLS_v1",
			"sysIsBootAutoGen":	"true",
			"systemDispName":	"MLP_NN_Platform_Project_HDL_HLS_v1",
			"sysActiveDom":	"standalone_domain",
			"sysDefaultDom":	"standalone_domain",
			"domains":	[{
					"domainName":	"zynqmp_fsbl",
					"domainDispName":	"zynqmp_fsbl",
					"domainDesc":	"FSBL Application BSP - Auto Generated.",
					"processors":	"psu_cortexa53_0",
					"os":	"standalone",
					"sdxOs":	"standalone",
					"debugEnable":	"",
					"domRuntimes":	["cpp"],
					"swRepo":	"",
					"mssOsVer":	"9.0",
					"mssFile":	"",
					"md5Digest":	"c7c8fa58e044570b55d2f2ba60dc3bc0",
					"compatibleApp":	"zynqmp_fsbl",
					"domType":	"bootDomain",
					"arch":	"64-bit",
					"appSettings":	{
						"appCompilerFlags":	"",
						"appLinkerFlags":	""
					},
					"addedLibs":	["xilffs:5.1", "xilsecure:5.2", "xilpm:5.1"],
					"libOptions":	{
						"standalone":	{
							"zynqmp_fsbl_bsp":	"true",
							"libOptionNames":	["zynqmp_fsbl_bsp"]
						},
						"xilffs":	{
							"read_only":	"true",
							"use_mkfs":	"false",
							"libOptionNames":	["read_only", "use_mkfs"]
						},
						"xilsecure":	{
							"tpm_support":	"true",
							"libOptionNames":	["tpm_support"]
						},
						"libsContainingOptions":	["standalone", "xilffs", "xilsecure"]
					},
					"prebuiltLibs":	{
						"prebuiltIncPath":	[],
						"prebuiltLibPath":	[]
					},
					"isolation":	{
					}
				}, {
					"domainName":	"zynqmp_pmufw",
					"domainDispName":	"zynqmp_pmufw",
					"domainDesc":	"PMUFW Application BSP - Auto Generated.",
					"processors":	"psu_pmu_0",
					"os":	"standalone",
					"sdxOs":	"standalone",
					"debugEnable":	"",
					"domRuntimes":	["cpp"],
					"swRepo":	"",
					"mssOsVer":	"9.0",
					"mssFile":	"",
					"md5Digest":	"e6544fc05bafd272b4bb018ad32ad28d",
					"compatibleApp":	"zynqmp_pmufw",
					"domType":	"bootDomain",
					"arch":	"32-bit",
					"appSettings":	{
						"appCompilerFlags":	"",
						"appLinkerFlags":	""
					},
					"addedLibs":	["xilfpga:6.5", "xilsecure:5.2", "xilskey:7.5"],
					"libOptions":	{
						"psu_pmu_0":	{
							"extra_compiler_flags":	"-g -ffunction-sections -fdata-sections -Wall -Wextra -fno-tree-loop-distribute-patterns  -Os -flto -ffat-lto-objects",
							"libOptionNames":	["extra_compiler_flags"]
						},
						"libsContainingOptions":	["psu_pmu_0"]
					},
					"prebuiltLibs":	{
						"prebuiltIncPath":	[],
						"prebuiltLibPath":	[]
					},
					"isolation":	{
					}
				}, {
					"domainName":	"standalone_domain",
					"domainDispName":	"standalone on psu_cortexa53_0",
					"domainDesc":	"standalone_domain",
					"processors":	"psu_cortexa53_0",
					"os":	"standalone",
					"sdxOs":	"standalone",
					"qemuArgs":	"<platformDir>/resources/MLP_NN_Platform_Project_HDL_HLS_v1/standalone_domain/qemu_args.txt",
					"qemuData":	"<platformDir>/resources/MLP_NN_Platform_Project_HDL_HLS_v1/standalone_domain/qemu",
					"pmuQemuArgs":	"<platformDir>/resources/MLP_NN_Platform_Project_HDL_HLS_v1/standalone_domain/pmu_args.txt",
					"debugEnable":	"False",
					"domRuntimes":	["cpp"],
					"swRepo":	"",
					"mssOsVer":	"9.0",
					"mssFile":	"",
					"md5Digest":	"e970e3844aeffe5da67223332ff51269",
					"compatibleApp":	"",
					"domType":	"mssDomain",
					"arch":	"64-bit",
					"appSettings":	{
						"appCompilerFlags":	"",
						"appLinkerFlags":	""
					},
					"addedLibs":	[],
					"libOptions":	{
						"libsContainingOptions":	[]
					},
					"prebuiltLibs":	{
						"prebuiltIncPath":	[],
						"prebuiltLibPath":	[]
					},
					"isolation":	{
					}
				}]
		}]
}
TRACE::2025-04-09.14:06:28::SCWPlatform::Clearing the existing platform
TRACE::2025-04-09.14:06:28::SCWSystem::Clearing the existing sysconfig
TRACE::2025-04-09.14:06:28::SCWBDomain::clearing the fsbl build
TRACE::2025-04-09.14:06:28::SCWMssOS::Removing the swdes entry for  C:/Users/sunil/VivadoProjects/EE4218Labs/Project/MLP_NN_Platform_Project_HDL_HLS_v1/zynqmp_fsbl/zynqmp_fsbl_bsp/system.mss
TRACE::2025-04-09.14:06:28::SCWBDomain::clearing the pmufw build
TRACE::2025-04-09.14:06:28::SCWMssOS::Removing the swdes entry for  C:/Users/sunil/VivadoProjects/EE4218Labs/Project/MLP_NN_Platform_Project_HDL_HLS_v1/zynqmp_pmufw/zynqmp_pmufw_bsp/system.mss
TRACE::2025-04-09.14:06:28::SCWMssOS::Removing the swdes entry for  C:/Users/sunil/VivadoProjects/EE4218Labs/Project/MLP_NN_Platform_Project_HDL_HLS_v1/psu_cortexa53_0/standalone_domain/bsp/system.mss
TRACE::2025-04-09.14:06:28::SCWSystem::Clearing the domains completed.
TRACE::2025-04-09.14:06:28::SCWPlatform::Clearing the opened hw db.
TRACE::2025-04-09.14:06:28::SCWPlatform::DSA given C:/Users/sunil/VivadoProjects/EE4218Labs/Project/MLP_NN_Platform_Project_HDL_HLS_v1/hw/MLP_NN_HDL_HLS_v1.xsa
TRACE::2025-04-09.14:06:28::SCWPlatform::DSA absoulate path C:/Users/sunil/VivadoProjects/EE4218Labs/Project/MLP_NN_Platform_Project_HDL_HLS_v1/hw/MLP_NN_HDL_HLS_v1.xsa
TRACE::2025-04-09.14:06:28::SCWPlatform:: Platform location is C:/Users/sunil/VivadoProjects/EE4218Labs/Project/MLP_NN_Platform_Project_HDL_HLS_v1/hw
TRACE::2025-04-09.14:06:28::SCWPlatform:: Platform Path C:/Users/sunil/VivadoProjects/EE4218Labs/Project/MLP_NN_Platform_Project_HDL_HLS_v1/hw/MLP_NN_HDL_HLS_v1.xsa
TRACE::2025-04-09.14:06:28::SCWPlatform:: Unique name xilinx:kv260_som::0.0
TRACE::2025-04-09.14:06:28::SCWPlatform::Removing the HwDB with name C:/Users/sunil/VivadoProjects/EE4218Labs/Project/MLP_NN_Platform_Project_HDL_HLS_v1/hw/MLP_NN_HDL_HLS_v1.xsa
TRACE::2025-04-09.14:06:28::SCWPlatform::Trying to open the hw design at C:/Users/sunil/VivadoProjects/EE4218Labs/Project/MLP_NN_Platform_Project_HDL_HLS_v1/hw/MLP_NN_HDL_HLS_v1.xsa
TRACE::2025-04-09.14:06:28::SCWPlatform::DSA given C:/Users/sunil/VivadoProjects/EE4218Labs/Project/MLP_NN_Platform_Project_HDL_HLS_v1/hw/MLP_NN_HDL_HLS_v1.xsa
TRACE::2025-04-09.14:06:28::SCWPlatform::DSA absoulate path C:/Users/sunil/VivadoProjects/EE4218Labs/Project/MLP_NN_Platform_Project_HDL_HLS_v1/hw/MLP_NN_HDL_HLS_v1.xsa
TRACE::2025-04-09.14:06:28::SCWPlatform::DSA directory C:/Users/sunil/VivadoProjects/EE4218Labs/Project/MLP_NN_Platform_Project_HDL_HLS_v1/hw
TRACE::2025-04-09.14:06:28::SCWPlatform:: Platform Path C:/Users/sunil/VivadoProjects/EE4218Labs/Project/MLP_NN_Platform_Project_HDL_HLS_v1/hw/MLP_NN_HDL_HLS_v1.xsa
TRACE::2025-04-09.14:06:28::SCWPlatform:: Unique name xilinx:kv260_som::0.0
TRACE::2025-04-09.14:06:28::SCWPlatform::Do not have an existing db opened. 
TRACE::2025-04-09.14:06:42::SCWPlatform::Opened new HwDB with name design_1_wrapper_2
TRACE::2025-04-09.14:06:42::SCWReader::Active system found as  MLP_NN_Platform_Project_HDL_HLS_v1
TRACE::2025-04-09.14:06:42::SCWReader::Handling sysconfig MLP_NN_Platform_Project_HDL_HLS_v1
TRACE::2025-04-09.14:06:42::SCWDomain::checking for install qemu data   : 
TRACE::2025-04-09.14:06:42::SCWDomain:: Using the QEMU Data from install at  : C:/Xilinx/Vitis/2023.2/data/emulation/platforms/zynqmp/sw/a53_standalone/qemu/
TRACE::2025-04-09.14:06:42::SCWDomain:: Using the QEMU args  from install at  : C:/Xilinx/Vitis/2023.2/data/emulation/platforms/zynqmp/sw/a53_standalone/qemu/qemu_args.txt
TRACE::2025-04-09.14:06:42::SCWDomain:: Using the PMUQEMU args from install at  : C:/Xilinx/Vitis/2023.2/data/emulation/platforms/zynqmp/sw/a53_standalone/qemu/pmu_args.txt
TRACE::2025-04-09.14:06:42::SCWPlatform::Trying to open the hw design at C:/Users/sunil/VivadoProjects/EE4218Labs/Project/MLP_NN_Platform_Project_HDL_HLS_v1/hw/MLP_NN_HDL_HLS_v1.xsa
TRACE::2025-04-09.14:06:42::SCWPlatform::DSA given C:/Users/sunil/VivadoProjects/EE4218Labs/Project/MLP_NN_Platform_Project_HDL_HLS_v1/hw/MLP_NN_HDL_HLS_v1.xsa
TRACE::2025-04-09.14:06:42::SCWPlatform::DSA absoulate path C:/Users/sunil/VivadoProjects/EE4218Labs/Project/MLP_NN_Platform_Project_HDL_HLS_v1/hw/MLP_NN_HDL_HLS_v1.xsa
TRACE::2025-04-09.14:06:42::SCWPlatform::DSA directory C:/Users/sunil/VivadoProjects/EE4218Labs/Project/MLP_NN_Platform_Project_HDL_HLS_v1/hw
TRACE::2025-04-09.14:06:42::SCWPlatform:: Platform Path C:/Users/sunil/VivadoProjects/EE4218Labs/Project/MLP_NN_Platform_Project_HDL_HLS_v1/hw/MLP_NN_HDL_HLS_v1.xsa
TRACE::2025-04-09.14:06:42::SCWPlatform:: Unique name xilinx:kv260_som::0.0
TRACE::2025-04-09.14:06:42::SCWPlatform::Trying to set the existing hwdb with name design_1_wrapper_2
TRACE::2025-04-09.14:06:42::SCWPlatform::Opened existing hwdb design_1_wrapper_2
TRACE::2025-04-09.14:06:42::SCWPlatform::Found the Hw Db part of the input DSA
TRACE::2025-04-09.14:06:42::SCWPlatform::Trying to open the hw design at C:/Users/sunil/VivadoProjects/EE4218Labs/Project/MLP_NN_Platform_Project_HDL_HLS_v1/hw/MLP_NN_HDL_HLS_v1.xsa
TRACE::2025-04-09.14:06:42::SCWPlatform::DSA given C:/Users/sunil/VivadoProjects/EE4218Labs/Project/MLP_NN_Platform_Project_HDL_HLS_v1/hw/MLP_NN_HDL_HLS_v1.xsa
TRACE::2025-04-09.14:06:42::SCWPlatform::DSA absoulate path C:/Users/sunil/VivadoProjects/EE4218Labs/Project/MLP_NN_Platform_Project_HDL_HLS_v1/hw/MLP_NN_HDL_HLS_v1.xsa
TRACE::2025-04-09.14:06:42::SCWPlatform::DSA directory C:/Users/sunil/VivadoProjects/EE4218Labs/Project/MLP_NN_Platform_Project_HDL_HLS_v1/hw
TRACE::2025-04-09.14:06:42::SCWPlatform:: Platform Path C:/Users/sunil/VivadoProjects/EE4218Labs/Project/MLP_NN_Platform_Project_HDL_HLS_v1/hw/MLP_NN_HDL_HLS_v1.xsa
TRACE::2025-04-09.14:06:42::SCWPlatform:: Unique name xilinx:kv260_som::0.0
TRACE::2025-04-09.14:06:42::SCWPlatform::Trying to set the existing hwdb with name design_1_wrapper_2
TRACE::2025-04-09.14:06:42::SCWPlatform::Opened existing hwdb design_1_wrapper_2
TRACE::2025-04-09.14:06:42::SCWPlatform::Found the Hw Db part of the input DSA
TRACE::2025-04-09.14:06:42::SCWPlatform::Trying to open the hw design at C:/Users/sunil/VivadoProjects/EE4218Labs/Project/MLP_NN_Platform_Project_HDL_HLS_v1/hw/MLP_NN_HDL_HLS_v1.xsa
TRACE::2025-04-09.14:06:42::SCWPlatform::DSA given C:/Users/sunil/VivadoProjects/EE4218Labs/Project/MLP_NN_Platform_Project_HDL_HLS_v1/hw/MLP_NN_HDL_HLS_v1.xsa
TRACE::2025-04-09.14:06:42::SCWPlatform::DSA absoulate path C:/Users/sunil/VivadoProjects/EE4218Labs/Project/MLP_NN_Platform_Project_HDL_HLS_v1/hw/MLP_NN_HDL_HLS_v1.xsa
TRACE::2025-04-09.14:06:42::SCWPlatform::DSA directory C:/Users/sunil/VivadoProjects/EE4218Labs/Project/MLP_NN_Platform_Project_HDL_HLS_v1/hw
TRACE::2025-04-09.14:06:42::SCWPlatform:: Platform Path C:/Users/sunil/VivadoProjects/EE4218Labs/Project/MLP_NN_Platform_Project_HDL_HLS_v1/hw/MLP_NN_HDL_HLS_v1.xsa
TRACE::2025-04-09.14:06:42::SCWPlatform:: Unique name xilinx:kv260_som::0.0
TRACE::2025-04-09.14:06:42::SCWPlatform::Trying to set the existing hwdb with name design_1_wrapper_2
TRACE::2025-04-09.14:06:42::SCWPlatform::Opened existing hwdb design_1_wrapper_2
TRACE::2025-04-09.14:06:42::SCWPlatform::Found the Hw Db part of the input DSA
TRACE::2025-04-09.14:06:42::SCWReader::Boot application domain added for zynqmp_fsbl
TRACE::2025-04-09.14:06:42::SCWPlatform::Trying to open the hw design at C:/Users/sunil/VivadoProjects/EE4218Labs/Project/MLP_NN_Platform_Project_HDL_HLS_v1/hw/MLP_NN_HDL_HLS_v1.xsa
TRACE::2025-04-09.14:06:42::SCWPlatform::DSA given C:/Users/sunil/VivadoProjects/EE4218Labs/Project/MLP_NN_Platform_Project_HDL_HLS_v1/hw/MLP_NN_HDL_HLS_v1.xsa
TRACE::2025-04-09.14:06:42::SCWPlatform::DSA absoulate path C:/Users/sunil/VivadoProjects/EE4218Labs/Project/MLP_NN_Platform_Project_HDL_HLS_v1/hw/MLP_NN_HDL_HLS_v1.xsa
TRACE::2025-04-09.14:06:42::SCWPlatform::DSA directory C:/Users/sunil/VivadoProjects/EE4218Labs/Project/MLP_NN_Platform_Project_HDL_HLS_v1/hw
TRACE::2025-04-09.14:06:42::SCWPlatform:: Platform Path C:/Users/sunil/VivadoProjects/EE4218Labs/Project/MLP_NN_Platform_Project_HDL_HLS_v1/hw/MLP_NN_HDL_HLS_v1.xsa
TRACE::2025-04-09.14:06:42::SCWPlatform:: Unique name xilinx:kv260_som::0.0
TRACE::2025-04-09.14:06:42::SCWPlatform::Trying to set the existing hwdb with name design_1_wrapper_2
TRACE::2025-04-09.14:06:42::SCWPlatform::Opened existing hwdb design_1_wrapper_2
TRACE::2025-04-09.14:06:42::SCWPlatform::Found the Hw Db part of the input DSA
TRACE::2025-04-09.14:06:42::SCWMssOS::Checking the sw design at  C:/Users/sunil/VivadoProjects/EE4218Labs/Project/MLP_NN_Platform_Project_HDL_HLS_v1/zynqmp_fsbl/zynqmp_fsbl_bsp/system.mss
TRACE::2025-04-09.14:06:42::SCWMssOS::DEBUG:  swdes dump  
TRACE::2025-04-09.14:06:42::SCWMssOS::No sw design opened at  C:/Users/sunil/VivadoProjects/EE4218Labs/Project/MLP_NN_Platform_Project_HDL_HLS_v1/zynqmp_fsbl/zynqmp_fsbl_bsp/system.mss
TRACE::2025-04-09.14:06:42::SCWMssOS::mss exists loading the mss file  C:/Users/sunil/VivadoProjects/EE4218Labs/Project/MLP_NN_Platform_Project_HDL_HLS_v1/zynqmp_fsbl/zynqmp_fsbl_bsp/system.mss
TRACE::2025-04-09.14:06:42::SCWMssOS::Opened the sw design from mss  C:/Users/sunil/VivadoProjects/EE4218Labs/Project/MLP_NN_Platform_Project_HDL_HLS_v1/zynqmp_fsbl/zynqmp_fsbl_bsp/system.mss
TRACE::2025-04-09.14:06:42::SCWMssOS::Adding the swdes entry C:/Users/sunil/VivadoProjects/EE4218Labs/Project/MLP_NN_Platform_Project_HDL_HLS_v1/zynqmp_fsbl/zynqmp_fsbl_bsp/system.mss with des name system
TRACE::2025-04-09.14:06:42::SCWMssOS::updating the scw layer about changes
TRACE::2025-04-09.14:06:42::SCWMssOS::Opened the sw design.  C:/Users/sunil/VivadoProjects/EE4218Labs/Project/MLP_NN_Platform_Project_HDL_HLS_v1/zynqmp_fsbl/zynqmp_fsbl_bsp/system.mss
TRACE::2025-04-09.14:06:42::SCWPlatform::Trying to open the hw design at C:/Users/sunil/VivadoProjects/EE4218Labs/Project/MLP_NN_Platform_Project_HDL_HLS_v1/hw/MLP_NN_HDL_HLS_v1.xsa
TRACE::2025-04-09.14:06:42::SCWPlatform::DSA given C:/Users/sunil/VivadoProjects/EE4218Labs/Project/MLP_NN_Platform_Project_HDL_HLS_v1/hw/MLP_NN_HDL_HLS_v1.xsa
TRACE::2025-04-09.14:06:42::SCWPlatform::DSA absoulate path C:/Users/sunil/VivadoProjects/EE4218Labs/Project/MLP_NN_Platform_Project_HDL_HLS_v1/hw/MLP_NN_HDL_HLS_v1.xsa
TRACE::2025-04-09.14:06:42::SCWPlatform::DSA directory C:/Users/sunil/VivadoProjects/EE4218Labs/Project/MLP_NN_Platform_Project_HDL_HLS_v1/hw
TRACE::2025-04-09.14:06:42::SCWPlatform:: Platform Path C:/Users/sunil/VivadoProjects/EE4218Labs/Project/MLP_NN_Platform_Project_HDL_HLS_v1/hw/MLP_NN_HDL_HLS_v1.xsa
TRACE::2025-04-09.14:06:42::SCWPlatform:: Unique name xilinx:kv260_som::0.0
TRACE::2025-04-09.14:06:42::SCWPlatform::Trying to set the existing hwdb with name design_1_wrapper_2
TRACE::2025-04-09.14:06:42::SCWPlatform::Opened existing hwdb design_1_wrapper_2
TRACE::2025-04-09.14:06:42::SCWPlatform::Found the Hw Db part of the input DSA
TRACE::2025-04-09.14:06:42::SCWMssOS::Checking the sw design at  C:/Users/sunil/VivadoProjects/EE4218Labs/Project/MLP_NN_Platform_Project_HDL_HLS_v1/zynqmp_fsbl/zynqmp_fsbl_bsp/system.mss
TRACE::2025-04-09.14:06:42::SCWMssOS::DEBUG:  swdes dump  C:/Users/sunil/VivadoProjects/EE4218Labs/Project/MLP_NN_Platform_Project_HDL_HLS_v1/zynqmp_fsbl/zynqmp_fsbl_bsp/system.mss|system||

TRACE::2025-04-09.14:06:42::SCWMssOS::Sw design exists and opened at  C:/Users/sunil/VivadoProjects/EE4218Labs/Project/MLP_NN_Platform_Project_HDL_HLS_v1/zynqmp_fsbl/zynqmp_fsbl_bsp/system.mss
TRACE::2025-04-09.14:06:42::SCWMssOS:: library already available in sw design:  xilffs:5.1
TRACE::2025-04-09.14:06:42::SCWPlatform::Trying to open the hw design at C:/Users/sunil/VivadoProjects/EE4218Labs/Project/MLP_NN_Platform_Project_HDL_HLS_v1/hw/MLP_NN_HDL_HLS_v1.xsa
TRACE::2025-04-09.14:06:42::SCWPlatform::DSA given C:/Users/sunil/VivadoProjects/EE4218Labs/Project/MLP_NN_Platform_Project_HDL_HLS_v1/hw/MLP_NN_HDL_HLS_v1.xsa
TRACE::2025-04-09.14:06:42::SCWPlatform::DSA absoulate path C:/Users/sunil/VivadoProjects/EE4218Labs/Project/MLP_NN_Platform_Project_HDL_HLS_v1/hw/MLP_NN_HDL_HLS_v1.xsa
TRACE::2025-04-09.14:06:42::SCWPlatform::DSA directory C:/Users/sunil/VivadoProjects/EE4218Labs/Project/MLP_NN_Platform_Project_HDL_HLS_v1/hw
TRACE::2025-04-09.14:06:42::SCWPlatform:: Platform Path C:/Users/sunil/VivadoProjects/EE4218Labs/Project/MLP_NN_Platform_Project_HDL_HLS_v1/hw/MLP_NN_HDL_HLS_v1.xsa
TRACE::2025-04-09.14:06:42::SCWPlatform:: Unique name xilinx:kv260_som::0.0
TRACE::2025-04-09.14:06:42::SCWPlatform::Trying to set the existing hwdb with name design_1_wrapper_2
TRACE::2025-04-09.14:06:42::SCWPlatform::Opened existing hwdb design_1_wrapper_2
TRACE::2025-04-09.14:06:42::SCWPlatform::Found the Hw Db part of the input DSA
TRACE::2025-04-09.14:06:42::SCWMssOS::Checking the sw design at  C:/Users/sunil/VivadoProjects/EE4218Labs/Project/MLP_NN_Platform_Project_HDL_HLS_v1/zynqmp_fsbl/zynqmp_fsbl_bsp/system.mss
TRACE::2025-04-09.14:06:42::SCWMssOS::DEBUG:  swdes dump  C:/Users/sunil/VivadoProjects/EE4218Labs/Project/MLP_NN_Platform_Project_HDL_HLS_v1/zynqmp_fsbl/zynqmp_fsbl_bsp/system.mss|system||

TRACE::2025-04-09.14:06:42::SCWMssOS::Sw design exists and opened at  C:/Users/sunil/VivadoProjects/EE4218Labs/Project/MLP_NN_Platform_Project_HDL_HLS_v1/zynqmp_fsbl/zynqmp_fsbl_bsp/system.mss
TRACE::2025-04-09.14:06:42::SCWMssOS:: library already available in sw design:  xilsecure:5.2
TRACE::2025-04-09.14:06:42::SCWPlatform::Trying to open the hw design at C:/Users/sunil/VivadoProjects/EE4218Labs/Project/MLP_NN_Platform_Project_HDL_HLS_v1/hw/MLP_NN_HDL_HLS_v1.xsa
TRACE::2025-04-09.14:06:42::SCWPlatform::DSA given C:/Users/sunil/VivadoProjects/EE4218Labs/Project/MLP_NN_Platform_Project_HDL_HLS_v1/hw/MLP_NN_HDL_HLS_v1.xsa
TRACE::2025-04-09.14:06:42::SCWPlatform::DSA absoulate path C:/Users/sunil/VivadoProjects/EE4218Labs/Project/MLP_NN_Platform_Project_HDL_HLS_v1/hw/MLP_NN_HDL_HLS_v1.xsa
TRACE::2025-04-09.14:06:42::SCWPlatform::DSA directory C:/Users/sunil/VivadoProjects/EE4218Labs/Project/MLP_NN_Platform_Project_HDL_HLS_v1/hw
TRACE::2025-04-09.14:06:42::SCWPlatform:: Platform Path C:/Users/sunil/VivadoProjects/EE4218Labs/Project/MLP_NN_Platform_Project_HDL_HLS_v1/hw/MLP_NN_HDL_HLS_v1.xsa
TRACE::2025-04-09.14:06:42::SCWPlatform:: Unique name xilinx:kv260_som::0.0
TRACE::2025-04-09.14:06:42::SCWPlatform::Trying to set the existing hwdb with name design_1_wrapper_2
TRACE::2025-04-09.14:06:42::SCWPlatform::Opened existing hwdb design_1_wrapper_2
TRACE::2025-04-09.14:06:42::SCWPlatform::Found the Hw Db part of the input DSA
TRACE::2025-04-09.14:06:42::SCWMssOS::Checking the sw design at  C:/Users/sunil/VivadoProjects/EE4218Labs/Project/MLP_NN_Platform_Project_HDL_HLS_v1/zynqmp_fsbl/zynqmp_fsbl_bsp/system.mss
TRACE::2025-04-09.14:06:42::SCWMssOS::DEBUG:  swdes dump  C:/Users/sunil/VivadoProjects/EE4218Labs/Project/MLP_NN_Platform_Project_HDL_HLS_v1/zynqmp_fsbl/zynqmp_fsbl_bsp/system.mss|system||

TRACE::2025-04-09.14:06:42::SCWMssOS::Sw design exists and opened at  C:/Users/sunil/VivadoProjects/EE4218Labs/Project/MLP_NN_Platform_Project_HDL_HLS_v1/zynqmp_fsbl/zynqmp_fsbl_bsp/system.mss
TRACE::2025-04-09.14:06:42::SCWMssOS:: library already available in sw design:  xilpm:5.1
TRACE::2025-04-09.14:06:42::SCWPlatform::Trying to open the hw design at C:/Users/sunil/VivadoProjects/EE4218Labs/Project/MLP_NN_Platform_Project_HDL_HLS_v1/hw/MLP_NN_HDL_HLS_v1.xsa
TRACE::2025-04-09.14:06:42::SCWPlatform::DSA given C:/Users/sunil/VivadoProjects/EE4218Labs/Project/MLP_NN_Platform_Project_HDL_HLS_v1/hw/MLP_NN_HDL_HLS_v1.xsa
TRACE::2025-04-09.14:06:42::SCWPlatform::DSA absoulate path C:/Users/sunil/VivadoProjects/EE4218Labs/Project/MLP_NN_Platform_Project_HDL_HLS_v1/hw/MLP_NN_HDL_HLS_v1.xsa
TRACE::2025-04-09.14:06:42::SCWPlatform::DSA directory C:/Users/sunil/VivadoProjects/EE4218Labs/Project/MLP_NN_Platform_Project_HDL_HLS_v1/hw
TRACE::2025-04-09.14:06:42::SCWPlatform:: Platform Path C:/Users/sunil/VivadoProjects/EE4218Labs/Project/MLP_NN_Platform_Project_HDL_HLS_v1/hw/MLP_NN_HDL_HLS_v1.xsa
TRACE::2025-04-09.14:06:42::SCWPlatform:: Unique name xilinx:kv260_som::0.0
TRACE::2025-04-09.14:06:42::SCWPlatform::Trying to set the existing hwdb with name design_1_wrapper_2
TRACE::2025-04-09.14:06:42::SCWPlatform::Opened existing hwdb design_1_wrapper_2
TRACE::2025-04-09.14:06:42::SCWPlatform::Found the Hw Db part of the input DSA
TRACE::2025-04-09.14:06:42::SCWMssOS::Checking the sw design at  C:/Users/sunil/VivadoProjects/EE4218Labs/Project/MLP_NN_Platform_Project_HDL_HLS_v1/zynqmp_fsbl/zynqmp_fsbl_bsp/system.mss
TRACE::2025-04-09.14:06:42::SCWMssOS::DEBUG:  swdes dump  C:/Users/sunil/VivadoProjects/EE4218Labs/Project/MLP_NN_Platform_Project_HDL_HLS_v1/zynqmp_fsbl/zynqmp_fsbl_bsp/system.mss|system||

TRACE::2025-04-09.14:06:42::SCWMssOS::Sw design exists and opened at  C:/Users/sunil/VivadoProjects/EE4218Labs/Project/MLP_NN_Platform_Project_HDL_HLS_v1/zynqmp_fsbl/zynqmp_fsbl_bsp/system.mss
TRACE::2025-04-09.14:06:42::SCWPlatform::Trying to open the hw design at C:/Users/sunil/VivadoProjects/EE4218Labs/Project/MLP_NN_Platform_Project_HDL_HLS_v1/hw/MLP_NN_HDL_HLS_v1.xsa
TRACE::2025-04-09.14:06:42::SCWPlatform::DSA given C:/Users/sunil/VivadoProjects/EE4218Labs/Project/MLP_NN_Platform_Project_HDL_HLS_v1/hw/MLP_NN_HDL_HLS_v1.xsa
TRACE::2025-04-09.14:06:42::SCWPlatform::DSA absoulate path C:/Users/sunil/VivadoProjects/EE4218Labs/Project/MLP_NN_Platform_Project_HDL_HLS_v1/hw/MLP_NN_HDL_HLS_v1.xsa
TRACE::2025-04-09.14:06:42::SCWPlatform::DSA directory C:/Users/sunil/VivadoProjects/EE4218Labs/Project/MLP_NN_Platform_Project_HDL_HLS_v1/hw
TRACE::2025-04-09.14:06:42::SCWPlatform:: Platform Path C:/Users/sunil/VivadoProjects/EE4218Labs/Project/MLP_NN_Platform_Project_HDL_HLS_v1/hw/MLP_NN_HDL_HLS_v1.xsa
TRACE::2025-04-09.14:06:42::SCWPlatform:: Unique name xilinx:kv260_som::0.0
TRACE::2025-04-09.14:06:42::SCWPlatform::Trying to set the existing hwdb with name design_1_wrapper_2
TRACE::2025-04-09.14:06:42::SCWPlatform::Opened existing hwdb design_1_wrapper_2
TRACE::2025-04-09.14:06:42::SCWPlatform::Found the Hw Db part of the input DSA
TRACE::2025-04-09.14:06:42::SCWMssOS::Checking the sw design at  C:/Users/sunil/VivadoProjects/EE4218Labs/Project/MLP_NN_Platform_Project_HDL_HLS_v1/zynqmp_fsbl/zynqmp_fsbl_bsp/system.mss
TRACE::2025-04-09.14:06:42::SCWMssOS::DEBUG:  swdes dump  C:/Users/sunil/VivadoProjects/EE4218Labs/Project/MLP_NN_Platform_Project_HDL_HLS_v1/zynqmp_fsbl/zynqmp_fsbl_bsp/system.mss|system||

TRACE::2025-04-09.14:06:42::SCWMssOS::Sw design exists and opened at  C:/Users/sunil/VivadoProjects/EE4218Labs/Project/MLP_NN_Platform_Project_HDL_HLS_v1/zynqmp_fsbl/zynqmp_fsbl_bsp/system.mss
TRACE::2025-04-09.14:06:42::SCWPlatform::Trying to open the hw design at C:/Users/sunil/VivadoProjects/EE4218Labs/Project/MLP_NN_Platform_Project_HDL_HLS_v1/hw/MLP_NN_HDL_HLS_v1.xsa
TRACE::2025-04-09.14:06:42::SCWPlatform::DSA given C:/Users/sunil/VivadoProjects/EE4218Labs/Project/MLP_NN_Platform_Project_HDL_HLS_v1/hw/MLP_NN_HDL_HLS_v1.xsa
TRACE::2025-04-09.14:06:42::SCWPlatform::DSA absoulate path C:/Users/sunil/VivadoProjects/EE4218Labs/Project/MLP_NN_Platform_Project_HDL_HLS_v1/hw/MLP_NN_HDL_HLS_v1.xsa
TRACE::2025-04-09.14:06:42::SCWPlatform::DSA directory C:/Users/sunil/VivadoProjects/EE4218Labs/Project/MLP_NN_Platform_Project_HDL_HLS_v1/hw
TRACE::2025-04-09.14:06:42::SCWPlatform:: Platform Path C:/Users/sunil/VivadoProjects/EE4218Labs/Project/MLP_NN_Platform_Project_HDL_HLS_v1/hw/MLP_NN_HDL_HLS_v1.xsa
TRACE::2025-04-09.14:06:42::SCWPlatform:: Unique name xilinx:kv260_som::0.0
TRACE::2025-04-09.14:06:42::SCWPlatform::Trying to set the existing hwdb with name design_1_wrapper_2
TRACE::2025-04-09.14:06:42::SCWPlatform::Opened existing hwdb design_1_wrapper_2
TRACE::2025-04-09.14:06:42::SCWPlatform::Found the Hw Db part of the input DSA
TRACE::2025-04-09.14:06:42::SCWMssOS::Checking the sw design at  C:/Users/sunil/VivadoProjects/EE4218Labs/Project/MLP_NN_Platform_Project_HDL_HLS_v1/zynqmp_fsbl/zynqmp_fsbl_bsp/system.mss
TRACE::2025-04-09.14:06:42::SCWMssOS::DEBUG:  swdes dump  C:/Users/sunil/VivadoProjects/EE4218Labs/Project/MLP_NN_Platform_Project_HDL_HLS_v1/zynqmp_fsbl/zynqmp_fsbl_bsp/system.mss|system||

TRACE::2025-04-09.14:06:42::SCWMssOS::Sw design exists and opened at  C:/Users/sunil/VivadoProjects/EE4218Labs/Project/MLP_NN_Platform_Project_HDL_HLS_v1/zynqmp_fsbl/zynqmp_fsbl_bsp/system.mss
TRACE::2025-04-09.14:06:42::SCWPlatform::Trying to open the hw design at C:/Users/sunil/VivadoProjects/EE4218Labs/Project/MLP_NN_Platform_Project_HDL_HLS_v1/hw/MLP_NN_HDL_HLS_v1.xsa
TRACE::2025-04-09.14:06:42::SCWPlatform::DSA given C:/Users/sunil/VivadoProjects/EE4218Labs/Project/MLP_NN_Platform_Project_HDL_HLS_v1/hw/MLP_NN_HDL_HLS_v1.xsa
TRACE::2025-04-09.14:06:42::SCWPlatform::DSA absoulate path C:/Users/sunil/VivadoProjects/EE4218Labs/Project/MLP_NN_Platform_Project_HDL_HLS_v1/hw/MLP_NN_HDL_HLS_v1.xsa
TRACE::2025-04-09.14:06:42::SCWPlatform::DSA directory C:/Users/sunil/VivadoProjects/EE4218Labs/Project/MLP_NN_Platform_Project_HDL_HLS_v1/hw
TRACE::2025-04-09.14:06:42::SCWPlatform:: Platform Path C:/Users/sunil/VivadoProjects/EE4218Labs/Project/MLP_NN_Platform_Project_HDL_HLS_v1/hw/MLP_NN_HDL_HLS_v1.xsa
TRACE::2025-04-09.14:06:42::SCWPlatform:: Unique name xilinx:kv260_som::0.0
TRACE::2025-04-09.14:06:42::SCWPlatform::Trying to set the existing hwdb with name design_1_wrapper_2
TRACE::2025-04-09.14:06:42::SCWPlatform::Opened existing hwdb design_1_wrapper_2
TRACE::2025-04-09.14:06:42::SCWPlatform::Found the Hw Db part of the input DSA
TRACE::2025-04-09.14:06:42::SCWMssOS::Checking the sw design at  C:/Users/sunil/VivadoProjects/EE4218Labs/Project/MLP_NN_Platform_Project_HDL_HLS_v1/zynqmp_fsbl/zynqmp_fsbl_bsp/system.mss
TRACE::2025-04-09.14:06:42::SCWMssOS::DEBUG:  swdes dump  C:/Users/sunil/VivadoProjects/EE4218Labs/Project/MLP_NN_Platform_Project_HDL_HLS_v1/zynqmp_fsbl/zynqmp_fsbl_bsp/system.mss|system||

TRACE::2025-04-09.14:06:42::SCWMssOS::Sw design exists and opened at  C:/Users/sunil/VivadoProjects/EE4218Labs/Project/MLP_NN_Platform_Project_HDL_HLS_v1/zynqmp_fsbl/zynqmp_fsbl_bsp/system.mss
TRACE::2025-04-09.14:06:42::SCWPlatform::Trying to open the hw design at C:/Users/sunil/VivadoProjects/EE4218Labs/Project/MLP_NN_Platform_Project_HDL_HLS_v1/hw/MLP_NN_HDL_HLS_v1.xsa
TRACE::2025-04-09.14:06:42::SCWPlatform::DSA given C:/Users/sunil/VivadoProjects/EE4218Labs/Project/MLP_NN_Platform_Project_HDL_HLS_v1/hw/MLP_NN_HDL_HLS_v1.xsa
TRACE::2025-04-09.14:06:42::SCWPlatform::DSA absoulate path C:/Users/sunil/VivadoProjects/EE4218Labs/Project/MLP_NN_Platform_Project_HDL_HLS_v1/hw/MLP_NN_HDL_HLS_v1.xsa
TRACE::2025-04-09.14:06:42::SCWPlatform::DSA directory C:/Users/sunil/VivadoProjects/EE4218Labs/Project/MLP_NN_Platform_Project_HDL_HLS_v1/hw
TRACE::2025-04-09.14:06:42::SCWPlatform:: Platform Path C:/Users/sunil/VivadoProjects/EE4218Labs/Project/MLP_NN_Platform_Project_HDL_HLS_v1/hw/MLP_NN_HDL_HLS_v1.xsa
TRACE::2025-04-09.14:06:42::SCWPlatform:: Unique name xilinx:kv260_som::0.0
TRACE::2025-04-09.14:06:42::SCWPlatform::Trying to set the existing hwdb with name design_1_wrapper_2
TRACE::2025-04-09.14:06:42::SCWPlatform::Opened existing hwdb design_1_wrapper_2
TRACE::2025-04-09.14:06:42::SCWPlatform::Found the Hw Db part of the input DSA
TRACE::2025-04-09.14:06:42::SCWMssOS::Checking the sw design at  C:/Users/sunil/VivadoProjects/EE4218Labs/Project/MLP_NN_Platform_Project_HDL_HLS_v1/zynqmp_fsbl/zynqmp_fsbl_bsp/system.mss
TRACE::2025-04-09.14:06:42::SCWMssOS::DEBUG:  swdes dump  C:/Users/sunil/VivadoProjects/EE4218Labs/Project/MLP_NN_Platform_Project_HDL_HLS_v1/zynqmp_fsbl/zynqmp_fsbl_bsp/system.mss|system||

TRACE::2025-04-09.14:06:42::SCWMssOS::Sw design exists and opened at  C:/Users/sunil/VivadoProjects/EE4218Labs/Project/MLP_NN_Platform_Project_HDL_HLS_v1/zynqmp_fsbl/zynqmp_fsbl_bsp/system.mss
TRACE::2025-04-09.14:06:42::SCWPlatform::Trying to open the hw design at C:/Users/sunil/VivadoProjects/EE4218Labs/Project/MLP_NN_Platform_Project_HDL_HLS_v1/hw/MLP_NN_HDL_HLS_v1.xsa
TRACE::2025-04-09.14:06:42::SCWPlatform::DSA given C:/Users/sunil/VivadoProjects/EE4218Labs/Project/MLP_NN_Platform_Project_HDL_HLS_v1/hw/MLP_NN_HDL_HLS_v1.xsa
TRACE::2025-04-09.14:06:42::SCWPlatform::DSA absoulate path C:/Users/sunil/VivadoProjects/EE4218Labs/Project/MLP_NN_Platform_Project_HDL_HLS_v1/hw/MLP_NN_HDL_HLS_v1.xsa
TRACE::2025-04-09.14:06:42::SCWPlatform::DSA directory C:/Users/sunil/VivadoProjects/EE4218Labs/Project/MLP_NN_Platform_Project_HDL_HLS_v1/hw
TRACE::2025-04-09.14:06:42::SCWPlatform:: Platform Path C:/Users/sunil/VivadoProjects/EE4218Labs/Project/MLP_NN_Platform_Project_HDL_HLS_v1/hw/MLP_NN_HDL_HLS_v1.xsa
TRACE::2025-04-09.14:06:42::SCWPlatform:: Unique name xilinx:kv260_som::0.0
TRACE::2025-04-09.14:06:42::SCWPlatform::Trying to set the existing hwdb with name design_1_wrapper_2
TRACE::2025-04-09.14:06:42::SCWPlatform::Opened existing hwdb design_1_wrapper_2
TRACE::2025-04-09.14:06:42::SCWPlatform::Found the Hw Db part of the input DSA
TRACE::2025-04-09.14:06:42::SCWMssOS::Checking the sw design at  C:/Users/sunil/VivadoProjects/EE4218Labs/Project/MLP_NN_Platform_Project_HDL_HLS_v1/zynqmp_fsbl/zynqmp_fsbl_bsp/system.mss
TRACE::2025-04-09.14:06:42::SCWMssOS::DEBUG:  swdes dump  C:/Users/sunil/VivadoProjects/EE4218Labs/Project/MLP_NN_Platform_Project_HDL_HLS_v1/zynqmp_fsbl/zynqmp_fsbl_bsp/system.mss|system||

TRACE::2025-04-09.14:06:42::SCWMssOS::Sw design exists and opened at  C:/Users/sunil/VivadoProjects/EE4218Labs/Project/MLP_NN_Platform_Project_HDL_HLS_v1/zynqmp_fsbl/zynqmp_fsbl_bsp/system.mss
TRACE::2025-04-09.14:06:42::SCWPlatform::Trying to open the hw design at C:/Users/sunil/VivadoProjects/EE4218Labs/Project/MLP_NN_Platform_Project_HDL_HLS_v1/hw/MLP_NN_HDL_HLS_v1.xsa
TRACE::2025-04-09.14:06:42::SCWPlatform::DSA given C:/Users/sunil/VivadoProjects/EE4218Labs/Project/MLP_NN_Platform_Project_HDL_HLS_v1/hw/MLP_NN_HDL_HLS_v1.xsa
TRACE::2025-04-09.14:06:42::SCWPlatform::DSA absoulate path C:/Users/sunil/VivadoProjects/EE4218Labs/Project/MLP_NN_Platform_Project_HDL_HLS_v1/hw/MLP_NN_HDL_HLS_v1.xsa
TRACE::2025-04-09.14:06:42::SCWPlatform::DSA directory C:/Users/sunil/VivadoProjects/EE4218Labs/Project/MLP_NN_Platform_Project_HDL_HLS_v1/hw
TRACE::2025-04-09.14:06:42::SCWPlatform:: Platform Path C:/Users/sunil/VivadoProjects/EE4218Labs/Project/MLP_NN_Platform_Project_HDL_HLS_v1/hw/MLP_NN_HDL_HLS_v1.xsa
TRACE::2025-04-09.14:06:42::SCWPlatform:: Unique name xilinx:kv260_som::0.0
TRACE::2025-04-09.14:06:42::SCWPlatform::Trying to set the existing hwdb with name design_1_wrapper_2
TRACE::2025-04-09.14:06:42::SCWPlatform::Opened existing hwdb design_1_wrapper_2
TRACE::2025-04-09.14:06:42::SCWPlatform::Found the Hw Db part of the input DSA
TRACE::2025-04-09.14:06:42::SCWMssOS::Checking the sw design at  C:/Users/sunil/VivadoProjects/EE4218Labs/Project/MLP_NN_Platform_Project_HDL_HLS_v1/zynqmp_fsbl/zynqmp_fsbl_bsp/system.mss
TRACE::2025-04-09.14:06:42::SCWMssOS::DEBUG:  swdes dump  C:/Users/sunil/VivadoProjects/EE4218Labs/Project/MLP_NN_Platform_Project_HDL_HLS_v1/zynqmp_fsbl/zynqmp_fsbl_bsp/system.mss|system||

TRACE::2025-04-09.14:06:42::SCWMssOS::Sw design exists and opened at  C:/Users/sunil/VivadoProjects/EE4218Labs/Project/MLP_NN_Platform_Project_HDL_HLS_v1/zynqmp_fsbl/zynqmp_fsbl_bsp/system.mss
TRACE::2025-04-09.14:06:42::SCWPlatform::Trying to open the hw design at C:/Users/sunil/VivadoProjects/EE4218Labs/Project/MLP_NN_Platform_Project_HDL_HLS_v1/hw/MLP_NN_HDL_HLS_v1.xsa
TRACE::2025-04-09.14:06:42::SCWPlatform::DSA given C:/Users/sunil/VivadoProjects/EE4218Labs/Project/MLP_NN_Platform_Project_HDL_HLS_v1/hw/MLP_NN_HDL_HLS_v1.xsa
TRACE::2025-04-09.14:06:42::SCWPlatform::DSA absoulate path C:/Users/sunil/VivadoProjects/EE4218Labs/Project/MLP_NN_Platform_Project_HDL_HLS_v1/hw/MLP_NN_HDL_HLS_v1.xsa
TRACE::2025-04-09.14:06:42::SCWPlatform::DSA directory C:/Users/sunil/VivadoProjects/EE4218Labs/Project/MLP_NN_Platform_Project_HDL_HLS_v1/hw
TRACE::2025-04-09.14:06:42::SCWPlatform:: Platform Path C:/Users/sunil/VivadoProjects/EE4218Labs/Project/MLP_NN_Platform_Project_HDL_HLS_v1/hw/MLP_NN_HDL_HLS_v1.xsa
TRACE::2025-04-09.14:06:42::SCWPlatform:: Unique name xilinx:kv260_som::0.0
TRACE::2025-04-09.14:06:42::SCWPlatform::Trying to set the existing hwdb with name design_1_wrapper_2
TRACE::2025-04-09.14:06:42::SCWPlatform::Opened existing hwdb design_1_wrapper_2
TRACE::2025-04-09.14:06:42::SCWPlatform::Found the Hw Db part of the input DSA
TRACE::2025-04-09.14:06:42::SCWMssOS::Checking the sw design at  C:/Users/sunil/VivadoProjects/EE4218Labs/Project/MLP_NN_Platform_Project_HDL_HLS_v1/zynqmp_fsbl/zynqmp_fsbl_bsp/system.mss
TRACE::2025-04-09.14:06:42::SCWMssOS::DEBUG:  swdes dump  C:/Users/sunil/VivadoProjects/EE4218Labs/Project/MLP_NN_Platform_Project_HDL_HLS_v1/zynqmp_fsbl/zynqmp_fsbl_bsp/system.mss|system||

TRACE::2025-04-09.14:06:42::SCWMssOS::Sw design exists and opened at  C:/Users/sunil/VivadoProjects/EE4218Labs/Project/MLP_NN_Platform_Project_HDL_HLS_v1/zynqmp_fsbl/zynqmp_fsbl_bsp/system.mss
TRACE::2025-04-09.14:06:42::SCWMssOS::Saving the mss changes C:/Users/sunil/VivadoProjects/EE4218Labs/Project/MLP_NN_Platform_Project_HDL_HLS_v1/zynqmp_fsbl/zynqmp_fsbl_bsp/system.mss
TRACE::2025-04-09.14:06:42::SCWMssOS::Found a swdesign opened with the mssfile.
TRACE::2025-04-09.14:06:42::SCWMssOS::Completed writemss as part of save.
TRACE::2025-04-09.14:06:42::SCWMssOS::Commit changes completed.
TRACE::2025-04-09.14:06:42::SCWReader::Adding prebuilt librarypaths as   
TRACE::2025-04-09.14:06:42::SCWReader::Adding prebuilt incpaths  as   
TRACE::2025-04-09.14:06:42::SCWPlatform::Trying to open the hw design at C:/Users/sunil/VivadoProjects/EE4218Labs/Project/MLP_NN_Platform_Project_HDL_HLS_v1/hw/MLP_NN_HDL_HLS_v1.xsa
TRACE::2025-04-09.14:06:42::SCWPlatform::DSA given C:/Users/sunil/VivadoProjects/EE4218Labs/Project/MLP_NN_Platform_Project_HDL_HLS_v1/hw/MLP_NN_HDL_HLS_v1.xsa
TRACE::2025-04-09.14:06:42::SCWPlatform::DSA absoulate path C:/Users/sunil/VivadoProjects/EE4218Labs/Project/MLP_NN_Platform_Project_HDL_HLS_v1/hw/MLP_NN_HDL_HLS_v1.xsa
TRACE::2025-04-09.14:06:42::SCWPlatform::DSA directory C:/Users/sunil/VivadoProjects/EE4218Labs/Project/MLP_NN_Platform_Project_HDL_HLS_v1/hw
TRACE::2025-04-09.14:06:42::SCWPlatform:: Platform Path C:/Users/sunil/VivadoProjects/EE4218Labs/Project/MLP_NN_Platform_Project_HDL_HLS_v1/hw/MLP_NN_HDL_HLS_v1.xsa
TRACE::2025-04-09.14:06:42::SCWPlatform:: Unique name xilinx:kv260_som::0.0
TRACE::2025-04-09.14:06:42::SCWPlatform::Trying to set the existing hwdb with name design_1_wrapper_2
TRACE::2025-04-09.14:06:42::SCWPlatform::Opened existing hwdb design_1_wrapper_2
TRACE::2025-04-09.14:06:42::SCWPlatform::Found the Hw Db part of the input DSA
TRACE::2025-04-09.14:06:42::SCWMssOS::Checking the sw design at  C:/Users/sunil/VivadoProjects/EE4218Labs/Project/MLP_NN_Platform_Project_HDL_HLS_v1/zynqmp_fsbl/zynqmp_fsbl_bsp/system.mss
TRACE::2025-04-09.14:06:42::SCWMssOS::DEBUG:  swdes dump  C:/Users/sunil/VivadoProjects/EE4218Labs/Project/MLP_NN_Platform_Project_HDL_HLS_v1/zynqmp_fsbl/zynqmp_fsbl_bsp/system.mss|system||

TRACE::2025-04-09.14:06:42::SCWMssOS::Sw design exists and opened at  C:/Users/sunil/VivadoProjects/EE4218Labs/Project/MLP_NN_Platform_Project_HDL_HLS_v1/zynqmp_fsbl/zynqmp_fsbl_bsp/system.mss
TRACE::2025-04-09.14:06:42::SCWReader::No isolation master present  
TRACE::2025-04-09.14:06:42::SCWDomain::checking for install qemu data   : 
TRACE::2025-04-09.14:06:42::SCWDomain:: Using the QEMU Data from install at  : C:/Xilinx/Vitis/2023.2/data/emulation/platforms/zynqmp/sw/a53_standalone/qemu/
TRACE::2025-04-09.14:06:42::SCWDomain:: Using the QEMU args  from install at  : C:/Xilinx/Vitis/2023.2/data/emulation/platforms/zynqmp/sw/a53_standalone/qemu/qemu_args.txt
TRACE::2025-04-09.14:06:42::SCWDomain:: Using the PMUQEMU args from install at  : C:/Xilinx/Vitis/2023.2/data/emulation/platforms/zynqmp/sw/a53_standalone/qemu/pmu_args.txt
TRACE::2025-04-09.14:06:42::SCWPlatform::Trying to open the hw design at C:/Users/sunil/VivadoProjects/EE4218Labs/Project/MLP_NN_Platform_Project_HDL_HLS_v1/hw/MLP_NN_HDL_HLS_v1.xsa
TRACE::2025-04-09.14:06:42::SCWPlatform::DSA given C:/Users/sunil/VivadoProjects/EE4218Labs/Project/MLP_NN_Platform_Project_HDL_HLS_v1/hw/MLP_NN_HDL_HLS_v1.xsa
TRACE::2025-04-09.14:06:42::SCWPlatform::DSA absoulate path C:/Users/sunil/VivadoProjects/EE4218Labs/Project/MLP_NN_Platform_Project_HDL_HLS_v1/hw/MLP_NN_HDL_HLS_v1.xsa
TRACE::2025-04-09.14:06:42::SCWPlatform::DSA directory C:/Users/sunil/VivadoProjects/EE4218Labs/Project/MLP_NN_Platform_Project_HDL_HLS_v1/hw
TRACE::2025-04-09.14:06:42::SCWPlatform:: Platform Path C:/Users/sunil/VivadoProjects/EE4218Labs/Project/MLP_NN_Platform_Project_HDL_HLS_v1/hw/MLP_NN_HDL_HLS_v1.xsa
TRACE::2025-04-09.14:06:42::SCWPlatform:: Unique name xilinx:kv260_som::0.0
TRACE::2025-04-09.14:06:42::SCWPlatform::Trying to set the existing hwdb with name design_1_wrapper_2
TRACE::2025-04-09.14:06:42::SCWPlatform::Opened existing hwdb design_1_wrapper_2
TRACE::2025-04-09.14:06:42::SCWPlatform::Found the Hw Db part of the input DSA
TRACE::2025-04-09.14:06:42::SCWReader::Boot application domain added for zynqmp_pmufw
TRACE::2025-04-09.14:06:42::SCWPlatform::Trying to open the hw design at C:/Users/sunil/VivadoProjects/EE4218Labs/Project/MLP_NN_Platform_Project_HDL_HLS_v1/hw/MLP_NN_HDL_HLS_v1.xsa
TRACE::2025-04-09.14:06:42::SCWPlatform::DSA given C:/Users/sunil/VivadoProjects/EE4218Labs/Project/MLP_NN_Platform_Project_HDL_HLS_v1/hw/MLP_NN_HDL_HLS_v1.xsa
TRACE::2025-04-09.14:06:42::SCWPlatform::DSA absoulate path C:/Users/sunil/VivadoProjects/EE4218Labs/Project/MLP_NN_Platform_Project_HDL_HLS_v1/hw/MLP_NN_HDL_HLS_v1.xsa
TRACE::2025-04-09.14:06:42::SCWPlatform::DSA directory C:/Users/sunil/VivadoProjects/EE4218Labs/Project/MLP_NN_Platform_Project_HDL_HLS_v1/hw
TRACE::2025-04-09.14:06:42::SCWPlatform:: Platform Path C:/Users/sunil/VivadoProjects/EE4218Labs/Project/MLP_NN_Platform_Project_HDL_HLS_v1/hw/MLP_NN_HDL_HLS_v1.xsa
TRACE::2025-04-09.14:06:42::SCWPlatform:: Unique name xilinx:kv260_som::0.0
TRACE::2025-04-09.14:06:42::SCWPlatform::Trying to set the existing hwdb with name design_1_wrapper_2
TRACE::2025-04-09.14:06:42::SCWPlatform::Opened existing hwdb design_1_wrapper_2
TRACE::2025-04-09.14:06:42::SCWPlatform::Found the Hw Db part of the input DSA
TRACE::2025-04-09.14:06:42::SCWMssOS::Checking the sw design at  C:/Users/sunil/VivadoProjects/EE4218Labs/Project/MLP_NN_Platform_Project_HDL_HLS_v1/zynqmp_pmufw/zynqmp_pmufw_bsp/system.mss
TRACE::2025-04-09.14:06:42::SCWMssOS::DEBUG:  swdes dump  C:/Users/sunil/VivadoProjects/EE4218Labs/Project/MLP_NN_Platform_Project_HDL_HLS_v1/zynqmp_fsbl/zynqmp_fsbl_bsp/system.mss|system||

TRACE::2025-04-09.14:06:42::SCWMssOS::No sw design opened at  C:/Users/sunil/VivadoProjects/EE4218Labs/Project/MLP_NN_Platform_Project_HDL_HLS_v1/zynqmp_pmufw/zynqmp_pmufw_bsp/system.mss
TRACE::2025-04-09.14:06:42::SCWMssOS::mss exists loading the mss file  C:/Users/sunil/VivadoProjects/EE4218Labs/Project/MLP_NN_Platform_Project_HDL_HLS_v1/zynqmp_pmufw/zynqmp_pmufw_bsp/system.mss
TRACE::2025-04-09.14:06:42::SCWMssOS::Opened the sw design from mss  C:/Users/sunil/VivadoProjects/EE4218Labs/Project/MLP_NN_Platform_Project_HDL_HLS_v1/zynqmp_pmufw/zynqmp_pmufw_bsp/system.mss
TRACE::2025-04-09.14:06:42::SCWMssOS::Adding the swdes entry C:/Users/sunil/VivadoProjects/EE4218Labs/Project/MLP_NN_Platform_Project_HDL_HLS_v1/zynqmp_pmufw/zynqmp_pmufw_bsp/system.mss with des name system_0
TRACE::2025-04-09.14:06:42::SCWMssOS::updating the scw layer about changes
TRACE::2025-04-09.14:06:43::SCWMssOS::Opened the sw design.  C:/Users/sunil/VivadoProjects/EE4218Labs/Project/MLP_NN_Platform_Project_HDL_HLS_v1/zynqmp_pmufw/zynqmp_pmufw_bsp/system.mss
TRACE::2025-04-09.14:06:43::SCWPlatform::Trying to open the hw design at C:/Users/sunil/VivadoProjects/EE4218Labs/Project/MLP_NN_Platform_Project_HDL_HLS_v1/hw/MLP_NN_HDL_HLS_v1.xsa
TRACE::2025-04-09.14:06:43::SCWPlatform::DSA given C:/Users/sunil/VivadoProjects/EE4218Labs/Project/MLP_NN_Platform_Project_HDL_HLS_v1/hw/MLP_NN_HDL_HLS_v1.xsa
TRACE::2025-04-09.14:06:43::SCWPlatform::DSA absoulate path C:/Users/sunil/VivadoProjects/EE4218Labs/Project/MLP_NN_Platform_Project_HDL_HLS_v1/hw/MLP_NN_HDL_HLS_v1.xsa
TRACE::2025-04-09.14:06:43::SCWPlatform::DSA directory C:/Users/sunil/VivadoProjects/EE4218Labs/Project/MLP_NN_Platform_Project_HDL_HLS_v1/hw
TRACE::2025-04-09.14:06:43::SCWPlatform:: Platform Path C:/Users/sunil/VivadoProjects/EE4218Labs/Project/MLP_NN_Platform_Project_HDL_HLS_v1/hw/MLP_NN_HDL_HLS_v1.xsa
TRACE::2025-04-09.14:06:43::SCWPlatform:: Unique name xilinx:kv260_som::0.0
TRACE::2025-04-09.14:06:43::SCWPlatform::Trying to set the existing hwdb with name design_1_wrapper_2
TRACE::2025-04-09.14:06:43::SCWPlatform::Opened existing hwdb design_1_wrapper_2
TRACE::2025-04-09.14:06:43::SCWPlatform::Found the Hw Db part of the input DSA
TRACE::2025-04-09.14:06:43::SCWMssOS::Checking the sw design at  C:/Users/sunil/VivadoProjects/EE4218Labs/Project/MLP_NN_Platform_Project_HDL_HLS_v1/zynqmp_pmufw/zynqmp_pmufw_bsp/system.mss
TRACE::2025-04-09.14:06:43::SCWMssOS::DEBUG:  swdes dump  C:/Users/sunil/VivadoProjects/EE4218Labs/Project/MLP_NN_Platform_Project_HDL_HLS_v1/zynqmp_fsbl/zynqmp_fsbl_bsp/system.mss|system||
C:/Users/sunil/VivadoProjects/EE4218Labs/Project/MLP_NN_Platform_Project_HDL_HLS_v1/zynqmp_pmufw/zynqmp_pmufw_bsp/system.mss|system_0||

TRACE::2025-04-09.14:06:43::SCWMssOS::Sw design exists and opened at  C:/Users/sunil/VivadoProjects/EE4218Labs/Project/MLP_NN_Platform_Project_HDL_HLS_v1/zynqmp_pmufw/zynqmp_pmufw_bsp/system.mss
TRACE::2025-04-09.14:06:43::SCWMssOS:: library already available in sw design:  xilfpga:6.5
TRACE::2025-04-09.14:06:43::SCWPlatform::Trying to open the hw design at C:/Users/sunil/VivadoProjects/EE4218Labs/Project/MLP_NN_Platform_Project_HDL_HLS_v1/hw/MLP_NN_HDL_HLS_v1.xsa
TRACE::2025-04-09.14:06:43::SCWPlatform::DSA given C:/Users/sunil/VivadoProjects/EE4218Labs/Project/MLP_NN_Platform_Project_HDL_HLS_v1/hw/MLP_NN_HDL_HLS_v1.xsa
TRACE::2025-04-09.14:06:43::SCWPlatform::DSA absoulate path C:/Users/sunil/VivadoProjects/EE4218Labs/Project/MLP_NN_Platform_Project_HDL_HLS_v1/hw/MLP_NN_HDL_HLS_v1.xsa
TRACE::2025-04-09.14:06:43::SCWPlatform::DSA directory C:/Users/sunil/VivadoProjects/EE4218Labs/Project/MLP_NN_Platform_Project_HDL_HLS_v1/hw
TRACE::2025-04-09.14:06:43::SCWPlatform:: Platform Path C:/Users/sunil/VivadoProjects/EE4218Labs/Project/MLP_NN_Platform_Project_HDL_HLS_v1/hw/MLP_NN_HDL_HLS_v1.xsa
TRACE::2025-04-09.14:06:43::SCWPlatform:: Unique name xilinx:kv260_som::0.0
TRACE::2025-04-09.14:06:43::SCWPlatform::Trying to set the existing hwdb with name design_1_wrapper_2
TRACE::2025-04-09.14:06:43::SCWPlatform::Opened existing hwdb design_1_wrapper_2
TRACE::2025-04-09.14:06:43::SCWPlatform::Found the Hw Db part of the input DSA
TRACE::2025-04-09.14:06:43::SCWMssOS::Checking the sw design at  C:/Users/sunil/VivadoProjects/EE4218Labs/Project/MLP_NN_Platform_Project_HDL_HLS_v1/zynqmp_pmufw/zynqmp_pmufw_bsp/system.mss
TRACE::2025-04-09.14:06:43::SCWMssOS::DEBUG:  swdes dump  C:/Users/sunil/VivadoProjects/EE4218Labs/Project/MLP_NN_Platform_Project_HDL_HLS_v1/zynqmp_fsbl/zynqmp_fsbl_bsp/system.mss|system||
C:/Users/sunil/VivadoProjects/EE4218Labs/Project/MLP_NN_Platform_Project_HDL_HLS_v1/zynqmp_pmufw/zynqmp_pmufw_bsp/system.mss|system_0||

TRACE::2025-04-09.14:06:43::SCWMssOS::Sw design exists and opened at  C:/Users/sunil/VivadoProjects/EE4218Labs/Project/MLP_NN_Platform_Project_HDL_HLS_v1/zynqmp_pmufw/zynqmp_pmufw_bsp/system.mss
TRACE::2025-04-09.14:06:43::SCWMssOS:: library already available in sw design:  xilsecure:5.2
TRACE::2025-04-09.14:06:43::SCWPlatform::Trying to open the hw design at C:/Users/sunil/VivadoProjects/EE4218Labs/Project/MLP_NN_Platform_Project_HDL_HLS_v1/hw/MLP_NN_HDL_HLS_v1.xsa
TRACE::2025-04-09.14:06:43::SCWPlatform::DSA given C:/Users/sunil/VivadoProjects/EE4218Labs/Project/MLP_NN_Platform_Project_HDL_HLS_v1/hw/MLP_NN_HDL_HLS_v1.xsa
TRACE::2025-04-09.14:06:43::SCWPlatform::DSA absoulate path C:/Users/sunil/VivadoProjects/EE4218Labs/Project/MLP_NN_Platform_Project_HDL_HLS_v1/hw/MLP_NN_HDL_HLS_v1.xsa
TRACE::2025-04-09.14:06:43::SCWPlatform::DSA directory C:/Users/sunil/VivadoProjects/EE4218Labs/Project/MLP_NN_Platform_Project_HDL_HLS_v1/hw
TRACE::2025-04-09.14:06:43::SCWPlatform:: Platform Path C:/Users/sunil/VivadoProjects/EE4218Labs/Project/MLP_NN_Platform_Project_HDL_HLS_v1/hw/MLP_NN_HDL_HLS_v1.xsa
TRACE::2025-04-09.14:06:43::SCWPlatform:: Unique name xilinx:kv260_som::0.0
TRACE::2025-04-09.14:06:43::SCWPlatform::Trying to set the existing hwdb with name design_1_wrapper_2
TRACE::2025-04-09.14:06:43::SCWPlatform::Opened existing hwdb design_1_wrapper_2
TRACE::2025-04-09.14:06:43::SCWPlatform::Found the Hw Db part of the input DSA
TRACE::2025-04-09.14:06:43::SCWMssOS::Checking the sw design at  C:/Users/sunil/VivadoProjects/EE4218Labs/Project/MLP_NN_Platform_Project_HDL_HLS_v1/zynqmp_pmufw/zynqmp_pmufw_bsp/system.mss
TRACE::2025-04-09.14:06:43::SCWMssOS::DEBUG:  swdes dump  C:/Users/sunil/VivadoProjects/EE4218Labs/Project/MLP_NN_Platform_Project_HDL_HLS_v1/zynqmp_fsbl/zynqmp_fsbl_bsp/system.mss|system||
C:/Users/sunil/VivadoProjects/EE4218Labs/Project/MLP_NN_Platform_Project_HDL_HLS_v1/zynqmp_pmufw/zynqmp_pmufw_bsp/system.mss|system_0||

TRACE::2025-04-09.14:06:43::SCWMssOS::Sw design exists and opened at  C:/Users/sunil/VivadoProjects/EE4218Labs/Project/MLP_NN_Platform_Project_HDL_HLS_v1/zynqmp_pmufw/zynqmp_pmufw_bsp/system.mss
TRACE::2025-04-09.14:06:43::SCWMssOS:: library already available in sw design:  xilskey:7.5
TRACE::2025-04-09.14:06:43::SCWPlatform::Trying to open the hw design at C:/Users/sunil/VivadoProjects/EE4218Labs/Project/MLP_NN_Platform_Project_HDL_HLS_v1/hw/MLP_NN_HDL_HLS_v1.xsa
TRACE::2025-04-09.14:06:43::SCWPlatform::DSA given C:/Users/sunil/VivadoProjects/EE4218Labs/Project/MLP_NN_Platform_Project_HDL_HLS_v1/hw/MLP_NN_HDL_HLS_v1.xsa
TRACE::2025-04-09.14:06:43::SCWPlatform::DSA absoulate path C:/Users/sunil/VivadoProjects/EE4218Labs/Project/MLP_NN_Platform_Project_HDL_HLS_v1/hw/MLP_NN_HDL_HLS_v1.xsa
TRACE::2025-04-09.14:06:43::SCWPlatform::DSA directory C:/Users/sunil/VivadoProjects/EE4218Labs/Project/MLP_NN_Platform_Project_HDL_HLS_v1/hw
TRACE::2025-04-09.14:06:43::SCWPlatform:: Platform Path C:/Users/sunil/VivadoProjects/EE4218Labs/Project/MLP_NN_Platform_Project_HDL_HLS_v1/hw/MLP_NN_HDL_HLS_v1.xsa
TRACE::2025-04-09.14:06:43::SCWPlatform:: Unique name xilinx:kv260_som::0.0
TRACE::2025-04-09.14:06:43::SCWPlatform::Trying to set the existing hwdb with name design_1_wrapper_2
TRACE::2025-04-09.14:06:43::SCWPlatform::Opened existing hwdb design_1_wrapper_2
TRACE::2025-04-09.14:06:43::SCWPlatform::Found the Hw Db part of the input DSA
TRACE::2025-04-09.14:06:43::SCWMssOS::Checking the sw design at  C:/Users/sunil/VivadoProjects/EE4218Labs/Project/MLP_NN_Platform_Project_HDL_HLS_v1/zynqmp_pmufw/zynqmp_pmufw_bsp/system.mss
TRACE::2025-04-09.14:06:43::SCWMssOS::DEBUG:  swdes dump  C:/Users/sunil/VivadoProjects/EE4218Labs/Project/MLP_NN_Platform_Project_HDL_HLS_v1/zynqmp_fsbl/zynqmp_fsbl_bsp/system.mss|system||
C:/Users/sunil/VivadoProjects/EE4218Labs/Project/MLP_NN_Platform_Project_HDL_HLS_v1/zynqmp_pmufw/zynqmp_pmufw_bsp/system.mss|system_0||

TRACE::2025-04-09.14:06:43::SCWMssOS::Sw design exists and opened at  C:/Users/sunil/VivadoProjects/EE4218Labs/Project/MLP_NN_Platform_Project_HDL_HLS_v1/zynqmp_pmufw/zynqmp_pmufw_bsp/system.mss
TRACE::2025-04-09.14:06:43::SCWPlatform::Trying to open the hw design at C:/Users/sunil/VivadoProjects/EE4218Labs/Project/MLP_NN_Platform_Project_HDL_HLS_v1/hw/MLP_NN_HDL_HLS_v1.xsa
TRACE::2025-04-09.14:06:43::SCWPlatform::DSA given C:/Users/sunil/VivadoProjects/EE4218Labs/Project/MLP_NN_Platform_Project_HDL_HLS_v1/hw/MLP_NN_HDL_HLS_v1.xsa
TRACE::2025-04-09.14:06:43::SCWPlatform::DSA absoulate path C:/Users/sunil/VivadoProjects/EE4218Labs/Project/MLP_NN_Platform_Project_HDL_HLS_v1/hw/MLP_NN_HDL_HLS_v1.xsa
TRACE::2025-04-09.14:06:43::SCWPlatform::DSA directory C:/Users/sunil/VivadoProjects/EE4218Labs/Project/MLP_NN_Platform_Project_HDL_HLS_v1/hw
TRACE::2025-04-09.14:06:43::SCWPlatform:: Platform Path C:/Users/sunil/VivadoProjects/EE4218Labs/Project/MLP_NN_Platform_Project_HDL_HLS_v1/hw/MLP_NN_HDL_HLS_v1.xsa
TRACE::2025-04-09.14:06:43::SCWPlatform:: Unique name xilinx:kv260_som::0.0
TRACE::2025-04-09.14:06:43::SCWPlatform::Trying to set the existing hwdb with name design_1_wrapper_2
TRACE::2025-04-09.14:06:43::SCWPlatform::Opened existing hwdb design_1_wrapper_2
TRACE::2025-04-09.14:06:43::SCWPlatform::Found the Hw Db part of the input DSA
TRACE::2025-04-09.14:06:43::SCWMssOS::Checking the sw design at  C:/Users/sunil/VivadoProjects/EE4218Labs/Project/MLP_NN_Platform_Project_HDL_HLS_v1/zynqmp_pmufw/zynqmp_pmufw_bsp/system.mss
TRACE::2025-04-09.14:06:43::SCWMssOS::DEBUG:  swdes dump  C:/Users/sunil/VivadoProjects/EE4218Labs/Project/MLP_NN_Platform_Project_HDL_HLS_v1/zynqmp_fsbl/zynqmp_fsbl_bsp/system.mss|system||
C:/Users/sunil/VivadoProjects/EE4218Labs/Project/MLP_NN_Platform_Project_HDL_HLS_v1/zynqmp_pmufw/zynqmp_pmufw_bsp/system.mss|system_0||

TRACE::2025-04-09.14:06:43::SCWMssOS::Sw design exists and opened at  C:/Users/sunil/VivadoProjects/EE4218Labs/Project/MLP_NN_Platform_Project_HDL_HLS_v1/zynqmp_pmufw/zynqmp_pmufw_bsp/system.mss
TRACE::2025-04-09.14:06:43::SCWMssOS::Saving the mss changes C:/Users/sunil/VivadoProjects/EE4218Labs/Project/MLP_NN_Platform_Project_HDL_HLS_v1/zynqmp_pmufw/zynqmp_pmufw_bsp/system.mss
TRACE::2025-04-09.14:06:43::SCWMssOS::Found a swdesign opened with the mssfile.
TRACE::2025-04-09.14:06:43::SCWMssOS::Completed writemss as part of save.
TRACE::2025-04-09.14:06:43::SCWMssOS::Commit changes completed.
TRACE::2025-04-09.14:06:43::SCWReader::Adding prebuilt librarypaths as   
TRACE::2025-04-09.14:06:43::SCWReader::Adding prebuilt incpaths  as   
TRACE::2025-04-09.14:06:43::SCWPlatform::Trying to open the hw design at C:/Users/sunil/VivadoProjects/EE4218Labs/Project/MLP_NN_Platform_Project_HDL_HLS_v1/hw/MLP_NN_HDL_HLS_v1.xsa
TRACE::2025-04-09.14:06:43::SCWPlatform::DSA given C:/Users/sunil/VivadoProjects/EE4218Labs/Project/MLP_NN_Platform_Project_HDL_HLS_v1/hw/MLP_NN_HDL_HLS_v1.xsa
TRACE::2025-04-09.14:06:43::SCWPlatform::DSA absoulate path C:/Users/sunil/VivadoProjects/EE4218Labs/Project/MLP_NN_Platform_Project_HDL_HLS_v1/hw/MLP_NN_HDL_HLS_v1.xsa
TRACE::2025-04-09.14:06:43::SCWPlatform::DSA directory C:/Users/sunil/VivadoProjects/EE4218Labs/Project/MLP_NN_Platform_Project_HDL_HLS_v1/hw
TRACE::2025-04-09.14:06:43::SCWPlatform:: Platform Path C:/Users/sunil/VivadoProjects/EE4218Labs/Project/MLP_NN_Platform_Project_HDL_HLS_v1/hw/MLP_NN_HDL_HLS_v1.xsa
TRACE::2025-04-09.14:06:43::SCWPlatform:: Unique name xilinx:kv260_som::0.0
TRACE::2025-04-09.14:06:43::SCWPlatform::Trying to set the existing hwdb with name design_1_wrapper_2
TRACE::2025-04-09.14:06:43::SCWPlatform::Opened existing hwdb design_1_wrapper_2
TRACE::2025-04-09.14:06:43::SCWPlatform::Found the Hw Db part of the input DSA
TRACE::2025-04-09.14:06:43::SCWMssOS::Checking the sw design at  C:/Users/sunil/VivadoProjects/EE4218Labs/Project/MLP_NN_Platform_Project_HDL_HLS_v1/zynqmp_pmufw/zynqmp_pmufw_bsp/system.mss
TRACE::2025-04-09.14:06:43::SCWMssOS::DEBUG:  swdes dump  C:/Users/sunil/VivadoProjects/EE4218Labs/Project/MLP_NN_Platform_Project_HDL_HLS_v1/zynqmp_fsbl/zynqmp_fsbl_bsp/system.mss|system||
C:/Users/sunil/VivadoProjects/EE4218Labs/Project/MLP_NN_Platform_Project_HDL_HLS_v1/zynqmp_pmufw/zynqmp_pmufw_bsp/system.mss|system_0||

TRACE::2025-04-09.14:06:43::SCWMssOS::Sw design exists and opened at  C:/Users/sunil/VivadoProjects/EE4218Labs/Project/MLP_NN_Platform_Project_HDL_HLS_v1/zynqmp_pmufw/zynqmp_pmufw_bsp/system.mss
TRACE::2025-04-09.14:06:43::SCWReader::No isolation master present  
TRACE::2025-04-09.14:06:43::SCWDomain::checking for install qemu data   : 
TRACE::2025-04-09.14:06:43::SCWDomain:: Using the QEMU Data from install at  : C:/Xilinx/Vitis/2023.2/data/emulation/platforms/zynqmp/sw/a53_standalone/qemu/
TRACE::2025-04-09.14:06:43::SCWDomain:: Using the QEMU args  from install at  : C:/Xilinx/Vitis/2023.2/data/emulation/platforms/zynqmp/sw/a53_standalone/qemu/qemu_args.txt
TRACE::2025-04-09.14:06:43::SCWDomain:: Using the PMUQEMU args from install at  : C:/Xilinx/Vitis/2023.2/data/emulation/platforms/zynqmp/sw/a53_standalone/qemu/pmu_args.txt
TRACE::2025-04-09.14:06:43::SCWPlatform::Trying to open the hw design at C:/Users/sunil/VivadoProjects/EE4218Labs/Project/MLP_NN_Platform_Project_HDL_HLS_v1/hw/MLP_NN_HDL_HLS_v1.xsa
TRACE::2025-04-09.14:06:43::SCWPlatform::DSA given C:/Users/sunil/VivadoProjects/EE4218Labs/Project/MLP_NN_Platform_Project_HDL_HLS_v1/hw/MLP_NN_HDL_HLS_v1.xsa
TRACE::2025-04-09.14:06:43::SCWPlatform::DSA absoulate path C:/Users/sunil/VivadoProjects/EE4218Labs/Project/MLP_NN_Platform_Project_HDL_HLS_v1/hw/MLP_NN_HDL_HLS_v1.xsa
TRACE::2025-04-09.14:06:43::SCWPlatform::DSA directory C:/Users/sunil/VivadoProjects/EE4218Labs/Project/MLP_NN_Platform_Project_HDL_HLS_v1/hw
TRACE::2025-04-09.14:06:43::SCWPlatform:: Platform Path C:/Users/sunil/VivadoProjects/EE4218Labs/Project/MLP_NN_Platform_Project_HDL_HLS_v1/hw/MLP_NN_HDL_HLS_v1.xsa
TRACE::2025-04-09.14:06:43::SCWPlatform:: Unique name xilinx:kv260_som::0.0
TRACE::2025-04-09.14:06:43::SCWPlatform::Trying to set the existing hwdb with name design_1_wrapper_2
TRACE::2025-04-09.14:06:43::SCWPlatform::Opened existing hwdb design_1_wrapper_2
TRACE::2025-04-09.14:06:43::SCWPlatform::Found the Hw Db part of the input DSA
TRACE::2025-04-09.14:06:43::SCWPlatform::Trying to open the hw design at C:/Users/sunil/VivadoProjects/EE4218Labs/Project/MLP_NN_Platform_Project_HDL_HLS_v1/hw/MLP_NN_HDL_HLS_v1.xsa
TRACE::2025-04-09.14:06:43::SCWPlatform::DSA given C:/Users/sunil/VivadoProjects/EE4218Labs/Project/MLP_NN_Platform_Project_HDL_HLS_v1/hw/MLP_NN_HDL_HLS_v1.xsa
TRACE::2025-04-09.14:06:43::SCWPlatform::DSA absoulate path C:/Users/sunil/VivadoProjects/EE4218Labs/Project/MLP_NN_Platform_Project_HDL_HLS_v1/hw/MLP_NN_HDL_HLS_v1.xsa
TRACE::2025-04-09.14:06:43::SCWPlatform::DSA directory C:/Users/sunil/VivadoProjects/EE4218Labs/Project/MLP_NN_Platform_Project_HDL_HLS_v1/hw
TRACE::2025-04-09.14:06:43::SCWPlatform:: Platform Path C:/Users/sunil/VivadoProjects/EE4218Labs/Project/MLP_NN_Platform_Project_HDL_HLS_v1/hw/MLP_NN_HDL_HLS_v1.xsa
TRACE::2025-04-09.14:06:43::SCWPlatform:: Unique name xilinx:kv260_som::0.0
TRACE::2025-04-09.14:06:43::SCWPlatform::Trying to set the existing hwdb with name design_1_wrapper_2
TRACE::2025-04-09.14:06:43::SCWPlatform::Opened existing hwdb design_1_wrapper_2
TRACE::2025-04-09.14:06:43::SCWPlatform::Found the Hw Db part of the input DSA
TRACE::2025-04-09.14:06:43::SCWPlatform::Trying to open the hw design at C:/Users/sunil/VivadoProjects/EE4218Labs/Project/MLP_NN_Platform_Project_HDL_HLS_v1/hw/MLP_NN_HDL_HLS_v1.xsa
TRACE::2025-04-09.14:06:43::SCWPlatform::DSA given C:/Users/sunil/VivadoProjects/EE4218Labs/Project/MLP_NN_Platform_Project_HDL_HLS_v1/hw/MLP_NN_HDL_HLS_v1.xsa
TRACE::2025-04-09.14:06:43::SCWPlatform::DSA absoulate path C:/Users/sunil/VivadoProjects/EE4218Labs/Project/MLP_NN_Platform_Project_HDL_HLS_v1/hw/MLP_NN_HDL_HLS_v1.xsa
TRACE::2025-04-09.14:06:43::SCWPlatform::DSA directory C:/Users/sunil/VivadoProjects/EE4218Labs/Project/MLP_NN_Platform_Project_HDL_HLS_v1/hw
TRACE::2025-04-09.14:06:43::SCWPlatform:: Platform Path C:/Users/sunil/VivadoProjects/EE4218Labs/Project/MLP_NN_Platform_Project_HDL_HLS_v1/hw/MLP_NN_HDL_HLS_v1.xsa
TRACE::2025-04-09.14:06:43::SCWPlatform:: Unique name xilinx:kv260_som::0.0
TRACE::2025-04-09.14:06:43::SCWPlatform::Trying to set the existing hwdb with name design_1_wrapper_2
TRACE::2025-04-09.14:06:43::SCWPlatform::Opened existing hwdb design_1_wrapper_2
TRACE::2025-04-09.14:06:43::SCWPlatform::Found the Hw Db part of the input DSA
TRACE::2025-04-09.14:06:43::SCWMssOS::Checking the sw design at  C:/Users/sunil/VivadoProjects/EE4218Labs/Project/MLP_NN_Platform_Project_HDL_HLS_v1/psu_cortexa53_0/standalone_domain/bsp/system.mss
TRACE::2025-04-09.14:06:43::SCWMssOS::DEBUG:  swdes dump  C:/Users/sunil/VivadoProjects/EE4218Labs/Project/MLP_NN_Platform_Project_HDL_HLS_v1/zynqmp_fsbl/zynqmp_fsbl_bsp/system.mss|system||
C:/Users/sunil/VivadoProjects/EE4218Labs/Project/MLP_NN_Platform_Project_HDL_HLS_v1/zynqmp_pmufw/zynqmp_pmufw_bsp/system.mss|system_0||

TRACE::2025-04-09.14:06:43::SCWMssOS::No sw design opened at  C:/Users/sunil/VivadoProjects/EE4218Labs/Project/MLP_NN_Platform_Project_HDL_HLS_v1/psu_cortexa53_0/standalone_domain/bsp/system.mss
TRACE::2025-04-09.14:06:43::SCWMssOS::mss exists loading the mss file  C:/Users/sunil/VivadoProjects/EE4218Labs/Project/MLP_NN_Platform_Project_HDL_HLS_v1/psu_cortexa53_0/standalone_domain/bsp/system.mss
TRACE::2025-04-09.14:06:43::SCWMssOS::Opened the sw design from mss  C:/Users/sunil/VivadoProjects/EE4218Labs/Project/MLP_NN_Platform_Project_HDL_HLS_v1/psu_cortexa53_0/standalone_domain/bsp/system.mss
TRACE::2025-04-09.14:06:43::SCWMssOS::Adding the swdes entry C:/Users/sunil/VivadoProjects/EE4218Labs/Project/MLP_NN_Platform_Project_HDL_HLS_v1/psu_cortexa53_0/standalone_domain/bsp/system.mss with des name system_1
TRACE::2025-04-09.14:06:43::SCWMssOS::updating the scw layer about changes
TRACE::2025-04-09.14:06:43::SCWMssOS::Opened the sw design.  C:/Users/sunil/VivadoProjects/EE4218Labs/Project/MLP_NN_Platform_Project_HDL_HLS_v1/psu_cortexa53_0/standalone_domain/bsp/system.mss
TRACE::2025-04-09.14:06:43::SCWMssOS::Saving the mss changes C:/Users/sunil/VivadoProjects/EE4218Labs/Project/MLP_NN_Platform_Project_HDL_HLS_v1/psu_cortexa53_0/standalone_domain/bsp/system.mss
TRACE::2025-04-09.14:06:43::SCWMssOS::Found a swdesign opened with the mssfile.
TRACE::2025-04-09.14:06:43::SCWMssOS::Completed writemss as part of save.
TRACE::2025-04-09.14:06:43::SCWMssOS::Commit changes completed.
TRACE::2025-04-09.14:06:43::SCWReader::Adding prebuilt librarypaths as   
TRACE::2025-04-09.14:06:43::SCWReader::Adding prebuilt incpaths  as   
TRACE::2025-04-09.14:06:43::SCWPlatform::Trying to open the hw design at C:/Users/sunil/VivadoProjects/EE4218Labs/Project/MLP_NN_Platform_Project_HDL_HLS_v1/hw/MLP_NN_HDL_HLS_v1.xsa
TRACE::2025-04-09.14:06:43::SCWPlatform::DSA given C:/Users/sunil/VivadoProjects/EE4218Labs/Project/MLP_NN_Platform_Project_HDL_HLS_v1/hw/MLP_NN_HDL_HLS_v1.xsa
TRACE::2025-04-09.14:06:43::SCWPlatform::DSA absoulate path C:/Users/sunil/VivadoProjects/EE4218Labs/Project/MLP_NN_Platform_Project_HDL_HLS_v1/hw/MLP_NN_HDL_HLS_v1.xsa
TRACE::2025-04-09.14:06:43::SCWPlatform::DSA directory C:/Users/sunil/VivadoProjects/EE4218Labs/Project/MLP_NN_Platform_Project_HDL_HLS_v1/hw
TRACE::2025-04-09.14:06:43::SCWPlatform:: Platform Path C:/Users/sunil/VivadoProjects/EE4218Labs/Project/MLP_NN_Platform_Project_HDL_HLS_v1/hw/MLP_NN_HDL_HLS_v1.xsa
TRACE::2025-04-09.14:06:43::SCWPlatform:: Unique name xilinx:kv260_som::0.0
TRACE::2025-04-09.14:06:43::SCWPlatform::Trying to set the existing hwdb with name design_1_wrapper_2
TRACE::2025-04-09.14:06:43::SCWPlatform::Opened existing hwdb design_1_wrapper_2
TRACE::2025-04-09.14:06:43::SCWPlatform::Found the Hw Db part of the input DSA
TRACE::2025-04-09.14:06:43::SCWMssOS::Checking the sw design at  C:/Users/sunil/VivadoProjects/EE4218Labs/Project/MLP_NN_Platform_Project_HDL_HLS_v1/psu_cortexa53_0/standalone_domain/bsp/system.mss
TRACE::2025-04-09.14:06:43::SCWMssOS::DEBUG:  swdes dump  C:/Users/sunil/VivadoProjects/EE4218Labs/Project/MLP_NN_Platform_Project_HDL_HLS_v1/psu_cortexa53_0/standalone_domain/bsp/system.mss|system_1||
C:/Users/sunil/VivadoProjects/EE4218Labs/Project/MLP_NN_Platform_Project_HDL_HLS_v1/zynqmp_fsbl/zynqmp_fsbl_bsp/system.mss|system||
C:/Users/sunil/VivadoProjects/EE4218Labs/Project/MLP_NN_Platform_Project_HDL_HLS_v1/zynqmp_pmufw/zynqmp_pmufw_bsp/system.mss|system_0||

TRACE::2025-04-09.14:06:43::SCWMssOS::Sw design exists and opened at  C:/Users/sunil/VivadoProjects/EE4218Labs/Project/MLP_NN_Platform_Project_HDL_HLS_v1/psu_cortexa53_0/standalone_domain/bsp/system.mss
TRACE::2025-04-09.14:06:43::SCWReader::No isolation master present  
LOG::2025-04-09.14:08:34::SCWPlatform::Started generating the artifacts platform MLP_NN_Platform_Project_HDL_HLS_v1
TRACE::2025-04-09.14:08:34::SCWPlatform::Sanity checking of platform is completed
LOG::2025-04-09.14:08:34::SCWPlatform::Started generating the artifacts for system configuration MLP_NN_Platform_Project_HDL_HLS_v1
LOG::2025-04-09.14:08:34::SCWSystem::Checking the domain zynqmp_fsbl
LOG::2025-04-09.14:08:34::SCWSystem::Doing application build for :  zynqmp_fsbl
TRACE::2025-04-09.14:08:34::SCWBDomain::Not a forced makefile updation, No changes are present. 
TRACE::2025-04-09.14:08:34::SCWDomain::Building the domain as part of full build :  zynqmp_fsbl
TRACE::2025-04-09.14:08:34::SCWPlatform::Trying to open the hw design at C:/Users/sunil/VivadoProjects/EE4218Labs/Project/MLP_NN_Platform_Project_HDL_HLS_v1/hw/MLP_NN_HDL_HLS_v1.xsa
TRACE::2025-04-09.14:08:34::SCWPlatform::DSA given C:/Users/sunil/VivadoProjects/EE4218Labs/Project/MLP_NN_Platform_Project_HDL_HLS_v1/hw/MLP_NN_HDL_HLS_v1.xsa
TRACE::2025-04-09.14:08:34::SCWPlatform::DSA absoulate path C:/Users/sunil/VivadoProjects/EE4218Labs/Project/MLP_NN_Platform_Project_HDL_HLS_v1/hw/MLP_NN_HDL_HLS_v1.xsa
TRACE::2025-04-09.14:08:34::SCWPlatform::DSA directory C:/Users/sunil/VivadoProjects/EE4218Labs/Project/MLP_NN_Platform_Project_HDL_HLS_v1/hw
TRACE::2025-04-09.14:08:34::SCWPlatform:: Platform Path C:/Users/sunil/VivadoProjects/EE4218Labs/Project/MLP_NN_Platform_Project_HDL_HLS_v1/hw/MLP_NN_HDL_HLS_v1.xsa
TRACE::2025-04-09.14:08:34::SCWPlatform:: Unique name xilinx:kv260_som::0.0
TRACE::2025-04-09.14:08:34::SCWPlatform::Trying to set the existing hwdb with name design_1_wrapper_2
TRACE::2025-04-09.14:08:34::SCWPlatform::Opened existing hwdb design_1_wrapper_2
TRACE::2025-04-09.14:08:34::SCWPlatform::Found the Hw Db part of the input DSA
TRACE::2025-04-09.14:08:34::SCWMssOS::Checking the sw design at  C:/Users/sunil/VivadoProjects/EE4218Labs/Project/MLP_NN_Platform_Project_HDL_HLS_v1/zynqmp_fsbl/zynqmp_fsbl_bsp/system.mss
TRACE::2025-04-09.14:08:34::SCWMssOS::DEBUG:  swdes dump  C:/Users/sunil/VivadoProjects/EE4218Labs/Project/MLP_NN_Platform_Project_HDL_HLS_v1/psu_cortexa53_0/standalone_domain/bsp/system.mss|system_1||
C:/Users/sunil/VivadoProjects/EE4218Labs/Project/MLP_NN_Platform_Project_HDL_HLS_v1/zynqmp_fsbl/zynqmp_fsbl_bsp/system.mss|system||
C:/Users/sunil/VivadoProjects/EE4218Labs/Project/MLP_NN_Platform_Project_HDL_HLS_v1/zynqmp_pmufw/zynqmp_pmufw_bsp/system.mss|system_0||

TRACE::2025-04-09.14:08:34::SCWMssOS::Sw design exists and opened at  C:/Users/sunil/VivadoProjects/EE4218Labs/Project/MLP_NN_Platform_Project_HDL_HLS_v1/zynqmp_fsbl/zynqmp_fsbl_bsp/system.mss
TRACE::2025-04-09.14:08:34::SCWBDomain::Completed writing the mss file at C:/Users/sunil/VivadoProjects/EE4218Labs/Project/MLP_NN_Platform_Project_HDL_HLS_v1/zynqmp_fsbl/zynqmp_fsbl_bsp
TRACE::2025-04-09.14:08:34::SCWBDomain::bsp generated is upto date with the mss file. Skipping bsp generation.
TRACE::2025-04-09.14:08:34::SCWBDomain::Not a forced makefile updation, No changes are present. 
TRACE::2025-04-09.14:08:34::SCWBDomain::System Command Ran  C:&  cd  C:/Users/sunil/VivadoProjects/EE4218Labs/Project/MLP_NN_Platform_Project_HDL_HLS_v1/zynqmp_fsbl& make -C  zynqmp_fsbl_bsp & make 
TRACE::2025-04-09.14:08:34::SCWBDomain::make: Entering directory 'C:/Users/sunil/VivadoProjects/EE4218Labs/Project/MLP_NN_Platform_Project_HDL_HLS_v1/zynqmp_fsbl/zynqm
TRACE::2025-04-09.14:08:34::SCWBDomain::p_fsbl_bsp'

TRACE::2025-04-09.14:08:34::SCWBDomain::make --no-print-directory seq_libs

TRACE::2025-04-09.14:08:35::SCWBDomain::"Running Make include in psu_cortexa53_0/libsrc/axipmon_v6_10/src"

TRACE::2025-04-09.14:08:35::SCWBDomain::make -C psu_cortexa53_0/libsrc/axipmon_v6_10/src -s include  "SHELL=CMD" "COMPILER=aarch64-none-elf-gcc" "ASSEMBLER=aarch64-non
TRACE::2025-04-09.14:08:35::SCWBDomain::e-elf-as" "ARCHIVER=aarch64-none-elf-ar" "COMPILER_FLAGS=  -c" "EXTRA_COMPILER_FLAGS=-g -Wall -Wextra -fno-tree-loop-distribute
TRACE::2025-04-09.14:08:35::SCWBDomain::-patterns -Os -flto -ffat-lto-objects"

TRACE::2025-04-09.14:08:35::SCWBDomain::"Running Make include in psu_cortexa53_0/libsrc/clockps_v1_5/src"

TRACE::2025-04-09.14:08:35::SCWBDomain::make -C psu_cortexa53_0/libsrc/clockps_v1_5/src -s include  "SHELL=CMD" "COMPILER=aarch64-none-elf-gcc" "ASSEMBLER=aarch64-none
TRACE::2025-04-09.14:08:35::SCWBDomain::-elf-as" "ARCHIVER=aarch64-none-elf-ar" "COMPILER_FLAGS=  -c" "EXTRA_COMPILER_FLAGS=-g -Wall -Wextra -fno-tree-loop-distribute-
TRACE::2025-04-09.14:08:35::SCWBDomain::patterns -Os -flto -ffat-lto-objects"

TRACE::2025-04-09.14:08:35::SCWBDomain::"Running Make include in psu_cortexa53_0/libsrc/coresightps_dcc_v1_9/src"

TRACE::2025-04-09.14:08:35::SCWBDomain::make -C psu_cortexa53_0/libsrc/coresightps_dcc_v1_9/src -s include  "SHELL=CMD" "COMPILER=aarch64-none-elf-gcc" "ASSEMBLER=aarc
TRACE::2025-04-09.14:08:35::SCWBDomain::h64-none-elf-as" "ARCHIVER=aarch64-none-elf-ar" "COMPILER_FLAGS=  -c" "EXTRA_COMPILER_FLAGS=-g -Wall -Wextra -fno-tree-loop-dis
TRACE::2025-04-09.14:08:35::SCWBDomain::tribute-patterns -Os -flto -ffat-lto-objects"

TRACE::2025-04-09.14:08:35::SCWBDomain::"Running Make include in psu_cortexa53_0/libsrc/cpu_cortexa53_v2_1/src"

TRACE::2025-04-09.14:08:35::SCWBDomain::make -C psu_cortexa53_0/libsrc/cpu_cortexa53_v2_1/src -s include  "SHELL=CMD" "COMPILER=aarch64-none-elf-gcc" "ASSEMBLER=aarch6
TRACE::2025-04-09.14:08:35::SCWBDomain::4-none-elf-as" "ARCHIVER=aarch64-none-elf-ar" "COMPILER_FLAGS=  -c" "EXTRA_COMPILER_FLAGS=-g -Wall -Wextra -fno-tree-loop-distr
TRACE::2025-04-09.14:08:35::SCWBDomain::ibute-patterns -Os -flto -ffat-lto-objects"

TRACE::2025-04-09.14:08:35::SCWBDomain::"Running Make include in psu_cortexa53_0/libsrc/csudma_v1_14/src"

TRACE::2025-04-09.14:08:35::SCWBDomain::make -C psu_cortexa53_0/libsrc/csudma_v1_14/src -s include  "SHELL=CMD" "COMPILER=aarch64-none-elf-gcc" "ASSEMBLER=aarch64-none
TRACE::2025-04-09.14:08:35::SCWBDomain::-elf-as" "ARCHIVER=aarch64-none-elf-ar" "COMPILER_FLAGS=  -c" "EXTRA_COMPILER_FLAGS=-g -Wall -Wextra -fno-tree-loop-distribute-
TRACE::2025-04-09.14:08:35::SCWBDomain::patterns -Os -flto -ffat-lto-objects"

TRACE::2025-04-09.14:08:35::SCWBDomain::"Running Make include in psu_cortexa53_0/libsrc/ddrcpsu_v1_5/src"

TRACE::2025-04-09.14:08:35::SCWBDomain::make -C psu_cortexa53_0/libsrc/ddrcpsu_v1_5/src -s include  "SHELL=CMD" "COMPILER=aarch64-none-elf-gcc" "ASSEMBLER=aarch64-none
TRACE::2025-04-09.14:08:35::SCWBDomain::-elf-as" "ARCHIVER=aarch64-none-elf-ar" "COMPILER_FLAGS=  -c" "EXTRA_COMPILER_FLAGS=-g -Wall -Wextra -fno-tree-loop-distribute-
TRACE::2025-04-09.14:08:35::SCWBDomain::patterns -Os -flto -ffat-lto-objects"

TRACE::2025-04-09.14:08:35::SCWBDomain::"Running Make include in psu_cortexa53_0/libsrc/gpiops_v3_12/src"

TRACE::2025-04-09.14:08:35::SCWBDomain::make -C psu_cortexa53_0/libsrc/gpiops_v3_12/src -s include  "SHELL=CMD" "COMPILER=aarch64-none-elf-gcc" "ASSEMBLER=aarch64-none
TRACE::2025-04-09.14:08:35::SCWBDomain::-elf-as" "ARCHIVER=aarch64-none-elf-ar" "COMPILER_FLAGS=  -c" "EXTRA_COMPILER_FLAGS=-g -Wall -Wextra -fno-tree-loop-distribute-
TRACE::2025-04-09.14:08:35::SCWBDomain::patterns -Os -flto -ffat-lto-objects"

TRACE::2025-04-09.14:08:35::SCWBDomain::"Running Make include in psu_cortexa53_0/libsrc/iicps_v3_18/src"

TRACE::2025-04-09.14:08:35::SCWBDomain::make -C psu_cortexa53_0/libsrc/iicps_v3_18/src -s include  "SHELL=CMD" "COMPILER=aarch64-none-elf-gcc" "ASSEMBLER=aarch64-none-
TRACE::2025-04-09.14:08:35::SCWBDomain::elf-as" "ARCHIVER=aarch64-none-elf-ar" "COMPILER_FLAGS=  -c" "EXTRA_COMPILER_FLAGS=-g -Wall -Wextra -fno-tree-loop-distribute-p
TRACE::2025-04-09.14:08:35::SCWBDomain::atterns -Os -flto -ffat-lto-objects"

TRACE::2025-04-09.14:08:35::SCWBDomain::"Running Make include in psu_cortexa53_0/libsrc/ipipsu_v2_14/src"

TRACE::2025-04-09.14:08:35::SCWBDomain::make -C psu_cortexa53_0/libsrc/ipipsu_v2_14/src -s include  "SHELL=CMD" "COMPILER=aarch64-none-elf-gcc" "ASSEMBLER=aarch64-none
TRACE::2025-04-09.14:08:35::SCWBDomain::-elf-as" "ARCHIVER=aarch64-none-elf-ar" "COMPILER_FLAGS=  -c" "EXTRA_COMPILER_FLAGS=-g -Wall -Wextra -fno-tree-loop-distribute-
TRACE::2025-04-09.14:08:35::SCWBDomain::patterns -Os -flto -ffat-lto-objects"

TRACE::2025-04-09.14:08:35::SCWBDomain::"Running Make include in psu_cortexa53_0/libsrc/llfifo_v5_6/src"

TRACE::2025-04-09.14:08:35::SCWBDomain::make -C psu_cortexa53_0/libsrc/llfifo_v5_6/src -s include  "SHELL=CMD" "COMPILER=aarch64-none-elf-gcc" "ASSEMBLER=aarch64-none-
TRACE::2025-04-09.14:08:35::SCWBDomain::elf-as" "ARCHIVER=aarch64-none-elf-ar" "COMPILER_FLAGS=  -c" "EXTRA_COMPILER_FLAGS=-g -Wall -Wextra -fno-tree-loop-distribute-p
TRACE::2025-04-09.14:08:35::SCWBDomain::atterns -Os -flto -ffat-lto-objects"

TRACE::2025-04-09.14:08:36::SCWBDomain::"Running Make include in psu_cortexa53_0/libsrc/qspipsu_v1_18/src"

TRACE::2025-04-09.14:08:36::SCWBDomain::make -C psu_cortexa53_0/libsrc/qspipsu_v1_18/src -s include  "SHELL=CMD" "COMPILER=aarch64-none-elf-gcc" "ASSEMBLER=aarch64-non
TRACE::2025-04-09.14:08:36::SCWBDomain::e-elf-as" "ARCHIVER=aarch64-none-elf-ar" "COMPILER_FLAGS=  -c" "EXTRA_COMPILER_FLAGS=-g -Wall -Wextra -fno-tree-loop-distribute
TRACE::2025-04-09.14:08:36::SCWBDomain::-patterns -Os -flto -ffat-lto-objects"

TRACE::2025-04-09.14:08:36::SCWBDomain::"Running Make include in psu_cortexa53_0/libsrc/resetps_v1_6/src"

TRACE::2025-04-09.14:08:36::SCWBDomain::make -C psu_cortexa53_0/libsrc/resetps_v1_6/src -s include  "SHELL=CMD" "COMPILER=aarch64-none-elf-gcc" "ASSEMBLER=aarch64-none
TRACE::2025-04-09.14:08:36::SCWBDomain::-elf-as" "ARCHIVER=aarch64-none-elf-ar" "COMPILER_FLAGS=  -c" "EXTRA_COMPILER_FLAGS=-g -Wall -Wextra -fno-tree-loop-distribute-
TRACE::2025-04-09.14:08:36::SCWBDomain::patterns -Os -flto -ffat-lto-objects"

TRACE::2025-04-09.14:08:36::SCWBDomain::"Running Make include in psu_cortexa53_0/libsrc/rtcpsu_v1_13/src"

TRACE::2025-04-09.14:08:36::SCWBDomain::make -C psu_cortexa53_0/libsrc/rtcpsu_v1_13/src -s include  "SHELL=CMD" "COMPILER=aarch64-none-elf-gcc" "ASSEMBLER=aarch64-none
TRACE::2025-04-09.14:08:36::SCWBDomain::-elf-as" "ARCHIVER=aarch64-none-elf-ar" "COMPILER_FLAGS=  -c" "EXTRA_COMPILER_FLAGS=-g -Wall -Wextra -fno-tree-loop-distribute-
TRACE::2025-04-09.14:08:36::SCWBDomain::patterns -Os -flto -ffat-lto-objects"

TRACE::2025-04-09.14:08:36::SCWBDomain::"Running Make include in psu_cortexa53_0/libsrc/scugic_v5_2/src"

TRACE::2025-04-09.14:08:36::SCWBDomain::make -C psu_cortexa53_0/libsrc/scugic_v5_2/src -s include  "SHELL=CMD" "COMPILER=aarch64-none-elf-gcc" "ASSEMBLER=aarch64-none-
TRACE::2025-04-09.14:08:36::SCWBDomain::elf-as" "ARCHIVER=aarch64-none-elf-ar" "COMPILER_FLAGS=  -c" "EXTRA_COMPILER_FLAGS=-g -Wall -Wextra -fno-tree-loop-distribute-p
TRACE::2025-04-09.14:08:36::SCWBDomain::atterns -Os -flto -ffat-lto-objects"

TRACE::2025-04-09.14:08:36::SCWBDomain::"Running Make include in psu_cortexa53_0/libsrc/spips_v3_9/src"

TRACE::2025-04-09.14:08:36::SCWBDomain::make -C psu_cortexa53_0/libsrc/spips_v3_9/src -s include  "SHELL=CMD" "COMPILER=aarch64-none-elf-gcc" "ASSEMBLER=aarch64-none-e
TRACE::2025-04-09.14:08:36::SCWBDomain::lf-as" "ARCHIVER=aarch64-none-elf-ar" "COMPILER_FLAGS=  -c" "EXTRA_COMPILER_FLAGS=-g -Wall -Wextra -fno-tree-loop-distribute-pa
TRACE::2025-04-09.14:08:36::SCWBDomain::tterns -Os -flto -ffat-lto-objects"

TRACE::2025-04-09.14:08:36::SCWBDomain::"Running Make include in psu_cortexa53_0/libsrc/standalone_v9_0/src"

TRACE::2025-04-09.14:08:36::SCWBDomain::make -C psu_cortexa53_0/libsrc/standalone_v9_0/src -s include  "SHELL=CMD" "COMPILER=aarch64-none-elf-gcc" "ASSEMBLER=aarch64-n
TRACE::2025-04-09.14:08:36::SCWBDomain::one-elf-as" "ARCHIVER=aarch64-none-elf-ar" "COMPILER_FLAGS=  -c" "EXTRA_COMPILER_FLAGS=-g -Wall -Wextra -fno-tree-loop-distribu
TRACE::2025-04-09.14:08:36::SCWBDomain::te-patterns -Os -flto -ffat-lto-objects"

TRACE::2025-04-09.14:08:37::SCWBDomain::"Running Make include in psu_cortexa53_0/libsrc/sysmonpsu_v2_9/src"

TRACE::2025-04-09.14:08:37::SCWBDomain::make -C psu_cortexa53_0/libsrc/sysmonpsu_v2_9/src -s include  "SHELL=CMD" "COMPILER=aarch64-none-elf-gcc" "ASSEMBLER=aarch64-no
TRACE::2025-04-09.14:08:37::SCWBDomain::ne-elf-as" "ARCHIVER=aarch64-none-elf-ar" "COMPILER_FLAGS=  -c" "EXTRA_COMPILER_FLAGS=-g -Wall -Wextra -fno-tree-loop-distribut
TRACE::2025-04-09.14:08:37::SCWBDomain::e-patterns -Os -flto -ffat-lto-objects"

TRACE::2025-04-09.14:08:37::SCWBDomain::"Running Make include in psu_cortexa53_0/libsrc/tmrctr_v4_11/src"

TRACE::2025-04-09.14:08:37::SCWBDomain::make -C psu_cortexa53_0/libsrc/tmrctr_v4_11/src -s include  "SHELL=CMD" "COMPILER=aarch64-none-elf-gcc" "ASSEMBLER=aarch64-none
TRACE::2025-04-09.14:08:37::SCWBDomain::-elf-as" "ARCHIVER=aarch64-none-elf-ar" "COMPILER_FLAGS=  -c" "EXTRA_COMPILER_FLAGS=-g -Wall -Wextra -fno-tree-loop-distribute-
TRACE::2025-04-09.14:08:37::SCWBDomain::patterns -Os -flto -ffat-lto-objects"

TRACE::2025-04-09.14:08:37::SCWBDomain::"Running Make include in psu_cortexa53_0/libsrc/ttcps_v3_18/src"

TRACE::2025-04-09.14:08:37::SCWBDomain::make -C psu_cortexa53_0/libsrc/ttcps_v3_18/src -s include  "SHELL=CMD" "COMPILER=aarch64-none-elf-gcc" "ASSEMBLER=aarch64-none-
TRACE::2025-04-09.14:08:37::SCWBDomain::elf-as" "ARCHIVER=aarch64-none-elf-ar" "COMPILER_FLAGS=  -c" "EXTRA_COMPILER_FLAGS=-g -Wall -Wextra -fno-tree-loop-distribute-p
TRACE::2025-04-09.14:08:37::SCWBDomain::atterns -Os -flto -ffat-lto-objects"

TRACE::2025-04-09.14:08:37::SCWBDomain::"Running Make include in psu_cortexa53_0/libsrc/uartps_v3_13/src"

TRACE::2025-04-09.14:08:37::SCWBDomain::make -C psu_cortexa53_0/libsrc/uartps_v3_13/src -s include  "SHELL=CMD" "COMPILER=aarch64-none-elf-gcc" "ASSEMBLER=aarch64-none
TRACE::2025-04-09.14:08:37::SCWBDomain::-elf-as" "ARCHIVER=aarch64-none-elf-ar" "COMPILER_FLAGS=  -c" "EXTRA_COMPILER_FLAGS=-g -Wall -Wextra -fno-tree-loop-distribute-
TRACE::2025-04-09.14:08:37::SCWBDomain::patterns -Os -flto -ffat-lto-objects"

TRACE::2025-04-09.14:08:37::SCWBDomain::"Running Make include in psu_cortexa53_0/libsrc/wdtps_v3_6/src"

TRACE::2025-04-09.14:08:37::SCWBDomain::make -C psu_cortexa53_0/libsrc/wdtps_v3_6/src -s include  "SHELL=CMD" "COMPILER=aarch64-none-elf-gcc" "ASSEMBLER=aarch64-none-e
TRACE::2025-04-09.14:08:37::SCWBDomain::lf-as" "ARCHIVER=aarch64-none-elf-ar" "COMPILER_FLAGS=  -c" "EXTRA_COMPILER_FLAGS=-g -Wall -Wextra -fno-tree-loop-distribute-pa
TRACE::2025-04-09.14:08:37::SCWBDomain::tterns -Os -flto -ffat-lto-objects"

TRACE::2025-04-09.14:08:38::SCWBDomain::"Running Make include in psu_cortexa53_0/libsrc/xilffs_v5_1/src"

TRACE::2025-04-09.14:08:38::SCWBDomain::make -C psu_cortexa53_0/libsrc/xilffs_v5_1/src -s include  "SHELL=CMD" "COMPILER=aarch64-none-elf-gcc" "ASSEMBLER=aarch64-none-
TRACE::2025-04-09.14:08:38::SCWBDomain::elf-as" "ARCHIVER=aarch64-none-elf-ar" "COMPILER_FLAGS=  -c" "EXTRA_COMPILER_FLAGS=-g -Wall -Wextra -fno-tree-loop-distribute-p
TRACE::2025-04-09.14:08:38::SCWBDomain::atterns -Os -flto -ffat-lto-objects"

TRACE::2025-04-09.14:08:38::SCWBDomain::"Running Make include in psu_cortexa53_0/libsrc/xilpm_v5_1/src"

TRACE::2025-04-09.14:08:38::SCWBDomain::make -C psu_cortexa53_0/libsrc/xilpm_v5_1/src -s include  "SHELL=CMD" "COMPILER=aarch64-none-elf-gcc" "ASSEMBLER=aarch64-none-e
TRACE::2025-04-09.14:08:38::SCWBDomain::lf-as" "ARCHIVER=aarch64-none-elf-ar" "COMPILER_FLAGS=  -c" "EXTRA_COMPILER_FLAGS=-g -Wall -Wextra -fno-tree-loop-distribute-pa
TRACE::2025-04-09.14:08:38::SCWBDomain::tterns -Os -flto -ffat-lto-objects"

TRACE::2025-04-09.14:08:38::SCWBDomain::"Include files for this library have already been copied."

TRACE::2025-04-09.14:08:38::SCWBDomain::"Running Make include in psu_cortexa53_0/libsrc/xilsecure_v5_2/src"

TRACE::2025-04-09.14:08:38::SCWBDomain::make -C psu_cortexa53_0/libsrc/xilsecure_v5_2/src -s include  "SHELL=CMD" "COMPILER=aarch64-none-elf-gcc" "ASSEMBLER=aarch64-no
TRACE::2025-04-09.14:08:38::SCWBDomain::ne-elf-as" "ARCHIVER=aarch64-none-elf-ar" "COMPILER_FLAGS=  -c" "EXTRA_COMPILER_FLAGS=-g -Wall -Wextra -fno-tree-loop-distribut
TRACE::2025-04-09.14:08:38::SCWBDomain::e-patterns -Os -flto -ffat-lto-objects"

TRACE::2025-04-09.14:08:38::SCWBDomain::"Running Make include in psu_cortexa53_0/libsrc/zdma_v1_17/src"

TRACE::2025-04-09.14:08:38::SCWBDomain::make -C psu_cortexa53_0/libsrc/zdma_v1_17/src -s include  "SHELL=CMD" "COMPILER=aarch64-none-elf-gcc" "ASSEMBLER=aarch64-none-e
TRACE::2025-04-09.14:08:38::SCWBDomain::lf-as" "ARCHIVER=aarch64-none-elf-ar" "COMPILER_FLAGS=  -c" "EXTRA_COMPILER_FLAGS=-g -Wall -Wextra -fno-tree-loop-distribute-pa
TRACE::2025-04-09.14:08:38::SCWBDomain::tterns -Os -flto -ffat-lto-objects"

TRACE::2025-04-09.14:08:38::SCWBDomain::"Running Make libs in psu_cortexa53_0/libsrc/xilpm_v5_1/src"

TRACE::2025-04-09.14:08:38::SCWBDomain::make -C psu_cortexa53_0/libsrc/xilpm_v5_1/src -s libs  "SHELL=CMD" "COMPILER=aarch64-none-elf-gcc" "ASSEMBLER=aarch64-none-elf-
TRACE::2025-04-09.14:08:38::SCWBDomain::as" "ARCHIVER=aarch64-none-elf-ar" "COMPILER_FLAGS=  -c" "EXTRA_COMPILER_FLAGS=-g -Wall -Wextra -fno-tree-loop-distribute-patte
TRACE::2025-04-09.14:08:38::SCWBDomain::rns -Os -flto -ffat-lto-objects"

TRACE::2025-04-09.14:08:38::SCWBDomain::"Compiling xilpm library"

TRACE::2025-04-09.14:08:39::SCWBDomain::"Running Make libs in psu_cortexa53_0/libsrc/xilsecure_v5_2/src"

TRACE::2025-04-09.14:08:39::SCWBDomain::make -C psu_cortexa53_0/libsrc/xilsecure_v5_2/src -s libs  "SHELL=CMD" "COMPILER=aarch64-none-elf-gcc" "ASSEMBLER=aarch64-none-
TRACE::2025-04-09.14:08:39::SCWBDomain::elf-as" "ARCHIVER=aarch64-none-elf-ar" "COMPILER_FLAGS=  -c" "EXTRA_COMPILER_FLAGS=-g -Wall -Wextra -fno-tree-loop-distribute-p
TRACE::2025-04-09.14:08:39::SCWBDomain::atterns -Os -flto -ffat-lto-objects"

TRACE::2025-04-09.14:08:39::SCWBDomain::"Compiling XilSecure Library"

TRACE::2025-04-09.14:08:41::SCWBDomain::'Finished building libraries sequentially.'

TRACE::2025-04-09.14:08:41::SCWBDomain::make -j 6 --no-print-directory par_libs

TRACE::2025-04-09.14:08:41::SCWBDomain::"Running Make include in psu_cortexa53_0/libsrc/axipmon_v6_10/src"

TRACE::2025-04-09.14:08:41::SCWBDomain::make -C psu_cortexa53_0/libsrc/axipmon_v6_10/src -s include  "SHELL=CMD" "COMPILER=aarch64-none-elf-gcc" "ASSEMBLER=aarch64-non
TRACE::2025-04-09.14:08:41::SCWBDomain::e-elf-as" "ARCHIVER=aarch64-none-elf-ar" "COMPILER_FLAGS=  -c" "EXTRA_COMPILER_FLAGS=-g -Wall -Wextra -fno-tree-loop-distribute
TRACE::2025-04-09.14:08:41::SCWBDomain::-patterns -Os -flto -ffat-lto-objects"

TRACE::2025-04-09.14:08:41::SCWBDomain::"Running Make include in psu_cortexa53_0/libsrc/clockps_v1_5/src"

TRACE::2025-04-09.14:08:41::SCWBDomain::make -C psu_cortexa53_0/libsrc/clockps_v1_5/src -s include  "SHELL=CMD" "COMPILER=aarch64-none-elf-gcc" "ASSEMBLER=aarch64-none
TRACE::2025-04-09.14:08:41::SCWBDomain::-elf-as" "ARCHIVER=aarch64-none-elf-ar" "COMPILER_FLAGS=  -c" "EXTRA_COMPILER_FLAGS=-g -Wall -Wextra -fno-tree-loop-distribute-
TRACE::2025-04-09.14:08:41::SCWBDomain::patterns -Os -flto -ffat-lto-objects"

TRACE::2025-04-09.14:08:41::SCWBDomain::"Running Make include in psu_cortexa53_0/libsrc/coresightps_dcc_v1_9/src"

TRACE::2025-04-09.14:08:41::SCWBDomain::make -C psu_cortexa53_0/libsrc/coresightps_dcc_v1_9/src -s include  "SHELL=CMD" "COMPILER=aarch64-none-elf-gcc" "ASSEMBLER=aarc
TRACE::2025-04-09.14:08:41::SCWBDomain::h64-none-elf-as" "ARCHIVER=aarch64-none-elf-ar" "COMPILER_FLAGS=  -c" "EXTRA_COMPILER_FLAGS=-g -Wall -Wextra -fno-tree-loop-dis
TRACE::2025-04-09.14:08:41::SCWBDomain::tribute-patterns -Os -flto -ffat-lto-objects"

TRACE::2025-04-09.14:08:41::SCWBDomain::"Running Make include in psu_cortexa53_0/libsrc/cpu_cortexa53_v2_1/src"

TRACE::2025-04-09.14:08:41::SCWBDomain::make -C psu_cortexa53_0/libsrc/cpu_cortexa53_v2_1/src -s include  "SHELL=CMD" "COMPILER=aarch64-none-elf-gcc" "ASSEMBLER=aarch6
TRACE::2025-04-09.14:08:41::SCWBDomain::4-none-elf-as" "ARCHIVER=aarch64-none-elf-ar" "COMPILER_FLAGS=  -c" "EXTRA_COMPILER_FLAGS=-g -Wall -Wextra -fno-tree-loop-distr
TRACE::2025-04-09.14:08:41::SCWBDomain::ibute-patterns -Os -flto -ffat-lto-objects"

TRACE::2025-04-09.14:08:41::SCWBDomain::"Running Make include in psu_cortexa53_0/libsrc/csudma_v1_14/src"

TRACE::2025-04-09.14:08:41::SCWBDomain::make -C psu_cortexa53_0/libsrc/csudma_v1_14/src -s include  "SHELL=CMD" "COMPILER=aarch64-none-elf-gcc" "ASSEMBLER=aarch64-none
TRACE::2025-04-09.14:08:41::SCWBDomain::-elf-as" "ARCHIVER=aarch64-none-elf-ar" "COMPILER_FLAGS=  -c" "EXTRA_COMPILER_FLAGS=-g -Wall -Wextra -fno-tree-loop-distribute-
TRACE::2025-04-09.14:08:41::SCWBDomain::patterns -Os -flto -ffat-lto-objects"

TRACE::2025-04-09.14:08:41::SCWBDomain::"Running Make include in psu_cortexa53_0/libsrc/ddrcpsu_v1_5/src"

TRACE::2025-04-09.14:08:41::SCWBDomain::make -C psu_cortexa53_0/libsrc/ddrcpsu_v1_5/src -s include  "SHELL=CMD" "COMPILER=aarch64-none-elf-gcc" "ASSEMBLER=aarch64-none
TRACE::2025-04-09.14:08:41::SCWBDomain::-elf-as" "ARCHIVER=aarch64-none-elf-ar" "COMPILER_FLAGS=  -c" "EXTRA_COMPILER_FLAGS=-g -Wall -Wextra -fno-tree-loop-distribute-
TRACE::2025-04-09.14:08:41::SCWBDomain::patterns -Os -flto -ffat-lto-objects"

TRACE::2025-04-09.14:08:41::SCWBDomain::"Running Make include in psu_cortexa53_0/libsrc/gpiops_v3_12/src"

TRACE::2025-04-09.14:08:41::SCWBDomain::make -C psu_cortexa53_0/libsrc/gpiops_v3_12/src -s include  "SHELL=CMD" "COMPILER=aarch64-none-elf-gcc" "ASSEMBLER=aarch64-none
TRACE::2025-04-09.14:08:41::SCWBDomain::-elf-as" "ARCHIVER=aarch64-none-elf-ar" "COMPILER_FLAGS=  -c" "EXTRA_COMPILER_FLAGS=-g -Wall -Wextra -fno-tree-loop-distribute-
TRACE::2025-04-09.14:08:41::SCWBDomain::patterns -Os -flto -ffat-lto-objects"

TRACE::2025-04-09.14:08:41::SCWBDomain::"Running Make include in psu_cortexa53_0/libsrc/iicps_v3_18/src"

TRACE::2025-04-09.14:08:41::SCWBDomain::make -C psu_cortexa53_0/libsrc/iicps_v3_18/src -s include  "SHELL=CMD" "COMPILER=aarch64-none-elf-gcc" "ASSEMBLER=aarch64-none-
TRACE::2025-04-09.14:08:41::SCWBDomain::elf-as" "ARCHIVER=aarch64-none-elf-ar" "COMPILER_FLAGS=  -c" "EXTRA_COMPILER_FLAGS=-g -Wall -Wextra -fno-tree-loop-distribute-p
TRACE::2025-04-09.14:08:41::SCWBDomain::atterns -Os -flto -ffat-lto-objects"

TRACE::2025-04-09.14:08:41::SCWBDomain::"Running Make include in psu_cortexa53_0/libsrc/ipipsu_v2_14/src"

TRACE::2025-04-09.14:08:41::SCWBDomain::make -C psu_cortexa53_0/libsrc/ipipsu_v2_14/src -s include  "SHELL=CMD" "COMPILER=aarch64-none-elf-gcc" "ASSEMBLER=aarch64-none
TRACE::2025-04-09.14:08:41::SCWBDomain::-elf-as" "ARCHIVER=aarch64-none-elf-ar" "COMPILER_FLAGS=  -c" "EXTRA_COMPILER_FLAGS=-g -Wall -Wextra -fno-tree-loop-distribute-
TRACE::2025-04-09.14:08:41::SCWBDomain::patterns -Os -flto -ffat-lto-objects"

TRACE::2025-04-09.14:08:41::SCWBDomain::"Running Make include in psu_cortexa53_0/libsrc/llfifo_v5_6/src"

TRACE::2025-04-09.14:08:41::SCWBDomain::make -C psu_cortexa53_0/libsrc/llfifo_v5_6/src -s include  "SHELL=CMD" "COMPILER=aarch64-none-elf-gcc" "ASSEMBLER=aarch64-none-
TRACE::2025-04-09.14:08:41::SCWBDomain::elf-as" "ARCHIVER=aarch64-none-elf-ar" "COMPILER_FLAGS=  -c" "EXTRA_COMPILER_FLAGS=-g -Wall -Wextra -fno-tree-loop-distribute-p
TRACE::2025-04-09.14:08:41::SCWBDomain::atterns -Os -flto -ffat-lto-objects"

TRACE::2025-04-09.14:08:41::SCWBDomain::"Running Make include in psu_cortexa53_0/libsrc/qspipsu_v1_18/src"

TRACE::2025-04-09.14:08:41::SCWBDomain::make -C psu_cortexa53_0/libsrc/qspipsu_v1_18/src -s include  "SHELL=CMD" "COMPILER=aarch64-none-elf-gcc" "ASSEMBLER=aarch64-non
TRACE::2025-04-09.14:08:41::SCWBDomain::e-elf-as" "ARCHIVER=aarch64-none-elf-ar" "COMPILER_FLAGS=  -c" "EXTRA_COMPILER_FLAGS=-g -Wall -Wextra -fno-tree-loop-distribute
TRACE::2025-04-09.14:08:41::SCWBDomain::-patterns -Os -flto -ffat-lto-objects"

TRACE::2025-04-09.14:08:41::SCWBDomain::"Running Make include in psu_cortexa53_0/libsrc/resetps_v1_6/src"

TRACE::2025-04-09.14:08:41::SCWBDomain::make -C psu_cortexa53_0/libsrc/resetps_v1_6/src -s include  "SHELL=CMD" "COMPILER=aarch64-none-elf-gcc" "ASSEMBLER=aarch64-none
TRACE::2025-04-09.14:08:41::SCWBDomain::-elf-as" "ARCHIVER=aarch64-none-elf-ar" "COMPILER_FLAGS=  -c" "EXTRA_COMPILER_FLAGS=-g -Wall -Wextra -fno-tree-loop-distribute-
TRACE::2025-04-09.14:08:41::SCWBDomain::patterns -Os -flto -ffat-lto-objects"

TRACE::2025-04-09.14:08:41::SCWBDomain::"Running Make include in psu_cortexa53_0/libsrc/rtcpsu_v1_13/src"

TRACE::2025-04-09.14:08:41::SCWBDomain::make -C psu_cortexa53_0/libsrc/rtcpsu_v1_13/src -s include  "SHELL=CMD" "COMPILER=aarch64-none-elf-gcc" "ASSEMBLER=aarch64-none
TRACE::2025-04-09.14:08:41::SCWBDomain::-elf-as" "ARCHIVER=aarch64-none-elf-ar" "COMPILER_FLAGS=  -c" "EXTRA_COMPILER_FLAGS=-g -Wall -Wextra -fno-tree-loop-distribute-
TRACE::2025-04-09.14:08:41::SCWBDomain::patterns -Os -flto -ffat-lto-objects"

TRACE::2025-04-09.14:08:41::SCWBDomain::"Running Make include in psu_cortexa53_0/libsrc/scugic_v5_2/src"

TRACE::2025-04-09.14:08:41::SCWBDomain::make -C psu_cortexa53_0/libsrc/scugic_v5_2/src -s include  "SHELL=CMD" "COMPILER=aarch64-none-elf-gcc" "ASSEMBLER=aarch64-none-
TRACE::2025-04-09.14:08:41::SCWBDomain::elf-as" "ARCHIVER=aarch64-none-elf-ar" "COMPILER_FLAGS=  -c" "EXTRA_COMPILER_FLAGS=-g -Wall -Wextra -fno-tree-loop-distribute-p
TRACE::2025-04-09.14:08:41::SCWBDomain::atterns -Os -flto -ffat-lto-objects"

TRACE::2025-04-09.14:08:41::SCWBDomain::"Running Make include in psu_cortexa53_0/libsrc/spips_v3_9/src"

TRACE::2025-04-09.14:08:41::SCWBDomain::make -C psu_cortexa53_0/libsrc/spips_v3_9/src -s include  "SHELL=CMD" "COMPILER=aarch64-none-elf-gcc" "ASSEMBLER=aarch64-none-e
TRACE::2025-04-09.14:08:41::SCWBDomain::lf-as" "ARCHIVER=aarch64-none-elf-ar" "COMPILER_FLAGS=  -c" "EXTRA_COMPILER_FLAGS=-g -Wall -Wextra -fno-tree-loop-distribute-pa
TRACE::2025-04-09.14:08:41::SCWBDomain::tterns -Os -flto -ffat-lto-objects"

TRACE::2025-04-09.14:08:41::SCWBDomain::"Running Make include in psu_cortexa53_0/libsrc/standalone_v9_0/src"

TRACE::2025-04-09.14:08:41::SCWBDomain::make -C psu_cortexa53_0/libsrc/standalone_v9_0/src -s include  "SHELL=CMD" "COMPILER=aarch64-none-elf-gcc" "ASSEMBLER=aarch64-n
TRACE::2025-04-09.14:08:41::SCWBDomain::one-elf-as" "ARCHIVER=aarch64-none-elf-ar" "COMPILER_FLAGS=  -c" "EXTRA_COMPILER_FLAGS=-g -Wall -Wextra -fno-tree-loop-distribu
TRACE::2025-04-09.14:08:41::SCWBDomain::te-patterns -Os -flto -ffat-lto-objects"

TRACE::2025-04-09.14:08:41::SCWBDomain::"Running Make include in psu_cortexa53_0/libsrc/sysmonpsu_v2_9/src"

TRACE::2025-04-09.14:08:41::SCWBDomain::make -C psu_cortexa53_0/libsrc/sysmonpsu_v2_9/src -s include  "SHELL=CMD" "COMPILER=aarch64-none-elf-gcc" "ASSEMBLER=aarch64-no
TRACE::2025-04-09.14:08:41::SCWBDomain::ne-elf-as" "ARCHIVER=aarch64-none-elf-ar" "COMPILER_FLAGS=  -c" "EXTRA_COMPILER_FLAGS=-g -Wall -Wextra -fno-tree-loop-distribut
TRACE::2025-04-09.14:08:41::SCWBDomain::e-patterns -Os -flto -ffat-lto-objects"

TRACE::2025-04-09.14:08:41::SCWBDomain::"Running Make include in psu_cortexa53_0/libsrc/tmrctr_v4_11/src"

TRACE::2025-04-09.14:08:41::SCWBDomain::make -C psu_cortexa53_0/libsrc/tmrctr_v4_11/src -s include  "SHELL=CMD" "COMPILER=aarch64-none-elf-gcc" "ASSEMBLER=aarch64-none
TRACE::2025-04-09.14:08:41::SCWBDomain::-elf-as" "ARCHIVER=aarch64-none-elf-ar" "COMPILER_FLAGS=  -c" "EXTRA_COMPILER_FLAGS=-g -Wall -Wextra -fno-tree-loop-distribute-
TRACE::2025-04-09.14:08:41::SCWBDomain::patterns -Os -flto -ffat-lto-objects"

TRACE::2025-04-09.14:08:41::SCWBDomain::"Running Make include in psu_cortexa53_0/libsrc/ttcps_v3_18/src"

TRACE::2025-04-09.14:08:41::SCWBDomain::make -C psu_cortexa53_0/libsrc/ttcps_v3_18/src -s include  "SHELL=CMD" "COMPILER=aarch64-none-elf-gcc" "ASSEMBLER=aarch64-none-
TRACE::2025-04-09.14:08:41::SCWBDomain::elf-as" "ARCHIVER=aarch64-none-elf-ar" "COMPILER_FLAGS=  -c" "EXTRA_COMPILER_FLAGS=-g -Wall -Wextra -fno-tree-loop-distribute-p
TRACE::2025-04-09.14:08:41::SCWBDomain::atterns -Os -flto -ffat-lto-objects"

TRACE::2025-04-09.14:08:41::SCWBDomain::"Running Make include in psu_cortexa53_0/libsrc/uartps_v3_13/src"

TRACE::2025-04-09.14:08:41::SCWBDomain::make -C psu_cortexa53_0/libsrc/uartps_v3_13/src -s include  "SHELL=CMD" "COMPILER=aarch64-none-elf-gcc" "ASSEMBLER=aarch64-none
TRACE::2025-04-09.14:08:41::SCWBDomain::-elf-as" "ARCHIVER=aarch64-none-elf-ar" "COMPILER_FLAGS=  -c" "EXTRA_COMPILER_FLAGS=-g -Wall -Wextra -fno-tree-loop-distribute-
TRACE::2025-04-09.14:08:41::SCWBDomain::patterns -Os -flto -ffat-lto-objects"

TRACE::2025-04-09.14:08:41::SCWBDomain::"Running Make include in psu_cortexa53_0/libsrc/wdtps_v3_6/src"

TRACE::2025-04-09.14:08:41::SCWBDomain::make -C psu_cortexa53_0/libsrc/wdtps_v3_6/src -s include  "SHELL=CMD" "COMPILER=aarch64-none-elf-gcc" "ASSEMBLER=aarch64-none-e
TRACE::2025-04-09.14:08:41::SCWBDomain::lf-as" "ARCHIVER=aarch64-none-elf-ar" "COMPILER_FLAGS=  -c" "EXTRA_COMPILER_FLAGS=-g -Wall -Wextra -fno-tree-loop-distribute-pa
TRACE::2025-04-09.14:08:41::SCWBDomain::tterns -Os -flto -ffat-lto-objects"

TRACE::2025-04-09.14:08:41::SCWBDomain::"Running Make include in psu_cortexa53_0/libsrc/xilffs_v5_1/src"

TRACE::2025-04-09.14:08:41::SCWBDomain::make -C psu_cortexa53_0/libsrc/xilffs_v5_1/src -s include  "SHELL=CMD" "COMPILER=aarch64-none-elf-gcc" "ASSEMBLER=aarch64-none-
TRACE::2025-04-09.14:08:41::SCWBDomain::elf-as" "ARCHIVER=aarch64-none-elf-ar" "COMPILER_FLAGS=  -c" "EXTRA_COMPILER_FLAGS=-g -Wall -Wextra -fno-tree-loop-distribute-p
TRACE::2025-04-09.14:08:41::SCWBDomain::atterns -Os -flto -ffat-lto-objects"

TRACE::2025-04-09.14:08:41::SCWBDomain::"Running Make include in psu_cortexa53_0/libsrc/xilpm_v5_1/src"

TRACE::2025-04-09.14:08:41::SCWBDomain::make -C psu_cortexa53_0/libsrc/xilpm_v5_1/src -s include  "SHELL=CMD" "COMPILER=aarch64-none-elf-gcc" "ASSEMBLER=aarch64-none-e
TRACE::2025-04-09.14:08:41::SCWBDomain::lf-as" "ARCHIVER=aarch64-none-elf-ar" "COMPILER_FLAGS=  -c" "EXTRA_COMPILER_FLAGS=-g -Wall -Wextra -fno-tree-loop-distribute-pa
TRACE::2025-04-09.14:08:41::SCWBDomain::tterns -Os -flto -ffat-lto-objects"

TRACE::2025-04-09.14:08:41::SCWBDomain::"Running Make include in psu_cortexa53_0/libsrc/xilsecure_v5_2/src"

TRACE::2025-04-09.14:08:41::SCWBDomain::make -C psu_cortexa53_0/libsrc/xilsecure_v5_2/src -s include  "SHELL=CMD" "COMPILER=aarch64-none-elf-gcc" "ASSEMBLER=aarch64-no
TRACE::2025-04-09.14:08:41::SCWBDomain::ne-elf-as" "ARCHIVER=aarch64-none-elf-ar" "COMPILER_FLAGS=  -c" "EXTRA_COMPILER_FLAGS=-g -Wall -Wextra -fno-tree-loop-distribut
TRACE::2025-04-09.14:08:41::SCWBDomain::e-patterns -Os -flto -ffat-lto-objects"

TRACE::2025-04-09.14:08:42::SCWBDomain::"Running Make include in psu_cortexa53_0/libsrc/zdma_v1_17/src"

TRACE::2025-04-09.14:08:42::SCWBDomain::make -C psu_cortexa53_0/libsrc/zdma_v1_17/src -s include  "SHELL=CMD" "COMPILER=aarch64-none-elf-gcc" "ASSEMBLER=aarch64-none-e
TRACE::2025-04-09.14:08:42::SCWBDomain::lf-as" "ARCHIVER=aarch64-none-elf-ar" "COMPILER_FLAGS=  -c" "EXTRA_COMPILER_FLAGS=-g -Wall -Wextra -fno-tree-loop-distribute-pa
TRACE::2025-04-09.14:08:42::SCWBDomain::tterns -Os -flto -ffat-lto-objects"

TRACE::2025-04-09.14:08:42::SCWBDomain::"Include files for this library have already been copied."

TRACE::2025-04-09.14:08:42::SCWBDomain::"Running Make libs in psu_cortexa53_0/libsrc/axipmon_v6_10/src"

TRACE::2025-04-09.14:08:42::SCWBDomain::make -C psu_cortexa53_0/libsrc/axipmon_v6_10/src -s libs  "SHELL=CMD" "COMPILER=aarch64-none-elf-gcc" "ASSEMBLER=aarch64-none-e
TRACE::2025-04-09.14:08:42::SCWBDomain::lf-as" "ARCHIVER=aarch64-none-elf-ar" "COMPILER_FLAGS=  -c" "EXTRA_COMPILER_FLAGS=-g -Wall -Wextra -fno-tree-loop-distribute-pa
TRACE::2025-04-09.14:08:42::SCWBDomain::tterns -Os -flto -ffat-lto-objects"

TRACE::2025-04-09.14:08:42::SCWBDomain::"Running Make libs in psu_cortexa53_0/libsrc/clockps_v1_5/src"

TRACE::2025-04-09.14:08:42::SCWBDomain::make -C psu_cortexa53_0/libsrc/clockps_v1_5/src -s libs  "SHELL=CMD" "COMPILER=aarch64-none-elf-gcc" "ASSEMBLER=aarch64-none-el
TRACE::2025-04-09.14:08:42::SCWBDomain::f-as" "ARCHIVER=aarch64-none-elf-ar" "COMPILER_FLAGS=  -c" "EXTRA_COMPILER_FLAGS=-g -Wall -Wextra -fno-tree-loop-distribute-pat
TRACE::2025-04-09.14:08:42::SCWBDomain::terns -Os -flto -ffat-lto-objects"

TRACE::2025-04-09.14:08:42::SCWBDomain::"Running Make libs in psu_cortexa53_0/libsrc/coresightps_dcc_v1_9/src"

TRACE::2025-04-09.14:08:42::SCWBDomain::make -C psu_cortexa53_0/libsrc/coresightps_dcc_v1_9/src -s libs  "SHELL=CMD" "COMPILER=aarch64-none-elf-gcc" "ASSEMBLER=aarch64
TRACE::2025-04-09.14:08:42::SCWBDomain::-none-elf-as" "ARCHIVER=aarch64-none-elf-ar" "COMPILER_FLAGS=  -c" "EXTRA_COMPILER_FLAGS=-g -Wall -Wextra -fno-tree-loop-distri
TRACE::2025-04-09.14:08:42::SCWBDomain::bute-patterns -Os -flto -ffat-lto-objects"

TRACE::2025-04-09.14:08:42::SCWBDomain::"Running Make libs in psu_cortexa53_0/libsrc/cpu_cortexa53_v2_1/src"

TRACE::2025-04-09.14:08:42::SCWBDomain::make -C psu_cortexa53_0/libsrc/cpu_cortexa53_v2_1/src -s libs  "SHELL=CMD" "COMPILER=aarch64-none-elf-gcc" "ASSEMBLER=aarch64-n
TRACE::2025-04-09.14:08:42::SCWBDomain::one-elf-as" "ARCHIVER=aarch64-none-elf-ar" "COMPILER_FLAGS=  -c" "EXTRA_COMPILER_FLAGS=-g -Wall -Wextra -fno-tree-loop-distribu
TRACE::2025-04-09.14:08:42::SCWBDomain::te-patterns -Os -flto -ffat-lto-objects"

TRACE::2025-04-09.14:08:42::SCWBDomain::"Running Make libs in psu_cortexa53_0/libsrc/csudma_v1_14/src"

TRACE::2025-04-09.14:08:42::SCWBDomain::make -C psu_cortexa53_0/libsrc/csudma_v1_14/src -s libs  "SHELL=CMD" "COMPILER=aarch64-none-elf-gcc" "ASSEMBLER=aarch64-none-el
TRACE::2025-04-09.14:08:42::SCWBDomain::f-as" "ARCHIVER=aarch64-none-elf-ar" "COMPILER_FLAGS=  -c" "EXTRA_COMPILER_FLAGS=-g -Wall -Wextra -fno-tree-loop-distribute-pat
TRACE::2025-04-09.14:08:42::SCWBDomain::terns -Os -flto -ffat-lto-objects"

TRACE::2025-04-09.14:08:42::SCWBDomain::"Running Make libs in psu_cortexa53_0/libsrc/ddrcpsu_v1_5/src"

TRACE::2025-04-09.14:08:42::SCWBDomain::make -C psu_cortexa53_0/libsrc/ddrcpsu_v1_5/src -s libs  "SHELL=CMD" "COMPILER=aarch64-none-elf-gcc" "ASSEMBLER=aarch64-none-el
TRACE::2025-04-09.14:08:42::SCWBDomain::f-as" "ARCHIVER=aarch64-none-elf-ar" "COMPILER_FLAGS=  -c" "EXTRA_COMPILER_FLAGS=-g -Wall -Wextra -fno-tree-loop-distribute-pat
TRACE::2025-04-09.14:08:42::SCWBDomain::terns -Os -flto -ffat-lto-objects"

TRACE::2025-04-09.14:08:42::SCWBDomain::"Running Make libs in psu_cortexa53_0/libsrc/gpiops_v3_12/src"

TRACE::2025-04-09.14:08:42::SCWBDomain::make -C psu_cortexa53_0/libsrc/gpiops_v3_12/src -s libs  "SHELL=CMD" "COMPILER=aarch64-none-elf-gcc" "ASSEMBLER=aarch64-none-el
TRACE::2025-04-09.14:08:42::SCWBDomain::f-as" "ARCHIVER=aarch64-none-elf-ar" "COMPILER_FLAGS=  -c" "EXTRA_COMPILER_FLAGS=-g -Wall -Wextra -fno-tree-loop-distribute-pat
TRACE::2025-04-09.14:08:42::SCWBDomain::terns -Os -flto -ffat-lto-objects"

TRACE::2025-04-09.14:08:43::SCWBDomain::"Running Make libs in psu_cortexa53_0/libsrc/iicps_v3_18/src"

TRACE::2025-04-09.14:08:43::SCWBDomain::make -C psu_cortexa53_0/libsrc/iicps_v3_18/src -s libs  "SHELL=CMD" "COMPILER=aarch64-none-elf-gcc" "ASSEMBLER=aarch64-none-elf
TRACE::2025-04-09.14:08:43::SCWBDomain::-as" "ARCHIVER=aarch64-none-elf-ar" "COMPILER_FLAGS=  -c" "EXTRA_COMPILER_FLAGS=-g -Wall -Wextra -fno-tree-loop-distribute-patt
TRACE::2025-04-09.14:08:43::SCWBDomain::erns -Os -flto -ffat-lto-objects"

TRACE::2025-04-09.14:08:43::SCWBDomain::"Running Make libs in psu_cortexa53_0/libsrc/ipipsu_v2_14/src"

TRACE::2025-04-09.14:08:43::SCWBDomain::make -C psu_cortexa53_0/libsrc/ipipsu_v2_14/src -s libs  "SHELL=CMD" "COMPILER=aarch64-none-elf-gcc" "ASSEMBLER=aarch64-none-el
TRACE::2025-04-09.14:08:43::SCWBDomain::f-as" "ARCHIVER=aarch64-none-elf-ar" "COMPILER_FLAGS=  -c" "EXTRA_COMPILER_FLAGS=-g -Wall -Wextra -fno-tree-loop-distribute-pat
TRACE::2025-04-09.14:08:43::SCWBDomain::terns -Os -flto -ffat-lto-objects"

TRACE::2025-04-09.14:08:43::SCWBDomain::"Running Make libs in psu_cortexa53_0/libsrc/llfifo_v5_6/src"

TRACE::2025-04-09.14:08:43::SCWBDomain::make -C psu_cortexa53_0/libsrc/llfifo_v5_6/src -s libs  "SHELL=CMD" "COMPILER=aarch64-none-elf-gcc" "ASSEMBLER=aarch64-none-elf
TRACE::2025-04-09.14:08:43::SCWBDomain::-as" "ARCHIVER=aarch64-none-elf-ar" "COMPILER_FLAGS=  -c" "EXTRA_COMPILER_FLAGS=-g -Wall -Wextra -fno-tree-loop-distribute-patt
TRACE::2025-04-09.14:08:43::SCWBDomain::erns -Os -flto -ffat-lto-objects"

TRACE::2025-04-09.14:08:43::SCWBDomain::"Running Make libs in psu_cortexa53_0/libsrc/qspipsu_v1_18/src"

TRACE::2025-04-09.14:08:43::SCWBDomain::make -C psu_cortexa53_0/libsrc/qspipsu_v1_18/src -s libs  "SHELL=CMD" "COMPILER=aarch64-none-elf-gcc" "ASSEMBLER=aarch64-none-e
TRACE::2025-04-09.14:08:43::SCWBDomain::lf-as" "ARCHIVER=aarch64-none-elf-ar" "COMPILER_FLAGS=  -c" "EXTRA_COMPILER_FLAGS=-g -Wall -Wextra -fno-tree-loop-distribute-pa
TRACE::2025-04-09.14:08:43::SCWBDomain::tterns -Os -flto -ffat-lto-objects"

TRACE::2025-04-09.14:08:44::SCWBDomain::"Running Make libs in psu_cortexa53_0/libsrc/resetps_v1_6/src"

TRACE::2025-04-09.14:08:44::SCWBDomain::make -C psu_cortexa53_0/libsrc/resetps_v1_6/src -s libs  "SHELL=CMD" "COMPILER=aarch64-none-elf-gcc" "ASSEMBLER=aarch64-none-el
TRACE::2025-04-09.14:08:44::SCWBDomain::f-as" "ARCHIVER=aarch64-none-elf-ar" "COMPILER_FLAGS=  -c" "EXTRA_COMPILER_FLAGS=-g -Wall -Wextra -fno-tree-loop-distribute-pat
TRACE::2025-04-09.14:08:44::SCWBDomain::terns -Os -flto -ffat-lto-objects"

TRACE::2025-04-09.14:08:44::SCWBDomain::"Running Make libs in psu_cortexa53_0/libsrc/rtcpsu_v1_13/src"

TRACE::2025-04-09.14:08:44::SCWBDomain::make -C psu_cortexa53_0/libsrc/rtcpsu_v1_13/src -s libs  "SHELL=CMD" "COMPILER=aarch64-none-elf-gcc" "ASSEMBLER=aarch64-none-el
TRACE::2025-04-09.14:08:44::SCWBDomain::f-as" "ARCHIVER=aarch64-none-elf-ar" "COMPILER_FLAGS=  -c" "EXTRA_COMPILER_FLAGS=-g -Wall -Wextra -fno-tree-loop-distribute-pat
TRACE::2025-04-09.14:08:44::SCWBDomain::terns -Os -flto -ffat-lto-objects"

TRACE::2025-04-09.14:08:44::SCWBDomain::"Running Make libs in psu_cortexa53_0/libsrc/scugic_v5_2/src"

TRACE::2025-04-09.14:08:44::SCWBDomain::make -C psu_cortexa53_0/libsrc/scugic_v5_2/src -s libs  "SHELL=CMD" "COMPILER=aarch64-none-elf-gcc" "ASSEMBLER=aarch64-none-elf
TRACE::2025-04-09.14:08:44::SCWBDomain::-as" "ARCHIVER=aarch64-none-elf-ar" "COMPILER_FLAGS=  -c" "EXTRA_COMPILER_FLAGS=-g -Wall -Wextra -fno-tree-loop-distribute-patt
TRACE::2025-04-09.14:08:44::SCWBDomain::erns -Os -flto -ffat-lto-objects"

TRACE::2025-04-09.14:08:44::SCWBDomain::"Running Make libs in psu_cortexa53_0/libsrc/spips_v3_9/src"

TRACE::2025-04-09.14:08:44::SCWBDomain::make -C psu_cortexa53_0/libsrc/spips_v3_9/src -s libs  "SHELL=CMD" "COMPILER=aarch64-none-elf-gcc" "ASSEMBLER=aarch64-none-elf-
TRACE::2025-04-09.14:08:44::SCWBDomain::as" "ARCHIVER=aarch64-none-elf-ar" "COMPILER_FLAGS=  -c" "EXTRA_COMPILER_FLAGS=-g -Wall -Wextra -fno-tree-loop-distribute-patte
TRACE::2025-04-09.14:08:44::SCWBDomain::rns -Os -flto -ffat-lto-objects"

TRACE::2025-04-09.14:08:45::SCWBDomain::"Running Make libs in psu_cortexa53_0/libsrc/standalone_v9_0/src"

TRACE::2025-04-09.14:08:45::SCWBDomain::make -C psu_cortexa53_0/libsrc/standalone_v9_0/src -s libs  "SHELL=CMD" "COMPILER=aarch64-none-elf-gcc" "ASSEMBLER=aarch64-none
TRACE::2025-04-09.14:08:45::SCWBDomain::-elf-as" "ARCHIVER=aarch64-none-elf-ar" "COMPILER_FLAGS=  -c" "EXTRA_COMPILER_FLAGS=-g -Wall -Wextra -fno-tree-loop-distribute-
TRACE::2025-04-09.14:08:45::SCWBDomain::patterns -Os -flto -ffat-lto-objects"

TRACE::2025-04-09.14:08:45::SCWBDomain::"Running Make libs in psu_cortexa53_0/libsrc/sysmonpsu_v2_9/src"

TRACE::2025-04-09.14:08:45::SCWBDomain::make -C psu_cortexa53_0/libsrc/sysmonpsu_v2_9/src -s libs  "SHELL=CMD" "COMPILER=aarch64-none-elf-gcc" "ASSEMBLER=aarch64-none-
TRACE::2025-04-09.14:08:45::SCWBDomain::elf-as" "ARCHIVER=aarch64-none-elf-ar" "COMPILER_FLAGS=  -c" "EXTRA_COMPILER_FLAGS=-g -Wall -Wextra -fno-tree-loop-distribute-p
TRACE::2025-04-09.14:08:45::SCWBDomain::atterns -Os -flto -ffat-lto-objects"

TRACE::2025-04-09.14:08:45::SCWBDomain::"Running Make libs in psu_cortexa53_0/libsrc/tmrctr_v4_11/src"

TRACE::2025-04-09.14:08:45::SCWBDomain::make -C psu_cortexa53_0/libsrc/tmrctr_v4_11/src -s libs  "SHELL=CMD" "COMPILER=aarch64-none-elf-gcc" "ASSEMBLER=aarch64-none-el
TRACE::2025-04-09.14:08:45::SCWBDomain::f-as" "ARCHIVER=aarch64-none-elf-ar" "COMPILER_FLAGS=  -c" "EXTRA_COMPILER_FLAGS=-g -Wall -Wextra -fno-tree-loop-distribute-pat
TRACE::2025-04-09.14:08:45::SCWBDomain::terns -Os -flto -ffat-lto-objects"

TRACE::2025-04-09.14:08:45::SCWBDomain::"Running Make libs in psu_cortexa53_0/libsrc/ttcps_v3_18/src"

TRACE::2025-04-09.14:08:45::SCWBDomain::make -C psu_cortexa53_0/libsrc/ttcps_v3_18/src -s libs  "SHELL=CMD" "COMPILER=aarch64-none-elf-gcc" "ASSEMBLER=aarch64-none-elf
TRACE::2025-04-09.14:08:45::SCWBDomain::-as" "ARCHIVER=aarch64-none-elf-ar" "COMPILER_FLAGS=  -c" "EXTRA_COMPILER_FLAGS=-g -Wall -Wextra -fno-tree-loop-distribute-patt
TRACE::2025-04-09.14:08:45::SCWBDomain::erns -Os -flto -ffat-lto-objects"

TRACE::2025-04-09.14:08:45::SCWBDomain::"Running Make libs in psu_cortexa53_0/libsrc/uartps_v3_13/src"

TRACE::2025-04-09.14:08:45::SCWBDomain::make -C psu_cortexa53_0/libsrc/uartps_v3_13/src -s libs  "SHELL=CMD" "COMPILER=aarch64-none-elf-gcc" "ASSEMBLER=aarch64-none-el
TRACE::2025-04-09.14:08:45::SCWBDomain::f-as" "ARCHIVER=aarch64-none-elf-ar" "COMPILER_FLAGS=  -c" "EXTRA_COMPILER_FLAGS=-g -Wall -Wextra -fno-tree-loop-distribute-pat
TRACE::2025-04-09.14:08:45::SCWBDomain::terns -Os -flto -ffat-lto-objects"

TRACE::2025-04-09.14:08:46::SCWBDomain::"Running Make libs in psu_cortexa53_0/libsrc/wdtps_v3_6/src"

TRACE::2025-04-09.14:08:46::SCWBDomain::make -C psu_cortexa53_0/libsrc/wdtps_v3_6/src -s libs  "SHELL=CMD" "COMPILER=aarch64-none-elf-gcc" "ASSEMBLER=aarch64-none-elf-
TRACE::2025-04-09.14:08:46::SCWBDomain::as" "ARCHIVER=aarch64-none-elf-ar" "COMPILER_FLAGS=  -c" "EXTRA_COMPILER_FLAGS=-g -Wall -Wextra -fno-tree-loop-distribute-patte
TRACE::2025-04-09.14:08:46::SCWBDomain::rns -Os -flto -ffat-lto-objects"

TRACE::2025-04-09.14:08:46::SCWBDomain::"Running Make libs in psu_cortexa53_0/libsrc/xilffs_v5_1/src"

TRACE::2025-04-09.14:08:46::SCWBDomain::make -C psu_cortexa53_0/libsrc/xilffs_v5_1/src -s libs  "SHELL=CMD" "COMPILER=aarch64-none-elf-gcc" "ASSEMBLER=aarch64-none-elf
TRACE::2025-04-09.14:08:46::SCWBDomain::-as" "ARCHIVER=aarch64-none-elf-ar" "COMPILER_FLAGS=  -c" "EXTRA_COMPILER_FLAGS=-g -Wall -Wextra -fno-tree-loop-distribute-patt
TRACE::2025-04-09.14:08:46::SCWBDomain::erns -Os -flto -ffat-lto-objects"

TRACE::2025-04-09.14:08:46::SCWBDomain::"Running Make libs in psu_cortexa53_0/libsrc/zdma_v1_17/src"

TRACE::2025-04-09.14:08:46::SCWBDomain::make -C psu_cortexa53_0/libsrc/zdma_v1_17/src -s libs  "SHELL=CMD" "COMPILER=aarch64-none-elf-gcc" "ASSEMBLER=aarch64-none-elf-
TRACE::2025-04-09.14:08:46::SCWBDomain::as" "ARCHIVER=aarch64-none-elf-ar" "COMPILER_FLAGS=  -c" "EXTRA_COMPILER_FLAGS=-g -Wall -Wextra -fno-tree-loop-distribute-patte
TRACE::2025-04-09.14:08:46::SCWBDomain::rns -Os -flto -ffat-lto-objects"

TRACE::2025-04-09.14:08:48::SCWBDomain::'Finished building libraries parallelly.'

TRACE::2025-04-09.14:08:48::SCWBDomain::make --no-print-directory archive

TRACE::2025-04-09.14:08:48::SCWBDomain::aarch64-none-elf-ar -r  psu_cortexa53_0/lib/libxil.a psu_cortexa53_0/lib/_exit.o psu_cortexa53_0/lib/_open.o psu_cortexa53_0/li
TRACE::2025-04-09.14:08:48::SCWBDomain::b/_sbrk.o psu_cortexa53_0/lib/abort.o psu_cortexa53_0/lib/asm_vectors.o psu_cortexa53_0/lib/boot.o psu_cortexa53_0/lib/close.o 
TRACE::2025-04-09.14:08:48::SCWBDomain::psu_cortexa53_0/lib/cpputest_time.o psu_cortexa53_0/lib/errno.o psu_cortexa53_0/lib/fcntl.o psu_cortexa53_0/lib/fstat.o psu_cor
TRACE::2025-04-09.14:08:48::SCWBDomain::texa53_0/lib/getentropy.o psu_cortexa53_0/lib/getpid.o psu_cortexa53_0/lib/inbyte.o psu_cortexa53_0/lib/initialise_monitor_hand
TRACE::2025-04-09.14:08:48::SCWBDomain::les.o psu_cortexa53_0/lib/isatty.o psu_cortexa53_0/lib/kill.o psu_cortexa53_0/lib/lseek.o psu_cortexa53_0/lib/open.o psu_cortex
TRACE::2025-04-09.14:08:48::SCWBDomain::a53_0/lib/outbyte.o psu_cortexa53_0/lib/print.o psu_cortexa53_0/lib/putnum.o psu_cortexa53_0/lib/read.o psu_cortexa53_0/lib/sbr
TRACE::2025-04-09.14:08:48::SCWBDomain::k.o psu_cortexa53_0/lib/sleep.o psu_cortexa53_0/lib/time.o psu_cortexa53_0/lib/translation_table.o psu_cortexa53_0/lib/unlink.o
TRACE::2025-04-09.14:08:48::SCWBDomain:: psu_cortexa53_0/lib/vectors.o psu_cortexa53_0/lib/write.o psu_cortexa53_0/lib/xaxipmon.o psu_cortexa53_0/lib/xaxipmon_g.o psu_
TRACE::2025-04-09.14:08:48::SCWBDomain::cortexa53_0/lib/xaxipmon_selftest.o psu_cortexa53_0/lib/xaxipmon_sinit.o psu_cortexa53_0/lib/xclockps.o psu_cortexa53_0/lib/xcl
TRACE::2025-04-09.14:08:48::SCWBDomain::ockps_divider.o psu_cortexa53_0/lib/xclockps_fixedfactor.o psu_cortexa53_0/lib/xclockps_g.o psu_cortexa53_0/lib/xclockps_gate.o
TRACE::2025-04-09.14:08:48::SCWBDomain:: psu_cortexa53_0/lib/xclockps_mux.o psu_cortexa53_0/lib/xclockps_pll.o psu_cortexa53_0/lib/xclockps_sinit.o psu_cortexa53_0/lib
TRACE::2025-04-09.14:08:48::SCWBDomain::/xcoresightpsdcc.o psu_cortexa53_0/lib/xcsudma.o psu_cortexa53_0/lib/xcsudma_g.o psu_cortexa53_0/lib/xcsudma_intr.o psu_cortexa
TRACE::2025-04-09.14:08:48::SCWBDomain::53_0/lib/xcsudma_selftest.o psu_cortexa53_0/lib/xcsudma_sinit.o psu_cortexa53_0/lib/xddrcpsu.o psu_cortexa53_0/lib/xddrcpsu_sin
TRACE::2025-04-09.14:08:48::SCWBDomain::it.o psu_cortexa53_0/lib/xgpiops.o psu_cortexa53_0/lib/xgpiops_g.o psu_cortexa53_0/lib/xgpiops_hw.o psu_cortexa53_0/lib/xgpiops
TRACE::2025-04-09.14:08:48::SCWBDomain::_intr.o psu_cortexa53_0/lib/xgpiops_selftest.o psu_cortexa53_0/lib/xgpiops_sinit.o psu_cortexa53_0/lib/xiicps.o psu_cortexa53_0
TRACE::2025-04-09.14:08:48::SCWBDomain::/lib/xiicps_g.o psu_cortexa53_0/lib/xiicps_hw.o psu_cortexa53_0/lib/xiicps_intr.o psu_cortexa53_0/lib/xiicps_master.o psu_corte
TRACE::2025-04-09.14:08:48::SCWBDomain::xa53_0/lib/xiicps_options.o psu_cortexa53_0/lib/xiicps_selftest.o psu_cortexa53_0/lib/xiicps_sinit.o psu_cortexa53_0/lib/xiicps
TRACE::2025-04-09.14:08:48::SCWBDomain::_slave.o psu_cortexa53_0/lib/xiicps_xfer.o psu_cortexa53_0/lib/xil-crt0.o psu_cortexa53_0/lib/xil_assert.o psu_cortexa53_0/lib/
TRACE::2025-04-09.14:08:48::SCWBDomain::xil_cache.o psu_cortexa53_0/lib/xil_clocking.o psu_cortexa53_0/lib/xil_exception.o psu_cortexa53_0/lib/xil_mem.o psu_cortexa53_
TRACE::2025-04-09.14:08:48::SCWBDomain::0/lib/xil_mmu.o psu_cortexa53_0/lib/xil_printf.o psu_cortexa53_0/lib/xil_sleepcommon.o psu_cortexa53_0/lib/xil_sleeptimer.o psu
TRACE::2025-04-09.14:08:48::SCWBDomain::_cortexa53_0/lib/xil_smc.o psu_cortexa53_0/lib/xil_spinlock.o psu_cortexa53_0/lib/xil_testcache.o psu_cortexa53_0/lib/xil_testi
TRACE::2025-04-09.14:08:48::SCWBDomain::o.o psu_cortexa53_0/lib/xil_testmem.o psu_cortexa53_0/lib/xil_util.o psu_cortexa53_0/lib/xinterrupt_wrap.o psu_cortexa53_0/lib/
TRACE::2025-04-09.14:08:48::SCWBDomain::xipipsu.o psu_cortexa53_0/lib/xipipsu_buf.o psu_cortexa53_0/lib/xipipsu_g.o psu_cortexa53_0/lib/xipipsu_helper.o psu_cortexa53_
TRACE::2025-04-09.14:08:48::SCWBDomain::0/lib/xipipsu_sinit.o psu_cortexa53_0/lib/xllfifo.o psu_cortexa53_0/lib/xllfifo_g.o psu_cortexa53_0/lib/xllfifo_sinit.o psu_cor
TRACE::2025-04-09.14:08:48::SCWBDomain::texa53_0/lib/xplatform_info.o psu_cortexa53_0/lib/xpm_counter.o psu_cortexa53_0/lib/xpm_init.o psu_cortexa53_0/lib/xqspipsu.o p
TRACE::2025-04-09.14:08:48::SCWBDomain::su_cortexa53_0/lib/xqspipsu_control.o psu_cortexa53_0/lib/xqspipsu_g.o psu_cortexa53_0/lib/xqspipsu_hw.o psu_cortexa53_0/lib/xq
TRACE::2025-04-09.14:08:48::SCWBDomain::spipsu_options.o psu_cortexa53_0/lib/xqspipsu_sinit.o psu_cortexa53_0/lib/xqspipsu_xfer.o psu_cortexa53_0/lib/xresetps.o psu_co
TRACE::2025-04-09.14:08:48::SCWBDomain::rtexa53_0/lib/xresetps_g.o psu_cortexa53_0/lib/xresetps_sinit.o psu_cortexa53_0/lib/xrtcpsu.o psu_cortexa53_0/lib/xrtcpsu_g.o p
TRACE::2025-04-09.14:08:48::SCWBDomain::su_cortexa53_0/lib/xrtcpsu_intr.o psu_cortexa53_0/lib/xrtcpsu_selftest.o psu_cortexa53_0/lib/xrtcpsu_sinit.o psu_cortexa53_0/li
TRACE::2025-04-09.14:08:48::SCWBDomain::b/xscugic.o psu_cortexa53_0/lib/xscugic_g.o psu_cortexa53_0/lib/xscugic_hw.o psu_cortexa53_0/lib/xscugic_intr.o psu_cortexa53_0
TRACE::2025-04-09.14:08:48::SCWBDomain::/lib/xscugic_selftest.o psu_cortexa53_0/lib/xscugic_sinit.o psu_cortexa53_0/lib/xspips.o psu_cortexa53_0/lib/xspips_g.o psu_cor
TRACE::2025-04-09.14:08:48::SCWBDomain::texa53_0/lib/xspips_hw.o psu_cortexa53_0/lib/xspips_options.o psu_cortexa53_0/lib/xspips_selftest.o psu_cortexa53_0/lib/xspips_
TRACE::2025-04-09.14:08:48::SCWBDomain::sinit.o psu_cortexa53_0/lib/xstreamer.o psu_cortexa53_0/lib/xsysmonpsu.o psu_cortexa53_0/lib/xsysmonpsu_g.o psu_cortexa53_0/lib
TRACE::2025-04-09.14:08:48::SCWBDomain::/xsysmonpsu_intr.o psu_cortexa53_0/lib/xsysmonpsu_selftest.o psu_cortexa53_0/lib/xsysmonpsu_sinit.o psu_cortexa53_0/lib/xtime_l
TRACE::2025-04-09.14:08:48::SCWBDomain::.o psu_cortexa53_0/lib/xtmrctr.o psu_cortexa53_0/lib/xtmrctr_g.o psu_cortexa53_0/lib/xtmrctr_intr.o psu_cortexa53_0/lib/xtmrctr
TRACE::2025-04-09.14:08:48::SCWBDomain::_l.o psu_cortexa53_0/lib/xtmrctr_options.o psu_cortexa53_0/lib/xtmrctr_selftest.o psu_cortexa53_0/lib/xtmrctr_sinit.o psu_corte
TRACE::2025-04-09.14:08:48::SCWBDomain::xa53_0/lib/xtmrctr_stats.o psu_cortexa53_0/lib/xttcps.o psu_cortexa53_0/lib/xttcps_g.o psu_cortexa53_0/lib/xttcps_options.o psu
TRACE::2025-04-09.14:08:48::SCWBDomain::_cortexa53_0/lib/xttcps_selftest.o psu_cortexa53_0/lib/xttcps_sinit.o psu_cortexa53_0/lib/xuartps.o psu_cortexa53_0/lib/xuartps
TRACE::2025-04-09.14:08:48::SCWBDomain::_g.o psu_cortexa53_0/lib/xuartps_hw.o psu_cortexa53_0/lib/xuartps_intr.o psu_cortexa53_0/lib/xuartps_options.o psu_cortexa53_0/
TRACE::2025-04-09.14:08:48::SCWBDomain::lib/xuartps_selftest.o psu_cortexa53_0/lib/xuartps_sinit.o psu_cortexa53_0/lib/xwdtps.o psu_cortexa53_0/lib/xwdtps_g.o psu_cort
TRACE::2025-04-09.14:08:48::SCWBDomain::exa53_0/lib/xwdtps_selftest.o psu_cortexa53_0/lib/xwdtps_sinit.o psu_cortexa53_0/lib/xzdma.o psu_cortexa53_0/lib/xzdma_g.o psu_
TRACE::2025-04-09.14:08:48::SCWBDomain::cortexa53_0/lib/xzdma_intr.o psu_cortexa53_0/lib/xzdma_selftest.o psu_cortexa53_0/lib/xzdma_sinit.o

TRACE::2025-04-09.14:08:48::SCWBDomain::'Finished building libraries'

TRACE::2025-04-09.14:08:48::SCWBDomain::make: Leaving directory 'C:/Users/sunil/VivadoProjects/EE4218Labs/Project/MLP_NN_Platform_Project_HDL_HLS_v1/zynqmp_fsbl/zynqmp
TRACE::2025-04-09.14:08:48::SCWBDomain::_fsbl_bsp'

TRACE::2025-04-09.14:08:48::SCWBDomain::aarch64-none-elf-gcc  -c -MMD -MP      -Wall -fmessage-length=0 -DARMA53_64 -Os -flto -ffat-lto-objects   -c xfsbl_qspi.c -o xf
TRACE::2025-04-09.14:08:48::SCWBDomain::sbl_qspi.o -Izynqmp_fsbl_bsp/psu_cortexa53_0/include -I.

TRACE::2025-04-09.14:08:49::SCWBDomain::aarch64-none-elf-gcc  -c -MMD -MP      -Wall -fmessage-length=0 -DARMA53_64 -Os -flto -ffat-lto-objects   -c xfsbl_csu_dma.c -o
TRACE::2025-04-09.14:08:49::SCWBDomain:: xfsbl_csu_dma.o -Izynqmp_fsbl_bsp/psu_cortexa53_0/include -I.

TRACE::2025-04-09.14:08:49::SCWBDomain::aarch64-none-elf-gcc  -c -MMD -MP      -Wall -fmessage-length=0 -DARMA53_64 -Os -flto -ffat-lto-objects   -c xfsbl_nand.c -o xf
TRACE::2025-04-09.14:08:49::SCWBDomain::sbl_nand.o -Izynqmp_fsbl_bsp/psu_cortexa53_0/include -I.

TRACE::2025-04-09.14:08:49::SCWBDomain::aarch64-none-elf-gcc  -c -MMD -MP      -Wall -fmessage-length=0 -DARMA53_64 -Os -flto -ffat-lto-objects   -c xfsbl_sd.c -o xfsb
TRACE::2025-04-09.14:08:49::SCWBDomain::l_sd.o -Izynqmp_fsbl_bsp/psu_cortexa53_0/include -I.

TRACE::2025-04-09.14:08:49::SCWBDomain::aarch64-none-elf-gcc  -c -MMD -MP      -Wall -fmessage-length=0 -DARMA53_64 -Os -flto -ffat-lto-objects   -c xfsbl_rsa_sha.c -o
TRACE::2025-04-09.14:08:49::SCWBDomain:: xfsbl_rsa_sha.o -Izynqmp_fsbl_bsp/psu_cortexa53_0/include -I.

TRACE::2025-04-09.14:08:49::SCWBDomain::aarch64-none-elf-gcc  -c -MMD -MP      -Wall -fmessage-length=0 -DARMA53_64 -Os -flto -ffat-lto-objects   -c xfsbl_usb.c -o xfs
TRACE::2025-04-09.14:08:49::SCWBDomain::bl_usb.o -Izynqmp_fsbl_bsp/psu_cortexa53_0/include -I.

TRACE::2025-04-09.14:08:49::SCWBDomain::aarch64-none-elf-gcc  -c -MMD -MP      -Wall -fmessage-length=0 -DARMA53_64 -Os -flto -ffat-lto-objects   -c xfsbl_hooks.c -o x
TRACE::2025-04-09.14:08:49::SCWBDomain::fsbl_hooks.o -Izynqmp_fsbl_bsp/psu_cortexa53_0/include -I.

TRACE::2025-04-09.14:08:49::SCWBDomain::aarch64-none-elf-gcc  -c -MMD -MP      -Wall -fmessage-length=0 -DARMA53_64 -Os -flto -ffat-lto-objects   -c xfsbl_main.c -o xf
TRACE::2025-04-09.14:08:49::SCWBDomain::sbl_main.o -Izynqmp_fsbl_bsp/psu_cortexa53_0/include -I.

TRACE::2025-04-09.14:08:49::SCWBDomain::aarch64-none-elf-gcc  -c -MMD -MP      -Wall -fmessage-length=0 -DARMA53_64 -Os -flto -ffat-lto-objects   -c xfsbl_dfu_util.c -
TRACE::2025-04-09.14:08:49::SCWBDomain::o xfsbl_dfu_util.o -Izynqmp_fsbl_bsp/psu_cortexa53_0/include -I.

TRACE::2025-04-09.14:08:49::SCWBDomain::aarch64-none-elf-gcc  -c -MMD -MP      -Wall -fmessage-length=0 -DARMA53_64 -Os -flto -ffat-lto-objects   -c xfsbl_partition_lo
TRACE::2025-04-09.14:08:49::SCWBDomain::ad.c -o xfsbl_partition_load.o -Izynqmp_fsbl_bsp/psu_cortexa53_0/include -I.

TRACE::2025-04-09.14:08:50::SCWBDomain::aarch64-none-elf-gcc  -c -MMD -MP      -Wall -fmessage-length=0 -DARMA53_64 -Os -flto -ffat-lto-objects   -c xfsbl_tpm.c -o xfs
TRACE::2025-04-09.14:08:50::SCWBDomain::bl_tpm.o -Izynqmp_fsbl_bsp/psu_cortexa53_0/include -I.

TRACE::2025-04-09.14:08:50::SCWBDomain::aarch64-none-elf-gcc  -c -MMD -MP      -Wall -fmessage-length=0 -DARMA53_64 -Os -flto -ffat-lto-objects   -c xfsbl_initializati
TRACE::2025-04-09.14:08:50::SCWBDomain::on.c -o xfsbl_initialization.o -Izynqmp_fsbl_bsp/psu_cortexa53_0/include -I.

TRACE::2025-04-09.14:08:50::SCWBDomain::aarch64-none-elf-gcc  -c -MMD -MP      -Wall -fmessage-length=0 -DARMA53_64 -Os -flto -ffat-lto-objects   -c xfsbl_ddr_init.c -
TRACE::2025-04-09.14:08:50::SCWBDomain::o xfsbl_ddr_init.o -Izynqmp_fsbl_bsp/psu_cortexa53_0/include -I.

TRACE::2025-04-09.14:08:50::SCWBDomain::aarch64-none-elf-gcc  -c -MMD -MP      -Wall -fmessage-length=0 -DARMA53_64 -Os -flto -ffat-lto-objects   -c xfsbl_handoff.c -o
TRACE::2025-04-09.14:08:50::SCWBDomain:: xfsbl_handoff.o -Izynqmp_fsbl_bsp/psu_cortexa53_0/include -I.

TRACE::2025-04-09.14:08:50::SCWBDomain::aarch64-none-elf-gcc  -c -MMD -MP      -Wall -fmessage-length=0 -DARMA53_64 -Os -flto -ffat-lto-objects   -c psu_init.c -o psu_
TRACE::2025-04-09.14:08:50::SCWBDomain::init.o -Izynqmp_fsbl_bsp/psu_cortexa53_0/include -I.

TRACE::2025-04-09.14:08:50::SCWBDomain::aarch64-none-elf-gcc  -c -MMD -MP      -Wall -fmessage-length=0 -DARMA53_64 -Os -flto -ffat-lto-objects   -c xfsbl_board.c -o x
TRACE::2025-04-09.14:08:50::SCWBDomain::fsbl_board.o -Izynqmp_fsbl_bsp/psu_cortexa53_0/include -I.

TRACE::2025-04-09.14:08:50::SCWBDomain::aarch64-none-elf-gcc  -c -MMD -MP      -Wall -fmessage-length=0 -DARMA53_64 -Os -flto -ffat-lto-objects   -c xfsbl_misc_drivers
TRACE::2025-04-09.14:08:50::SCWBDomain::.c -o xfsbl_misc_drivers.o -Izynqmp_fsbl_bsp/psu_cortexa53_0/include -I.

TRACE::2025-04-09.14:08:51::SCWBDomain::aarch64-none-elf-gcc  -c -MMD -MP      -Wall -fmessage-length=0 -DARMA53_64 -Os -flto -ffat-lto-objects   -c xfsbl_bs.c -o xfsb
TRACE::2025-04-09.14:08:51::SCWBDomain::l_bs.o -Izynqmp_fsbl_bsp/psu_cortexa53_0/include -I.

TRACE::2025-04-09.14:08:51::SCWBDomain::aarch64-none-elf-gcc  -c -MMD -MP      -Wall -fmessage-length=0 -DARMA53_64 -Os -flto -ffat-lto-objects   -c xfsbl_tpm_util.c -
TRACE::2025-04-09.14:08:51::SCWBDomain::o xfsbl_tpm_util.o -Izynqmp_fsbl_bsp/psu_cortexa53_0/include -I.

TRACE::2025-04-09.14:08:51::SCWBDomain::aarch64-none-elf-gcc  -c -MMD -MP      -Wall -fmessage-length=0 -DARMA53_64 -Os -flto -ffat-lto-objects   -c xfsbl_plpartition_
TRACE::2025-04-09.14:08:51::SCWBDomain::valid.c -o xfsbl_plpartition_valid.o -Izynqmp_fsbl_bsp/psu_cortexa53_0/include -I.

TRACE::2025-04-09.14:08:51::SCWBDomain::aarch64-none-elf-gcc  -c -MMD -MP      -Wall -fmessage-length=0 -DARMA53_64 -Os -flto -ffat-lto-objects   -c xfsbl_image_header
TRACE::2025-04-09.14:08:51::SCWBDomain::.c -o xfsbl_image_header.o -Izynqmp_fsbl_bsp/psu_cortexa53_0/include -I.

TRACE::2025-04-09.14:08:51::SCWBDomain::aarch64-none-elf-gcc  -c -MMD -MP      -Wall -fmessage-length=0 -DARMA53_64 -Os -flto -ffat-lto-objects   -c xfsbl_misc.c -o xf
TRACE::2025-04-09.14:08:51::SCWBDomain::sbl_misc.o -Izynqmp_fsbl_bsp/psu_cortexa53_0/include -I.

TRACE::2025-04-09.14:08:51::SCWBDomain::aarch64-none-elf-gcc  -c -MMD -MP      -Wall -fmessage-length=0 -DARMA53_64 -Os -flto -ffat-lto-objects   -c xfsbl_authenticati
TRACE::2025-04-09.14:08:51::SCWBDomain::on.c -o xfsbl_authentication.o -Izynqmp_fsbl_bsp/psu_cortexa53_0/include -I.

TRACE::2025-04-09.14:08:51::SCWBDomain::aarch64-none-elf-gcc  -c -MMD -MP      -Wall -fmessage-length=0 -DARMA53_64 -Os -flto -ffat-lto-objects   -c xfsbl_translation_
TRACE::2025-04-09.14:08:51::SCWBDomain::table.S -o xfsbl_translation_table.o -Izynqmp_fsbl_bsp/psu_cortexa53_0/include -I.

TRACE::2025-04-09.14:08:51::SCWBDomain::aarch64-none-elf-gcc  -c -MMD -MP      -Wall -fmessage-length=0 -DARMA53_64 -Os -flto -ffat-lto-objects   -c xfsbl_exit.S -o xf
TRACE::2025-04-09.14:08:51::SCWBDomain::sbl_exit.o -Izynqmp_fsbl_bsp/psu_cortexa53_0/include -I.

TRACE::2025-04-09.14:08:52::SCWBDomain::aarch64-none-elf-gcc -o fsbl_a53.elf psu_init.o xfsbl_authentication.o xfsbl_board.o xfsbl_bs.o xfsbl_csu_dma.o xfsbl_ddr_init.
TRACE::2025-04-09.14:08:52::SCWBDomain::o xfsbl_dfu_util.o xfsbl_exit.o xfsbl_handoff.o xfsbl_hooks.o xfsbl_image_header.o xfsbl_initialization.o xfsbl_main.o xfsbl_mi
TRACE::2025-04-09.14:08:52::SCWBDomain::sc.o xfsbl_misc_drivers.o xfsbl_nand.o xfsbl_partition_load.o xfsbl_plpartition_valid.o xfsbl_qspi.o xfsbl_rsa_sha.o xfsbl_sd.o
TRACE::2025-04-09.14:08:52::SCWBDomain:: xfsbl_tpm.o xfsbl_tpm_util.o xfsbl_translation_table.o xfsbl_usb.o -MMD -MP      -Wall -fmessage-length=0 -DARMA53_64 -Os -flt
TRACE::2025-04-09.14:08:52::SCWBDomain::o -ffat-lto-objects    -Wl,--start-group,-lxil,-lgcc,-lc,--end-group -Wl,--start-group,-lxilffs,-lxil,-lgcc,-lc,--end-group -Wl
TRACE::2025-04-09.14:08:52::SCWBDomain::,--start-group,-lxilsecure,-lxil,-lgcc,-lc,--end-group -Wl,--start-group,-lxilpm,-lxil,-lgcc,-lc,--end-group                   
TRACE::2025-04-09.14:08:52::SCWBDomain::                                                                                  -n  -Wl,--gc-sections -Lzynqmp_fsbl_bsp/psu_c
TRACE::2025-04-09.14:08:52::SCWBDomain::ortexa53_0/lib -Tlscript.ld

LOG::2025-04-09.14:08:54::SCWSystem::Checking the domain zynqmp_pmufw
LOG::2025-04-09.14:08:54::SCWSystem::Doing application build for :  zynqmp_pmufw
TRACE::2025-04-09.14:08:54::SCWBDomain::Not a forced makefile updation, No changes are present. 
TRACE::2025-04-09.14:08:54::SCWDomain::Building the domain as part of full build :  zynqmp_pmufw
TRACE::2025-04-09.14:08:54::SCWPlatform::Trying to open the hw design at C:/Users/sunil/VivadoProjects/EE4218Labs/Project/MLP_NN_Platform_Project_HDL_HLS_v1/hw/MLP_NN_HDL_HLS_v1.xsa
TRACE::2025-04-09.14:08:54::SCWPlatform::DSA given C:/Users/sunil/VivadoProjects/EE4218Labs/Project/MLP_NN_Platform_Project_HDL_HLS_v1/hw/MLP_NN_HDL_HLS_v1.xsa
TRACE::2025-04-09.14:08:54::SCWPlatform::DSA absoulate path C:/Users/sunil/VivadoProjects/EE4218Labs/Project/MLP_NN_Platform_Project_HDL_HLS_v1/hw/MLP_NN_HDL_HLS_v1.xsa
TRACE::2025-04-09.14:08:54::SCWPlatform::DSA directory C:/Users/sunil/VivadoProjects/EE4218Labs/Project/MLP_NN_Platform_Project_HDL_HLS_v1/hw
TRACE::2025-04-09.14:08:54::SCWPlatform:: Platform Path C:/Users/sunil/VivadoProjects/EE4218Labs/Project/MLP_NN_Platform_Project_HDL_HLS_v1/hw/MLP_NN_HDL_HLS_v1.xsa
TRACE::2025-04-09.14:08:54::SCWPlatform:: Unique name xilinx:kv260_som::0.0
TRACE::2025-04-09.14:08:54::SCWPlatform::Trying to set the existing hwdb with name design_1_wrapper_2
TRACE::2025-04-09.14:08:54::SCWPlatform::Opened existing hwdb design_1_wrapper_2
TRACE::2025-04-09.14:08:54::SCWPlatform::Found the Hw Db part of the input DSA
TRACE::2025-04-09.14:08:54::SCWMssOS::Checking the sw design at  C:/Users/sunil/VivadoProjects/EE4218Labs/Project/MLP_NN_Platform_Project_HDL_HLS_v1/zynqmp_pmufw/zynqmp_pmufw_bsp/system.mss
TRACE::2025-04-09.14:08:54::SCWMssOS::DEBUG:  swdes dump  C:/Users/sunil/VivadoProjects/EE4218Labs/Project/MLP_NN_Platform_Project_HDL_HLS_v1/psu_cortexa53_0/standalone_domain/bsp/system.mss|system_1||
C:/Users/sunil/VivadoProjects/EE4218Labs/Project/MLP_NN_Platform_Project_HDL_HLS_v1/zynqmp_fsbl/zynqmp_fsbl_bsp/system.mss|system||
C:/Users/sunil/VivadoProjects/EE4218Labs/Project/MLP_NN_Platform_Project_HDL_HLS_v1/zynqmp_pmufw/zynqmp_pmufw_bsp/system.mss|system_0||

TRACE::2025-04-09.14:08:54::SCWMssOS::Sw design exists and opened at  C:/Users/sunil/VivadoProjects/EE4218Labs/Project/MLP_NN_Platform_Project_HDL_HLS_v1/zynqmp_pmufw/zynqmp_pmufw_bsp/system.mss
TRACE::2025-04-09.14:08:54::SCWBDomain::Completed writing the mss file at C:/Users/sunil/VivadoProjects/EE4218Labs/Project/MLP_NN_Platform_Project_HDL_HLS_v1/zynqmp_pmufw/zynqmp_pmufw_bsp
TRACE::2025-04-09.14:08:54::SCWBDomain::bsp generated is upto date with the mss file. Skipping bsp generation.
TRACE::2025-04-09.14:08:54::SCWBDomain::Not a forced makefile updation, No changes are present. 
TRACE::2025-04-09.14:08:54::SCWBDomain::System Command Ran  C:&  cd  C:/Users/sunil/VivadoProjects/EE4218Labs/Project/MLP_NN_Platform_Project_HDL_HLS_v1/zynqmp_pmufw& make -C  zynqmp_pmufw_bsp & make 
TRACE::2025-04-09.14:08:54::SCWBDomain::make: Entering directory 'C:/Users/sunil/VivadoProjects/EE4218Labs/Project/MLP_NN_Platform_Project_HDL_HLS_v1/zynqmp_pmufw/zynq
TRACE::2025-04-09.14:08:54::SCWBDomain::mp_pmufw_bsp'

TRACE::2025-04-09.14:08:54::SCWBDomain::make --no-print-directory seq_libs

TRACE::2025-04-09.14:08:54::SCWBDomain::"Running Make include in psu_pmu_0/libsrc/axipmon_v6_10/src"

TRACE::2025-04-09.14:08:54::SCWBDomain::make -C psu_pmu_0/libsrc/axipmon_v6_10/src -s include  "SHELL=CMD" "COMPILER=mb-gcc" "ASSEMBLER=mb-as" "ARCHIVER=mb-ar" "COMPIL
TRACE::2025-04-09.14:08:54::SCWBDomain::ER_FLAGS=  -O2 -c -mcpu=v9.2 -mlittle-endian -mxl-barrel-shift -mxl-pattern-compare -mxl-soft-mul" "EXTRA_COMPILER_FLAGS=-g -ff
TRACE::2025-04-09.14:08:54::SCWBDomain::unction-sections -fdata-sections -Wall -Wextra -fno-tree-loop-distribute-patterns  -Os -flto -ffat-lto-objects"

TRACE::2025-04-09.14:08:54::SCWBDomain::"Running Make include in psu_pmu_0/libsrc/clockps_v1_5/src"

TRACE::2025-04-09.14:08:54::SCWBDomain::make -C psu_pmu_0/libsrc/clockps_v1_5/src -s include  "SHELL=CMD" "COMPILER=mb-gcc" "ASSEMBLER=mb-as" "ARCHIVER=mb-ar" "COMPILE
TRACE::2025-04-09.14:08:54::SCWBDomain::R_FLAGS=  -O2 -c -mcpu=v9.2 -mlittle-endian -mxl-barrel-shift -mxl-pattern-compare -mxl-soft-mul" "EXTRA_COMPILER_FLAGS=-g -ffu
TRACE::2025-04-09.14:08:54::SCWBDomain::nction-sections -fdata-sections -Wall -Wextra -fno-tree-loop-distribute-patterns  -Os -flto -ffat-lto-objects"

TRACE::2025-04-09.14:08:54::SCWBDomain::"Running Make include in psu_pmu_0/libsrc/cpu_v2_18/src"

TRACE::2025-04-09.14:08:54::SCWBDomain::make -C psu_pmu_0/libsrc/cpu_v2_18/src -s include  "SHELL=CMD" "COMPILER=mb-gcc" "ASSEMBLER=mb-as" "ARCHIVER=mb-ar" "COMPILER_F
TRACE::2025-04-09.14:08:54::SCWBDomain::LAGS=  -O2 -c -mcpu=v9.2 -mlittle-endian -mxl-barrel-shift -mxl-pattern-compare -mxl-soft-mul" "EXTRA_COMPILER_FLAGS=-g -ffunct
TRACE::2025-04-09.14:08:54::SCWBDomain::ion-sections -fdata-sections -Wall -Wextra -fno-tree-loop-distribute-patterns  -Os -flto -ffat-lto-objects"

TRACE::2025-04-09.14:08:54::SCWBDomain::"Running Make include in psu_pmu_0/libsrc/csudma_v1_14/src"

TRACE::2025-04-09.14:08:54::SCWBDomain::make -C psu_pmu_0/libsrc/csudma_v1_14/src -s include  "SHELL=CMD" "COMPILER=mb-gcc" "ASSEMBLER=mb-as" "ARCHIVER=mb-ar" "COMPILE
TRACE::2025-04-09.14:08:54::SCWBDomain::R_FLAGS=  -O2 -c -mcpu=v9.2 -mlittle-endian -mxl-barrel-shift -mxl-pattern-compare -mxl-soft-mul" "EXTRA_COMPILER_FLAGS=-g -ffu
TRACE::2025-04-09.14:08:54::SCWBDomain::nction-sections -fdata-sections -Wall -Wextra -fno-tree-loop-distribute-patterns  -Os -flto -ffat-lto-objects"

TRACE::2025-04-09.14:08:54::SCWBDomain::"Running Make include in psu_pmu_0/libsrc/ddrcpsu_v1_5/src"

TRACE::2025-04-09.14:08:54::SCWBDomain::make -C psu_pmu_0/libsrc/ddrcpsu_v1_5/src -s include  "SHELL=CMD" "COMPILER=mb-gcc" "ASSEMBLER=mb-as" "ARCHIVER=mb-ar" "COMPILE
TRACE::2025-04-09.14:08:54::SCWBDomain::R_FLAGS=  -O2 -c -mcpu=v9.2 -mlittle-endian -mxl-barrel-shift -mxl-pattern-compare -mxl-soft-mul" "EXTRA_COMPILER_FLAGS=-g -ffu
TRACE::2025-04-09.14:08:54::SCWBDomain::nction-sections -fdata-sections -Wall -Wextra -fno-tree-loop-distribute-patterns  -Os -flto -ffat-lto-objects"

TRACE::2025-04-09.14:08:54::SCWBDomain::"Running Make include in psu_pmu_0/libsrc/gpiops_v3_12/src"

TRACE::2025-04-09.14:08:54::SCWBDomain::make -C psu_pmu_0/libsrc/gpiops_v3_12/src -s include  "SHELL=CMD" "COMPILER=mb-gcc" "ASSEMBLER=mb-as" "ARCHIVER=mb-ar" "COMPILE
TRACE::2025-04-09.14:08:54::SCWBDomain::R_FLAGS=  -O2 -c -mcpu=v9.2 -mlittle-endian -mxl-barrel-shift -mxl-pattern-compare -mxl-soft-mul" "EXTRA_COMPILER_FLAGS=-g -ffu
TRACE::2025-04-09.14:08:54::SCWBDomain::nction-sections -fdata-sections -Wall -Wextra -fno-tree-loop-distribute-patterns  -Os -flto -ffat-lto-objects"

TRACE::2025-04-09.14:08:54::SCWBDomain::"Running Make include in psu_pmu_0/libsrc/iicps_v3_18/src"

TRACE::2025-04-09.14:08:54::SCWBDomain::make -C psu_pmu_0/libsrc/iicps_v3_18/src -s include  "SHELL=CMD" "COMPILER=mb-gcc" "ASSEMBLER=mb-as" "ARCHIVER=mb-ar" "COMPILER
TRACE::2025-04-09.14:08:54::SCWBDomain::_FLAGS=  -O2 -c -mcpu=v9.2 -mlittle-endian -mxl-barrel-shift -mxl-pattern-compare -mxl-soft-mul" "EXTRA_COMPILER_FLAGS=-g -ffun
TRACE::2025-04-09.14:08:54::SCWBDomain::ction-sections -fdata-sections -Wall -Wextra -fno-tree-loop-distribute-patterns  -Os -flto -ffat-lto-objects"

TRACE::2025-04-09.14:08:54::SCWBDomain::"Running Make include in psu_pmu_0/libsrc/ipipsu_v2_14/src"

TRACE::2025-04-09.14:08:54::SCWBDomain::make -C psu_pmu_0/libsrc/ipipsu_v2_14/src -s include  "SHELL=CMD" "COMPILER=mb-gcc" "ASSEMBLER=mb-as" "ARCHIVER=mb-ar" "COMPILE
TRACE::2025-04-09.14:08:54::SCWBDomain::R_FLAGS=  -O2 -c -mcpu=v9.2 -mlittle-endian -mxl-barrel-shift -mxl-pattern-compare -mxl-soft-mul" "EXTRA_COMPILER_FLAGS=-g -ffu
TRACE::2025-04-09.14:08:54::SCWBDomain::nction-sections -fdata-sections -Wall -Wextra -fno-tree-loop-distribute-patterns  -Os -flto -ffat-lto-objects"

TRACE::2025-04-09.14:08:55::SCWBDomain::"Running Make include in psu_pmu_0/libsrc/llfifo_v5_6/src"

TRACE::2025-04-09.14:08:55::SCWBDomain::make -C psu_pmu_0/libsrc/llfifo_v5_6/src -s include  "SHELL=CMD" "COMPILER=mb-gcc" "ASSEMBLER=mb-as" "ARCHIVER=mb-ar" "COMPILER
TRACE::2025-04-09.14:08:55::SCWBDomain::_FLAGS=  -O2 -c -mcpu=v9.2 -mlittle-endian -mxl-barrel-shift -mxl-pattern-compare -mxl-soft-mul" "EXTRA_COMPILER_FLAGS=-g -ffun
TRACE::2025-04-09.14:08:55::SCWBDomain::ction-sections -fdata-sections -Wall -Wextra -fno-tree-loop-distribute-patterns  -Os -flto -ffat-lto-objects"

TRACE::2025-04-09.14:08:55::SCWBDomain::"Running Make include in psu_pmu_0/libsrc/qspipsu_v1_18/src"

TRACE::2025-04-09.14:08:55::SCWBDomain::make -C psu_pmu_0/libsrc/qspipsu_v1_18/src -s include  "SHELL=CMD" "COMPILER=mb-gcc" "ASSEMBLER=mb-as" "ARCHIVER=mb-ar" "COMPIL
TRACE::2025-04-09.14:08:55::SCWBDomain::ER_FLAGS=  -O2 -c -mcpu=v9.2 -mlittle-endian -mxl-barrel-shift -mxl-pattern-compare -mxl-soft-mul" "EXTRA_COMPILER_FLAGS=-g -ff
TRACE::2025-04-09.14:08:55::SCWBDomain::unction-sections -fdata-sections -Wall -Wextra -fno-tree-loop-distribute-patterns  -Os -flto -ffat-lto-objects"

TRACE::2025-04-09.14:08:55::SCWBDomain::"Running Make include in psu_pmu_0/libsrc/resetps_v1_6/src"

TRACE::2025-04-09.14:08:55::SCWBDomain::make -C psu_pmu_0/libsrc/resetps_v1_6/src -s include  "SHELL=CMD" "COMPILER=mb-gcc" "ASSEMBLER=mb-as" "ARCHIVER=mb-ar" "COMPILE
TRACE::2025-04-09.14:08:55::SCWBDomain::R_FLAGS=  -O2 -c -mcpu=v9.2 -mlittle-endian -mxl-barrel-shift -mxl-pattern-compare -mxl-soft-mul" "EXTRA_COMPILER_FLAGS=-g -ffu
TRACE::2025-04-09.14:08:55::SCWBDomain::nction-sections -fdata-sections -Wall -Wextra -fno-tree-loop-distribute-patterns  -Os -flto -ffat-lto-objects"

TRACE::2025-04-09.14:08:55::SCWBDomain::"Running Make include in psu_pmu_0/libsrc/rtcpsu_v1_13/src"

TRACE::2025-04-09.14:08:55::SCWBDomain::make -C psu_pmu_0/libsrc/rtcpsu_v1_13/src -s include  "SHELL=CMD" "COMPILER=mb-gcc" "ASSEMBLER=mb-as" "ARCHIVER=mb-ar" "COMPILE
TRACE::2025-04-09.14:08:55::SCWBDomain::R_FLAGS=  -O2 -c -mcpu=v9.2 -mlittle-endian -mxl-barrel-shift -mxl-pattern-compare -mxl-soft-mul" "EXTRA_COMPILER_FLAGS=-g -ffu
TRACE::2025-04-09.14:08:55::SCWBDomain::nction-sections -fdata-sections -Wall -Wextra -fno-tree-loop-distribute-patterns  -Os -flto -ffat-lto-objects"

TRACE::2025-04-09.14:08:55::SCWBDomain::"Running Make include in psu_pmu_0/libsrc/spips_v3_9/src"

TRACE::2025-04-09.14:08:55::SCWBDomain::make -C psu_pmu_0/libsrc/spips_v3_9/src -s include  "SHELL=CMD" "COMPILER=mb-gcc" "ASSEMBLER=mb-as" "ARCHIVER=mb-ar" "COMPILER_
TRACE::2025-04-09.14:08:55::SCWBDomain::FLAGS=  -O2 -c -mcpu=v9.2 -mlittle-endian -mxl-barrel-shift -mxl-pattern-compare -mxl-soft-mul" "EXTRA_COMPILER_FLAGS=-g -ffunc
TRACE::2025-04-09.14:08:55::SCWBDomain::tion-sections -fdata-sections -Wall -Wextra -fno-tree-loop-distribute-patterns  -Os -flto -ffat-lto-objects"

TRACE::2025-04-09.14:08:55::SCWBDomain::"Running Make include in psu_pmu_0/libsrc/standalone_v9_0/src"

TRACE::2025-04-09.14:08:55::SCWBDomain::make -C psu_pmu_0/libsrc/standalone_v9_0/src -s include  "SHELL=CMD" "COMPILER=mb-gcc" "ASSEMBLER=mb-as" "ARCHIVER=mb-ar" "COMP
TRACE::2025-04-09.14:08:55::SCWBDomain::ILER_FLAGS=  -O2 -c -mcpu=v9.2 -mlittle-endian -mxl-barrel-shift -mxl-pattern-compare -mxl-soft-mul" "EXTRA_COMPILER_FLAGS=-g -
TRACE::2025-04-09.14:08:55::SCWBDomain::ffunction-sections -fdata-sections -Wall -Wextra -fno-tree-loop-distribute-patterns  -Os -flto -ffat-lto-objects"

TRACE::2025-04-09.14:08:56::SCWBDomain::"Running Make include in psu_pmu_0/libsrc/sysmonpsu_v2_9/src"

TRACE::2025-04-09.14:08:56::SCWBDomain::make -C psu_pmu_0/libsrc/sysmonpsu_v2_9/src -s include  "SHELL=CMD" "COMPILER=mb-gcc" "ASSEMBLER=mb-as" "ARCHIVER=mb-ar" "COMPI
TRACE::2025-04-09.14:08:56::SCWBDomain::LER_FLAGS=  -O2 -c -mcpu=v9.2 -mlittle-endian -mxl-barrel-shift -mxl-pattern-compare -mxl-soft-mul" "EXTRA_COMPILER_FLAGS=-g -f
TRACE::2025-04-09.14:08:56::SCWBDomain::function-sections -fdata-sections -Wall -Wextra -fno-tree-loop-distribute-patterns  -Os -flto -ffat-lto-objects"

TRACE::2025-04-09.14:08:56::SCWBDomain::"Running Make include in psu_pmu_0/libsrc/tmrctr_v4_11/src"

TRACE::2025-04-09.14:08:56::SCWBDomain::make -C psu_pmu_0/libsrc/tmrctr_v4_11/src -s include  "SHELL=CMD" "COMPILER=mb-gcc" "ASSEMBLER=mb-as" "ARCHIVER=mb-ar" "COMPILE
TRACE::2025-04-09.14:08:56::SCWBDomain::R_FLAGS=  -O2 -c -mcpu=v9.2 -mlittle-endian -mxl-barrel-shift -mxl-pattern-compare -mxl-soft-mul" "EXTRA_COMPILER_FLAGS=-g -ffu
TRACE::2025-04-09.14:08:56::SCWBDomain::nction-sections -fdata-sections -Wall -Wextra -fno-tree-loop-distribute-patterns  -Os -flto -ffat-lto-objects"

TRACE::2025-04-09.14:08:56::SCWBDomain::"Running Make include in psu_pmu_0/libsrc/ttcps_v3_18/src"

TRACE::2025-04-09.14:08:56::SCWBDomain::make -C psu_pmu_0/libsrc/ttcps_v3_18/src -s include  "SHELL=CMD" "COMPILER=mb-gcc" "ASSEMBLER=mb-as" "ARCHIVER=mb-ar" "COMPILER
TRACE::2025-04-09.14:08:56::SCWBDomain::_FLAGS=  -O2 -c -mcpu=v9.2 -mlittle-endian -mxl-barrel-shift -mxl-pattern-compare -mxl-soft-mul" "EXTRA_COMPILER_FLAGS=-g -ffun
TRACE::2025-04-09.14:08:56::SCWBDomain::ction-sections -fdata-sections -Wall -Wextra -fno-tree-loop-distribute-patterns  -Os -flto -ffat-lto-objects"

TRACE::2025-04-09.14:08:56::SCWBDomain::"Running Make include in psu_pmu_0/libsrc/uartps_v3_13/src"

TRACE::2025-04-09.14:08:56::SCWBDomain::make -C psu_pmu_0/libsrc/uartps_v3_13/src -s include  "SHELL=CMD" "COMPILER=mb-gcc" "ASSEMBLER=mb-as" "ARCHIVER=mb-ar" "COMPILE
TRACE::2025-04-09.14:08:56::SCWBDomain::R_FLAGS=  -O2 -c -mcpu=v9.2 -mlittle-endian -mxl-barrel-shift -mxl-pattern-compare -mxl-soft-mul" "EXTRA_COMPILER_FLAGS=-g -ffu
TRACE::2025-04-09.14:08:56::SCWBDomain::nction-sections -fdata-sections -Wall -Wextra -fno-tree-loop-distribute-patterns  -Os -flto -ffat-lto-objects"

TRACE::2025-04-09.14:08:56::SCWBDomain::"Running Make include in psu_pmu_0/libsrc/wdtps_v3_6/src"

TRACE::2025-04-09.14:08:56::SCWBDomain::make -C psu_pmu_0/libsrc/wdtps_v3_6/src -s include  "SHELL=CMD" "COMPILER=mb-gcc" "ASSEMBLER=mb-as" "ARCHIVER=mb-ar" "COMPILER_
TRACE::2025-04-09.14:08:56::SCWBDomain::FLAGS=  -O2 -c -mcpu=v9.2 -mlittle-endian -mxl-barrel-shift -mxl-pattern-compare -mxl-soft-mul" "EXTRA_COMPILER_FLAGS=-g -ffunc
TRACE::2025-04-09.14:08:56::SCWBDomain::tion-sections -fdata-sections -Wall -Wextra -fno-tree-loop-distribute-patterns  -Os -flto -ffat-lto-objects"

TRACE::2025-04-09.14:08:56::SCWBDomain::"Running Make include in psu_pmu_0/libsrc/xilfpga_v6_5/src"

TRACE::2025-04-09.14:08:56::SCWBDomain::make -C psu_pmu_0/libsrc/xilfpga_v6_5/src -s include  "SHELL=CMD" "COMPILER=mb-gcc" "ASSEMBLER=mb-as" "ARCHIVER=mb-ar" "COMPILE
TRACE::2025-04-09.14:08:56::SCWBDomain::R_FLAGS=  -O2 -c -mcpu=v9.2 -mlittle-endian -mxl-barrel-shift -mxl-pattern-compare -mxl-soft-mul" "EXTRA_COMPILER_FLAGS=-g -ffu
TRACE::2025-04-09.14:08:56::SCWBDomain::nction-sections -fdata-sections -Wall -Wextra -fno-tree-loop-distribute-patterns  -Os -flto -ffat-lto-objects"

TRACE::2025-04-09.14:08:56::SCWBDomain::"Running Make include in psu_pmu_0/libsrc/xilsecure_v5_2/src"

TRACE::2025-04-09.14:08:56::SCWBDomain::make -C psu_pmu_0/libsrc/xilsecure_v5_2/src -s include  "SHELL=CMD" "COMPILER=mb-gcc" "ASSEMBLER=mb-as" "ARCHIVER=mb-ar" "COMPI
TRACE::2025-04-09.14:08:56::SCWBDomain::LER_FLAGS=  -O2 -c -mcpu=v9.2 -mlittle-endian -mxl-barrel-shift -mxl-pattern-compare -mxl-soft-mul" "EXTRA_COMPILER_FLAGS=-g -f
TRACE::2025-04-09.14:08:56::SCWBDomain::function-sections -fdata-sections -Wall -Wextra -fno-tree-loop-distribute-patterns  -Os -flto -ffat-lto-objects"

TRACE::2025-04-09.14:08:57::SCWBDomain::"Running Make include in psu_pmu_0/libsrc/xilskey_v7_5/src"

TRACE::2025-04-09.14:08:57::SCWBDomain::make -C psu_pmu_0/libsrc/xilskey_v7_5/src -s include  "SHELL=CMD" "COMPILER=mb-gcc" "ASSEMBLER=mb-as" "ARCHIVER=mb-ar" "COMPILE
TRACE::2025-04-09.14:08:57::SCWBDomain::R_FLAGS=  -O2 -c -mcpu=v9.2 -mlittle-endian -mxl-barrel-shift -mxl-pattern-compare -mxl-soft-mul" "EXTRA_COMPILER_FLAGS=-g -ffu
TRACE::2025-04-09.14:08:57::SCWBDomain::nction-sections -fdata-sections -Wall -Wextra -fno-tree-loop-distribute-patterns  -Os -flto -ffat-lto-objects"

TRACE::2025-04-09.14:08:57::SCWBDomain::"Running Make include in psu_pmu_0/libsrc/zdma_v1_17/src"

TRACE::2025-04-09.14:08:57::SCWBDomain::make -C psu_pmu_0/libsrc/zdma_v1_17/src -s include  "SHELL=CMD" "COMPILER=mb-gcc" "ASSEMBLER=mb-as" "ARCHIVER=mb-ar" "COMPILER_
TRACE::2025-04-09.14:08:57::SCWBDomain::FLAGS=  -O2 -c -mcpu=v9.2 -mlittle-endian -mxl-barrel-shift -mxl-pattern-compare -mxl-soft-mul" "EXTRA_COMPILER_FLAGS=-g -ffunc
TRACE::2025-04-09.14:08:57::SCWBDomain::tion-sections -fdata-sections -Wall -Wextra -fno-tree-loop-distribute-patterns  -Os -flto -ffat-lto-objects"

TRACE::2025-04-09.14:08:57::SCWBDomain::"Running Make libs in psu_pmu_0/libsrc/xilsecure_v5_2/src"

TRACE::2025-04-09.14:08:57::SCWBDomain::make -C psu_pmu_0/libsrc/xilsecure_v5_2/src -s libs  "SHELL=CMD" "COMPILER=mb-gcc" "ASSEMBLER=mb-as" "ARCHIVER=mb-ar" "COMPILER
TRACE::2025-04-09.14:08:57::SCWBDomain::_FLAGS=  -O2 -c -mcpu=v9.2 -mlittle-endian -mxl-barrel-shift -mxl-pattern-compare -mxl-soft-mul" "EXTRA_COMPILER_FLAGS=-g -ffun
TRACE::2025-04-09.14:08:57::SCWBDomain::ction-sections -fdata-sections -Wall -Wextra -fno-tree-loop-distribute-patterns  -Os -flto -ffat-lto-objects"

TRACE::2025-04-09.14:08:57::SCWBDomain::"Compiling XilSecure Library"

TRACE::2025-04-09.14:08:59::SCWBDomain::"Running Make libs in psu_pmu_0/libsrc/xilskey_v7_5/src"

TRACE::2025-04-09.14:08:59::SCWBDomain::make -C psu_pmu_0/libsrc/xilskey_v7_5/src -s libs  "SHELL=CMD" "COMPILER=mb-gcc" "ASSEMBLER=mb-as" "ARCHIVER=mb-ar" "COMPILER_F
TRACE::2025-04-09.14:08:59::SCWBDomain::LAGS=  -O2 -c -mcpu=v9.2 -mlittle-endian -mxl-barrel-shift -mxl-pattern-compare -mxl-soft-mul" "EXTRA_COMPILER_FLAGS=-g -ffunct
TRACE::2025-04-09.14:08:59::SCWBDomain::ion-sections -fdata-sections -Wall -Wextra -fno-tree-loop-distribute-patterns  -Os -flto -ffat-lto-objects"

TRACE::2025-04-09.14:08:59::SCWBDomain::"Compiling Xilskey Library"

TRACE::2025-04-09.14:08:59::SCWBDomain::'Finished building libraries sequentially.'

TRACE::2025-04-09.14:08:59::SCWBDomain::make -j 6 --no-print-directory par_libs

TRACE::2025-04-09.14:09:00::SCWBDomain::"Running Make include in psu_pmu_0/libsrc/axipmon_v6_10/src"

TRACE::2025-04-09.14:09:00::SCWBDomain::make -C psu_pmu_0/libsrc/axipmon_v6_10/src -s include  "SHELL=CMD" "COMPILER=mb-gcc" "ASSEMBLER=mb-as" "ARCHIVER=mb-ar" "COMPIL
TRACE::2025-04-09.14:09:00::SCWBDomain::ER_FLAGS=  -O2 -c -mcpu=v9.2 -mlittle-endian -mxl-barrel-shift -mxl-pattern-compare -mxl-soft-mul" "EXTRA_COMPILER_FLAGS=-g -ff
TRACE::2025-04-09.14:09:00::SCWBDomain::unction-sections -fdata-sections -Wall -Wextra -fno-tree-loop-distribute-patterns  -Os -flto -ffat-lto-objects"

TRACE::2025-04-09.14:09:00::SCWBDomain::"Running Make include in psu_pmu_0/libsrc/clockps_v1_5/src"

TRACE::2025-04-09.14:09:00::SCWBDomain::make -C psu_pmu_0/libsrc/clockps_v1_5/src -s include  "SHELL=CMD" "COMPILER=mb-gcc" "ASSEMBLER=mb-as" "ARCHIVER=mb-ar" "COMPILE
TRACE::2025-04-09.14:09:00::SCWBDomain::R_FLAGS=  -O2 -c -mcpu=v9.2 -mlittle-endian -mxl-barrel-shift -mxl-pattern-compare -mxl-soft-mul" "EXTRA_COMPILER_FLAGS=-g -ffu
TRACE::2025-04-09.14:09:00::SCWBDomain::nction-sections -fdata-sections -Wall -Wextra -fno-tree-loop-distribute-patterns  -Os -flto -ffat-lto-objects"

TRACE::2025-04-09.14:09:00::SCWBDomain::"Running Make include in psu_pmu_0/libsrc/cpu_v2_18/src"

TRACE::2025-04-09.14:09:00::SCWBDomain::make -C psu_pmu_0/libsrc/cpu_v2_18/src -s include  "SHELL=CMD" "COMPILER=mb-gcc" "ASSEMBLER=mb-as" "ARCHIVER=mb-ar" "COMPILER_F
TRACE::2025-04-09.14:09:00::SCWBDomain::LAGS=  -O2 -c -mcpu=v9.2 -mlittle-endian -mxl-barrel-shift -mxl-pattern-compare -mxl-soft-mul" "EXTRA_COMPILER_FLAGS=-g -ffunct
TRACE::2025-04-09.14:09:00::SCWBDomain::ion-sections -fdata-sections -Wall -Wextra -fno-tree-loop-distribute-patterns  -Os -flto -ffat-lto-objects"

TRACE::2025-04-09.14:09:00::SCWBDomain::"Running Make include in psu_pmu_0/libsrc/csudma_v1_14/src"

TRACE::2025-04-09.14:09:00::SCWBDomain::make -C psu_pmu_0/libsrc/csudma_v1_14/src -s include  "SHELL=CMD" "COMPILER=mb-gcc" "ASSEMBLER=mb-as" "ARCHIVER=mb-ar" "COMPILE
TRACE::2025-04-09.14:09:00::SCWBDomain::R_FLAGS=  -O2 -c -mcpu=v9.2 -mlittle-endian -mxl-barrel-shift -mxl-pattern-compare -mxl-soft-mul" "EXTRA_COMPILER_FLAGS=-g -ffu
TRACE::2025-04-09.14:09:00::SCWBDomain::nction-sections -fdata-sections -Wall -Wextra -fno-tree-loop-distribute-patterns  -Os -flto -ffat-lto-objects"

TRACE::2025-04-09.14:09:00::SCWBDomain::"Running Make include in psu_pmu_0/libsrc/ddrcpsu_v1_5/src"

TRACE::2025-04-09.14:09:00::SCWBDomain::make -C psu_pmu_0/libsrc/ddrcpsu_v1_5/src -s include  "SHELL=CMD" "COMPILER=mb-gcc" "ASSEMBLER=mb-as" "ARCHIVER=mb-ar" "COMPILE
TRACE::2025-04-09.14:09:00::SCWBDomain::R_FLAGS=  -O2 -c -mcpu=v9.2 -mlittle-endian -mxl-barrel-shift -mxl-pattern-compare -mxl-soft-mul" "EXTRA_COMPILER_FLAGS=-g -ffu
TRACE::2025-04-09.14:09:00::SCWBDomain::nction-sections -fdata-sections -Wall -Wextra -fno-tree-loop-distribute-patterns  -Os -flto -ffat-lto-objects"

TRACE::2025-04-09.14:09:00::SCWBDomain::"Running Make include in psu_pmu_0/libsrc/gpiops_v3_12/src"

TRACE::2025-04-09.14:09:00::SCWBDomain::make -C psu_pmu_0/libsrc/gpiops_v3_12/src -s include  "SHELL=CMD" "COMPILER=mb-gcc" "ASSEMBLER=mb-as" "ARCHIVER=mb-ar" "COMPILE
TRACE::2025-04-09.14:09:00::SCWBDomain::R_FLAGS=  -O2 -c -mcpu=v9.2 -mlittle-endian -mxl-barrel-shift -mxl-pattern-compare -mxl-soft-mul" "EXTRA_COMPILER_FLAGS=-g -ffu
TRACE::2025-04-09.14:09:00::SCWBDomain::nction-sections -fdata-sections -Wall -Wextra -fno-tree-loop-distribute-patterns  -Os -flto -ffat-lto-objects"

TRACE::2025-04-09.14:09:00::SCWBDomain::"Running Make include in psu_pmu_0/libsrc/iicps_v3_18/src"

TRACE::2025-04-09.14:09:00::SCWBDomain::make -C psu_pmu_0/libsrc/iicps_v3_18/src -s include  "SHELL=CMD" "COMPILER=mb-gcc" "ASSEMBLER=mb-as" "ARCHIVER=mb-ar" "COMPILER
TRACE::2025-04-09.14:09:00::SCWBDomain::_FLAGS=  -O2 -c -mcpu=v9.2 -mlittle-endian -mxl-barrel-shift -mxl-pattern-compare -mxl-soft-mul" "EXTRA_COMPILER_FLAGS=-g -ffun
TRACE::2025-04-09.14:09:00::SCWBDomain::ction-sections -fdata-sections -Wall -Wextra -fno-tree-loop-distribute-patterns  -Os -flto -ffat-lto-objects"

TRACE::2025-04-09.14:09:00::SCWBDomain::"Running Make include in psu_pmu_0/libsrc/ipipsu_v2_14/src"

TRACE::2025-04-09.14:09:00::SCWBDomain::make -C psu_pmu_0/libsrc/ipipsu_v2_14/src -s include  "SHELL=CMD" "COMPILER=mb-gcc" "ASSEMBLER=mb-as" "ARCHIVER=mb-ar" "COMPILE
TRACE::2025-04-09.14:09:00::SCWBDomain::R_FLAGS=  -O2 -c -mcpu=v9.2 -mlittle-endian -mxl-barrel-shift -mxl-pattern-compare -mxl-soft-mul" "EXTRA_COMPILER_FLAGS=-g -ffu
TRACE::2025-04-09.14:09:00::SCWBDomain::nction-sections -fdata-sections -Wall -Wextra -fno-tree-loop-distribute-patterns  -Os -flto -ffat-lto-objects"

TRACE::2025-04-09.14:09:00::SCWBDomain::"Running Make include in psu_pmu_0/libsrc/llfifo_v5_6/src"

TRACE::2025-04-09.14:09:00::SCWBDomain::make -C psu_pmu_0/libsrc/llfifo_v5_6/src -s include  "SHELL=CMD" "COMPILER=mb-gcc" "ASSEMBLER=mb-as" "ARCHIVER=mb-ar" "COMPILER
TRACE::2025-04-09.14:09:00::SCWBDomain::_FLAGS=  -O2 -c -mcpu=v9.2 -mlittle-endian -mxl-barrel-shift -mxl-pattern-compare -mxl-soft-mul" "EXTRA_COMPILER_FLAGS=-g -ffun
TRACE::2025-04-09.14:09:00::SCWBDomain::ction-sections -fdata-sections -Wall -Wextra -fno-tree-loop-distribute-patterns  -Os -flto -ffat-lto-objects"

TRACE::2025-04-09.14:09:00::SCWBDomain::"Running Make include in psu_pmu_0/libsrc/qspipsu_v1_18/src"

TRACE::2025-04-09.14:09:00::SCWBDomain::make -C psu_pmu_0/libsrc/qspipsu_v1_18/src -s include  "SHELL=CMD" "COMPILER=mb-gcc" "ASSEMBLER=mb-as" "ARCHIVER=mb-ar" "COMPIL
TRACE::2025-04-09.14:09:00::SCWBDomain::ER_FLAGS=  -O2 -c -mcpu=v9.2 -mlittle-endian -mxl-barrel-shift -mxl-pattern-compare -mxl-soft-mul" "EXTRA_COMPILER_FLAGS=-g -ff
TRACE::2025-04-09.14:09:00::SCWBDomain::unction-sections -fdata-sections -Wall -Wextra -fno-tree-loop-distribute-patterns  -Os -flto -ffat-lto-objects"

TRACE::2025-04-09.14:09:00::SCWBDomain::"Running Make include in psu_pmu_0/libsrc/resetps_v1_6/src"

TRACE::2025-04-09.14:09:00::SCWBDomain::make -C psu_pmu_0/libsrc/resetps_v1_6/src -s include  "SHELL=CMD" "COMPILER=mb-gcc" "ASSEMBLER=mb-as" "ARCHIVER=mb-ar" "COMPILE
TRACE::2025-04-09.14:09:00::SCWBDomain::R_FLAGS=  -O2 -c -mcpu=v9.2 -mlittle-endian -mxl-barrel-shift -mxl-pattern-compare -mxl-soft-mul" "EXTRA_COMPILER_FLAGS=-g -ffu
TRACE::2025-04-09.14:09:00::SCWBDomain::nction-sections -fdata-sections -Wall -Wextra -fno-tree-loop-distribute-patterns  -Os -flto -ffat-lto-objects"

TRACE::2025-04-09.14:09:00::SCWBDomain::"Running Make include in psu_pmu_0/libsrc/rtcpsu_v1_13/src"

TRACE::2025-04-09.14:09:00::SCWBDomain::make -C psu_pmu_0/libsrc/rtcpsu_v1_13/src -s include  "SHELL=CMD" "COMPILER=mb-gcc" "ASSEMBLER=mb-as" "ARCHIVER=mb-ar" "COMPILE
TRACE::2025-04-09.14:09:00::SCWBDomain::R_FLAGS=  -O2 -c -mcpu=v9.2 -mlittle-endian -mxl-barrel-shift -mxl-pattern-compare -mxl-soft-mul" "EXTRA_COMPILER_FLAGS=-g -ffu
TRACE::2025-04-09.14:09:00::SCWBDomain::nction-sections -fdata-sections -Wall -Wextra -fno-tree-loop-distribute-patterns  -Os -flto -ffat-lto-objects"

TRACE::2025-04-09.14:09:00::SCWBDomain::"Running Make include in psu_pmu_0/libsrc/spips_v3_9/src"

TRACE::2025-04-09.14:09:00::SCWBDomain::make -C psu_pmu_0/libsrc/spips_v3_9/src -s include  "SHELL=CMD" "COMPILER=mb-gcc" "ASSEMBLER=mb-as" "ARCHIVER=mb-ar" "COMPILER_
TRACE::2025-04-09.14:09:00::SCWBDomain::FLAGS=  -O2 -c -mcpu=v9.2 -mlittle-endian -mxl-barrel-shift -mxl-pattern-compare -mxl-soft-mul" "EXTRA_COMPILER_FLAGS=-g -ffunc
TRACE::2025-04-09.14:09:00::SCWBDomain::tion-sections -fdata-sections -Wall -Wextra -fno-tree-loop-distribute-patterns  -Os -flto -ffat-lto-objects"

TRACE::2025-04-09.14:09:00::SCWBDomain::"Running Make include in psu_pmu_0/libsrc/standalone_v9_0/src"

TRACE::2025-04-09.14:09:00::SCWBDomain::make -C psu_pmu_0/libsrc/standalone_v9_0/src -s include  "SHELL=CMD" "COMPILER=mb-gcc" "ASSEMBLER=mb-as" "ARCHIVER=mb-ar" "COMP
TRACE::2025-04-09.14:09:00::SCWBDomain::ILER_FLAGS=  -O2 -c -mcpu=v9.2 -mlittle-endian -mxl-barrel-shift -mxl-pattern-compare -mxl-soft-mul" "EXTRA_COMPILER_FLAGS=-g -
TRACE::2025-04-09.14:09:00::SCWBDomain::ffunction-sections -fdata-sections -Wall -Wextra -fno-tree-loop-distribute-patterns  -Os -flto -ffat-lto-objects"

TRACE::2025-04-09.14:09:00::SCWBDomain::"Running Make include in psu_pmu_0/libsrc/sysmonpsu_v2_9/src"

TRACE::2025-04-09.14:09:00::SCWBDomain::make -C psu_pmu_0/libsrc/sysmonpsu_v2_9/src -s include  "SHELL=CMD" "COMPILER=mb-gcc" "ASSEMBLER=mb-as" "ARCHIVER=mb-ar" "COMPI
TRACE::2025-04-09.14:09:00::SCWBDomain::LER_FLAGS=  -O2 -c -mcpu=v9.2 -mlittle-endian -mxl-barrel-shift -mxl-pattern-compare -mxl-soft-mul" "EXTRA_COMPILER_FLAGS=-g -f
TRACE::2025-04-09.14:09:00::SCWBDomain::function-sections -fdata-sections -Wall -Wextra -fno-tree-loop-distribute-patterns  -Os -flto -ffat-lto-objects"

TRACE::2025-04-09.14:09:00::SCWBDomain::"Running Make include in psu_pmu_0/libsrc/tmrctr_v4_11/src"

TRACE::2025-04-09.14:09:00::SCWBDomain::make -C psu_pmu_0/libsrc/tmrctr_v4_11/src -s include  "SHELL=CMD" "COMPILER=mb-gcc" "ASSEMBLER=mb-as" "ARCHIVER=mb-ar" "COMPILE
TRACE::2025-04-09.14:09:00::SCWBDomain::R_FLAGS=  -O2 -c -mcpu=v9.2 -mlittle-endian -mxl-barrel-shift -mxl-pattern-compare -mxl-soft-mul" "EXTRA_COMPILER_FLAGS=-g -ffu
TRACE::2025-04-09.14:09:00::SCWBDomain::nction-sections -fdata-sections -Wall -Wextra -fno-tree-loop-distribute-patterns  -Os -flto -ffat-lto-objects"

TRACE::2025-04-09.14:09:00::SCWBDomain::"Running Make include in psu_pmu_0/libsrc/ttcps_v3_18/src"

TRACE::2025-04-09.14:09:00::SCWBDomain::make -C psu_pmu_0/libsrc/ttcps_v3_18/src -s include  "SHELL=CMD" "COMPILER=mb-gcc" "ASSEMBLER=mb-as" "ARCHIVER=mb-ar" "COMPILER
TRACE::2025-04-09.14:09:00::SCWBDomain::_FLAGS=  -O2 -c -mcpu=v9.2 -mlittle-endian -mxl-barrel-shift -mxl-pattern-compare -mxl-soft-mul" "EXTRA_COMPILER_FLAGS=-g -ffun
TRACE::2025-04-09.14:09:00::SCWBDomain::ction-sections -fdata-sections -Wall -Wextra -fno-tree-loop-distribute-patterns  -Os -flto -ffat-lto-objects"

TRACE::2025-04-09.14:09:00::SCWBDomain::"Running Make include in psu_pmu_0/libsrc/uartps_v3_13/src"

TRACE::2025-04-09.14:09:00::SCWBDomain::make -C psu_pmu_0/libsrc/uartps_v3_13/src -s include  "SHELL=CMD" "COMPILER=mb-gcc" "ASSEMBLER=mb-as" "ARCHIVER=mb-ar" "COMPILE
TRACE::2025-04-09.14:09:00::SCWBDomain::R_FLAGS=  -O2 -c -mcpu=v9.2 -mlittle-endian -mxl-barrel-shift -mxl-pattern-compare -mxl-soft-mul" "EXTRA_COMPILER_FLAGS=-g -ffu
TRACE::2025-04-09.14:09:00::SCWBDomain::nction-sections -fdata-sections -Wall -Wextra -fno-tree-loop-distribute-patterns  -Os -flto -ffat-lto-objects"

TRACE::2025-04-09.14:09:00::SCWBDomain::"Running Make include in psu_pmu_0/libsrc/wdtps_v3_6/src"

TRACE::2025-04-09.14:09:00::SCWBDomain::make -C psu_pmu_0/libsrc/wdtps_v3_6/src -s include  "SHELL=CMD" "COMPILER=mb-gcc" "ASSEMBLER=mb-as" "ARCHIVER=mb-ar" "COMPILER_
TRACE::2025-04-09.14:09:00::SCWBDomain::FLAGS=  -O2 -c -mcpu=v9.2 -mlittle-endian -mxl-barrel-shift -mxl-pattern-compare -mxl-soft-mul" "EXTRA_COMPILER_FLAGS=-g -ffunc
TRACE::2025-04-09.14:09:00::SCWBDomain::tion-sections -fdata-sections -Wall -Wextra -fno-tree-loop-distribute-patterns  -Os -flto -ffat-lto-objects"

TRACE::2025-04-09.14:09:00::SCWBDomain::"Running Make include in psu_pmu_0/libsrc/xilfpga_v6_5/src"

TRACE::2025-04-09.14:09:00::SCWBDomain::make -C psu_pmu_0/libsrc/xilfpga_v6_5/src -s include  "SHELL=CMD" "COMPILER=mb-gcc" "ASSEMBLER=mb-as" "ARCHIVER=mb-ar" "COMPILE
TRACE::2025-04-09.14:09:00::SCWBDomain::R_FLAGS=  -O2 -c -mcpu=v9.2 -mlittle-endian -mxl-barrel-shift -mxl-pattern-compare -mxl-soft-mul" "EXTRA_COMPILER_FLAGS=-g -ffu
TRACE::2025-04-09.14:09:00::SCWBDomain::nction-sections -fdata-sections -Wall -Wextra -fno-tree-loop-distribute-patterns  -Os -flto -ffat-lto-objects"

TRACE::2025-04-09.14:09:00::SCWBDomain::"Running Make include in psu_pmu_0/libsrc/xilsecure_v5_2/src"

TRACE::2025-04-09.14:09:00::SCWBDomain::make -C psu_pmu_0/libsrc/xilsecure_v5_2/src -s include  "SHELL=CMD" "COMPILER=mb-gcc" "ASSEMBLER=mb-as" "ARCHIVER=mb-ar" "COMPI
TRACE::2025-04-09.14:09:00::SCWBDomain::LER_FLAGS=  -O2 -c -mcpu=v9.2 -mlittle-endian -mxl-barrel-shift -mxl-pattern-compare -mxl-soft-mul" "EXTRA_COMPILER_FLAGS=-g -f
TRACE::2025-04-09.14:09:00::SCWBDomain::function-sections -fdata-sections -Wall -Wextra -fno-tree-loop-distribute-patterns  -Os -flto -ffat-lto-objects"

TRACE::2025-04-09.14:09:00::SCWBDomain::"Running Make include in psu_pmu_0/libsrc/xilskey_v7_5/src"

TRACE::2025-04-09.14:09:00::SCWBDomain::make -C psu_pmu_0/libsrc/xilskey_v7_5/src -s include  "SHELL=CMD" "COMPILER=mb-gcc" "ASSEMBLER=mb-as" "ARCHIVER=mb-ar" "COMPILE
TRACE::2025-04-09.14:09:00::SCWBDomain::R_FLAGS=  -O2 -c -mcpu=v9.2 -mlittle-endian -mxl-barrel-shift -mxl-pattern-compare -mxl-soft-mul" "EXTRA_COMPILER_FLAGS=-g -ffu
TRACE::2025-04-09.14:09:00::SCWBDomain::nction-sections -fdata-sections -Wall -Wextra -fno-tree-loop-distribute-patterns  -Os -flto -ffat-lto-objects"

TRACE::2025-04-09.14:09:00::SCWBDomain::"Running Make include in psu_pmu_0/libsrc/zdma_v1_17/src"

TRACE::2025-04-09.14:09:00::SCWBDomain::make -C psu_pmu_0/libsrc/zdma_v1_17/src -s include  "SHELL=CMD" "COMPILER=mb-gcc" "ASSEMBLER=mb-as" "ARCHIVER=mb-ar" "COMPILER_
TRACE::2025-04-09.14:09:00::SCWBDomain::FLAGS=  -O2 -c -mcpu=v9.2 -mlittle-endian -mxl-barrel-shift -mxl-pattern-compare -mxl-soft-mul" "EXTRA_COMPILER_FLAGS=-g -ffunc
TRACE::2025-04-09.14:09:00::SCWBDomain::tion-sections -fdata-sections -Wall -Wextra -fno-tree-loop-distribute-patterns  -Os -flto -ffat-lto-objects"

TRACE::2025-04-09.14:09:00::SCWBDomain::"Running Make libs in psu_pmu_0/libsrc/axipmon_v6_10/src"

TRACE::2025-04-09.14:09:00::SCWBDomain::make -C psu_pmu_0/libsrc/axipmon_v6_10/src -s libs  "SHELL=CMD" "COMPILER=mb-gcc" "ASSEMBLER=mb-as" "ARCHIVER=mb-ar" "COMPILER_
TRACE::2025-04-09.14:09:00::SCWBDomain::FLAGS=  -O2 -c -mcpu=v9.2 -mlittle-endian -mxl-barrel-shift -mxl-pattern-compare -mxl-soft-mul" "EXTRA_COMPILER_FLAGS=-g -ffunc
TRACE::2025-04-09.14:09:00::SCWBDomain::tion-sections -fdata-sections -Wall -Wextra -fno-tree-loop-distribute-patterns  -Os -flto -ffat-lto-objects"

TRACE::2025-04-09.14:09:00::SCWBDomain::"Running Make libs in psu_pmu_0/libsrc/clockps_v1_5/src"

TRACE::2025-04-09.14:09:00::SCWBDomain::make -C psu_pmu_0/libsrc/clockps_v1_5/src -s libs  "SHELL=CMD" "COMPILER=mb-gcc" "ASSEMBLER=mb-as" "ARCHIVER=mb-ar" "COMPILER_F
TRACE::2025-04-09.14:09:00::SCWBDomain::LAGS=  -O2 -c -mcpu=v9.2 -mlittle-endian -mxl-barrel-shift -mxl-pattern-compare -mxl-soft-mul" "EXTRA_COMPILER_FLAGS=-g -ffunct
TRACE::2025-04-09.14:09:00::SCWBDomain::ion-sections -fdata-sections -Wall -Wextra -fno-tree-loop-distribute-patterns  -Os -flto -ffat-lto-objects"

TRACE::2025-04-09.14:09:00::SCWBDomain::"Running Make libs in psu_pmu_0/libsrc/cpu_v2_18/src"

TRACE::2025-04-09.14:09:00::SCWBDomain::make -C psu_pmu_0/libsrc/cpu_v2_18/src -s libs  "SHELL=CMD" "COMPILER=mb-gcc" "ASSEMBLER=mb-as" "ARCHIVER=mb-ar" "COMPILER_FLAG
TRACE::2025-04-09.14:09:00::SCWBDomain::S=  -O2 -c -mcpu=v9.2 -mlittle-endian -mxl-barrel-shift -mxl-pattern-compare -mxl-soft-mul" "EXTRA_COMPILER_FLAGS=-g -ffunction
TRACE::2025-04-09.14:09:00::SCWBDomain::-sections -fdata-sections -Wall -Wextra -fno-tree-loop-distribute-patterns  -Os -flto -ffat-lto-objects"

TRACE::2025-04-09.14:09:00::SCWBDomain::"Running Make libs in psu_pmu_0/libsrc/csudma_v1_14/src"

TRACE::2025-04-09.14:09:00::SCWBDomain::make -C psu_pmu_0/libsrc/csudma_v1_14/src -s libs  "SHELL=CMD" "COMPILER=mb-gcc" "ASSEMBLER=mb-as" "ARCHIVER=mb-ar" "COMPILER_F
TRACE::2025-04-09.14:09:00::SCWBDomain::LAGS=  -O2 -c -mcpu=v9.2 -mlittle-endian -mxl-barrel-shift -mxl-pattern-compare -mxl-soft-mul" "EXTRA_COMPILER_FLAGS=-g -ffunct
TRACE::2025-04-09.14:09:00::SCWBDomain::ion-sections -fdata-sections -Wall -Wextra -fno-tree-loop-distribute-patterns  -Os -flto -ffat-lto-objects"

TRACE::2025-04-09.14:09:00::SCWBDomain::"Running Make libs in psu_pmu_0/libsrc/ddrcpsu_v1_5/src"

TRACE::2025-04-09.14:09:00::SCWBDomain::make -C psu_pmu_0/libsrc/ddrcpsu_v1_5/src -s libs  "SHELL=CMD" "COMPILER=mb-gcc" "ASSEMBLER=mb-as" "ARCHIVER=mb-ar" "COMPILER_F
TRACE::2025-04-09.14:09:00::SCWBDomain::LAGS=  -O2 -c -mcpu=v9.2 -mlittle-endian -mxl-barrel-shift -mxl-pattern-compare -mxl-soft-mul" "EXTRA_COMPILER_FLAGS=-g -ffunct
TRACE::2025-04-09.14:09:00::SCWBDomain::ion-sections -fdata-sections -Wall -Wextra -fno-tree-loop-distribute-patterns  -Os -flto -ffat-lto-objects"

TRACE::2025-04-09.14:09:01::SCWBDomain::"Running Make libs in psu_pmu_0/libsrc/gpiops_v3_12/src"

TRACE::2025-04-09.14:09:01::SCWBDomain::make -C psu_pmu_0/libsrc/gpiops_v3_12/src -s libs  "SHELL=CMD" "COMPILER=mb-gcc" "ASSEMBLER=mb-as" "ARCHIVER=mb-ar" "COMPILER_F
TRACE::2025-04-09.14:09:01::SCWBDomain::LAGS=  -O2 -c -mcpu=v9.2 -mlittle-endian -mxl-barrel-shift -mxl-pattern-compare -mxl-soft-mul" "EXTRA_COMPILER_FLAGS=-g -ffunct
TRACE::2025-04-09.14:09:01::SCWBDomain::ion-sections -fdata-sections -Wall -Wextra -fno-tree-loop-distribute-patterns  -Os -flto -ffat-lto-objects"

TRACE::2025-04-09.14:09:01::SCWBDomain::"Running Make libs in psu_pmu_0/libsrc/iicps_v3_18/src"

TRACE::2025-04-09.14:09:01::SCWBDomain::make -C psu_pmu_0/libsrc/iicps_v3_18/src -s libs  "SHELL=CMD" "COMPILER=mb-gcc" "ASSEMBLER=mb-as" "ARCHIVER=mb-ar" "COMPILER_FL
TRACE::2025-04-09.14:09:01::SCWBDomain::AGS=  -O2 -c -mcpu=v9.2 -mlittle-endian -mxl-barrel-shift -mxl-pattern-compare -mxl-soft-mul" "EXTRA_COMPILER_FLAGS=-g -ffuncti
TRACE::2025-04-09.14:09:01::SCWBDomain::on-sections -fdata-sections -Wall -Wextra -fno-tree-loop-distribute-patterns  -Os -flto -ffat-lto-objects"

TRACE::2025-04-09.14:09:01::SCWBDomain::"Running Make libs in psu_pmu_0/libsrc/ipipsu_v2_14/src"

TRACE::2025-04-09.14:09:01::SCWBDomain::make -C psu_pmu_0/libsrc/ipipsu_v2_14/src -s libs  "SHELL=CMD" "COMPILER=mb-gcc" "ASSEMBLER=mb-as" "ARCHIVER=mb-ar" "COMPILER_F
TRACE::2025-04-09.14:09:01::SCWBDomain::LAGS=  -O2 -c -mcpu=v9.2 -mlittle-endian -mxl-barrel-shift -mxl-pattern-compare -mxl-soft-mul" "EXTRA_COMPILER_FLAGS=-g -ffunct
TRACE::2025-04-09.14:09:01::SCWBDomain::ion-sections -fdata-sections -Wall -Wextra -fno-tree-loop-distribute-patterns  -Os -flto -ffat-lto-objects"

TRACE::2025-04-09.14:09:01::SCWBDomain::"Running Make libs in psu_pmu_0/libsrc/llfifo_v5_6/src"

TRACE::2025-04-09.14:09:01::SCWBDomain::make -C psu_pmu_0/libsrc/llfifo_v5_6/src -s libs  "SHELL=CMD" "COMPILER=mb-gcc" "ASSEMBLER=mb-as" "ARCHIVER=mb-ar" "COMPILER_FL
TRACE::2025-04-09.14:09:01::SCWBDomain::AGS=  -O2 -c -mcpu=v9.2 -mlittle-endian -mxl-barrel-shift -mxl-pattern-compare -mxl-soft-mul" "EXTRA_COMPILER_FLAGS=-g -ffuncti
TRACE::2025-04-09.14:09:01::SCWBDomain::on-sections -fdata-sections -Wall -Wextra -fno-tree-loop-distribute-patterns  -Os -flto -ffat-lto-objects"

TRACE::2025-04-09.14:09:02::SCWBDomain::"Running Make libs in psu_pmu_0/libsrc/qspipsu_v1_18/src"

TRACE::2025-04-09.14:09:02::SCWBDomain::make -C psu_pmu_0/libsrc/qspipsu_v1_18/src -s libs  "SHELL=CMD" "COMPILER=mb-gcc" "ASSEMBLER=mb-as" "ARCHIVER=mb-ar" "COMPILER_
TRACE::2025-04-09.14:09:02::SCWBDomain::FLAGS=  -O2 -c -mcpu=v9.2 -mlittle-endian -mxl-barrel-shift -mxl-pattern-compare -mxl-soft-mul" "EXTRA_COMPILER_FLAGS=-g -ffunc
TRACE::2025-04-09.14:09:02::SCWBDomain::tion-sections -fdata-sections -Wall -Wextra -fno-tree-loop-distribute-patterns  -Os -flto -ffat-lto-objects"

TRACE::2025-04-09.14:09:02::SCWBDomain::"Running Make libs in psu_pmu_0/libsrc/resetps_v1_6/src"

TRACE::2025-04-09.14:09:02::SCWBDomain::make -C psu_pmu_0/libsrc/resetps_v1_6/src -s libs  "SHELL=CMD" "COMPILER=mb-gcc" "ASSEMBLER=mb-as" "ARCHIVER=mb-ar" "COMPILER_F
TRACE::2025-04-09.14:09:02::SCWBDomain::LAGS=  -O2 -c -mcpu=v9.2 -mlittle-endian -mxl-barrel-shift -mxl-pattern-compare -mxl-soft-mul" "EXTRA_COMPILER_FLAGS=-g -ffunct
TRACE::2025-04-09.14:09:02::SCWBDomain::ion-sections -fdata-sections -Wall -Wextra -fno-tree-loop-distribute-patterns  -Os -flto -ffat-lto-objects"

TRACE::2025-04-09.14:09:02::SCWBDomain::"Running Make libs in psu_pmu_0/libsrc/rtcpsu_v1_13/src"

TRACE::2025-04-09.14:09:02::SCWBDomain::make -C psu_pmu_0/libsrc/rtcpsu_v1_13/src -s libs  "SHELL=CMD" "COMPILER=mb-gcc" "ASSEMBLER=mb-as" "ARCHIVER=mb-ar" "COMPILER_F
TRACE::2025-04-09.14:09:02::SCWBDomain::LAGS=  -O2 -c -mcpu=v9.2 -mlittle-endian -mxl-barrel-shift -mxl-pattern-compare -mxl-soft-mul" "EXTRA_COMPILER_FLAGS=-g -ffunct
TRACE::2025-04-09.14:09:02::SCWBDomain::ion-sections -fdata-sections -Wall -Wextra -fno-tree-loop-distribute-patterns  -Os -flto -ffat-lto-objects"

TRACE::2025-04-09.14:09:02::SCWBDomain::"Running Make libs in psu_pmu_0/libsrc/spips_v3_9/src"

TRACE::2025-04-09.14:09:03::SCWBDomain::make -C psu_pmu_0/libsrc/spips_v3_9/src -s libs  "SHELL=CMD" "COMPILER=mb-gcc" "ASSEMBLER=mb-as" "ARCHIVER=mb-ar" "COMPILER_FLA
TRACE::2025-04-09.14:09:03::SCWBDomain::GS=  -O2 -c -mcpu=v9.2 -mlittle-endian -mxl-barrel-shift -mxl-pattern-compare -mxl-soft-mul" "EXTRA_COMPILER_FLAGS=-g -ffunctio
TRACE::2025-04-09.14:09:03::SCWBDomain::n-sections -fdata-sections -Wall -Wextra -fno-tree-loop-distribute-patterns  -Os -flto -ffat-lto-objects"

TRACE::2025-04-09.14:09:03::SCWBDomain::"Running Make libs in psu_pmu_0/libsrc/standalone_v9_0/src"

TRACE::2025-04-09.14:09:03::SCWBDomain::make -C psu_pmu_0/libsrc/standalone_v9_0/src -s libs  "SHELL=CMD" "COMPILER=mb-gcc" "ASSEMBLER=mb-as" "ARCHIVER=mb-ar" "COMPILE
TRACE::2025-04-09.14:09:03::SCWBDomain::R_FLAGS=  -O2 -c -mcpu=v9.2 -mlittle-endian -mxl-barrel-shift -mxl-pattern-compare -mxl-soft-mul" "EXTRA_COMPILER_FLAGS=-g -ffu
TRACE::2025-04-09.14:09:03::SCWBDomain::nction-sections -fdata-sections -Wall -Wextra -fno-tree-loop-distribute-patterns  -Os -flto -ffat-lto-objects"

TRACE::2025-04-09.14:09:03::SCWBDomain::"Running Make libs in psu_pmu_0/libsrc/sysmonpsu_v2_9/src"

TRACE::2025-04-09.14:09:03::SCWBDomain::make -C psu_pmu_0/libsrc/sysmonpsu_v2_9/src -s libs  "SHELL=CMD" "COMPILER=mb-gcc" "ASSEMBLER=mb-as" "ARCHIVER=mb-ar" "COMPILER
TRACE::2025-04-09.14:09:03::SCWBDomain::_FLAGS=  -O2 -c -mcpu=v9.2 -mlittle-endian -mxl-barrel-shift -mxl-pattern-compare -mxl-soft-mul" "EXTRA_COMPILER_FLAGS=-g -ffun
TRACE::2025-04-09.14:09:03::SCWBDomain::ction-sections -fdata-sections -Wall -Wextra -fno-tree-loop-distribute-patterns  -Os -flto -ffat-lto-objects"

TRACE::2025-04-09.14:09:03::SCWBDomain::"Running Make libs in psu_pmu_0/libsrc/tmrctr_v4_11/src"

TRACE::2025-04-09.14:09:03::SCWBDomain::make -C psu_pmu_0/libsrc/tmrctr_v4_11/src -s libs  "SHELL=CMD" "COMPILER=mb-gcc" "ASSEMBLER=mb-as" "ARCHIVER=mb-ar" "COMPILER_F
TRACE::2025-04-09.14:09:03::SCWBDomain::LAGS=  -O2 -c -mcpu=v9.2 -mlittle-endian -mxl-barrel-shift -mxl-pattern-compare -mxl-soft-mul" "EXTRA_COMPILER_FLAGS=-g -ffunct
TRACE::2025-04-09.14:09:03::SCWBDomain::ion-sections -fdata-sections -Wall -Wextra -fno-tree-loop-distribute-patterns  -Os -flto -ffat-lto-objects"

TRACE::2025-04-09.14:09:03::SCWBDomain::"Running Make libs in psu_pmu_0/libsrc/ttcps_v3_18/src"

TRACE::2025-04-09.14:09:03::SCWBDomain::make -C psu_pmu_0/libsrc/ttcps_v3_18/src -s libs  "SHELL=CMD" "COMPILER=mb-gcc" "ASSEMBLER=mb-as" "ARCHIVER=mb-ar" "COMPILER_FL
TRACE::2025-04-09.14:09:03::SCWBDomain::AGS=  -O2 -c -mcpu=v9.2 -mlittle-endian -mxl-barrel-shift -mxl-pattern-compare -mxl-soft-mul" "EXTRA_COMPILER_FLAGS=-g -ffuncti
TRACE::2025-04-09.14:09:03::SCWBDomain::on-sections -fdata-sections -Wall -Wextra -fno-tree-loop-distribute-patterns  -Os -flto -ffat-lto-objects"

TRACE::2025-04-09.14:09:03::SCWBDomain::"Running Make libs in psu_pmu_0/libsrc/uartps_v3_13/src"

TRACE::2025-04-09.14:09:03::SCWBDomain::make -C psu_pmu_0/libsrc/uartps_v3_13/src -s libs  "SHELL=CMD" "COMPILER=mb-gcc" "ASSEMBLER=mb-as" "ARCHIVER=mb-ar" "COMPILER_F
TRACE::2025-04-09.14:09:03::SCWBDomain::LAGS=  -O2 -c -mcpu=v9.2 -mlittle-endian -mxl-barrel-shift -mxl-pattern-compare -mxl-soft-mul" "EXTRA_COMPILER_FLAGS=-g -ffunct
TRACE::2025-04-09.14:09:03::SCWBDomain::ion-sections -fdata-sections -Wall -Wextra -fno-tree-loop-distribute-patterns  -Os -flto -ffat-lto-objects"

TRACE::2025-04-09.14:09:04::SCWBDomain::"Running Make libs in psu_pmu_0/libsrc/wdtps_v3_6/src"

TRACE::2025-04-09.14:09:04::SCWBDomain::make -C psu_pmu_0/libsrc/wdtps_v3_6/src -s libs  "SHELL=CMD" "COMPILER=mb-gcc" "ASSEMBLER=mb-as" "ARCHIVER=mb-ar" "COMPILER_FLA
TRACE::2025-04-09.14:09:04::SCWBDomain::GS=  -O2 -c -mcpu=v9.2 -mlittle-endian -mxl-barrel-shift -mxl-pattern-compare -mxl-soft-mul" "EXTRA_COMPILER_FLAGS=-g -ffunctio
TRACE::2025-04-09.14:09:04::SCWBDomain::n-sections -fdata-sections -Wall -Wextra -fno-tree-loop-distribute-patterns  -Os -flto -ffat-lto-objects"

TRACE::2025-04-09.14:09:04::SCWBDomain::"Running Make libs in psu_pmu_0/libsrc/xilfpga_v6_5/src"

TRACE::2025-04-09.14:09:04::SCWBDomain::make -C psu_pmu_0/libsrc/xilfpga_v6_5/src -s libs  "SHELL=CMD" "COMPILER=mb-gcc" "ASSEMBLER=mb-as" "ARCHIVER=mb-ar" "COMPILER_F
TRACE::2025-04-09.14:09:04::SCWBDomain::LAGS=  -O2 -c -mcpu=v9.2 -mlittle-endian -mxl-barrel-shift -mxl-pattern-compare -mxl-soft-mul" "EXTRA_COMPILER_FLAGS=-g -ffunct
TRACE::2025-04-09.14:09:04::SCWBDomain::ion-sections -fdata-sections -Wall -Wextra -fno-tree-loop-distribute-patterns  -Os -flto -ffat-lto-objects"

TRACE::2025-04-09.14:09:04::SCWBDomain::"Running Make libs in psu_pmu_0/libsrc/zdma_v1_17/src"

TRACE::2025-04-09.14:09:04::SCWBDomain::make -C psu_pmu_0/libsrc/zdma_v1_17/src -s libs  "SHELL=CMD" "COMPILER=mb-gcc" "ASSEMBLER=mb-as" "ARCHIVER=mb-ar" "COMPILER_FLA
TRACE::2025-04-09.14:09:04::SCWBDomain::GS=  -O2 -c -mcpu=v9.2 -mlittle-endian -mxl-barrel-shift -mxl-pattern-compare -mxl-soft-mul" "EXTRA_COMPILER_FLAGS=-g -ffunctio
TRACE::2025-04-09.14:09:04::SCWBDomain::n-sections -fdata-sections -Wall -Wextra -fno-tree-loop-distribute-patterns  -Os -flto -ffat-lto-objects"

TRACE::2025-04-09.14:09:06::SCWBDomain::"DEBUG NON_LTO_OBJECTS is ../../../lib/microblaze_interrupt_handler.o"

TRACE::2025-04-09.14:09:06::SCWBDomain::'Finished building libraries parallelly.'

TRACE::2025-04-09.14:09:06::SCWBDomain::make --no-print-directory archive

TRACE::2025-04-09.14:09:06::SCWBDomain::mb-ar -r  psu_pmu_0/lib/libxil.a psu_pmu_0/lib/_exit.o psu_pmu_0/lib/errno.o psu_pmu_0/lib/fcntl.o psu_pmu_0/lib/hw_exception_h
TRACE::2025-04-09.14:09:06::SCWBDomain::andler.o psu_pmu_0/lib/inbyte.o psu_pmu_0/lib/microblaze_disable_dcache.o psu_pmu_0/lib/microblaze_disable_exceptions.o psu_pmu
TRACE::2025-04-09.14:09:06::SCWBDomain::_0/lib/microblaze_disable_icache.o psu_pmu_0/lib/microblaze_disable_interrupts.o psu_pmu_0/lib/microblaze_enable_dcache.o psu_p
TRACE::2025-04-09.14:09:06::SCWBDomain::mu_0/lib/microblaze_enable_exceptions.o psu_pmu_0/lib/microblaze_enable_icache.o psu_pmu_0/lib/microblaze_enable_interrupts.o p
TRACE::2025-04-09.14:09:06::SCWBDomain::su_pmu_0/lib/microblaze_exception_handler.o psu_pmu_0/lib/microblaze_flush_cache_ext.o psu_pmu_0/lib/microblaze_flush_cache_ext
TRACE::2025-04-09.14:09:06::SCWBDomain::_range.o psu_pmu_0/lib/microblaze_flush_dcache.o psu_pmu_0/lib/microblaze_flush_dcache_range.o psu_pmu_0/lib/microblaze_init_dc
TRACE::2025-04-09.14:09:06::SCWBDomain::ache_range.o psu_pmu_0/lib/microblaze_init_icache_range.o psu_pmu_0/lib/microblaze_interrupt_handler.o psu_pmu_0/lib/microblaze
TRACE::2025-04-09.14:09:06::SCWBDomain::_interrupts_g.o psu_pmu_0/lib/microblaze_invalidate_cache_ext.o psu_pmu_0/lib/microblaze_invalidate_cache_ext_range.o psu_pmu_0
TRACE::2025-04-09.14:09:06::SCWBDomain::/lib/microblaze_invalidate_dcache.o psu_pmu_0/lib/microblaze_invalidate_dcache_range.o psu_pmu_0/lib/microblaze_invalidate_icac
TRACE::2025-04-09.14:09:06::SCWBDomain::he.o psu_pmu_0/lib/microblaze_invalidate_icache_range.o psu_pmu_0/lib/microblaze_scrub.o psu_pmu_0/lib/microblaze_selftest.o ps
TRACE::2025-04-09.14:09:06::SCWBDomain::u_pmu_0/lib/microblaze_sleep.o psu_pmu_0/lib/microblaze_update_dcache.o psu_pmu_0/lib/microblaze_update_icache.o psu_pmu_0/lib/
TRACE::2025-04-09.14:09:06::SCWBDomain::outbyte.o psu_pmu_0/lib/print.o psu_pmu_0/lib/pvr.o psu_pmu_0/lib/xaxipmon.o psu_pmu_0/lib/xaxipmon_g.o psu_pmu_0/lib/xaxipmon_
TRACE::2025-04-09.14:09:06::SCWBDomain::selftest.o psu_pmu_0/lib/xaxipmon_sinit.o psu_pmu_0/lib/xclockps.o psu_pmu_0/lib/xclockps_divider.o psu_pmu_0/lib/xclockps_fixe
TRACE::2025-04-09.14:09:06::SCWBDomain::dfactor.o psu_pmu_0/lib/xclockps_g.o psu_pmu_0/lib/xclockps_gate.o psu_pmu_0/lib/xclockps_mux.o psu_pmu_0/lib/xclockps_pll.o ps
TRACE::2025-04-09.14:09:06::SCWBDomain::u_pmu_0/lib/xclockps_sinit.o psu_pmu_0/lib/xcsudma.o psu_pmu_0/lib/xcsudma_g.o psu_pmu_0/lib/xcsudma_intr.o psu_pmu_0/lib/xcsud
TRACE::2025-04-09.14:09:06::SCWBDomain::ma_selftest.o psu_pmu_0/lib/xcsudma_sinit.o psu_pmu_0/lib/xddrcpsu.o psu_pmu_0/lib/xddrcpsu_sinit.o psu_pmu_0/lib/xgpiops.o psu
TRACE::2025-04-09.14:09:06::SCWBDomain::_pmu_0/lib/xgpiops_g.o psu_pmu_0/lib/xgpiops_hw.o psu_pmu_0/lib/xgpiops_intr.o psu_pmu_0/lib/xgpiops_selftest.o psu_pmu_0/lib/x
TRACE::2025-04-09.14:09:06::SCWBDomain::gpiops_sinit.o psu_pmu_0/lib/xiicps.o psu_pmu_0/lib/xiicps_g.o psu_pmu_0/lib/xiicps_hw.o psu_pmu_0/lib/xiicps_intr.o psu_pmu_0/
TRACE::2025-04-09.14:09:06::SCWBDomain::lib/xiicps_master.o psu_pmu_0/lib/xiicps_options.o psu_pmu_0/lib/xiicps_selftest.o psu_pmu_0/lib/xiicps_sinit.o psu_pmu_0/lib/x
TRACE::2025-04-09.14:09:06::SCWBDomain::iicps_slave.o psu_pmu_0/lib/xiicps_xfer.o psu_pmu_0/lib/xil_assert.o psu_pmu_0/lib/xil_cache.o psu_pmu_0/lib/xil_clocking.o psu
TRACE::2025-04-09.14:09:06::SCWBDomain::_pmu_0/lib/xil_exception.o psu_pmu_0/lib/xil_mem.o psu_pmu_0/lib/xil_misc_psreset_api.o psu_pmu_0/lib/xil_printf.o psu_pmu_0/li
TRACE::2025-04-09.14:09:06::SCWBDomain::b/xil_sleepcommon.o psu_pmu_0/lib/xil_testcache.o psu_pmu_0/lib/xil_testio.o psu_pmu_0/lib/xil_testmem.o psu_pmu_0/lib/xil_util
TRACE::2025-04-09.14:09:06::SCWBDomain::.o psu_pmu_0/lib/xinterrupt_wrap.o psu_pmu_0/lib/xio.o psu_pmu_0/lib/xipipsu.o psu_pmu_0/lib/xipipsu_buf.o psu_pmu_0/lib/xipips
TRACE::2025-04-09.14:09:06::SCWBDomain::u_g.o psu_pmu_0/lib/xipipsu_helper.o psu_pmu_0/lib/xipipsu_sinit.o psu_pmu_0/lib/xllfifo.o psu_pmu_0/lib/xllfifo_g.o psu_pmu_0/
TRACE::2025-04-09.14:09:06::SCWBDomain::lib/xllfifo_sinit.o psu_pmu_0/lib/xplatform_info.o psu_pmu_0/lib/xpm_init.o psu_pmu_0/lib/xqspipsu.o psu_pmu_0/lib/xqspipsu_con
TRACE::2025-04-09.14:09:06::SCWBDomain::trol.o psu_pmu_0/lib/xqspipsu_g.o psu_pmu_0/lib/xqspipsu_hw.o psu_pmu_0/lib/xqspipsu_options.o psu_pmu_0/lib/xqspipsu_sinit.o p
TRACE::2025-04-09.14:09:06::SCWBDomain::su_pmu_0/lib/xqspipsu_xfer.o psu_pmu_0/lib/xresetps.o psu_pmu_0/lib/xresetps_g.o psu_pmu_0/lib/xresetps_sinit.o psu_pmu_0/lib/x
TRACE::2025-04-09.14:09:06::SCWBDomain::rtcpsu.o psu_pmu_0/lib/xrtcpsu_g.o psu_pmu_0/lib/xrtcpsu_intr.o psu_pmu_0/lib/xrtcpsu_selftest.o psu_pmu_0/lib/xrtcpsu_sinit.o 
TRACE::2025-04-09.14:09:06::SCWBDomain::psu_pmu_0/lib/xspips.o psu_pmu_0/lib/xspips_g.o psu_pmu_0/lib/xspips_hw.o psu_pmu_0/lib/xspips_options.o psu_pmu_0/lib/xspips_s
TRACE::2025-04-09.14:09:06::SCWBDomain::elftest.o psu_pmu_0/lib/xspips_sinit.o psu_pmu_0/lib/xstreamer.o psu_pmu_0/lib/xsysmonpsu.o psu_pmu_0/lib/xsysmonpsu_g.o psu_pm
TRACE::2025-04-09.14:09:06::SCWBDomain::u_0/lib/xsysmonpsu_intr.o psu_pmu_0/lib/xsysmonpsu_selftest.o psu_pmu_0/lib/xsysmonpsu_sinit.o psu_pmu_0/lib/xtmrctr.o psu_pmu_
TRACE::2025-04-09.14:09:06::SCWBDomain::0/lib/xtmrctr_g.o psu_pmu_0/lib/xtmrctr_intr.o psu_pmu_0/lib/xtmrctr_l.o psu_pmu_0/lib/xtmrctr_options.o psu_pmu_0/lib/xtmrctr_
TRACE::2025-04-09.14:09:06::SCWBDomain::selftest.o psu_pmu_0/lib/xtmrctr_sinit.o psu_pmu_0/lib/xtmrctr_stats.o psu_pmu_0/lib/xttcps.o psu_pmu_0/lib/xttcps_g.o psu_pmu_
TRACE::2025-04-09.14:09:06::SCWBDomain::0/lib/xttcps_options.o psu_pmu_0/lib/xttcps_selftest.o psu_pmu_0/lib/xttcps_sinit.o psu_pmu_0/lib/xuartps.o psu_pmu_0/lib/xuart
TRACE::2025-04-09.14:09:06::SCWBDomain::ps_g.o psu_pmu_0/lib/xuartps_hw.o psu_pmu_0/lib/xuartps_intr.o psu_pmu_0/lib/xuartps_options.o psu_pmu_0/lib/xuartps_selftest.o
TRACE::2025-04-09.14:09:06::SCWBDomain:: psu_pmu_0/lib/xuartps_sinit.o psu_pmu_0/lib/xwdtps.o psu_pmu_0/lib/xwdtps_g.o psu_pmu_0/lib/xwdtps_selftest.o psu_pmu_0/lib/xw
TRACE::2025-04-09.14:09:06::SCWBDomain::dtps_sinit.o psu_pmu_0/lib/xzdma.o psu_pmu_0/lib/xzdma_g.o psu_pmu_0/lib/xzdma_intr.o psu_pmu_0/lib/xzdma_selftest.o psu_pmu_0/
TRACE::2025-04-09.14:09:06::SCWBDomain::lib/xzdma_sinit.o

TRACE::2025-04-09.14:09:06::SCWBDomain::'Finished building libraries'

TRACE::2025-04-09.14:09:06::SCWBDomain::make: Leaving directory 'C:/Users/sunil/VivadoProjects/EE4218Labs/Project/MLP_NN_Platform_Project_HDL_HLS_v1/zynqmp_pmufw/zynqm
TRACE::2025-04-09.14:09:06::SCWBDomain::p_pmufw_bsp'

TRACE::2025-04-09.14:09:06::SCWBDomain::mb-gcc  -mlittle-endian -mxl-barrel-shift -mxl-pattern-compare -mxl-soft-mul -mcpu=v9.2 -MMD -MP      -mlittle-endian -mxl-barr
TRACE::2025-04-09.14:09:06::SCWBDomain::el-shift -mxl-pattern-compare -mcpu=v9.2 -mxl-soft-mul -Os -flto -ffat-lto-objects   -c xpfw_mod_rpu.c -o xpfw_mod_rpu.o -Izynq
TRACE::2025-04-09.14:09:06::SCWBDomain::mp_pmufw_bsp/psu_pmu_0/include -I.

TRACE::2025-04-09.14:09:06::SCWBDomain::mb-gcc  -mlittle-endian -mxl-barrel-shift -mxl-pattern-compare -mxl-soft-mul -mcpu=v9.2 -MMD -MP      -mlittle-endian -mxl-barr
TRACE::2025-04-09.14:09:06::SCWBDomain::el-shift -mxl-pattern-compare -mcpu=v9.2 -mxl-soft-mul -Os -flto -ffat-lto-objects   -c pm_clock.c -o pm_clock.o -Izynqmp_pmufw
TRACE::2025-04-09.14:09:06::SCWBDomain::_bsp/psu_pmu_0/include -I.

TRACE::2025-04-09.14:09:06::SCWBDomain::mb-gcc  -mlittle-endian -mxl-barrel-shift -mxl-pattern-compare -mxl-soft-mul -mcpu=v9.2 -MMD -MP      -mlittle-endian -mxl-barr
TRACE::2025-04-09.14:09:06::SCWBDomain::el-shift -mxl-pattern-compare -mcpu=v9.2 -mxl-soft-mul -Os -flto -ffat-lto-objects   -c pm_proc.c -o pm_proc.o -Izynqmp_pmufw_b
TRACE::2025-04-09.14:09:06::SCWBDomain::sp/psu_pmu_0/include -I.

TRACE::2025-04-09.14:09:07::SCWBDomain::mb-gcc  -mlittle-endian -mxl-barrel-shift -mxl-pattern-compare -mxl-soft-mul -mcpu=v9.2 -MMD -MP      -mlittle-endian -mxl-barr
TRACE::2025-04-09.14:09:07::SCWBDomain::el-shift -mxl-pattern-compare -mcpu=v9.2 -mxl-soft-mul -Os -flto -ffat-lto-objects   -c xpfw_mod_em.c -o xpfw_mod_em.o -Izynqmp
TRACE::2025-04-09.14:09:07::SCWBDomain::_pmufw_bsp/psu_pmu_0/include -I.

TRACE::2025-04-09.14:09:07::SCWBDomain::mb-gcc  -mlittle-endian -mxl-barrel-shift -mxl-pattern-compare -mxl-soft-mul -mcpu=v9.2 -MMD -MP      -mlittle-endian -mxl-barr
TRACE::2025-04-09.14:09:07::SCWBDomain::el-shift -mxl-pattern-compare -mcpu=v9.2 -mxl-soft-mul -Os -flto -ffat-lto-objects   -c pm_reset.c -o pm_reset.o -Izynqmp_pmufw
TRACE::2025-04-09.14:09:07::SCWBDomain::_bsp/psu_pmu_0/include -I.

TRACE::2025-04-09.14:09:07::SCWBDomain::mb-gcc  -mlittle-endian -mxl-barrel-shift -mxl-pattern-compare -mxl-soft-mul -mcpu=v9.2 -MMD -MP      -mlittle-endian -mxl-barr
TRACE::2025-04-09.14:09:07::SCWBDomain::el-shift -mxl-pattern-compare -mcpu=v9.2 -mxl-soft-mul -Os -flto -ffat-lto-objects   -c xpfw_main.c -o xpfw_main.o -Izynqmp_pmu
TRACE::2025-04-09.14:09:07::SCWBDomain::fw_bsp/psu_pmu_0/include -I.

TRACE::2025-04-09.14:09:07::SCWBDomain::mb-gcc  -mlittle-endian -mxl-barrel-shift -mxl-pattern-compare -mxl-soft-mul -mcpu=v9.2 -MMD -MP      -mlittle-endian -mxl-barr
TRACE::2025-04-09.14:09:07::SCWBDomain::el-shift -mxl-pattern-compare -mcpu=v9.2 -mxl-soft-mul -Os -flto -ffat-lto-objects   -c pm_power.c -o pm_power.o -Izynqmp_pmufw
TRACE::2025-04-09.14:09:07::SCWBDomain::_bsp/psu_pmu_0/include -I.

TRACE::2025-04-09.14:09:07::SCWBDomain::mb-gcc  -mlittle-endian -mxl-barrel-shift -mxl-pattern-compare -mxl-soft-mul -mcpu=v9.2 -MMD -MP      -mlittle-endian -mxl-barr
TRACE::2025-04-09.14:09:07::SCWBDomain::el-shift -mxl-pattern-compare -mcpu=v9.2 -mxl-soft-mul -Os -flto -ffat-lto-objects   -c pm_gpp.c -o pm_gpp.o -Izynqmp_pmufw_bsp
TRACE::2025-04-09.14:09:07::SCWBDomain::/psu_pmu_0/include -I.

TRACE::2025-04-09.14:09:07::SCWBDomain::mb-gcc  -mlittle-endian -mxl-barrel-shift -mxl-pattern-compare -mxl-soft-mul -mcpu=v9.2 -MMD -MP      -mlittle-endian -mxl-barr
TRACE::2025-04-09.14:09:07::SCWBDomain::el-shift -mxl-pattern-compare -mcpu=v9.2 -mxl-soft-mul -Os -flto -ffat-lto-objects   -c pm_hooks.c -o pm_hooks.o -Izynqmp_pmufw
TRACE::2025-04-09.14:09:07::SCWBDomain::_bsp/psu_pmu_0/include -I.

TRACE::2025-04-09.14:09:07::SCWBDomain::mb-gcc  -mlittle-endian -mxl-barrel-shift -mxl-pattern-compare -mxl-soft-mul -mcpu=v9.2 -MMD -MP      -mlittle-endian -mxl-barr
TRACE::2025-04-09.14:09:07::SCWBDomain::el-shift -mxl-pattern-compare -mcpu=v9.2 -mxl-soft-mul -Os -flto -ffat-lto-objects   -c pm_binding.c -o pm_binding.o -Izynqmp_p
TRACE::2025-04-09.14:09:07::SCWBDomain::mufw_bsp/psu_pmu_0/include -I.

TRACE::2025-04-09.14:09:08::SCWBDomain::mb-gcc  -mlittle-endian -mxl-barrel-shift -mxl-pattern-compare -mxl-soft-mul -mcpu=v9.2 -MMD -MP      -mlittle-endian -mxl-barr
TRACE::2025-04-09.14:09:08::SCWBDomain::el-shift -mxl-pattern-compare -mcpu=v9.2 -mxl-soft-mul -Os -flto -ffat-lto-objects   -c pm_pll.c -o pm_pll.o -Izynqmp_pmufw_bsp
TRACE::2025-04-09.14:09:08::SCWBDomain::/psu_pmu_0/include -I.

TRACE::2025-04-09.14:09:08::SCWBDomain::mb-gcc  -mlittle-endian -mxl-barrel-shift -mxl-pattern-compare -mxl-soft-mul -mcpu=v9.2 -MMD -MP      -mlittle-endian -mxl-barr
TRACE::2025-04-09.14:09:08::SCWBDomain::el-shift -mxl-pattern-compare -mcpu=v9.2 -mxl-soft-mul -Os -flto -ffat-lto-objects   -c xpfw_mod_common.c -o xpfw_mod_common.o 
TRACE::2025-04-09.14:09:08::SCWBDomain::-Izynqmp_pmufw_bsp/psu_pmu_0/include -I.

TRACE::2025-04-09.14:09:08::SCWBDomain::mb-gcc  -mlittle-endian -mxl-barrel-shift -mxl-pattern-compare -mxl-soft-mul -mcpu=v9.2 -MMD -MP      -mlittle-endian -mxl-barr
TRACE::2025-04-09.14:09:08::SCWBDomain::el-shift -mxl-pattern-compare -mcpu=v9.2 -mxl-soft-mul -Os -flto -ffat-lto-objects   -c pm_periph.c -o pm_periph.o -Izynqmp_pmu
TRACE::2025-04-09.14:09:08::SCWBDomain::fw_bsp/psu_pmu_0/include -I.

TRACE::2025-04-09.14:09:08::SCWBDomain::mb-gcc  -mlittle-endian -mxl-barrel-shift -mxl-pattern-compare -mxl-soft-mul -mcpu=v9.2 -MMD -MP      -mlittle-endian -mxl-barr
TRACE::2025-04-09.14:09:08::SCWBDomain::el-shift -mxl-pattern-compare -mcpu=v9.2 -mxl-soft-mul -Os -flto -ffat-lto-objects   -c idle_hooks.c -o idle_hooks.o -Izynqmp_p
TRACE::2025-04-09.14:09:08::SCWBDomain::mufw_bsp/psu_pmu_0/include -I.

TRACE::2025-04-09.14:09:08::SCWBDomain::mb-gcc  -mlittle-endian -mxl-barrel-shift -mxl-pattern-compare -mxl-soft-mul -mcpu=v9.2 -MMD -MP      -mlittle-endian -mxl-barr
TRACE::2025-04-09.14:09:08::SCWBDomain::el-shift -mxl-pattern-compare -mcpu=v9.2 -mxl-soft-mul -Os -flto -ffat-lto-objects   -c xpfw_resets.c -o xpfw_resets.o -Izynqmp
TRACE::2025-04-09.14:09:08::SCWBDomain::_pmufw_bsp/psu_pmu_0/include -I.

TRACE::2025-04-09.14:09:08::SCWBDomain::mb-gcc  -mlittle-endian -mxl-barrel-shift -mxl-pattern-compare -mxl-soft-mul -mcpu=v9.2 -MMD -MP      -mlittle-endian -mxl-barr
TRACE::2025-04-09.14:09:08::SCWBDomain::el-shift -mxl-pattern-compare -mcpu=v9.2 -mxl-soft-mul -Os -flto -ffat-lto-objects   -c xpfw_core.c -o xpfw_core.o -Izynqmp_pmu
TRACE::2025-04-09.14:09:08::SCWBDomain::fw_bsp/psu_pmu_0/include -I.

TRACE::2025-04-09.14:09:08::SCWBDomain::mb-gcc  -mlittle-endian -mxl-barrel-shift -mxl-pattern-compare -mxl-soft-mul -mcpu=v9.2 -MMD -MP      -mlittle-endian -mxl-barr
TRACE::2025-04-09.14:09:08::SCWBDomain::el-shift -mxl-pattern-compare -mcpu=v9.2 -mxl-soft-mul -Os -flto -ffat-lto-objects   -c pm_node.c -o pm_node.o -Izynqmp_pmufw_b
TRACE::2025-04-09.14:09:08::SCWBDomain::sp/psu_pmu_0/include -I.

TRACE::2025-04-09.14:09:08::SCWBDomain::mb-gcc  -mlittle-endian -mxl-barrel-shift -mxl-pattern-compare -mxl-soft-mul -mcpu=v9.2 -MMD -MP      -mlittle-endian -mxl-barr
TRACE::2025-04-09.14:09:08::SCWBDomain::el-shift -mxl-pattern-compare -mcpu=v9.2 -mxl-soft-mul -Os -flto -ffat-lto-objects   -c pm_extern.c -o pm_extern.o -Izynqmp_pmu
TRACE::2025-04-09.14:09:08::SCWBDomain::fw_bsp/psu_pmu_0/include -I.

TRACE::2025-04-09.14:09:08::SCWBDomain::mb-gcc  -mlittle-endian -mxl-barrel-shift -mxl-pattern-compare -mxl-soft-mul -mcpu=v9.2 -MMD -MP      -mlittle-endian -mxl-barr
TRACE::2025-04-09.14:09:08::SCWBDomain::el-shift -mxl-pattern-compare -mcpu=v9.2 -mxl-soft-mul -Os -flto -ffat-lto-objects   -c xpfw_mod_extwdt.c -o xpfw_mod_extwdt.o 
TRACE::2025-04-09.14:09:08::SCWBDomain::-Izynqmp_pmufw_bsp/psu_pmu_0/include -I.

TRACE::2025-04-09.14:09:09::SCWBDomain::mb-gcc  -mlittle-endian -mxl-barrel-shift -mxl-pattern-compare -mxl-soft-mul -mcpu=v9.2 -MMD -MP      -mlittle-endian -mxl-barr
TRACE::2025-04-09.14:09:09::SCWBDomain::el-shift -mxl-pattern-compare -mcpu=v9.2 -mxl-soft-mul -Os -flto -ffat-lto-objects   -c xpfw_mod_dap.c -o xpfw_mod_dap.o -Izynq
TRACE::2025-04-09.14:09:09::SCWBDomain::mp_pmufw_bsp/psu_pmu_0/include -I.

TRACE::2025-04-09.14:09:09::SCWBDomain::mb-gcc  -mlittle-endian -mxl-barrel-shift -mxl-pattern-compare -mxl-soft-mul -mcpu=v9.2 -MMD -MP      -mlittle-endian -mxl-barr
TRACE::2025-04-09.14:09:09::SCWBDomain::el-shift -mxl-pattern-compare -mcpu=v9.2 -mxl-soft-mul -Os -flto -ffat-lto-objects   -c xpfw_interrupts.c -o xpfw_interrupts.o 
TRACE::2025-04-09.14:09:09::SCWBDomain::-Izynqmp_pmufw_bsp/psu_pmu_0/include -I.

TRACE::2025-04-09.14:09:09::SCWBDomain::mb-gcc  -mlittle-endian -mxl-barrel-shift -mxl-pattern-compare -mxl-soft-mul -mcpu=v9.2 -MMD -MP      -mlittle-endian -mxl-barr
TRACE::2025-04-09.14:09:09::SCWBDomain::el-shift -mxl-pattern-compare -mcpu=v9.2 -mxl-soft-mul -Os -flto -ffat-lto-objects   -c xpfw_ipi_manager.c -o xpfw_ipi_manager.
TRACE::2025-04-09.14:09:09::SCWBDomain::o -Izynqmp_pmufw_bsp/psu_pmu_0/include -I.

TRACE::2025-04-09.14:09:09::SCWBDomain::mb-gcc  -mlittle-endian -mxl-barrel-shift -mxl-pattern-compare -mxl-soft-mul -mcpu=v9.2 -MMD -MP      -mlittle-endian -mxl-barr
TRACE::2025-04-09.14:09:09::SCWBDomain::el-shift -mxl-pattern-compare -mcpu=v9.2 -mxl-soft-mul -Os -flto -ffat-lto-objects   -c xpfw_user_startup.c -o xpfw_user_startu
TRACE::2025-04-09.14:09:09::SCWBDomain::p.o -Izynqmp_pmufw_bsp/psu_pmu_0/include -I.

TRACE::2025-04-09.14:09:09::SCWBDomain::mb-gcc  -mlittle-endian -mxl-barrel-shift -mxl-pattern-compare -mxl-soft-mul -mcpu=v9.2 -MMD -MP      -mlittle-endian -mxl-barr
TRACE::2025-04-09.14:09:09::SCWBDomain::el-shift -mxl-pattern-compare -mcpu=v9.2 -mxl-soft-mul -Os -flto -ffat-lto-objects   -c xpfw_mod_stl.c -o xpfw_mod_stl.o -Izynq
TRACE::2025-04-09.14:09:09::SCWBDomain::mp_pmufw_bsp/psu_pmu_0/include -I.

TRACE::2025-04-09.14:09:09::SCWBDomain::mb-gcc  -mlittle-endian -mxl-barrel-shift -mxl-pattern-compare -mxl-soft-mul -mcpu=v9.2 -MMD -MP      -mlittle-endian -mxl-barr
TRACE::2025-04-09.14:09:09::SCWBDomain::el-shift -mxl-pattern-compare -mcpu=v9.2 -mxl-soft-mul -Os -flto -ffat-lto-objects   -c pm_callbacks.c -o pm_callbacks.o -Izynq
TRACE::2025-04-09.14:09:09::SCWBDomain::mp_pmufw_bsp/psu_pmu_0/include -I.

TRACE::2025-04-09.14:09:09::SCWBDomain::mb-gcc  -mlittle-endian -mxl-barrel-shift -mxl-pattern-compare -mxl-soft-mul -mcpu=v9.2 -MMD -MP      -mlittle-endian -mxl-barr
TRACE::2025-04-09.14:09:09::SCWBDomain::el-shift -mxl-pattern-compare -mcpu=v9.2 -mxl-soft-mul -Os -flto -ffat-lto-objects   -c xpfw_mod_wdt.c -o xpfw_mod_wdt.o -Izynq
TRACE::2025-04-09.14:09:09::SCWBDomain::mp_pmufw_bsp/psu_pmu_0/include -I.

TRACE::2025-04-09.14:09:09::SCWBDomain::mb-gcc  -mlittle-endian -mxl-barrel-shift -mxl-pattern-compare -mxl-soft-mul -mcpu=v9.2 -MMD -MP      -mlittle-endian -mxl-barr
TRACE::2025-04-09.14:09:09::SCWBDomain::el-shift -mxl-pattern-compare -mcpu=v9.2 -mxl-soft-mul -Os -flto -ffat-lto-objects   -c pm_csudma.c -o pm_csudma.o -Izynqmp_pmu
TRACE::2025-04-09.14:09:09::SCWBDomain::fw_bsp/psu_pmu_0/include -I.

TRACE::2025-04-09.14:09:09::SCWBDomain::mb-gcc  -mlittle-endian -mxl-barrel-shift -mxl-pattern-compare -mxl-soft-mul -mcpu=v9.2 -MMD -MP      -mlittle-endian -mxl-barr
TRACE::2025-04-09.14:09:09::SCWBDomain::el-shift -mxl-pattern-compare -mcpu=v9.2 -mxl-soft-mul -Os -flto -ffat-lto-objects   -c xpfw_rom_interface.c -o xpfw_rom_interf
TRACE::2025-04-09.14:09:09::SCWBDomain::ace.o -Izynqmp_pmufw_bsp/psu_pmu_0/include -I.

TRACE::2025-04-09.14:09:09::SCWBDomain::mb-gcc  -mlittle-endian -mxl-barrel-shift -mxl-pattern-compare -mxl-soft-mul -mcpu=v9.2 -MMD -MP      -mlittle-endian -mxl-barr
TRACE::2025-04-09.14:09:09::SCWBDomain::el-shift -mxl-pattern-compare -mcpu=v9.2 -mxl-soft-mul -Os -flto -ffat-lto-objects   -c pm_usb.c -o pm_usb.o -Izynqmp_pmufw_bsp
TRACE::2025-04-09.14:09:09::SCWBDomain::/psu_pmu_0/include -I.

TRACE::2025-04-09.14:09:09::SCWBDomain::mb-gcc  -mlittle-endian -mxl-barrel-shift -mxl-pattern-compare -mxl-soft-mul -mcpu=v9.2 -MMD -MP      -mlittle-endian -mxl-barr
TRACE::2025-04-09.14:09:09::SCWBDomain::el-shift -mxl-pattern-compare -mcpu=v9.2 -mxl-soft-mul -Os -flto -ffat-lto-objects   -c xpfw_mod_rtc.c -o xpfw_mod_rtc.o -Izynq
TRACE::2025-04-09.14:09:09::SCWBDomain::mp_pmufw_bsp/psu_pmu_0/include -I.

TRACE::2025-04-09.14:09:10::SCWBDomain::mb-gcc  -mlittle-endian -mxl-barrel-shift -mxl-pattern-compare -mxl-soft-mul -mcpu=v9.2 -MMD -MP      -mlittle-endian -mxl-barr
TRACE::2025-04-09.14:09:10::SCWBDomain::el-shift -mxl-pattern-compare -mcpu=v9.2 -mxl-soft-mul -Os -flto -ffat-lto-objects   -c xpfw_mod_sched.c -o xpfw_mod_sched.o -I
TRACE::2025-04-09.14:09:10::SCWBDomain::zynqmp_pmufw_bsp/psu_pmu_0/include -I.

TRACE::2025-04-09.14:09:10::SCWBDomain::mb-gcc  -mlittle-endian -mxl-barrel-shift -mxl-pattern-compare -mxl-soft-mul -mcpu=v9.2 -MMD -MP      -mlittle-endian -mxl-barr
TRACE::2025-04-09.14:09:10::SCWBDomain::el-shift -mxl-pattern-compare -mcpu=v9.2 -mxl-soft-mul -Os -flto -ffat-lto-objects   -c pm_sram.c -o pm_sram.o -Izynqmp_pmufw_b
TRACE::2025-04-09.14:09:10::SCWBDomain::sp/psu_pmu_0/include -I.

TRACE::2025-04-09.14:09:10::SCWBDomain::mb-gcc  -mlittle-endian -mxl-barrel-shift -mxl-pattern-compare -mxl-soft-mul -mcpu=v9.2 -MMD -MP      -mlittle-endian -mxl-barr
TRACE::2025-04-09.14:09:10::SCWBDomain::el-shift -mxl-pattern-compare -mcpu=v9.2 -mxl-soft-mul -Os -flto -ffat-lto-objects   -c pm_qspi.c -o pm_qspi.o -Izynqmp_pmufw_b
TRACE::2025-04-09.14:09:10::SCWBDomain::sp/psu_pmu_0/include -I.

TRACE::2025-04-09.14:09:10::SCWBDomain::mb-gcc  -mlittle-endian -mxl-barrel-shift -mxl-pattern-compare -mxl-soft-mul -mcpu=v9.2 -MMD -MP      -mlittle-endian -mxl-barr
TRACE::2025-04-09.14:09:10::SCWBDomain::el-shift -mxl-pattern-compare -mcpu=v9.2 -mxl-soft-mul -Os -flto -ffat-lto-objects   -c xpfw_mod_ultra96.c -o xpfw_mod_ultra96.
TRACE::2025-04-09.14:09:10::SCWBDomain::o -Izynqmp_pmufw_bsp/psu_pmu_0/include -I.

TRACE::2025-04-09.14:09:10::SCWBDomain::mb-gcc  -mlittle-endian -mxl-barrel-shift -mxl-pattern-compare -mxl-soft-mul -mcpu=v9.2 -MMD -MP      -mlittle-endian -mxl-barr
TRACE::2025-04-09.14:09:10::SCWBDomain::el-shift -mxl-pattern-compare -mcpu=v9.2 -mxl-soft-mul -Os -flto -ffat-lto-objects   -c pm_ddr.c -o pm_ddr.o -Izynqmp_pmufw_bsp
TRACE::2025-04-09.14:09:10::SCWBDomain::/psu_pmu_0/include -I.

TRACE::2025-04-09.14:09:10::SCWBDomain::mb-gcc  -mlittle-endian -mxl-barrel-shift -mxl-pattern-compare -mxl-soft-mul -mcpu=v9.2 -MMD -MP      -mlittle-endian -mxl-barr
TRACE::2025-04-09.14:09:10::SCWBDomain::el-shift -mxl-pattern-compare -mcpu=v9.2 -mxl-soft-mul -Os -flto -ffat-lto-objects   -c xpfw_mod_pm.c -o xpfw_mod_pm.o -Izynqmp
TRACE::2025-04-09.14:09:10::SCWBDomain::_pmufw_bsp/psu_pmu_0/include -I.

TRACE::2025-04-09.14:09:10::SCWBDomain::mb-gcc  -mlittle-endian -mxl-barrel-shift -mxl-pattern-compare -mxl-soft-mul -mcpu=v9.2 -MMD -MP      -mlittle-endian -mxl-barr
TRACE::2025-04-09.14:09:10::SCWBDomain::el-shift -mxl-pattern-compare -mcpu=v9.2 -mxl-soft-mul -Os -flto -ffat-lto-objects   -c xpfw_platform.c -o xpfw_platform.o -Izy
TRACE::2025-04-09.14:09:10::SCWBDomain::nqmp_pmufw_bsp/psu_pmu_0/include -I.

TRACE::2025-04-09.14:09:10::SCWBDomain::mb-gcc  -mlittle-endian -mxl-barrel-shift -mxl-pattern-compare -mxl-soft-mul -mcpu=v9.2 -MMD -MP      -mlittle-endian -mxl-barr
TRACE::2025-04-09.14:09:10::SCWBDomain::el-shift -mxl-pattern-compare -mcpu=v9.2 -mxl-soft-mul -Os -flto -ffat-lto-objects   -c pm_pinctrl.c -o pm_pinctrl.o -Izynqmp_p
TRACE::2025-04-09.14:09:10::SCWBDomain::mufw_bsp/psu_pmu_0/include -I.

TRACE::2025-04-09.14:09:10::SCWBDomain::mb-gcc  -mlittle-endian -mxl-barrel-shift -mxl-pattern-compare -mxl-soft-mul -mcpu=v9.2 -MMD -MP      -mlittle-endian -mxl-barr
TRACE::2025-04-09.14:09:10::SCWBDomain::el-shift -mxl-pattern-compare -mcpu=v9.2 -mxl-soft-mul -Os -flto -ffat-lto-objects   -c pm_slave.c -o pm_slave.o -Izynqmp_pmufw
TRACE::2025-04-09.14:09:10::SCWBDomain::_bsp/psu_pmu_0/include -I.

TRACE::2025-04-09.14:09:11::SCWBDomain::mb-gcc  -mlittle-endian -mxl-barrel-shift -mxl-pattern-compare -mxl-soft-mul -mcpu=v9.2 -MMD -MP      -mlittle-endian -mxl-barr
TRACE::2025-04-09.14:09:11::SCWBDomain::el-shift -mxl-pattern-compare -mcpu=v9.2 -mxl-soft-mul -Os -flto -ffat-lto-objects   -c xpfw_scheduler.c -o xpfw_scheduler.o -I
TRACE::2025-04-09.14:09:11::SCWBDomain::zynqmp_pmufw_bsp/psu_pmu_0/include -I.

TRACE::2025-04-09.14:09:11::SCWBDomain::mb-gcc  -mlittle-endian -mxl-barrel-shift -mxl-pattern-compare -mxl-soft-mul -mcpu=v9.2 -MMD -MP      -mlittle-endian -mxl-barr
TRACE::2025-04-09.14:09:11::SCWBDomain::el-shift -mxl-pattern-compare -mcpu=v9.2 -mxl-soft-mul -Os -flto -ffat-lto-objects   -c xpfw_events.c -o xpfw_events.o -Izynqmp
TRACE::2025-04-09.14:09:11::SCWBDomain::_pmufw_bsp/psu_pmu_0/include -I.

TRACE::2025-04-09.14:09:11::SCWBDomain::mb-gcc  -mlittle-endian -mxl-barrel-shift -mxl-pattern-compare -mxl-soft-mul -mcpu=v9.2 -MMD -MP      -mlittle-endian -mxl-barr
TRACE::2025-04-09.14:09:11::SCWBDomain::el-shift -mxl-pattern-compare -mcpu=v9.2 -mxl-soft-mul -Os -flto -ffat-lto-objects   -c xpfw_aib.c -o xpfw_aib.o -Izynqmp_pmufw
TRACE::2025-04-09.14:09:11::SCWBDomain::_bsp/psu_pmu_0/include -I.

TRACE::2025-04-09.14:09:11::SCWBDomain::mb-gcc  -mlittle-endian -mxl-barrel-shift -mxl-pattern-compare -mxl-soft-mul -mcpu=v9.2 -MMD -MP      -mlittle-endian -mxl-barr
TRACE::2025-04-09.14:09:11::SCWBDomain::el-shift -mxl-pattern-compare -mcpu=v9.2 -mxl-soft-mul -Os -flto -ffat-lto-objects   -c xpfw_mod_overtemp.c -o xpfw_mod_overtem
TRACE::2025-04-09.14:09:11::SCWBDomain::p.o -Izynqmp_pmufw_bsp/psu_pmu_0/include -I.

TRACE::2025-04-09.14:09:11::SCWBDomain::mb-gcc  -mlittle-endian -mxl-barrel-shift -mxl-pattern-compare -mxl-soft-mul -mcpu=v9.2 -MMD -MP      -mlittle-endian -mxl-barr
TRACE::2025-04-09.14:09:11::SCWBDomain::el-shift -mxl-pattern-compare -mcpu=v9.2 -mxl-soft-mul -Os -flto -ffat-lto-objects   -c pm_gic_proxy.c -o pm_gic_proxy.o -Izynq
TRACE::2025-04-09.14:09:11::SCWBDomain::mp_pmufw_bsp/psu_pmu_0/include -I.

TRACE::2025-04-09.14:09:11::SCWBDomain::mb-gcc  -mlittle-endian -mxl-barrel-shift -mxl-pattern-compare -mxl-soft-mul -mcpu=v9.2 -MMD -MP      -mlittle-endian -mxl-barr
TRACE::2025-04-09.14:09:11::SCWBDomain::el-shift -mxl-pattern-compare -mcpu=v9.2 -mxl-soft-mul -Os -flto -ffat-lto-objects   -c xpfw_xpu.c -o xpfw_xpu.o -Izynqmp_pmufw
TRACE::2025-04-09.14:09:11::SCWBDomain::_bsp/psu_pmu_0/include -I.

TRACE::2025-04-09.14:09:11::SCWBDomain::mb-gcc  -mlittle-endian -mxl-barrel-shift -mxl-pattern-compare -mxl-soft-mul -mcpu=v9.2 -MMD -MP      -mlittle-endian -mxl-barr
TRACE::2025-04-09.14:09:11::SCWBDomain::el-shift -mxl-pattern-compare -mcpu=v9.2 -mxl-soft-mul -Os -flto -ffat-lto-objects   -c pm_core.c -o pm_core.o -Izynqmp_pmufw_b
TRACE::2025-04-09.14:09:11::SCWBDomain::sp/psu_pmu_0/include -I.

TRACE::2025-04-09.14:09:11::SCWBDomain::mb-gcc  -mlittle-endian -mxl-barrel-shift -mxl-pattern-compare -mxl-soft-mul -mcpu=v9.2 -MMD -MP      -mlittle-endian -mxl-barr
TRACE::2025-04-09.14:09:11::SCWBDomain::el-shift -mxl-pattern-compare -mcpu=v9.2 -mxl-soft-mul -Os -flto -ffat-lto-objects   -c pm_config.c -o pm_config.o -Izynqmp_pmu
TRACE::2025-04-09.14:09:11::SCWBDomain::fw_bsp/psu_pmu_0/include -I.

TRACE::2025-04-09.14:09:12::SCWBDomain::mb-gcc  -mlittle-endian -mxl-barrel-shift -mxl-pattern-compare -mxl-soft-mul -mcpu=v9.2 -MMD -MP      -mlittle-endian -mxl-barr
TRACE::2025-04-09.14:09:12::SCWBDomain::el-shift -mxl-pattern-compare -mcpu=v9.2 -mxl-soft-mul -Os -flto -ffat-lto-objects   -c pm_system.c -o pm_system.o -Izynqmp_pmu
TRACE::2025-04-09.14:09:12::SCWBDomain::fw_bsp/psu_pmu_0/include -I.

TRACE::2025-04-09.14:09:12::SCWBDomain::mb-gcc  -mlittle-endian -mxl-barrel-shift -mxl-pattern-compare -mxl-soft-mul -mcpu=v9.2 -MMD -MP      -mlittle-endian -mxl-barr
TRACE::2025-04-09.14:09:12::SCWBDomain::el-shift -mxl-pattern-compare -mcpu=v9.2 -mxl-soft-mul -Os -flto -ffat-lto-objects   -c pm_mmio_access.c -o pm_mmio_access.o -I
TRACE::2025-04-09.14:09:12::SCWBDomain::zynqmp_pmufw_bsp/psu_pmu_0/include -I.

TRACE::2025-04-09.14:09:12::SCWBDomain::mb-gcc  -mlittle-endian -mxl-barrel-shift -mxl-pattern-compare -mxl-soft-mul -mcpu=v9.2 -MMD -MP      -mlittle-endian -mxl-barr
TRACE::2025-04-09.14:09:12::SCWBDomain::el-shift -mxl-pattern-compare -mcpu=v9.2 -mxl-soft-mul -Os -flto -ffat-lto-objects   -c pm_node_reset.c -o pm_node_reset.o -Izy
TRACE::2025-04-09.14:09:12::SCWBDomain::nqmp_pmufw_bsp/psu_pmu_0/include -I.

TRACE::2025-04-09.14:09:12::SCWBDomain::mb-gcc  -mlittle-endian -mxl-barrel-shift -mxl-pattern-compare -mxl-soft-mul -mcpu=v9.2 -MMD -MP      -mlittle-endian -mxl-barr
TRACE::2025-04-09.14:09:12::SCWBDomain::el-shift -mxl-pattern-compare -mcpu=v9.2 -mxl-soft-mul -Os -flto -ffat-lto-objects   -c pm_requirement.c -o pm_requirement.o -I
TRACE::2025-04-09.14:09:12::SCWBDomain::zynqmp_pmufw_bsp/psu_pmu_0/include -I.

TRACE::2025-04-09.14:09:12::SCWBDomain::mb-gcc  -mlittle-endian -mxl-barrel-shift -mxl-pattern-compare -mxl-soft-mul -mcpu=v9.2 -MMD -MP      -mlittle-endian -mxl-barr
TRACE::2025-04-09.14:09:12::SCWBDomain::el-shift -mxl-pattern-compare -mcpu=v9.2 -mxl-soft-mul -Os -flto -ffat-lto-objects   -c pm_notifier.c -o pm_notifier.o -Izynqmp
TRACE::2025-04-09.14:09:12::SCWBDomain::_pmufw_bsp/psu_pmu_0/include -I.

TRACE::2025-04-09.14:09:12::SCWBDomain::mb-gcc  -mlittle-endian -mxl-barrel-shift -mxl-pattern-compare -mxl-soft-mul -mcpu=v9.2 -MMD -MP      -mlittle-endian -mxl-barr
TRACE::2025-04-09.14:09:12::SCWBDomain::el-shift -mxl-pattern-compare -mcpu=v9.2 -mxl-soft-mul -Os -flto -ffat-lto-objects   -c xpfw_module.c -o xpfw_module.o -Izynqmp
TRACE::2025-04-09.14:09:12::SCWBDomain::_pmufw_bsp/psu_pmu_0/include -I.

TRACE::2025-04-09.14:09:12::SCWBDomain::mb-gcc  -mlittle-endian -mxl-barrel-shift -mxl-pattern-compare -mxl-soft-mul -mcpu=v9.2 -MMD -MP      -mlittle-endian -mxl-barr
TRACE::2025-04-09.14:09:12::SCWBDomain::el-shift -mxl-pattern-compare -mcpu=v9.2 -mxl-soft-mul -Os -flto -ffat-lto-objects   -c xpfw_restart.c -o xpfw_restart.o -Izynq
TRACE::2025-04-09.14:09:12::SCWBDomain::mp_pmufw_bsp/psu_pmu_0/include -I.

TRACE::2025-04-09.14:09:12::SCWBDomain::mb-gcc  -mlittle-endian -mxl-barrel-shift -mxl-pattern-compare -mxl-soft-mul -mcpu=v9.2 -MMD -MP      -mlittle-endian -mxl-barr
TRACE::2025-04-09.14:09:12::SCWBDomain::el-shift -mxl-pattern-compare -mcpu=v9.2 -mxl-soft-mul -Os -flto -ffat-lto-objects   -c xpfw_error_manager.c -o xpfw_error_mana
TRACE::2025-04-09.14:09:12::SCWBDomain::ger.o -Izynqmp_pmufw_bsp/psu_pmu_0/include -I.

TRACE::2025-04-09.14:09:12::SCWBDomain::mb-gcc  -mlittle-endian -mxl-barrel-shift -mxl-pattern-compare -mxl-soft-mul -mcpu=v9.2 -MMD -MP      -mlittle-endian -mxl-barr
TRACE::2025-04-09.14:09:12::SCWBDomain::el-shift -mxl-pattern-compare -mcpu=v9.2 -mxl-soft-mul -Os -flto -ffat-lto-objects   -c xpfw_util.c -o xpfw_util.o -Izynqmp_pmu
TRACE::2025-04-09.14:09:12::SCWBDomain::fw_bsp/psu_pmu_0/include -I.

TRACE::2025-04-09.14:09:13::SCWBDomain::mb-gcc  -mlittle-endian -mxl-barrel-shift -mxl-pattern-compare -mxl-soft-mul -mcpu=v9.2 -MMD -MP      -mlittle-endian -mxl-barr
TRACE::2025-04-09.14:09:13::SCWBDomain::el-shift -mxl-pattern-compare -mcpu=v9.2 -mxl-soft-mul -Os -flto -ffat-lto-objects   -c pm_ioctl.c -o pm_ioctl.o -Izynqmp_pmufw
TRACE::2025-04-09.14:09:13::SCWBDomain::_bsp/psu_pmu_0/include -I.

TRACE::2025-04-09.14:09:13::SCWBDomain::mb-gcc  -mlittle-endian -mxl-barrel-shift -mxl-pattern-compare -mxl-soft-mul -mcpu=v9.2 -MMD -MP      -mlittle-endian -mxl-barr
TRACE::2025-04-09.14:09:13::SCWBDomain::el-shift -mxl-pattern-compare -mcpu=v9.2 -mxl-soft-mul -Os -flto -ffat-lto-objects   -c xpfw_mod_legacy.c -o xpfw_mod_legacy.o 
TRACE::2025-04-09.14:09:13::SCWBDomain::-Izynqmp_pmufw_bsp/psu_pmu_0/include -I.

TRACE::2025-04-09.14:09:13::SCWBDomain::mb-gcc  -mlittle-endian -mxl-barrel-shift -mxl-pattern-compare -mxl-soft-mul -mcpu=v9.2 -MMD -MP      -mlittle-endian -mxl-barr
TRACE::2025-04-09.14:09:13::SCWBDomain::el-shift -mxl-pattern-compare -mcpu=v9.2 -mxl-soft-mul -Os -flto -ffat-lto-objects   -c pm_master.c -o pm_master.o -Izynqmp_pmu
TRACE::2025-04-09.14:09:13::SCWBDomain::fw_bsp/psu_pmu_0/include -I.

TRACE::2025-04-09.14:09:13::SCWBDomain::mb-gcc  -mlittle-endian -mxl-barrel-shift -mxl-pattern-compare -mxl-soft-mul -mcpu=v9.2 -MMD -MP      -mlittle-endian -mxl-barr
TRACE::2025-04-09.14:09:13::SCWBDomain::el-shift -mxl-pattern-compare -mcpu=v9.2 -mxl-soft-mul -Os -flto -ffat-lto-objects   -c xpfw_start.S -o xpfw_start.o -Izynqmp_p
TRACE::2025-04-09.14:09:13::SCWBDomain::mufw_bsp/psu_pmu_0/include -I.

TRACE::2025-04-09.14:09:13::SCWBDomain::mb-gcc -o pmufw.elf idle_hooks.o pm_binding.o pm_callbacks.o pm_clock.o pm_config.o pm_core.o pm_csudma.o pm_ddr.o pm_extern.o 
TRACE::2025-04-09.14:09:13::SCWBDomain::pm_gic_proxy.o pm_gpp.o pm_hooks.o pm_ioctl.o pm_master.o pm_mmio_access.o pm_node.o pm_node_reset.o pm_notifier.o pm_periph.o 
TRACE::2025-04-09.14:09:13::SCWBDomain::pm_pinctrl.o pm_pll.o pm_power.o pm_proc.o pm_qspi.o pm_requirement.o pm_reset.o pm_slave.o pm_sram.o pm_system.o pm_usb.o xpfw
TRACE::2025-04-09.14:09:13::SCWBDomain::_aib.o xpfw_core.o xpfw_error_manager.o xpfw_events.o xpfw_interrupts.o xpfw_ipi_manager.o xpfw_main.o xpfw_mod_common.o xpfw_m
TRACE::2025-04-09.14:09:13::SCWBDomain::od_dap.o xpfw_mod_em.o xpfw_mod_extwdt.o xpfw_mod_legacy.o xpfw_mod_overtemp.o xpfw_mod_pm.o xpfw_mod_rpu.o xpfw_mod_rtc.o xpfw
TRACE::2025-04-09.14:09:13::SCWBDomain::_mod_sched.o xpfw_mod_stl.o xpfw_mod_ultra96.o xpfw_mod_wdt.o xpfw_module.o xpfw_platform.o xpfw_resets.o xpfw_restart.o xpfw_r
TRACE::2025-04-09.14:09:13::SCWBDomain::om_interface.o xpfw_scheduler.o xpfw_start.o xpfw_user_startup.o xpfw_util.o xpfw_xpu.o -MMD -MP      -mlittle-endian -mxl-barr
TRACE::2025-04-09.14:09:13::SCWBDomain::el-shift -mxl-pattern-compare -mcpu=v9.2 -mxl-soft-mul -Os -flto -ffat-lto-objects    -Wl,--start-group,-lxil,-lgcc,-lc,--end-g
TRACE::2025-04-09.14:09:13::SCWBDomain::roup -Wl,--start-group,-lxilfpga,-lxil,-lgcc,-lc,--end-group -Wl,--start-group,-lxilsecure,-lxil,-lgcc,-lc,--end-group -Wl,--st
TRACE::2025-04-09.14:09:13::SCWBDomain::art-group,-lxilskey,-lxil,-lgcc,-lc,--end-group                                                                                
TRACE::2025-04-09.14:09:13::SCWBDomain::                       -nostartfiles -Wl,--no-relax -Wl,--gc-sections -Lzynqmp_pmufw_bsp/psu_pmu_0/lib -Tlscript.ld

LOG::2025-04-09.14:09:16::SCWSystem::Checking the domain standalone_domain
LOG::2025-04-09.14:09:16::SCWSystem::Not a boot domain 
LOG::2025-04-09.14:09:16::SCWSystem::Started Processing the domain standalone_domain
TRACE::2025-04-09.14:09:16::SCWDomain::Generating domain artifcats
TRACE::2025-04-09.14:09:16::SCWMssOS::Generating standalone artifcats
TRACE::2025-04-09.14:09:16::SCWMssOS::Copying the qemu file from  C:/Users/sunil/VivadoProjects/EE4218Labs/Project/MLP_NN_Platform_Project_HDL_HLS_v1/resources/MLP_NN_Platform_Project_HDL_HLS_v1/standalone_domain/qemu_args.txt To C:/Users/sunil/VivadoProjects/EE4218Labs/Project/MLP_NN_Platform_Project_HDL_HLS_v1/export/MLP_NN_Platform_Project_HDL_HLS_v1/sw/MLP_NN_Platform_Project_HDL_HLS_v1/qemu/
TRACE::2025-04-09.14:09:16::SCWMssOS::Copying the qemu file from  C:/Users/sunil/VivadoProjects/EE4218Labs/Project/MLP_NN_Platform_Project_HDL_HLS_v1/resources/MLP_NN_Platform_Project_HDL_HLS_v1/standalone_domain/qemu_args.txt To C:/Users/sunil/VivadoProjects/EE4218Labs/Project/MLP_NN_Platform_Project_HDL_HLS_v1/export/MLP_NN_Platform_Project_HDL_HLS_v1/sw/MLP_NN_Platform_Project_HDL_HLS_v1/qemu/
TRACE::2025-04-09.14:09:16::SCWMssOS::Copying the qemu file from  C:/Users/sunil/VivadoProjects/EE4218Labs/Project/MLP_NN_Platform_Project_HDL_HLS_v1/resources/MLP_NN_Platform_Project_HDL_HLS_v1/standalone_domain/qemu_args.txt To C:/Users/sunil/VivadoProjects/EE4218Labs/Project/MLP_NN_Platform_Project_HDL_HLS_v1/export/MLP_NN_Platform_Project_HDL_HLS_v1/sw/MLP_NN_Platform_Project_HDL_HLS_v1/standalone_domain/qemu/
TRACE::2025-04-09.14:09:16::SCWMssOS::Copying the qemu file from  C:/Users/sunil/VivadoProjects/EE4218Labs/Project/MLP_NN_Platform_Project_HDL_HLS_v1/resources/MLP_NN_Platform_Project_HDL_HLS_v1/standalone_domain/qemu_args.txt To C:/Users/sunil/VivadoProjects/EE4218Labs/Project/MLP_NN_Platform_Project_HDL_HLS_v1/export/MLP_NN_Platform_Project_HDL_HLS_v1/sw/MLP_NN_Platform_Project_HDL_HLS_v1/standalone_domain/qemu/
TRACE::2025-04-09.14:09:16::SCWMssOS:: Copying the user libraries. 
TRACE::2025-04-09.14:09:16::SCWPlatform::Trying to open the hw design at C:/Users/sunil/VivadoProjects/EE4218Labs/Project/MLP_NN_Platform_Project_HDL_HLS_v1/hw/MLP_NN_HDL_HLS_v1.xsa
TRACE::2025-04-09.14:09:16::SCWPlatform::DSA given C:/Users/sunil/VivadoProjects/EE4218Labs/Project/MLP_NN_Platform_Project_HDL_HLS_v1/hw/MLP_NN_HDL_HLS_v1.xsa
TRACE::2025-04-09.14:09:16::SCWPlatform::DSA absoulate path C:/Users/sunil/VivadoProjects/EE4218Labs/Project/MLP_NN_Platform_Project_HDL_HLS_v1/hw/MLP_NN_HDL_HLS_v1.xsa
TRACE::2025-04-09.14:09:16::SCWPlatform::DSA directory C:/Users/sunil/VivadoProjects/EE4218Labs/Project/MLP_NN_Platform_Project_HDL_HLS_v1/hw
TRACE::2025-04-09.14:09:16::SCWPlatform:: Platform Path C:/Users/sunil/VivadoProjects/EE4218Labs/Project/MLP_NN_Platform_Project_HDL_HLS_v1/hw/MLP_NN_HDL_HLS_v1.xsa
TRACE::2025-04-09.14:09:16::SCWPlatform:: Unique name xilinx:kv260_som::0.0
TRACE::2025-04-09.14:09:16::SCWPlatform::Trying to set the existing hwdb with name design_1_wrapper_2
TRACE::2025-04-09.14:09:16::SCWPlatform::Opened existing hwdb design_1_wrapper_2
TRACE::2025-04-09.14:09:16::SCWPlatform::Found the Hw Db part of the input DSA
TRACE::2025-04-09.14:09:16::SCWMssOS::Checking the sw design at  C:/Users/sunil/VivadoProjects/EE4218Labs/Project/MLP_NN_Platform_Project_HDL_HLS_v1/psu_cortexa53_0/standalone_domain/bsp/system.mss
TRACE::2025-04-09.14:09:16::SCWMssOS::DEBUG:  swdes dump  C:/Users/sunil/VivadoProjects/EE4218Labs/Project/MLP_NN_Platform_Project_HDL_HLS_v1/psu_cortexa53_0/standalone_domain/bsp/system.mss|system_1||
C:/Users/sunil/VivadoProjects/EE4218Labs/Project/MLP_NN_Platform_Project_HDL_HLS_v1/zynqmp_fsbl/zynqmp_fsbl_bsp/system.mss|system||
C:/Users/sunil/VivadoProjects/EE4218Labs/Project/MLP_NN_Platform_Project_HDL_HLS_v1/zynqmp_pmufw/zynqmp_pmufw_bsp/system.mss|system_0||

TRACE::2025-04-09.14:09:16::SCWMssOS::Sw design exists and opened at  C:/Users/sunil/VivadoProjects/EE4218Labs/Project/MLP_NN_Platform_Project_HDL_HLS_v1/psu_cortexa53_0/standalone_domain/bsp/system.mss
TRACE::2025-04-09.14:09:16::SCWMssOS::Completed writing the mss file at C:/Users/sunil/VivadoProjects/EE4218Labs/Project/MLP_NN_Platform_Project_HDL_HLS_v1/psu_cortexa53_0/standalone_domain/bsp
TRACE::2025-04-09.14:09:16::SCWMssOS::Mss edits present, copying mssfile into export location C:/Users/sunil/VivadoProjects/EE4218Labs/Project/MLP_NN_Platform_Project_HDL_HLS_v1/psu_cortexa53_0/standalone_domain/bsp/system.mss
TRACE::2025-04-09.14:09:16::SCWMssOS::bsp generated is upto date with the mss file. Skipping bsp generation.
TRACE::2025-04-09.14:09:16::SCWMssOS::BSP is already built. skipping the bsp build ... 
TRACE::2025-04-09.14:09:16::SCWDomain::Building the domain as part of full build :  standalone_domain
TRACE::2025-04-09.14:09:16::SCWMssOS::doing bsp build ... 
TRACE::2025-04-09.14:09:16::SCWMssOS::System Command Ran  C: & cd  C:/Users/sunil/VivadoProjects/EE4218Labs/Project/MLP_NN_Platform_Project_HDL_HLS_v1/psu_cortexa53_0/standalone_domain/bsp & make 
TRACE::2025-04-09.14:09:16::SCWMssOS::make --no-print-directory seq_libs

TRACE::2025-04-09.14:09:16::SCWMssOS::'Finished building libraries sequentially.'

TRACE::2025-04-09.14:09:16::SCWMssOS::make -j 6 --no-print-directory par_libs

TRACE::2025-04-09.14:09:16::SCWMssOS::"Running Make include in psu_cortexa53_0/libsrc/axipmon_v6_10/src"

TRACE::2025-04-09.14:09:16::SCWMssOS::make -C psu_cortexa53_0/libsrc/axipmon_v6_10/src -s include  "SHELL=CMD" "COMPILER=aarch64-none-elf-gcc" "ASSEMBLER=aarch64-non
TRACE::2025-04-09.14:09:16::SCWMssOS::e-elf-as" "ARCHIVER=aarch64-none-elf-ar" "COMPILER_FLAGS=  -O2 -c" "EXTRA_COMPILER_FLAGS=-g -Wall -Wextra -fno-tree-loop-distri
TRACE::2025-04-09.14:09:16::SCWMssOS::bute-patterns"

TRACE::2025-04-09.14:09:16::SCWMssOS::"Running Make include in psu_cortexa53_0/libsrc/clockps_v1_5/src"

TRACE::2025-04-09.14:09:16::SCWMssOS::make -C psu_cortexa53_0/libsrc/clockps_v1_5/src -s include  "SHELL=CMD" "COMPILER=aarch64-none-elf-gcc" "ASSEMBLER=aarch64-none
TRACE::2025-04-09.14:09:16::SCWMssOS::-elf-as" "ARCHIVER=aarch64-none-elf-ar" "COMPILER_FLAGS=  -O2 -c" "EXTRA_COMPILER_FLAGS=-g -Wall -Wextra -fno-tree-loop-distrib
TRACE::2025-04-09.14:09:16::SCWMssOS::ute-patterns"

TRACE::2025-04-09.14:09:16::SCWMssOS::"Running Make include in psu_cortexa53_0/libsrc/coresightps_dcc_v1_9/src"

TRACE::2025-04-09.14:09:16::SCWMssOS::make -C psu_cortexa53_0/libsrc/coresightps_dcc_v1_9/src -s include  "SHELL=CMD" "COMPILER=aarch64-none-elf-gcc" "ASSEMBLER=aarc
TRACE::2025-04-09.14:09:16::SCWMssOS::h64-none-elf-as" "ARCHIVER=aarch64-none-elf-ar" "COMPILER_FLAGS=  -O2 -c" "EXTRA_COMPILER_FLAGS=-g -Wall -Wextra -fno-tree-loop
TRACE::2025-04-09.14:09:16::SCWMssOS::-distribute-patterns"

TRACE::2025-04-09.14:09:16::SCWMssOS::"Running Make include in psu_cortexa53_0/libsrc/cpu_cortexa53_v2_1/src"

TRACE::2025-04-09.14:09:16::SCWMssOS::make -C psu_cortexa53_0/libsrc/cpu_cortexa53_v2_1/src -s include  "SHELL=CMD" "COMPILER=aarch64-none-elf-gcc" "ASSEMBLER=aarch6
TRACE::2025-04-09.14:09:16::SCWMssOS::4-none-elf-as" "ARCHIVER=aarch64-none-elf-ar" "COMPILER_FLAGS=  -O2 -c" "EXTRA_COMPILER_FLAGS=-g -Wall -Wextra -fno-tree-loop-d
TRACE::2025-04-09.14:09:16::SCWMssOS::istribute-patterns"

TRACE::2025-04-09.14:09:16::SCWMssOS::"Running Make include in psu_cortexa53_0/libsrc/csudma_v1_14/src"

TRACE::2025-04-09.14:09:16::SCWMssOS::make -C psu_cortexa53_0/libsrc/csudma_v1_14/src -s include  "SHELL=CMD" "COMPILER=aarch64-none-elf-gcc" "ASSEMBLER=aarch64-none
TRACE::2025-04-09.14:09:16::SCWMssOS::-elf-as" "ARCHIVER=aarch64-none-elf-ar" "COMPILER_FLAGS=  -O2 -c" "EXTRA_COMPILER_FLAGS=-g -Wall -Wextra -fno-tree-loop-distrib
TRACE::2025-04-09.14:09:16::SCWMssOS::ute-patterns"

TRACE::2025-04-09.14:09:16::SCWMssOS::"Running Make include in psu_cortexa53_0/libsrc/ddrcpsu_v1_5/src"

TRACE::2025-04-09.14:09:16::SCWMssOS::make -C psu_cortexa53_0/libsrc/ddrcpsu_v1_5/src -s include  "SHELL=CMD" "COMPILER=aarch64-none-elf-gcc" "ASSEMBLER=aarch64-none
TRACE::2025-04-09.14:09:16::SCWMssOS::-elf-as" "ARCHIVER=aarch64-none-elf-ar" "COMPILER_FLAGS=  -O2 -c" "EXTRA_COMPILER_FLAGS=-g -Wall -Wextra -fno-tree-loop-distrib
TRACE::2025-04-09.14:09:16::SCWMssOS::ute-patterns"

TRACE::2025-04-09.14:09:16::SCWMssOS::"Running Make include in psu_cortexa53_0/libsrc/gpiops_v3_12/src"

TRACE::2025-04-09.14:09:16::SCWMssOS::"Running Make include in psu_cortexa53_0/libsrc/iicps_v3_18/src"

TRACE::2025-04-09.14:09:16::SCWMssOS::make -C psu_cortexa53_0/libsrc/gpiops_v3_12/src -s include  "SHELL=CMD" "COMPILER=aarch64-none-elf-gcc" "ASSEMBLER=aarch64-none
TRACE::2025-04-09.14:09:16::SCWMssOS::-elf-as" "ARCHIVER=aarch64-none-elf-ar" "COMPILER_FLAGS=  -O2 -c" "EXTRA_COMPILER_FLAGS=-g -Wall -Wextra -fno-tree-loop-distrib
TRACE::2025-04-09.14:09:16::SCWMssOS::ute-patterns"

TRACE::2025-04-09.14:09:16::SCWMssOS::make -C psu_cortexa53_0/libsrc/iicps_v3_18/src -s include  "SHELL=CMD" "COMPILER=aarch64-none-elf-gcc" "ASSEMBLER=aarch64-none-
TRACE::2025-04-09.14:09:16::SCWMssOS::elf-as" "ARCHIVER=aarch64-none-elf-ar" "COMPILER_FLAGS=  -O2 -c" "EXTRA_COMPILER_FLAGS=-g -Wall -Wextra -fno-tree-loop-distribu
TRACE::2025-04-09.14:09:16::SCWMssOS::te-patterns"

TRACE::2025-04-09.14:09:16::SCWMssOS::"Running Make include in psu_cortexa53_0/libsrc/ipipsu_v2_14/src"

TRACE::2025-04-09.14:09:16::SCWMssOS::make -C psu_cortexa53_0/libsrc/ipipsu_v2_14/src -s include  "SHELL=CMD" "COMPILER=aarch64-none-elf-gcc" "ASSEMBLER=aarch64-none
TRACE::2025-04-09.14:09:16::SCWMssOS::-elf-as" "ARCHIVER=aarch64-none-elf-ar" "COMPILER_FLAGS=  -O2 -c" "EXTRA_COMPILER_FLAGS=-g -Wall -Wextra -fno-tree-loop-distrib
TRACE::2025-04-09.14:09:16::SCWMssOS::ute-patterns"

TRACE::2025-04-09.14:09:16::SCWMssOS::"Running Make include in psu_cortexa53_0/libsrc/llfifo_v5_6/src"

TRACE::2025-04-09.14:09:16::SCWMssOS::make -C psu_cortexa53_0/libsrc/llfifo_v5_6/src -s include  "SHELL=CMD" "COMPILER=aarch64-none-elf-gcc" "ASSEMBLER=aarch64-none-
TRACE::2025-04-09.14:09:16::SCWMssOS::elf-as" "ARCHIVER=aarch64-none-elf-ar" "COMPILER_FLAGS=  -O2 -c" "EXTRA_COMPILER_FLAGS=-g -Wall -Wextra -fno-tree-loop-distribu
TRACE::2025-04-09.14:09:16::SCWMssOS::te-patterns"

TRACE::2025-04-09.14:09:16::SCWMssOS::"Running Make include in psu_cortexa53_0/libsrc/qspipsu_v1_18/src"

TRACE::2025-04-09.14:09:16::SCWMssOS::make -C psu_cortexa53_0/libsrc/qspipsu_v1_18/src -s include  "SHELL=CMD" "COMPILER=aarch64-none-elf-gcc" "ASSEMBLER=aarch64-non
TRACE::2025-04-09.14:09:16::SCWMssOS::e-elf-as" "ARCHIVER=aarch64-none-elf-ar" "COMPILER_FLAGS=  -O2 -c" "EXTRA_COMPILER_FLAGS=-g -Wall -Wextra -fno-tree-loop-distri
TRACE::2025-04-09.14:09:16::SCWMssOS::bute-patterns"

TRACE::2025-04-09.14:09:16::SCWMssOS::"Running Make include in psu_cortexa53_0/libsrc/resetps_v1_6/src"

TRACE::2025-04-09.14:09:16::SCWMssOS::make -C psu_cortexa53_0/libsrc/resetps_v1_6/src -s include  "SHELL=CMD" "COMPILER=aarch64-none-elf-gcc" "ASSEMBLER=aarch64-none
TRACE::2025-04-09.14:09:16::SCWMssOS::-elf-as" "ARCHIVER=aarch64-none-elf-ar" "COMPILER_FLAGS=  -O2 -c" "EXTRA_COMPILER_FLAGS=-g -Wall -Wextra -fno-tree-loop-distrib
TRACE::2025-04-09.14:09:16::SCWMssOS::ute-patterns"

TRACE::2025-04-09.14:09:16::SCWMssOS::"Running Make include in psu_cortexa53_0/libsrc/rtcpsu_v1_13/src"

TRACE::2025-04-09.14:09:16::SCWMssOS::make -C psu_cortexa53_0/libsrc/rtcpsu_v1_13/src -s include  "SHELL=CMD" "COMPILER=aarch64-none-elf-gcc" "ASSEMBLER=aarch64-none
TRACE::2025-04-09.14:09:16::SCWMssOS::-elf-as" "ARCHIVER=aarch64-none-elf-ar" "COMPILER_FLAGS=  -O2 -c" "EXTRA_COMPILER_FLAGS=-g -Wall -Wextra -fno-tree-loop-distrib
TRACE::2025-04-09.14:09:16::SCWMssOS::ute-patterns"

TRACE::2025-04-09.14:09:17::SCWMssOS::"Running Make include in psu_cortexa53_0/libsrc/scugic_v5_2/src"

TRACE::2025-04-09.14:09:17::SCWMssOS::make -C psu_cortexa53_0/libsrc/scugic_v5_2/src -s include  "SHELL=CMD" "COMPILER=aarch64-none-elf-gcc" "ASSEMBLER=aarch64-none-
TRACE::2025-04-09.14:09:17::SCWMssOS::elf-as" "ARCHIVER=aarch64-none-elf-ar" "COMPILER_FLAGS=  -O2 -c" "EXTRA_COMPILER_FLAGS=-g -Wall -Wextra -fno-tree-loop-distribu
TRACE::2025-04-09.14:09:17::SCWMssOS::te-patterns"

TRACE::2025-04-09.14:09:17::SCWMssOS::"Running Make include in psu_cortexa53_0/libsrc/spips_v3_9/src"

TRACE::2025-04-09.14:09:17::SCWMssOS::make -C psu_cortexa53_0/libsrc/spips_v3_9/src -s include  "SHELL=CMD" "COMPILER=aarch64-none-elf-gcc" "ASSEMBLER=aarch64-none-e
TRACE::2025-04-09.14:09:17::SCWMssOS::lf-as" "ARCHIVER=aarch64-none-elf-ar" "COMPILER_FLAGS=  -O2 -c" "EXTRA_COMPILER_FLAGS=-g -Wall -Wextra -fno-tree-loop-distribut
TRACE::2025-04-09.14:09:17::SCWMssOS::e-patterns"

TRACE::2025-04-09.14:09:17::SCWMssOS::"Running Make include in psu_cortexa53_0/libsrc/standalone_v9_0/src"

TRACE::2025-04-09.14:09:17::SCWMssOS::make -C psu_cortexa53_0/libsrc/standalone_v9_0/src -s include  "SHELL=CMD" "COMPILER=aarch64-none-elf-gcc" "ASSEMBLER=aarch64-n
TRACE::2025-04-09.14:09:17::SCWMssOS::one-elf-as" "ARCHIVER=aarch64-none-elf-ar" "COMPILER_FLAGS=  -O2 -c" "EXTRA_COMPILER_FLAGS=-g -Wall -Wextra -fno-tree-loop-dist
TRACE::2025-04-09.14:09:17::SCWMssOS::ribute-patterns"

TRACE::2025-04-09.14:09:17::SCWMssOS::"Running Make include in psu_cortexa53_0/libsrc/sysmonpsu_v2_9/src"

TRACE::2025-04-09.14:09:17::SCWMssOS::make -C psu_cortexa53_0/libsrc/sysmonpsu_v2_9/src -s include  "SHELL=CMD" "COMPILER=aarch64-none-elf-gcc" "ASSEMBLER=aarch64-no
TRACE::2025-04-09.14:09:17::SCWMssOS::ne-elf-as" "ARCHIVER=aarch64-none-elf-ar" "COMPILER_FLAGS=  -O2 -c" "EXTRA_COMPILER_FLAGS=-g -Wall -Wextra -fno-tree-loop-distr
TRACE::2025-04-09.14:09:17::SCWMssOS::ibute-patterns"

TRACE::2025-04-09.14:09:17::SCWMssOS::"Running Make include in psu_cortexa53_0/libsrc/tmrctr_v4_11/src"

TRACE::2025-04-09.14:09:17::SCWMssOS::make -C psu_cortexa53_0/libsrc/tmrctr_v4_11/src -s include  "SHELL=CMD" "COMPILER=aarch64-none-elf-gcc" "ASSEMBLER=aarch64-none
TRACE::2025-04-09.14:09:17::SCWMssOS::-elf-as" "ARCHIVER=aarch64-none-elf-ar" "COMPILER_FLAGS=  -O2 -c" "EXTRA_COMPILER_FLAGS=-g -Wall -Wextra -fno-tree-loop-distrib
TRACE::2025-04-09.14:09:17::SCWMssOS::ute-patterns"

TRACE::2025-04-09.14:09:17::SCWMssOS::"Running Make include in psu_cortexa53_0/libsrc/ttcps_v3_18/src"

TRACE::2025-04-09.14:09:17::SCWMssOS::make -C psu_cortexa53_0/libsrc/ttcps_v3_18/src -s include  "SHELL=CMD" "COMPILER=aarch64-none-elf-gcc" "ASSEMBLER=aarch64-none-
TRACE::2025-04-09.14:09:17::SCWMssOS::elf-as" "ARCHIVER=aarch64-none-elf-ar" "COMPILER_FLAGS=  -O2 -c" "EXTRA_COMPILER_FLAGS=-g -Wall -Wextra -fno-tree-loop-distribu
TRACE::2025-04-09.14:09:17::SCWMssOS::te-patterns"

TRACE::2025-04-09.14:09:17::SCWMssOS::"Running Make include in psu_cortexa53_0/libsrc/uartps_v3_13/src"

TRACE::2025-04-09.14:09:17::SCWMssOS::make -C psu_cortexa53_0/libsrc/uartps_v3_13/src -s include  "SHELL=CMD" "COMPILER=aarch64-none-elf-gcc" "ASSEMBLER=aarch64-none
TRACE::2025-04-09.14:09:17::SCWMssOS::-elf-as" "ARCHIVER=aarch64-none-elf-ar" "COMPILER_FLAGS=  -O2 -c" "EXTRA_COMPILER_FLAGS=-g -Wall -Wextra -fno-tree-loop-distrib
TRACE::2025-04-09.14:09:17::SCWMssOS::ute-patterns"

TRACE::2025-04-09.14:09:17::SCWMssOS::"Running Make include in psu_cortexa53_0/libsrc/wdtps_v3_6/src"

TRACE::2025-04-09.14:09:17::SCWMssOS::make -C psu_cortexa53_0/libsrc/wdtps_v3_6/src -s include  "SHELL=CMD" "COMPILER=aarch64-none-elf-gcc" "ASSEMBLER=aarch64-none-e
TRACE::2025-04-09.14:09:17::SCWMssOS::lf-as" "ARCHIVER=aarch64-none-elf-ar" "COMPILER_FLAGS=  -O2 -c" "EXTRA_COMPILER_FLAGS=-g -Wall -Wextra -fno-tree-loop-distribut
TRACE::2025-04-09.14:09:17::SCWMssOS::e-patterns"

TRACE::2025-04-09.14:09:17::SCWMssOS::"Running Make include in psu_cortexa53_0/libsrc/zdma_v1_17/src"

TRACE::2025-04-09.14:09:17::SCWMssOS::make -C psu_cortexa53_0/libsrc/zdma_v1_17/src -s include  "SHELL=CMD" "COMPILER=aarch64-none-elf-gcc" "ASSEMBLER=aarch64-none-e
TRACE::2025-04-09.14:09:17::SCWMssOS::lf-as" "ARCHIVER=aarch64-none-elf-ar" "COMPILER_FLAGS=  -O2 -c" "EXTRA_COMPILER_FLAGS=-g -Wall -Wextra -fno-tree-loop-distribut
TRACE::2025-04-09.14:09:17::SCWMssOS::e-patterns"

TRACE::2025-04-09.14:09:17::SCWMssOS::"Running Make libs in psu_cortexa53_0/libsrc/axipmon_v6_10/src"

TRACE::2025-04-09.14:09:17::SCWMssOS::make -C psu_cortexa53_0/libsrc/axipmon_v6_10/src -s libs  "SHELL=CMD" "COMPILER=aarch64-none-elf-gcc" "ASSEMBLER=aarch64-none-e
TRACE::2025-04-09.14:09:17::SCWMssOS::lf-as" "ARCHIVER=aarch64-none-elf-ar" "COMPILER_FLAGS=  -O2 -c" "EXTRA_COMPILER_FLAGS=-g -Wall -Wextra -fno-tree-loop-distribut
TRACE::2025-04-09.14:09:17::SCWMssOS::e-patterns"

TRACE::2025-04-09.14:09:17::SCWMssOS::"Running Make libs in psu_cortexa53_0/libsrc/clockps_v1_5/src"

TRACE::2025-04-09.14:09:17::SCWMssOS::make -C psu_cortexa53_0/libsrc/clockps_v1_5/src -s libs  "SHELL=CMD" "COMPILER=aarch64-none-elf-gcc" "ASSEMBLER=aarch64-none-el
TRACE::2025-04-09.14:09:17::SCWMssOS::f-as" "ARCHIVER=aarch64-none-elf-ar" "COMPILER_FLAGS=  -O2 -c" "EXTRA_COMPILER_FLAGS=-g -Wall -Wextra -fno-tree-loop-distribute
TRACE::2025-04-09.14:09:17::SCWMssOS::-patterns"

TRACE::2025-04-09.14:09:17::SCWMssOS::"Running Make libs in psu_cortexa53_0/libsrc/coresightps_dcc_v1_9/src"

TRACE::2025-04-09.14:09:17::SCWMssOS::make -C psu_cortexa53_0/libsrc/coresightps_dcc_v1_9/src -s libs  "SHELL=CMD" "COMPILER=aarch64-none-elf-gcc" "ASSEMBLER=aarch64
TRACE::2025-04-09.14:09:17::SCWMssOS::-none-elf-as" "ARCHIVER=aarch64-none-elf-ar" "COMPILER_FLAGS=  -O2 -c" "EXTRA_COMPILER_FLAGS=-g -Wall -Wextra -fno-tree-loop-di
TRACE::2025-04-09.14:09:17::SCWMssOS::stribute-patterns"

TRACE::2025-04-09.14:09:17::SCWMssOS::"Running Make libs in psu_cortexa53_0/libsrc/cpu_cortexa53_v2_1/src"

TRACE::2025-04-09.14:09:17::SCWMssOS::make -C psu_cortexa53_0/libsrc/cpu_cortexa53_v2_1/src -s libs  "SHELL=CMD" "COMPILER=aarch64-none-elf-gcc" "ASSEMBLER=aarch64-n
TRACE::2025-04-09.14:09:17::SCWMssOS::one-elf-as" "ARCHIVER=aarch64-none-elf-ar" "COMPILER_FLAGS=  -O2 -c" "EXTRA_COMPILER_FLAGS=-g -Wall -Wextra -fno-tree-loop-dist
TRACE::2025-04-09.14:09:17::SCWMssOS::ribute-patterns"

TRACE::2025-04-09.14:09:18::SCWMssOS::"Running Make libs in psu_cortexa53_0/libsrc/csudma_v1_14/src"

TRACE::2025-04-09.14:09:18::SCWMssOS::make -C psu_cortexa53_0/libsrc/csudma_v1_14/src -s libs  "SHELL=CMD" "COMPILER=aarch64-none-elf-gcc" "ASSEMBLER=aarch64-none-el
TRACE::2025-04-09.14:09:18::SCWMssOS::f-as" "ARCHIVER=aarch64-none-elf-ar" "COMPILER_FLAGS=  -O2 -c" "EXTRA_COMPILER_FLAGS=-g -Wall -Wextra -fno-tree-loop-distribute
TRACE::2025-04-09.14:09:18::SCWMssOS::-patterns"

TRACE::2025-04-09.14:09:18::SCWMssOS::"Running Make libs in psu_cortexa53_0/libsrc/ddrcpsu_v1_5/src"

TRACE::2025-04-09.14:09:18::SCWMssOS::make -C psu_cortexa53_0/libsrc/ddrcpsu_v1_5/src -s libs  "SHELL=CMD" "COMPILER=aarch64-none-elf-gcc" "ASSEMBLER=aarch64-none-el
TRACE::2025-04-09.14:09:18::SCWMssOS::f-as" "ARCHIVER=aarch64-none-elf-ar" "COMPILER_FLAGS=  -O2 -c" "EXTRA_COMPILER_FLAGS=-g -Wall -Wextra -fno-tree-loop-distribute
TRACE::2025-04-09.14:09:18::SCWMssOS::-patterns"

TRACE::2025-04-09.14:09:18::SCWMssOS::"Running Make libs in psu_cortexa53_0/libsrc/gpiops_v3_12/src"

TRACE::2025-04-09.14:09:18::SCWMssOS::make -C psu_cortexa53_0/libsrc/gpiops_v3_12/src -s libs  "SHELL=CMD" "COMPILER=aarch64-none-elf-gcc" "ASSEMBLER=aarch64-none-el
TRACE::2025-04-09.14:09:18::SCWMssOS::f-as" "ARCHIVER=aarch64-none-elf-ar" "COMPILER_FLAGS=  -O2 -c" "EXTRA_COMPILER_FLAGS=-g -Wall -Wextra -fno-tree-loop-distribute
TRACE::2025-04-09.14:09:18::SCWMssOS::-patterns"

TRACE::2025-04-09.14:09:18::SCWMssOS::"Running Make libs in psu_cortexa53_0/libsrc/iicps_v3_18/src"

TRACE::2025-04-09.14:09:18::SCWMssOS::make -C psu_cortexa53_0/libsrc/iicps_v3_18/src -s libs  "SHELL=CMD" "COMPILER=aarch64-none-elf-gcc" "ASSEMBLER=aarch64-none-elf
TRACE::2025-04-09.14:09:18::SCWMssOS::-as" "ARCHIVER=aarch64-none-elf-ar" "COMPILER_FLAGS=  -O2 -c" "EXTRA_COMPILER_FLAGS=-g -Wall -Wextra -fno-tree-loop-distribute-
TRACE::2025-04-09.14:09:18::SCWMssOS::patterns"

TRACE::2025-04-09.14:09:18::SCWMssOS::"Running Make libs in psu_cortexa53_0/libsrc/ipipsu_v2_14/src"

TRACE::2025-04-09.14:09:19::SCWMssOS::make -C psu_cortexa53_0/libsrc/ipipsu_v2_14/src -s libs  "SHELL=CMD" "COMPILER=aarch64-none-elf-gcc" "ASSEMBLER=aarch64-none-el
TRACE::2025-04-09.14:09:19::SCWMssOS::f-as" "ARCHIVER=aarch64-none-elf-ar" "COMPILER_FLAGS=  -O2 -c" "EXTRA_COMPILER_FLAGS=-g -Wall -Wextra -fno-tree-loop-distribute
TRACE::2025-04-09.14:09:19::SCWMssOS::-patterns"

TRACE::2025-04-09.14:09:19::SCWMssOS::"Running Make libs in psu_cortexa53_0/libsrc/llfifo_v5_6/src"

TRACE::2025-04-09.14:09:19::SCWMssOS::make -C psu_cortexa53_0/libsrc/llfifo_v5_6/src -s libs  "SHELL=CMD" "COMPILER=aarch64-none-elf-gcc" "ASSEMBLER=aarch64-none-elf
TRACE::2025-04-09.14:09:19::SCWMssOS::-as" "ARCHIVER=aarch64-none-elf-ar" "COMPILER_FLAGS=  -O2 -c" "EXTRA_COMPILER_FLAGS=-g -Wall -Wextra -fno-tree-loop-distribute-
TRACE::2025-04-09.14:09:19::SCWMssOS::patterns"

TRACE::2025-04-09.14:09:19::SCWMssOS::"Running Make libs in psu_cortexa53_0/libsrc/qspipsu_v1_18/src"

TRACE::2025-04-09.14:09:19::SCWMssOS::make -C psu_cortexa53_0/libsrc/qspipsu_v1_18/src -s libs  "SHELL=CMD" "COMPILER=aarch64-none-elf-gcc" "ASSEMBLER=aarch64-none-e
TRACE::2025-04-09.14:09:19::SCWMssOS::lf-as" "ARCHIVER=aarch64-none-elf-ar" "COMPILER_FLAGS=  -O2 -c" "EXTRA_COMPILER_FLAGS=-g -Wall -Wextra -fno-tree-loop-distribut
TRACE::2025-04-09.14:09:19::SCWMssOS::e-patterns"

TRACE::2025-04-09.14:09:20::SCWMssOS::"Running Make libs in psu_cortexa53_0/libsrc/resetps_v1_6/src"

TRACE::2025-04-09.14:09:20::SCWMssOS::make -C psu_cortexa53_0/libsrc/resetps_v1_6/src -s libs  "SHELL=CMD" "COMPILER=aarch64-none-elf-gcc" "ASSEMBLER=aarch64-none-el
TRACE::2025-04-09.14:09:20::SCWMssOS::f-as" "ARCHIVER=aarch64-none-elf-ar" "COMPILER_FLAGS=  -O2 -c" "EXTRA_COMPILER_FLAGS=-g -Wall -Wextra -fno-tree-loop-distribute
TRACE::2025-04-09.14:09:20::SCWMssOS::-patterns"

TRACE::2025-04-09.14:09:20::SCWMssOS::"Running Make libs in psu_cortexa53_0/libsrc/rtcpsu_v1_13/src"

TRACE::2025-04-09.14:09:20::SCWMssOS::make -C psu_cortexa53_0/libsrc/rtcpsu_v1_13/src -s libs  "SHELL=CMD" "COMPILER=aarch64-none-elf-gcc" "ASSEMBLER=aarch64-none-el
TRACE::2025-04-09.14:09:20::SCWMssOS::f-as" "ARCHIVER=aarch64-none-elf-ar" "COMPILER_FLAGS=  -O2 -c" "EXTRA_COMPILER_FLAGS=-g -Wall -Wextra -fno-tree-loop-distribute
TRACE::2025-04-09.14:09:20::SCWMssOS::-patterns"

TRACE::2025-04-09.14:09:21::SCWMssOS::"Running Make libs in psu_cortexa53_0/libsrc/scugic_v5_2/src"

TRACE::2025-04-09.14:09:21::SCWMssOS::make -C psu_cortexa53_0/libsrc/scugic_v5_2/src -s libs  "SHELL=CMD" "COMPILER=aarch64-none-elf-gcc" "ASSEMBLER=aarch64-none-elf
TRACE::2025-04-09.14:09:21::SCWMssOS::-as" "ARCHIVER=aarch64-none-elf-ar" "COMPILER_FLAGS=  -O2 -c" "EXTRA_COMPILER_FLAGS=-g -Wall -Wextra -fno-tree-loop-distribute-
TRACE::2025-04-09.14:09:21::SCWMssOS::patterns"

TRACE::2025-04-09.14:09:21::SCWMssOS::"Running Make libs in psu_cortexa53_0/libsrc/spips_v3_9/src"

TRACE::2025-04-09.14:09:21::SCWMssOS::make -C psu_cortexa53_0/libsrc/spips_v3_9/src -s libs  "SHELL=CMD" "COMPILER=aarch64-none-elf-gcc" "ASSEMBLER=aarch64-none-elf-
TRACE::2025-04-09.14:09:21::SCWMssOS::as" "ARCHIVER=aarch64-none-elf-ar" "COMPILER_FLAGS=  -O2 -c" "EXTRA_COMPILER_FLAGS=-g -Wall -Wextra -fno-tree-loop-distribute-p
TRACE::2025-04-09.14:09:21::SCWMssOS::atterns"

TRACE::2025-04-09.14:09:21::SCWMssOS::"Running Make libs in psu_cortexa53_0/libsrc/standalone_v9_0/src"

TRACE::2025-04-09.14:09:21::SCWMssOS::make -C psu_cortexa53_0/libsrc/standalone_v9_0/src -s libs  "SHELL=CMD" "COMPILER=aarch64-none-elf-gcc" "ASSEMBLER=aarch64-none
TRACE::2025-04-09.14:09:21::SCWMssOS::-elf-as" "ARCHIVER=aarch64-none-elf-ar" "COMPILER_FLAGS=  -O2 -c" "EXTRA_COMPILER_FLAGS=-g -Wall -Wextra -fno-tree-loop-distrib
TRACE::2025-04-09.14:09:21::SCWMssOS::ute-patterns"

TRACE::2025-04-09.14:09:21::SCWMssOS::"Running Make libs in psu_cortexa53_0/libsrc/sysmonpsu_v2_9/src"

TRACE::2025-04-09.14:09:21::SCWMssOS::make -C psu_cortexa53_0/libsrc/sysmonpsu_v2_9/src -s libs  "SHELL=CMD" "COMPILER=aarch64-none-elf-gcc" "ASSEMBLER=aarch64-none-
TRACE::2025-04-09.14:09:21::SCWMssOS::elf-as" "ARCHIVER=aarch64-none-elf-ar" "COMPILER_FLAGS=  -O2 -c" "EXTRA_COMPILER_FLAGS=-g -Wall -Wextra -fno-tree-loop-distribu
TRACE::2025-04-09.14:09:21::SCWMssOS::te-patterns"

TRACE::2025-04-09.14:09:21::SCWMssOS::"Running Make libs in psu_cortexa53_0/libsrc/tmrctr_v4_11/src"

TRACE::2025-04-09.14:09:21::SCWMssOS::make -C psu_cortexa53_0/libsrc/tmrctr_v4_11/src -s libs  "SHELL=CMD" "COMPILER=aarch64-none-elf-gcc" "ASSEMBLER=aarch64-none-el
TRACE::2025-04-09.14:09:21::SCWMssOS::f-as" "ARCHIVER=aarch64-none-elf-ar" "COMPILER_FLAGS=  -O2 -c" "EXTRA_COMPILER_FLAGS=-g -Wall -Wextra -fno-tree-loop-distribute
TRACE::2025-04-09.14:09:21::SCWMssOS::-patterns"

TRACE::2025-04-09.14:09:22::SCWMssOS::"Running Make libs in psu_cortexa53_0/libsrc/ttcps_v3_18/src"

TRACE::2025-04-09.14:09:22::SCWMssOS::make -C psu_cortexa53_0/libsrc/ttcps_v3_18/src -s libs  "SHELL=CMD" "COMPILER=aarch64-none-elf-gcc" "ASSEMBLER=aarch64-none-elf
TRACE::2025-04-09.14:09:22::SCWMssOS::-as" "ARCHIVER=aarch64-none-elf-ar" "COMPILER_FLAGS=  -O2 -c" "EXTRA_COMPILER_FLAGS=-g -Wall -Wextra -fno-tree-loop-distribute-
TRACE::2025-04-09.14:09:22::SCWMssOS::patterns"

TRACE::2025-04-09.14:09:22::SCWMssOS::"Running Make libs in psu_cortexa53_0/libsrc/uartps_v3_13/src"

TRACE::2025-04-09.14:09:22::SCWMssOS::make -C psu_cortexa53_0/libsrc/uartps_v3_13/src -s libs  "SHELL=CMD" "COMPILER=aarch64-none-elf-gcc" "ASSEMBLER=aarch64-none-el
TRACE::2025-04-09.14:09:22::SCWMssOS::f-as" "ARCHIVER=aarch64-none-elf-ar" "COMPILER_FLAGS=  -O2 -c" "EXTRA_COMPILER_FLAGS=-g -Wall -Wextra -fno-tree-loop-distribute
TRACE::2025-04-09.14:09:22::SCWMssOS::-patterns"

TRACE::2025-04-09.14:09:22::SCWMssOS::"Running Make libs in psu_cortexa53_0/libsrc/wdtps_v3_6/src"

TRACE::2025-04-09.14:09:22::SCWMssOS::make -C psu_cortexa53_0/libsrc/wdtps_v3_6/src -s libs  "SHELL=CMD" "COMPILER=aarch64-none-elf-gcc" "ASSEMBLER=aarch64-none-elf-
TRACE::2025-04-09.14:09:22::SCWMssOS::as" "ARCHIVER=aarch64-none-elf-ar" "COMPILER_FLAGS=  -O2 -c" "EXTRA_COMPILER_FLAGS=-g -Wall -Wextra -fno-tree-loop-distribute-p
TRACE::2025-04-09.14:09:22::SCWMssOS::atterns"

TRACE::2025-04-09.14:09:23::SCWMssOS::"Running Make libs in psu_cortexa53_0/libsrc/zdma_v1_17/src"

TRACE::2025-04-09.14:09:23::SCWMssOS::make -C psu_cortexa53_0/libsrc/zdma_v1_17/src -s libs  "SHELL=CMD" "COMPILER=aarch64-none-elf-gcc" "ASSEMBLER=aarch64-none-elf-
TRACE::2025-04-09.14:09:23::SCWMssOS::as" "ARCHIVER=aarch64-none-elf-ar" "COMPILER_FLAGS=  -O2 -c" "EXTRA_COMPILER_FLAGS=-g -Wall -Wextra -fno-tree-loop-distribute-p
TRACE::2025-04-09.14:09:23::SCWMssOS::atterns"

TRACE::2025-04-09.14:09:25::SCWMssOS::'Finished building libraries parallelly.'

TRACE::2025-04-09.14:09:25::SCWMssOS::make --no-print-directory archive

TRACE::2025-04-09.14:09:25::SCWMssOS::aarch64-none-elf-ar -r  psu_cortexa53_0/lib/libxil.a psu_cortexa53_0/lib/_exit.o psu_cortexa53_0/lib/_open.o psu_cortexa53_0/li
TRACE::2025-04-09.14:09:25::SCWMssOS::b/_sbrk.o psu_cortexa53_0/lib/abort.o psu_cortexa53_0/lib/asm_vectors.o psu_cortexa53_0/lib/boot.o psu_cortexa53_0/lib/close.o 
TRACE::2025-04-09.14:09:25::SCWMssOS::psu_cortexa53_0/lib/cpputest_time.o psu_cortexa53_0/lib/errno.o psu_cortexa53_0/lib/fcntl.o psu_cortexa53_0/lib/fstat.o psu_cor
TRACE::2025-04-09.14:09:25::SCWMssOS::texa53_0/lib/getentropy.o psu_cortexa53_0/lib/getpid.o psu_cortexa53_0/lib/inbyte.o psu_cortexa53_0/lib/initialise_monitor_hand
TRACE::2025-04-09.14:09:25::SCWMssOS::les.o psu_cortexa53_0/lib/isatty.o psu_cortexa53_0/lib/kill.o psu_cortexa53_0/lib/lseek.o psu_cortexa53_0/lib/open.o psu_cortex
TRACE::2025-04-09.14:09:25::SCWMssOS::a53_0/lib/outbyte.o psu_cortexa53_0/lib/print.o psu_cortexa53_0/lib/putnum.o psu_cortexa53_0/lib/read.o psu_cortexa53_0/lib/sbr
TRACE::2025-04-09.14:09:25::SCWMssOS::k.o psu_cortexa53_0/lib/sleep.o psu_cortexa53_0/lib/time.o psu_cortexa53_0/lib/translation_table.o psu_cortexa53_0/lib/unlink.o
TRACE::2025-04-09.14:09:25::SCWMssOS:: psu_cortexa53_0/lib/vectors.o psu_cortexa53_0/lib/write.o psu_cortexa53_0/lib/xaxipmon.o psu_cortexa53_0/lib/xaxipmon_g.o psu_
TRACE::2025-04-09.14:09:25::SCWMssOS::cortexa53_0/lib/xaxipmon_selftest.o psu_cortexa53_0/lib/xaxipmon_sinit.o psu_cortexa53_0/lib/xclockps.o psu_cortexa53_0/lib/xcl
TRACE::2025-04-09.14:09:25::SCWMssOS::ockps_divider.o psu_cortexa53_0/lib/xclockps_fixedfactor.o psu_cortexa53_0/lib/xclockps_g.o psu_cortexa53_0/lib/xclockps_gate.o
TRACE::2025-04-09.14:09:25::SCWMssOS:: psu_cortexa53_0/lib/xclockps_mux.o psu_cortexa53_0/lib/xclockps_pll.o psu_cortexa53_0/lib/xclockps_sinit.o psu_cortexa53_0/lib
TRACE::2025-04-09.14:09:25::SCWMssOS::/xcoresightpsdcc.o psu_cortexa53_0/lib/xcsudma.o psu_cortexa53_0/lib/xcsudma_g.o psu_cortexa53_0/lib/xcsudma_intr.o psu_cortexa
TRACE::2025-04-09.14:09:25::SCWMssOS::53_0/lib/xcsudma_selftest.o psu_cortexa53_0/lib/xcsudma_sinit.o psu_cortexa53_0/lib/xddrcpsu.o psu_cortexa53_0/lib/xddrcpsu_sin
TRACE::2025-04-09.14:09:25::SCWMssOS::it.o psu_cortexa53_0/lib/xgpiops.o psu_cortexa53_0/lib/xgpiops_g.o psu_cortexa53_0/lib/xgpiops_hw.o psu_cortexa53_0/lib/xgpiops
TRACE::2025-04-09.14:09:25::SCWMssOS::_intr.o psu_cortexa53_0/lib/xgpiops_selftest.o psu_cortexa53_0/lib/xgpiops_sinit.o psu_cortexa53_0/lib/xiicps.o psu_cortexa53_0
TRACE::2025-04-09.14:09:25::SCWMssOS::/lib/xiicps_g.o psu_cortexa53_0/lib/xiicps_hw.o psu_cortexa53_0/lib/xiicps_intr.o psu_cortexa53_0/lib/xiicps_master.o psu_corte
TRACE::2025-04-09.14:09:25::SCWMssOS::xa53_0/lib/xiicps_options.o psu_cortexa53_0/lib/xiicps_selftest.o psu_cortexa53_0/lib/xiicps_sinit.o psu_cortexa53_0/lib/xiicps
TRACE::2025-04-09.14:09:25::SCWMssOS::_slave.o psu_cortexa53_0/lib/xiicps_xfer.o psu_cortexa53_0/lib/xil-crt0.o psu_cortexa53_0/lib/xil_assert.o psu_cortexa53_0/lib/
TRACE::2025-04-09.14:09:25::SCWMssOS::xil_cache.o psu_cortexa53_0/lib/xil_clocking.o psu_cortexa53_0/lib/xil_exception.o psu_cortexa53_0/lib/xil_mem.o psu_cortexa53_
TRACE::2025-04-09.14:09:25::SCWMssOS::0/lib/xil_mmu.o psu_cortexa53_0/lib/xil_printf.o psu_cortexa53_0/lib/xil_sleepcommon.o psu_cortexa53_0/lib/xil_sleeptimer.o psu
TRACE::2025-04-09.14:09:25::SCWMssOS::_cortexa53_0/lib/xil_smc.o psu_cortexa53_0/lib/xil_spinlock.o psu_cortexa53_0/lib/xil_testcache.o psu_cortexa53_0/lib/xil_testi
TRACE::2025-04-09.14:09:25::SCWMssOS::o.o psu_cortexa53_0/lib/xil_testmem.o psu_cortexa53_0/lib/xil_util.o psu_cortexa53_0/lib/xinterrupt_wrap.o psu_cortexa53_0/lib/
TRACE::2025-04-09.14:09:25::SCWMssOS::xipipsu.o psu_cortexa53_0/lib/xipipsu_buf.o psu_cortexa53_0/lib/xipipsu_g.o psu_cortexa53_0/lib/xipipsu_helper.o psu_cortexa53_
TRACE::2025-04-09.14:09:25::SCWMssOS::0/lib/xipipsu_sinit.o psu_cortexa53_0/lib/xllfifo.o psu_cortexa53_0/lib/xllfifo_g.o psu_cortexa53_0/lib/xllfifo_sinit.o psu_cor
TRACE::2025-04-09.14:09:25::SCWMssOS::texa53_0/lib/xplatform_info.o psu_cortexa53_0/lib/xpm_counter.o psu_cortexa53_0/lib/xpm_init.o psu_cortexa53_0/lib/xqspipsu.o p
TRACE::2025-04-09.14:09:25::SCWMssOS::su_cortexa53_0/lib/xqspipsu_control.o psu_cortexa53_0/lib/xqspipsu_g.o psu_cortexa53_0/lib/xqspipsu_hw.o psu_cortexa53_0/lib/xq
TRACE::2025-04-09.14:09:25::SCWMssOS::spipsu_options.o psu_cortexa53_0/lib/xqspipsu_sinit.o psu_cortexa53_0/lib/xqspipsu_xfer.o psu_cortexa53_0/lib/xresetps.o psu_co
TRACE::2025-04-09.14:09:25::SCWMssOS::rtexa53_0/lib/xresetps_g.o psu_cortexa53_0/lib/xresetps_sinit.o psu_cortexa53_0/lib/xrtcpsu.o psu_cortexa53_0/lib/xrtcpsu_g.o p
TRACE::2025-04-09.14:09:25::SCWMssOS::su_cortexa53_0/lib/xrtcpsu_intr.o psu_cortexa53_0/lib/xrtcpsu_selftest.o psu_cortexa53_0/lib/xrtcpsu_sinit.o psu_cortexa53_0/li
TRACE::2025-04-09.14:09:25::SCWMssOS::b/xscugic.o psu_cortexa53_0/lib/xscugic_g.o psu_cortexa53_0/lib/xscugic_hw.o psu_cortexa53_0/lib/xscugic_intr.o psu_cortexa53_0
TRACE::2025-04-09.14:09:25::SCWMssOS::/lib/xscugic_selftest.o psu_cortexa53_0/lib/xscugic_sinit.o psu_cortexa53_0/lib/xspips.o psu_cortexa53_0/lib/xspips_g.o psu_cor
TRACE::2025-04-09.14:09:25::SCWMssOS::texa53_0/lib/xspips_hw.o psu_cortexa53_0/lib/xspips_options.o psu_cortexa53_0/lib/xspips_selftest.o psu_cortexa53_0/lib/xspips_
TRACE::2025-04-09.14:09:25::SCWMssOS::sinit.o psu_cortexa53_0/lib/xstreamer.o psu_cortexa53_0/lib/xsysmonpsu.o psu_cortexa53_0/lib/xsysmonpsu_g.o psu_cortexa53_0/lib
TRACE::2025-04-09.14:09:25::SCWMssOS::/xsysmonpsu_intr.o psu_cortexa53_0/lib/xsysmonpsu_selftest.o psu_cortexa53_0/lib/xsysmonpsu_sinit.o psu_cortexa53_0/lib/xtime_l
TRACE::2025-04-09.14:09:25::SCWMssOS::.o psu_cortexa53_0/lib/xtmrctr.o psu_cortexa53_0/lib/xtmrctr_g.o psu_cortexa53_0/lib/xtmrctr_intr.o psu_cortexa53_0/lib/xtmrctr
TRACE::2025-04-09.14:09:25::SCWMssOS::_l.o psu_cortexa53_0/lib/xtmrctr_options.o psu_cortexa53_0/lib/xtmrctr_selftest.o psu_cortexa53_0/lib/xtmrctr_sinit.o psu_corte
TRACE::2025-04-09.14:09:25::SCWMssOS::xa53_0/lib/xtmrctr_stats.o psu_cortexa53_0/lib/xttcps.o psu_cortexa53_0/lib/xttcps_g.o psu_cortexa53_0/lib/xttcps_options.o psu
TRACE::2025-04-09.14:09:25::SCWMssOS::_cortexa53_0/lib/xttcps_selftest.o psu_cortexa53_0/lib/xttcps_sinit.o psu_cortexa53_0/lib/xuartps.o psu_cortexa53_0/lib/xuartps
TRACE::2025-04-09.14:09:25::SCWMssOS::_g.o psu_cortexa53_0/lib/xuartps_hw.o psu_cortexa53_0/lib/xuartps_intr.o psu_cortexa53_0/lib/xuartps_options.o psu_cortexa53_0/
TRACE::2025-04-09.14:09:25::SCWMssOS::lib/xuartps_selftest.o psu_cortexa53_0/lib/xuartps_sinit.o psu_cortexa53_0/lib/xwdtps.o psu_cortexa53_0/lib/xwdtps_g.o psu_cort
TRACE::2025-04-09.14:09:25::SCWMssOS::exa53_0/lib/xwdtps_selftest.o psu_cortexa53_0/lib/xwdtps_sinit.o psu_cortexa53_0/lib/xzdma.o psu_cortexa53_0/lib/xzdma_g.o psu_
TRACE::2025-04-09.14:09:25::SCWMssOS::cortexa53_0/lib/xzdma_intr.o psu_cortexa53_0/lib/xzdma_selftest.o psu_cortexa53_0/lib/xzdma_sinit.o

TRACE::2025-04-09.14:09:25::SCWMssOS::'Finished building libraries'

TRACE::2025-04-09.14:09:25::SCWMssOS::Copying to export directory.
TRACE::2025-04-09.14:09:26::SCWMssOS:: Checking if to create the Supporting Applications
TRACE::2025-04-09.14:09:26::SCWMssOS:: No Linux domain exists, trying to generate FSBL 
LOG::2025-04-09.14:09:26::SCWSystem::Completed Processing the domain standalone_domain
LOG::2025-04-09.14:09:26::SCWSystem::Completed Processing the sysconfig MLP_NN_Platform_Project_HDL_HLS_v1
LOG::2025-04-09.14:09:26::SCWPlatform::Completed generating the artifacts for system configuration MLP_NN_Platform_Project_HDL_HLS_v1
TRACE::2025-04-09.14:09:26::SCWPlatform::Started preparing the platform 
TRACE::2025-04-09.14:09:26::SCWSystem::Writing the bif file for system config MLP_NN_Platform_Project_HDL_HLS_v1
TRACE::2025-04-09.14:09:26::SCWSystem::dir created 
TRACE::2025-04-09.14:09:26::SCWSystem::Writing the bif 
TRACE::2025-04-09.14:09:26::SCWPlatform::Started writing the spfm file 
TRACE::2025-04-09.14:09:26::SCWPlatform::Started writing the xpfm file 
TRACE::2025-04-09.14:09:26::SCWPlatform::Completed generating the platform
TRACE::2025-04-09.14:09:26::SCWMssOS::Saving the mss changes C:/Users/sunil/VivadoProjects/EE4218Labs/Project/MLP_NN_Platform_Project_HDL_HLS_v1/zynqmp_fsbl/zynqmp_fsbl_bsp/system.mss
TRACE::2025-04-09.14:09:26::SCWMssOS::Found a swdesign opened with the mssfile.
TRACE::2025-04-09.14:09:26::SCWMssOS::Completed writemss as part of save.
TRACE::2025-04-09.14:09:26::SCWMssOS::Commit changes completed.
TRACE::2025-04-09.14:09:26::SCWMssOS::Saving the mss changes C:/Users/sunil/VivadoProjects/EE4218Labs/Project/MLP_NN_Platform_Project_HDL_HLS_v1/zynqmp_pmufw/zynqmp_pmufw_bsp/system.mss
TRACE::2025-04-09.14:09:26::SCWMssOS::Found a swdesign opened with the mssfile.
TRACE::2025-04-09.14:09:26::SCWMssOS::Completed writemss as part of save.
TRACE::2025-04-09.14:09:26::SCWMssOS::Commit changes completed.
TRACE::2025-04-09.14:09:26::SCWMssOS::Saving the mss changes C:/Users/sunil/VivadoProjects/EE4218Labs/Project/MLP_NN_Platform_Project_HDL_HLS_v1/psu_cortexa53_0/standalone_domain/bsp/system.mss
TRACE::2025-04-09.14:09:26::SCWMssOS::Found a swdesign opened with the mssfile.
TRACE::2025-04-09.14:09:26::SCWMssOS::Completed writemss as part of save.
TRACE::2025-04-09.14:09:26::SCWMssOS::Commit changes completed.
TRACE::2025-04-09.14:09:26::SCWPlatform::Trying to open the hw design at C:/Users/sunil/VivadoProjects/EE4218Labs/Project/MLP_NN_Platform_Project_HDL_HLS_v1/hw/MLP_NN_HDL_HLS_v1.xsa
TRACE::2025-04-09.14:09:26::SCWPlatform::DSA given C:/Users/sunil/VivadoProjects/EE4218Labs/Project/MLP_NN_Platform_Project_HDL_HLS_v1/hw/MLP_NN_HDL_HLS_v1.xsa
TRACE::2025-04-09.14:09:26::SCWPlatform::DSA absoulate path C:/Users/sunil/VivadoProjects/EE4218Labs/Project/MLP_NN_Platform_Project_HDL_HLS_v1/hw/MLP_NN_HDL_HLS_v1.xsa
TRACE::2025-04-09.14:09:26::SCWPlatform::DSA directory C:/Users/sunil/VivadoProjects/EE4218Labs/Project/MLP_NN_Platform_Project_HDL_HLS_v1/hw
TRACE::2025-04-09.14:09:26::SCWPlatform:: Platform Path C:/Users/sunil/VivadoProjects/EE4218Labs/Project/MLP_NN_Platform_Project_HDL_HLS_v1/hw/MLP_NN_HDL_HLS_v1.xsa
TRACE::2025-04-09.14:09:26::SCWPlatform:: Unique name xilinx:kv260_som::0.0
TRACE::2025-04-09.14:09:26::SCWPlatform::Trying to set the existing hwdb with name design_1_wrapper_2
TRACE::2025-04-09.14:09:26::SCWPlatform::Opened existing hwdb design_1_wrapper_2
TRACE::2025-04-09.14:09:26::SCWPlatform::Found the Hw Db part of the input DSA
TRACE::2025-04-09.14:09:26::SCWMssOS::Checking the sw design at  C:/Users/sunil/VivadoProjects/EE4218Labs/Project/MLP_NN_Platform_Project_HDL_HLS_v1/zynqmp_fsbl/zynqmp_fsbl_bsp/system.mss
TRACE::2025-04-09.14:09:26::SCWMssOS::DEBUG:  swdes dump  C:/Users/sunil/VivadoProjects/EE4218Labs/Project/MLP_NN_Platform_Project_HDL_HLS_v1/psu_cortexa53_0/standalone_domain/bsp/system.mss|system_1||
C:/Users/sunil/VivadoProjects/EE4218Labs/Project/MLP_NN_Platform_Project_HDL_HLS_v1/zynqmp_fsbl/zynqmp_fsbl_bsp/system.mss|system||
C:/Users/sunil/VivadoProjects/EE4218Labs/Project/MLP_NN_Platform_Project_HDL_HLS_v1/zynqmp_pmufw/zynqmp_pmufw_bsp/system.mss|system_0||

TRACE::2025-04-09.14:09:26::SCWMssOS::Sw design exists and opened at  C:/Users/sunil/VivadoProjects/EE4218Labs/Project/MLP_NN_Platform_Project_HDL_HLS_v1/zynqmp_fsbl/zynqmp_fsbl_bsp/system.mss
TRACE::2025-04-09.14:09:26::SCWPlatform::Trying to open the hw design at C:/Users/sunil/VivadoProjects/EE4218Labs/Project/MLP_NN_Platform_Project_HDL_HLS_v1/hw/MLP_NN_HDL_HLS_v1.xsa
TRACE::2025-04-09.14:09:26::SCWPlatform::DSA given C:/Users/sunil/VivadoProjects/EE4218Labs/Project/MLP_NN_Platform_Project_HDL_HLS_v1/hw/MLP_NN_HDL_HLS_v1.xsa
TRACE::2025-04-09.14:09:26::SCWPlatform::DSA absoulate path C:/Users/sunil/VivadoProjects/EE4218Labs/Project/MLP_NN_Platform_Project_HDL_HLS_v1/hw/MLP_NN_HDL_HLS_v1.xsa
TRACE::2025-04-09.14:09:26::SCWPlatform::DSA directory C:/Users/sunil/VivadoProjects/EE4218Labs/Project/MLP_NN_Platform_Project_HDL_HLS_v1/hw
TRACE::2025-04-09.14:09:26::SCWPlatform:: Platform Path C:/Users/sunil/VivadoProjects/EE4218Labs/Project/MLP_NN_Platform_Project_HDL_HLS_v1/hw/MLP_NN_HDL_HLS_v1.xsa
TRACE::2025-04-09.14:09:26::SCWPlatform:: Unique name xilinx:kv260_som::0.0
TRACE::2025-04-09.14:09:26::SCWPlatform::Trying to set the existing hwdb with name design_1_wrapper_2
TRACE::2025-04-09.14:09:26::SCWPlatform::Opened existing hwdb design_1_wrapper_2
TRACE::2025-04-09.14:09:26::SCWPlatform::Found the Hw Db part of the input DSA
TRACE::2025-04-09.14:09:26::SCWMssOS::Checking the sw design at  C:/Users/sunil/VivadoProjects/EE4218Labs/Project/MLP_NN_Platform_Project_HDL_HLS_v1/zynqmp_pmufw/zynqmp_pmufw_bsp/system.mss
TRACE::2025-04-09.14:09:26::SCWMssOS::DEBUG:  swdes dump  C:/Users/sunil/VivadoProjects/EE4218Labs/Project/MLP_NN_Platform_Project_HDL_HLS_v1/psu_cortexa53_0/standalone_domain/bsp/system.mss|system_1||
C:/Users/sunil/VivadoProjects/EE4218Labs/Project/MLP_NN_Platform_Project_HDL_HLS_v1/zynqmp_fsbl/zynqmp_fsbl_bsp/system.mss|system||
C:/Users/sunil/VivadoProjects/EE4218Labs/Project/MLP_NN_Platform_Project_HDL_HLS_v1/zynqmp_pmufw/zynqmp_pmufw_bsp/system.mss|system_0||

TRACE::2025-04-09.14:09:26::SCWMssOS::Sw design exists and opened at  C:/Users/sunil/VivadoProjects/EE4218Labs/Project/MLP_NN_Platform_Project_HDL_HLS_v1/zynqmp_pmufw/zynqmp_pmufw_bsp/system.mss
TRACE::2025-04-09.14:09:26::SCWPlatform::Trying to open the hw design at C:/Users/sunil/VivadoProjects/EE4218Labs/Project/MLP_NN_Platform_Project_HDL_HLS_v1/hw/MLP_NN_HDL_HLS_v1.xsa
TRACE::2025-04-09.14:09:26::SCWPlatform::DSA given C:/Users/sunil/VivadoProjects/EE4218Labs/Project/MLP_NN_Platform_Project_HDL_HLS_v1/hw/MLP_NN_HDL_HLS_v1.xsa
TRACE::2025-04-09.14:09:26::SCWPlatform::DSA absoulate path C:/Users/sunil/VivadoProjects/EE4218Labs/Project/MLP_NN_Platform_Project_HDL_HLS_v1/hw/MLP_NN_HDL_HLS_v1.xsa
TRACE::2025-04-09.14:09:26::SCWPlatform::DSA directory C:/Users/sunil/VivadoProjects/EE4218Labs/Project/MLP_NN_Platform_Project_HDL_HLS_v1/hw
TRACE::2025-04-09.14:09:26::SCWPlatform:: Platform Path C:/Users/sunil/VivadoProjects/EE4218Labs/Project/MLP_NN_Platform_Project_HDL_HLS_v1/hw/MLP_NN_HDL_HLS_v1.xsa
TRACE::2025-04-09.14:09:26::SCWPlatform:: Unique name xilinx:kv260_som::0.0
TRACE::2025-04-09.14:09:26::SCWPlatform::Trying to set the existing hwdb with name design_1_wrapper_2
TRACE::2025-04-09.14:09:26::SCWPlatform::Opened existing hwdb design_1_wrapper_2
TRACE::2025-04-09.14:09:26::SCWPlatform::Found the Hw Db part of the input DSA
TRACE::2025-04-09.14:09:26::SCWMssOS::Checking the sw design at  C:/Users/sunil/VivadoProjects/EE4218Labs/Project/MLP_NN_Platform_Project_HDL_HLS_v1/psu_cortexa53_0/standalone_domain/bsp/system.mss
TRACE::2025-04-09.14:09:26::SCWMssOS::DEBUG:  swdes dump  C:/Users/sunil/VivadoProjects/EE4218Labs/Project/MLP_NN_Platform_Project_HDL_HLS_v1/psu_cortexa53_0/standalone_domain/bsp/system.mss|system_1||
C:/Users/sunil/VivadoProjects/EE4218Labs/Project/MLP_NN_Platform_Project_HDL_HLS_v1/zynqmp_fsbl/zynqmp_fsbl_bsp/system.mss|system||
C:/Users/sunil/VivadoProjects/EE4218Labs/Project/MLP_NN_Platform_Project_HDL_HLS_v1/zynqmp_pmufw/zynqmp_pmufw_bsp/system.mss|system_0||

TRACE::2025-04-09.14:09:26::SCWMssOS::Sw design exists and opened at  C:/Users/sunil/VivadoProjects/EE4218Labs/Project/MLP_NN_Platform_Project_HDL_HLS_v1/psu_cortexa53_0/standalone_domain/bsp/system.mss
TRACE::2025-04-09.14:09:26::SCWWriter::formatted JSON is {
	"platformName":	"MLP_NN_Platform_Project_HDL_HLS_v1",
	"sprVersion":	"2.0",
	"mode":	"gui",
	"dsaType":	"Fixed",
	"platformDesc":	"MLP_NN_Platform_Project_HDL_HLS_v1",
	"platHandOff":	"C:/Users/sunil/VivadoProjects/EE4218Labs/Project/MLP_NN_Project/MLP_NN_HDL_HLS_v1.xsa",
	"platIntHandOff":	"<platformDir>/hw/MLP_NN_HDL_HLS_v1.xsa",
	"deviceType":	"zynqMP",
	"platIsPrebuiltAutogen":	"false",
	"platIsNoBootBsp":	"false",
	"platFsblTarget":	"psu_cortexa53_0",
	"hasFsblMakeHasChanges":	"false",
	"hasPmufwMakeHasChanges":	"false",
	"fsblExtraCompilerFlags":	"-MMD -MP      -Wall -fmessage-length=0 -DARMA53_64 -Os -flto -ffat-lto-objects  ",
	"pmufwExtraCompilerFlags":	"-MMD -MP      -mlittle-endian -mxl-barrel-shift -mxl-pattern-compare -mcpu=v9.2 -mxl-soft-mul -Os -flto -ffat-lto-objects  ",
	"platPreBuiltFlag":	false,
	"platformSamplesDir":	"",
	"platActiveSys":	"MLP_NN_Platform_Project_HDL_HLS_v1",
	"systems":	[{
			"systemName":	"MLP_NN_Platform_Project_HDL_HLS_v1",
			"systemDesc":	"MLP_NN_Platform_Project_HDL_HLS_v1",
			"sysIsBootAutoGen":	"true",
			"systemDispName":	"MLP_NN_Platform_Project_HDL_HLS_v1",
			"sysActiveDom":	"standalone_domain",
			"sysDefaultDom":	"standalone_domain",
			"domains":	[{
					"domainName":	"zynqmp_fsbl",
					"domainDispName":	"zynqmp_fsbl",
					"domainDesc":	"FSBL Application BSP - Auto Generated.",
					"processors":	"psu_cortexa53_0",
					"os":	"standalone",
					"sdxOs":	"standalone",
					"debugEnable":	"",
					"domRuntimes":	["cpp"],
					"swRepo":	"",
					"mssOsVer":	"9.0",
					"mssFile":	"",
					"md5Digest":	"c7c8fa58e044570b55d2f2ba60dc3bc0",
					"compatibleApp":	"zynqmp_fsbl",
					"domType":	"bootDomain",
					"arch":	"64-bit",
					"appSettings":	{
						"appCompilerFlags":	"",
						"appLinkerFlags":	""
					},
					"addedLibs":	["xilffs:5.1", "xilsecure:5.2", "xilpm:5.1"],
					"libOptions":	{
						"standalone":	{
							"zynqmp_fsbl_bsp":	"true",
							"libOptionNames":	["zynqmp_fsbl_bsp"]
						},
						"xilffs":	{
							"read_only":	"true",
							"use_mkfs":	"false",
							"libOptionNames":	["read_only", "use_mkfs"]
						},
						"xilsecure":	{
							"tpm_support":	"true",
							"libOptionNames":	["tpm_support"]
						},
						"libsContainingOptions":	["standalone", "xilffs", "xilsecure"]
					},
					"prebuiltLibs":	{
						"prebuiltIncPath":	[],
						"prebuiltLibPath":	[]
					},
					"isolation":	{
					}
				}, {
					"domainName":	"zynqmp_pmufw",
					"domainDispName":	"zynqmp_pmufw",
					"domainDesc":	"PMUFW Application BSP - Auto Generated.",
					"processors":	"psu_pmu_0",
					"os":	"standalone",
					"sdxOs":	"standalone",
					"debugEnable":	"",
					"domRuntimes":	["cpp"],
					"swRepo":	"",
					"mssOsVer":	"9.0",
					"mssFile":	"",
					"md5Digest":	"e6544fc05bafd272b4bb018ad32ad28d",
					"compatibleApp":	"zynqmp_pmufw",
					"domType":	"bootDomain",
					"arch":	"32-bit",
					"appSettings":	{
						"appCompilerFlags":	"",
						"appLinkerFlags":	""
					},
					"addedLibs":	["xilfpga:6.5", "xilsecure:5.2", "xilskey:7.5"],
					"libOptions":	{
						"psu_pmu_0":	{
							"extra_compiler_flags":	"-g -ffunction-sections -fdata-sections -Wall -Wextra -fno-tree-loop-distribute-patterns  -Os -flto -ffat-lto-objects",
							"libOptionNames":	["extra_compiler_flags"]
						},
						"libsContainingOptions":	["psu_pmu_0"]
					},
					"prebuiltLibs":	{
						"prebuiltIncPath":	[],
						"prebuiltLibPath":	[]
					},
					"isolation":	{
					}
				}, {
					"domainName":	"standalone_domain",
					"domainDispName":	"standalone on psu_cortexa53_0",
					"domainDesc":	"standalone_domain",
					"processors":	"psu_cortexa53_0",
					"os":	"standalone",
					"sdxOs":	"standalone",
					"qemuArgs":	"<platformDir>/resources/MLP_NN_Platform_Project_HDL_HLS_v1/standalone_domain/qemu_args.txt",
					"qemuData":	"<platformDir>/resources/MLP_NN_Platform_Project_HDL_HLS_v1/standalone_domain/qemu",
					"pmuQemuArgs":	"<platformDir>/resources/MLP_NN_Platform_Project_HDL_HLS_v1/standalone_domain/pmu_args.txt",
					"debugEnable":	"False",
					"domRuntimes":	["cpp"],
					"swRepo":	"",
					"mssOsVer":	"9.0",
					"mssFile":	"",
					"md5Digest":	"e970e3844aeffe5da67223332ff51269",
					"compatibleApp":	"",
					"domType":	"mssDomain",
					"arch":	"64-bit",
					"appSettings":	{
						"appCompilerFlags":	"",
						"appLinkerFlags":	""
					},
					"addedLibs":	[],
					"libOptions":	{
						"libsContainingOptions":	[]
					},
					"prebuiltLibs":	{
						"prebuiltIncPath":	[],
						"prebuiltLibPath":	[]
					},
					"isolation":	{
					}
				}]
		}]
}
KEYINFO::2025-04-09.14:09:26::SCWPlatform::updated the xpfm file.
TRACE::2025-04-09.14:09:26::SCWPlatform::Trying to open the hw design at C:/Users/sunil/VivadoProjects/EE4218Labs/Project/MLP_NN_Platform_Project_HDL_HLS_v1/hw/MLP_NN_HDL_HLS_v1.xsa
TRACE::2025-04-09.14:09:26::SCWPlatform::DSA given C:/Users/sunil/VivadoProjects/EE4218Labs/Project/MLP_NN_Platform_Project_HDL_HLS_v1/hw/MLP_NN_HDL_HLS_v1.xsa
TRACE::2025-04-09.14:09:26::SCWPlatform::DSA absoulate path C:/Users/sunil/VivadoProjects/EE4218Labs/Project/MLP_NN_Platform_Project_HDL_HLS_v1/hw/MLP_NN_HDL_HLS_v1.xsa
TRACE::2025-04-09.14:09:26::SCWPlatform::DSA directory C:/Users/sunil/VivadoProjects/EE4218Labs/Project/MLP_NN_Platform_Project_HDL_HLS_v1/hw
TRACE::2025-04-09.14:09:26::SCWPlatform:: Platform Path C:/Users/sunil/VivadoProjects/EE4218Labs/Project/MLP_NN_Platform_Project_HDL_HLS_v1/hw/MLP_NN_HDL_HLS_v1.xsa
TRACE::2025-04-09.14:09:26::SCWPlatform:: Unique name xilinx:kv260_som::0.0
TRACE::2025-04-09.14:09:26::SCWPlatform::Trying to set the existing hwdb with name design_1_wrapper_2
TRACE::2025-04-09.14:09:26::SCWPlatform::Opened existing hwdb design_1_wrapper_2
TRACE::2025-04-09.14:09:26::SCWPlatform::Found the Hw Db part of the input DSA
TRACE::2025-04-09.14:09:26::SCWMssOS::Checking the sw design at  C:/Users/sunil/VivadoProjects/EE4218Labs/Project/MLP_NN_Platform_Project_HDL_HLS_v1/psu_cortexa53_0/standalone_domain/bsp/system.mss
TRACE::2025-04-09.14:09:26::SCWMssOS::DEBUG:  swdes dump  C:/Users/sunil/VivadoProjects/EE4218Labs/Project/MLP_NN_Platform_Project_HDL_HLS_v1/psu_cortexa53_0/standalone_domain/bsp/system.mss|system_1||
C:/Users/sunil/VivadoProjects/EE4218Labs/Project/MLP_NN_Platform_Project_HDL_HLS_v1/zynqmp_fsbl/zynqmp_fsbl_bsp/system.mss|system||
C:/Users/sunil/VivadoProjects/EE4218Labs/Project/MLP_NN_Platform_Project_HDL_HLS_v1/zynqmp_pmufw/zynqmp_pmufw_bsp/system.mss|system_0||

TRACE::2025-04-09.14:09:26::SCWMssOS::Sw design exists and opened at  C:/Users/sunil/VivadoProjects/EE4218Labs/Project/MLP_NN_Platform_Project_HDL_HLS_v1/psu_cortexa53_0/standalone_domain/bsp/system.mss
TRACE::2025-04-09.17:56:53::SCWPlatform::Trying to open the hw design at C:/Users/sunil/VivadoProjects/EE4218Labs/Project/MLP_NN_Platform_Project_HDL_HLS_v1/hw/MLP_NN_HDL_HLS_v1.xsa
TRACE::2025-04-09.17:56:53::SCWPlatform::DSA given C:/Users/sunil/VivadoProjects/EE4218Labs/Project/MLP_NN_Platform_Project_HDL_HLS_v1/hw/MLP_NN_HDL_HLS_v1.xsa
TRACE::2025-04-09.17:56:53::SCWPlatform::DSA absoulate path C:/Users/sunil/VivadoProjects/EE4218Labs/Project/MLP_NN_Platform_Project_HDL_HLS_v1/hw/MLP_NN_HDL_HLS_v1.xsa
TRACE::2025-04-09.17:56:53::SCWPlatform::DSA directory C:/Users/sunil/VivadoProjects/EE4218Labs/Project/MLP_NN_Platform_Project_HDL_HLS_v1/hw
TRACE::2025-04-09.17:56:53::SCWPlatform:: Platform Path C:/Users/sunil/VivadoProjects/EE4218Labs/Project/MLP_NN_Platform_Project_HDL_HLS_v1/hw/MLP_NN_HDL_HLS_v1.xsa
TRACE::2025-04-09.17:56:53::SCWPlatform:: Unique name xilinx:kv260_som::0.0
TRACE::2025-04-09.17:56:53::SCWPlatform::Do not have an existing db opened. 
TRACE::2025-04-09.17:57:03::SCWPlatform::Opened new HwDB with name design_1_wrapper_2
TRACE::2025-04-09.17:57:03::SCWReader::Active system found as  MLP_NN_Platform_Project_HDL_HLS_v1
TRACE::2025-04-09.17:57:03::SCWReader::Handling sysconfig MLP_NN_Platform_Project_HDL_HLS_v1
TRACE::2025-04-09.17:57:03::SCWDomain::checking for install qemu data   : 
TRACE::2025-04-09.17:57:03::SCWDomain:: Using the QEMU Data from install at  : C:/Xilinx/Vitis/2023.2/data/emulation/platforms/zynqmp/sw/a53_standalone/qemu/
TRACE::2025-04-09.17:57:03::SCWDomain:: Using the QEMU args  from install at  : C:/Xilinx/Vitis/2023.2/data/emulation/platforms/zynqmp/sw/a53_standalone/qemu/qemu_args.txt
TRACE::2025-04-09.17:57:03::SCWDomain:: Using the PMUQEMU args from install at  : C:/Xilinx/Vitis/2023.2/data/emulation/platforms/zynqmp/sw/a53_standalone/qemu/pmu_args.txt
TRACE::2025-04-09.17:57:03::SCWPlatform::Trying to open the hw design at C:/Users/sunil/VivadoProjects/EE4218Labs/Project/MLP_NN_Platform_Project_HDL_HLS_v1/hw/MLP_NN_HDL_HLS_v1.xsa
TRACE::2025-04-09.17:57:03::SCWPlatform::DSA given C:/Users/sunil/VivadoProjects/EE4218Labs/Project/MLP_NN_Platform_Project_HDL_HLS_v1/hw/MLP_NN_HDL_HLS_v1.xsa
TRACE::2025-04-09.17:57:03::SCWPlatform::DSA absoulate path C:/Users/sunil/VivadoProjects/EE4218Labs/Project/MLP_NN_Platform_Project_HDL_HLS_v1/hw/MLP_NN_HDL_HLS_v1.xsa
TRACE::2025-04-09.17:57:03::SCWPlatform::DSA directory C:/Users/sunil/VivadoProjects/EE4218Labs/Project/MLP_NN_Platform_Project_HDL_HLS_v1/hw
TRACE::2025-04-09.17:57:03::SCWPlatform:: Platform Path C:/Users/sunil/VivadoProjects/EE4218Labs/Project/MLP_NN_Platform_Project_HDL_HLS_v1/hw/MLP_NN_HDL_HLS_v1.xsa
TRACE::2025-04-09.17:57:03::SCWPlatform:: Unique name xilinx:kv260_som::0.0
TRACE::2025-04-09.17:57:03::SCWPlatform::Trying to set the existing hwdb with name design_1_wrapper_2
TRACE::2025-04-09.17:57:03::SCWPlatform::Opened existing hwdb design_1_wrapper_2
TRACE::2025-04-09.17:57:03::SCWPlatform::Found the Hw Db part of the input DSA
TRACE::2025-04-09.17:57:03::SCWPlatform::Trying to open the hw design at C:/Users/sunil/VivadoProjects/EE4218Labs/Project/MLP_NN_Platform_Project_HDL_HLS_v1/hw/MLP_NN_HDL_HLS_v1.xsa
TRACE::2025-04-09.17:57:03::SCWPlatform::DSA given C:/Users/sunil/VivadoProjects/EE4218Labs/Project/MLP_NN_Platform_Project_HDL_HLS_v1/hw/MLP_NN_HDL_HLS_v1.xsa
TRACE::2025-04-09.17:57:03::SCWPlatform::DSA absoulate path C:/Users/sunil/VivadoProjects/EE4218Labs/Project/MLP_NN_Platform_Project_HDL_HLS_v1/hw/MLP_NN_HDL_HLS_v1.xsa
TRACE::2025-04-09.17:57:03::SCWPlatform::DSA directory C:/Users/sunil/VivadoProjects/EE4218Labs/Project/MLP_NN_Platform_Project_HDL_HLS_v1/hw
TRACE::2025-04-09.17:57:03::SCWPlatform:: Platform Path C:/Users/sunil/VivadoProjects/EE4218Labs/Project/MLP_NN_Platform_Project_HDL_HLS_v1/hw/MLP_NN_HDL_HLS_v1.xsa
TRACE::2025-04-09.17:57:03::SCWPlatform:: Unique name xilinx:kv260_som::0.0
TRACE::2025-04-09.17:57:03::SCWPlatform::Trying to set the existing hwdb with name design_1_wrapper_2
TRACE::2025-04-09.17:57:03::SCWPlatform::Opened existing hwdb design_1_wrapper_2
TRACE::2025-04-09.17:57:03::SCWPlatform::Found the Hw Db part of the input DSA
TRACE::2025-04-09.17:57:03::SCWPlatform::Trying to open the hw design at C:/Users/sunil/VivadoProjects/EE4218Labs/Project/MLP_NN_Platform_Project_HDL_HLS_v1/hw/MLP_NN_HDL_HLS_v1.xsa
TRACE::2025-04-09.17:57:03::SCWPlatform::DSA given C:/Users/sunil/VivadoProjects/EE4218Labs/Project/MLP_NN_Platform_Project_HDL_HLS_v1/hw/MLP_NN_HDL_HLS_v1.xsa
TRACE::2025-04-09.17:57:03::SCWPlatform::DSA absoulate path C:/Users/sunil/VivadoProjects/EE4218Labs/Project/MLP_NN_Platform_Project_HDL_HLS_v1/hw/MLP_NN_HDL_HLS_v1.xsa
TRACE::2025-04-09.17:57:03::SCWPlatform::DSA directory C:/Users/sunil/VivadoProjects/EE4218Labs/Project/MLP_NN_Platform_Project_HDL_HLS_v1/hw
TRACE::2025-04-09.17:57:03::SCWPlatform:: Platform Path C:/Users/sunil/VivadoProjects/EE4218Labs/Project/MLP_NN_Platform_Project_HDL_HLS_v1/hw/MLP_NN_HDL_HLS_v1.xsa
TRACE::2025-04-09.17:57:03::SCWPlatform:: Unique name xilinx:kv260_som::0.0
TRACE::2025-04-09.17:57:03::SCWPlatform::Trying to set the existing hwdb with name design_1_wrapper_2
TRACE::2025-04-09.17:57:03::SCWPlatform::Opened existing hwdb design_1_wrapper_2
TRACE::2025-04-09.17:57:03::SCWPlatform::Found the Hw Db part of the input DSA
TRACE::2025-04-09.17:57:03::SCWReader::Boot application domain added for zynqmp_fsbl
TRACE::2025-04-09.17:57:03::SCWPlatform::Trying to open the hw design at C:/Users/sunil/VivadoProjects/EE4218Labs/Project/MLP_NN_Platform_Project_HDL_HLS_v1/hw/MLP_NN_HDL_HLS_v1.xsa
TRACE::2025-04-09.17:57:03::SCWPlatform::DSA given C:/Users/sunil/VivadoProjects/EE4218Labs/Project/MLP_NN_Platform_Project_HDL_HLS_v1/hw/MLP_NN_HDL_HLS_v1.xsa
TRACE::2025-04-09.17:57:03::SCWPlatform::DSA absoulate path C:/Users/sunil/VivadoProjects/EE4218Labs/Project/MLP_NN_Platform_Project_HDL_HLS_v1/hw/MLP_NN_HDL_HLS_v1.xsa
TRACE::2025-04-09.17:57:03::SCWPlatform::DSA directory C:/Users/sunil/VivadoProjects/EE4218Labs/Project/MLP_NN_Platform_Project_HDL_HLS_v1/hw
TRACE::2025-04-09.17:57:03::SCWPlatform:: Platform Path C:/Users/sunil/VivadoProjects/EE4218Labs/Project/MLP_NN_Platform_Project_HDL_HLS_v1/hw/MLP_NN_HDL_HLS_v1.xsa
TRACE::2025-04-09.17:57:03::SCWPlatform:: Unique name xilinx:kv260_som::0.0
TRACE::2025-04-09.17:57:03::SCWPlatform::Trying to set the existing hwdb with name design_1_wrapper_2
TRACE::2025-04-09.17:57:03::SCWPlatform::Opened existing hwdb design_1_wrapper_2
TRACE::2025-04-09.17:57:03::SCWPlatform::Found the Hw Db part of the input DSA
TRACE::2025-04-09.17:57:03::SCWMssOS::Checking the sw design at  C:/Users/sunil/VivadoProjects/EE4218Labs/Project/MLP_NN_Platform_Project_HDL_HLS_v1/zynqmp_fsbl/zynqmp_fsbl_bsp/system.mss
TRACE::2025-04-09.17:57:03::SCWMssOS::DEBUG:  swdes dump  C:/Users/sunil/VivadoProjects/EE4218Labs/Project/MLP_NN_HDL_HLS_v2/psu_cortexa53_0/standalone_domain/bsp/system.mss|system_1||
C:/Users/sunil/VivadoProjects/EE4218Labs/Project/MLP_NN_HDL_HLS_v2/zynqmp_fsbl/zynqmp_fsbl_bsp/system.mss|system||
C:/Users/sunil/VivadoProjects/EE4218Labs/Project/MLP_NN_HDL_HLS_v2/zynqmp_pmufw/zynqmp_pmufw_bsp/system.mss|system_0||

TRACE::2025-04-09.17:57:03::SCWMssOS::No sw design opened at  C:/Users/sunil/VivadoProjects/EE4218Labs/Project/MLP_NN_Platform_Project_HDL_HLS_v1/zynqmp_fsbl/zynqmp_fsbl_bsp/system.mss
TRACE::2025-04-09.17:57:03::SCWMssOS::mss exists loading the mss file  C:/Users/sunil/VivadoProjects/EE4218Labs/Project/MLP_NN_Platform_Project_HDL_HLS_v1/zynqmp_fsbl/zynqmp_fsbl_bsp/system.mss
TRACE::2025-04-09.17:57:03::SCWMssOS::Opened the sw design from mss  C:/Users/sunil/VivadoProjects/EE4218Labs/Project/MLP_NN_Platform_Project_HDL_HLS_v1/zynqmp_fsbl/zynqmp_fsbl_bsp/system.mss
TRACE::2025-04-09.17:57:03::SCWMssOS::Adding the swdes entry C:/Users/sunil/VivadoProjects/EE4218Labs/Project/MLP_NN_Platform_Project_HDL_HLS_v1/zynqmp_fsbl/zynqmp_fsbl_bsp/system.mss with des name system_2
TRACE::2025-04-09.17:57:03::SCWMssOS::updating the scw layer about changes
TRACE::2025-04-09.17:57:03::SCWMssOS::Opened the sw design.  C:/Users/sunil/VivadoProjects/EE4218Labs/Project/MLP_NN_Platform_Project_HDL_HLS_v1/zynqmp_fsbl/zynqmp_fsbl_bsp/system.mss
TRACE::2025-04-09.17:57:03::SCWPlatform::Trying to open the hw design at C:/Users/sunil/VivadoProjects/EE4218Labs/Project/MLP_NN_Platform_Project_HDL_HLS_v1/hw/MLP_NN_HDL_HLS_v1.xsa
TRACE::2025-04-09.17:57:03::SCWPlatform::DSA given C:/Users/sunil/VivadoProjects/EE4218Labs/Project/MLP_NN_Platform_Project_HDL_HLS_v1/hw/MLP_NN_HDL_HLS_v1.xsa
TRACE::2025-04-09.17:57:03::SCWPlatform::DSA absoulate path C:/Users/sunil/VivadoProjects/EE4218Labs/Project/MLP_NN_Platform_Project_HDL_HLS_v1/hw/MLP_NN_HDL_HLS_v1.xsa
TRACE::2025-04-09.17:57:03::SCWPlatform::DSA directory C:/Users/sunil/VivadoProjects/EE4218Labs/Project/MLP_NN_Platform_Project_HDL_HLS_v1/hw
TRACE::2025-04-09.17:57:03::SCWPlatform:: Platform Path C:/Users/sunil/VivadoProjects/EE4218Labs/Project/MLP_NN_Platform_Project_HDL_HLS_v1/hw/MLP_NN_HDL_HLS_v1.xsa
TRACE::2025-04-09.17:57:03::SCWPlatform:: Unique name xilinx:kv260_som::0.0
TRACE::2025-04-09.17:57:03::SCWPlatform::Trying to set the existing hwdb with name design_1_wrapper_2
TRACE::2025-04-09.17:57:03::SCWPlatform::Opened existing hwdb design_1_wrapper_2
TRACE::2025-04-09.17:57:03::SCWPlatform::Found the Hw Db part of the input DSA
TRACE::2025-04-09.17:57:03::SCWMssOS::Checking the sw design at  C:/Users/sunil/VivadoProjects/EE4218Labs/Project/MLP_NN_Platform_Project_HDL_HLS_v1/zynqmp_fsbl/zynqmp_fsbl_bsp/system.mss
TRACE::2025-04-09.17:57:03::SCWMssOS::DEBUG:  swdes dump  C:/Users/sunil/VivadoProjects/EE4218Labs/Project/MLP_NN_HDL_HLS_v2/psu_cortexa53_0/standalone_domain/bsp/system.mss|system_1||
C:/Users/sunil/VivadoProjects/EE4218Labs/Project/MLP_NN_HDL_HLS_v2/zynqmp_fsbl/zynqmp_fsbl_bsp/system.mss|system||
C:/Users/sunil/VivadoProjects/EE4218Labs/Project/MLP_NN_HDL_HLS_v2/zynqmp_pmufw/zynqmp_pmufw_bsp/system.mss|system_0||
C:/Users/sunil/VivadoProjects/EE4218Labs/Project/MLP_NN_Platform_Project_HDL_HLS_v1/zynqmp_fsbl/zynqmp_fsbl_bsp/system.mss|system_2||

TRACE::2025-04-09.17:57:03::SCWMssOS::Sw design exists and opened at  C:/Users/sunil/VivadoProjects/EE4218Labs/Project/MLP_NN_Platform_Project_HDL_HLS_v1/zynqmp_fsbl/zynqmp_fsbl_bsp/system.mss
TRACE::2025-04-09.17:57:03::SCWMssOS:: library already available in sw design:  xilffs:5.1
TRACE::2025-04-09.17:57:03::SCWPlatform::Trying to open the hw design at C:/Users/sunil/VivadoProjects/EE4218Labs/Project/MLP_NN_Platform_Project_HDL_HLS_v1/hw/MLP_NN_HDL_HLS_v1.xsa
TRACE::2025-04-09.17:57:03::SCWPlatform::DSA given C:/Users/sunil/VivadoProjects/EE4218Labs/Project/MLP_NN_Platform_Project_HDL_HLS_v1/hw/MLP_NN_HDL_HLS_v1.xsa
TRACE::2025-04-09.17:57:03::SCWPlatform::DSA absoulate path C:/Users/sunil/VivadoProjects/EE4218Labs/Project/MLP_NN_Platform_Project_HDL_HLS_v1/hw/MLP_NN_HDL_HLS_v1.xsa
TRACE::2025-04-09.17:57:03::SCWPlatform::DSA directory C:/Users/sunil/VivadoProjects/EE4218Labs/Project/MLP_NN_Platform_Project_HDL_HLS_v1/hw
TRACE::2025-04-09.17:57:03::SCWPlatform:: Platform Path C:/Users/sunil/VivadoProjects/EE4218Labs/Project/MLP_NN_Platform_Project_HDL_HLS_v1/hw/MLP_NN_HDL_HLS_v1.xsa
TRACE::2025-04-09.17:57:03::SCWPlatform:: Unique name xilinx:kv260_som::0.0
TRACE::2025-04-09.17:57:03::SCWPlatform::Trying to set the existing hwdb with name design_1_wrapper_2
TRACE::2025-04-09.17:57:03::SCWPlatform::Opened existing hwdb design_1_wrapper_2
TRACE::2025-04-09.17:57:03::SCWPlatform::Found the Hw Db part of the input DSA
TRACE::2025-04-09.17:57:03::SCWMssOS::Checking the sw design at  C:/Users/sunil/VivadoProjects/EE4218Labs/Project/MLP_NN_Platform_Project_HDL_HLS_v1/zynqmp_fsbl/zynqmp_fsbl_bsp/system.mss
TRACE::2025-04-09.17:57:03::SCWMssOS::DEBUG:  swdes dump  C:/Users/sunil/VivadoProjects/EE4218Labs/Project/MLP_NN_HDL_HLS_v2/psu_cortexa53_0/standalone_domain/bsp/system.mss|system_1||
C:/Users/sunil/VivadoProjects/EE4218Labs/Project/MLP_NN_HDL_HLS_v2/zynqmp_fsbl/zynqmp_fsbl_bsp/system.mss|system||
C:/Users/sunil/VivadoProjects/EE4218Labs/Project/MLP_NN_HDL_HLS_v2/zynqmp_pmufw/zynqmp_pmufw_bsp/system.mss|system_0||
C:/Users/sunil/VivadoProjects/EE4218Labs/Project/MLP_NN_Platform_Project_HDL_HLS_v1/zynqmp_fsbl/zynqmp_fsbl_bsp/system.mss|system_2||

TRACE::2025-04-09.17:57:03::SCWMssOS::Sw design exists and opened at  C:/Users/sunil/VivadoProjects/EE4218Labs/Project/MLP_NN_Platform_Project_HDL_HLS_v1/zynqmp_fsbl/zynqmp_fsbl_bsp/system.mss
TRACE::2025-04-09.17:57:03::SCWMssOS:: library already available in sw design:  xilsecure:5.2
TRACE::2025-04-09.17:57:03::SCWPlatform::Trying to open the hw design at C:/Users/sunil/VivadoProjects/EE4218Labs/Project/MLP_NN_Platform_Project_HDL_HLS_v1/hw/MLP_NN_HDL_HLS_v1.xsa
TRACE::2025-04-09.17:57:03::SCWPlatform::DSA given C:/Users/sunil/VivadoProjects/EE4218Labs/Project/MLP_NN_Platform_Project_HDL_HLS_v1/hw/MLP_NN_HDL_HLS_v1.xsa
TRACE::2025-04-09.17:57:03::SCWPlatform::DSA absoulate path C:/Users/sunil/VivadoProjects/EE4218Labs/Project/MLP_NN_Platform_Project_HDL_HLS_v1/hw/MLP_NN_HDL_HLS_v1.xsa
TRACE::2025-04-09.17:57:03::SCWPlatform::DSA directory C:/Users/sunil/VivadoProjects/EE4218Labs/Project/MLP_NN_Platform_Project_HDL_HLS_v1/hw
TRACE::2025-04-09.17:57:03::SCWPlatform:: Platform Path C:/Users/sunil/VivadoProjects/EE4218Labs/Project/MLP_NN_Platform_Project_HDL_HLS_v1/hw/MLP_NN_HDL_HLS_v1.xsa
TRACE::2025-04-09.17:57:03::SCWPlatform:: Unique name xilinx:kv260_som::0.0
TRACE::2025-04-09.17:57:03::SCWPlatform::Trying to set the existing hwdb with name design_1_wrapper_2
TRACE::2025-04-09.17:57:03::SCWPlatform::Opened existing hwdb design_1_wrapper_2
TRACE::2025-04-09.17:57:03::SCWPlatform::Found the Hw Db part of the input DSA
TRACE::2025-04-09.17:57:03::SCWMssOS::Checking the sw design at  C:/Users/sunil/VivadoProjects/EE4218Labs/Project/MLP_NN_Platform_Project_HDL_HLS_v1/zynqmp_fsbl/zynqmp_fsbl_bsp/system.mss
TRACE::2025-04-09.17:57:03::SCWMssOS::DEBUG:  swdes dump  C:/Users/sunil/VivadoProjects/EE4218Labs/Project/MLP_NN_HDL_HLS_v2/psu_cortexa53_0/standalone_domain/bsp/system.mss|system_1||
C:/Users/sunil/VivadoProjects/EE4218Labs/Project/MLP_NN_HDL_HLS_v2/zynqmp_fsbl/zynqmp_fsbl_bsp/system.mss|system||
C:/Users/sunil/VivadoProjects/EE4218Labs/Project/MLP_NN_HDL_HLS_v2/zynqmp_pmufw/zynqmp_pmufw_bsp/system.mss|system_0||
C:/Users/sunil/VivadoProjects/EE4218Labs/Project/MLP_NN_Platform_Project_HDL_HLS_v1/zynqmp_fsbl/zynqmp_fsbl_bsp/system.mss|system_2||

TRACE::2025-04-09.17:57:03::SCWMssOS::Sw design exists and opened at  C:/Users/sunil/VivadoProjects/EE4218Labs/Project/MLP_NN_Platform_Project_HDL_HLS_v1/zynqmp_fsbl/zynqmp_fsbl_bsp/system.mss
TRACE::2025-04-09.17:57:03::SCWMssOS:: library already available in sw design:  xilpm:5.1
TRACE::2025-04-09.17:57:03::SCWPlatform::Trying to open the hw design at C:/Users/sunil/VivadoProjects/EE4218Labs/Project/MLP_NN_Platform_Project_HDL_HLS_v1/hw/MLP_NN_HDL_HLS_v1.xsa
TRACE::2025-04-09.17:57:03::SCWPlatform::DSA given C:/Users/sunil/VivadoProjects/EE4218Labs/Project/MLP_NN_Platform_Project_HDL_HLS_v1/hw/MLP_NN_HDL_HLS_v1.xsa
TRACE::2025-04-09.17:57:03::SCWPlatform::DSA absoulate path C:/Users/sunil/VivadoProjects/EE4218Labs/Project/MLP_NN_Platform_Project_HDL_HLS_v1/hw/MLP_NN_HDL_HLS_v1.xsa
TRACE::2025-04-09.17:57:03::SCWPlatform::DSA directory C:/Users/sunil/VivadoProjects/EE4218Labs/Project/MLP_NN_Platform_Project_HDL_HLS_v1/hw
TRACE::2025-04-09.17:57:03::SCWPlatform:: Platform Path C:/Users/sunil/VivadoProjects/EE4218Labs/Project/MLP_NN_Platform_Project_HDL_HLS_v1/hw/MLP_NN_HDL_HLS_v1.xsa
TRACE::2025-04-09.17:57:03::SCWPlatform:: Unique name xilinx:kv260_som::0.0
TRACE::2025-04-09.17:57:03::SCWPlatform::Trying to set the existing hwdb with name design_1_wrapper_2
TRACE::2025-04-09.17:57:03::SCWPlatform::Opened existing hwdb design_1_wrapper_2
TRACE::2025-04-09.17:57:03::SCWPlatform::Found the Hw Db part of the input DSA
TRACE::2025-04-09.17:57:03::SCWMssOS::Checking the sw design at  C:/Users/sunil/VivadoProjects/EE4218Labs/Project/MLP_NN_Platform_Project_HDL_HLS_v1/zynqmp_fsbl/zynqmp_fsbl_bsp/system.mss
TRACE::2025-04-09.17:57:03::SCWMssOS::DEBUG:  swdes dump  C:/Users/sunil/VivadoProjects/EE4218Labs/Project/MLP_NN_HDL_HLS_v2/psu_cortexa53_0/standalone_domain/bsp/system.mss|system_1||
C:/Users/sunil/VivadoProjects/EE4218Labs/Project/MLP_NN_HDL_HLS_v2/zynqmp_fsbl/zynqmp_fsbl_bsp/system.mss|system||
C:/Users/sunil/VivadoProjects/EE4218Labs/Project/MLP_NN_HDL_HLS_v2/zynqmp_pmufw/zynqmp_pmufw_bsp/system.mss|system_0||
C:/Users/sunil/VivadoProjects/EE4218Labs/Project/MLP_NN_Platform_Project_HDL_HLS_v1/zynqmp_fsbl/zynqmp_fsbl_bsp/system.mss|system_2||

TRACE::2025-04-09.17:57:03::SCWMssOS::Sw design exists and opened at  C:/Users/sunil/VivadoProjects/EE4218Labs/Project/MLP_NN_Platform_Project_HDL_HLS_v1/zynqmp_fsbl/zynqmp_fsbl_bsp/system.mss
TRACE::2025-04-09.17:57:03::SCWPlatform::Trying to open the hw design at C:/Users/sunil/VivadoProjects/EE4218Labs/Project/MLP_NN_Platform_Project_HDL_HLS_v1/hw/MLP_NN_HDL_HLS_v1.xsa
TRACE::2025-04-09.17:57:03::SCWPlatform::DSA given C:/Users/sunil/VivadoProjects/EE4218Labs/Project/MLP_NN_Platform_Project_HDL_HLS_v1/hw/MLP_NN_HDL_HLS_v1.xsa
TRACE::2025-04-09.17:57:03::SCWPlatform::DSA absoulate path C:/Users/sunil/VivadoProjects/EE4218Labs/Project/MLP_NN_Platform_Project_HDL_HLS_v1/hw/MLP_NN_HDL_HLS_v1.xsa
TRACE::2025-04-09.17:57:03::SCWPlatform::DSA directory C:/Users/sunil/VivadoProjects/EE4218Labs/Project/MLP_NN_Platform_Project_HDL_HLS_v1/hw
TRACE::2025-04-09.17:57:03::SCWPlatform:: Platform Path C:/Users/sunil/VivadoProjects/EE4218Labs/Project/MLP_NN_Platform_Project_HDL_HLS_v1/hw/MLP_NN_HDL_HLS_v1.xsa
TRACE::2025-04-09.17:57:03::SCWPlatform:: Unique name xilinx:kv260_som::0.0
TRACE::2025-04-09.17:57:03::SCWPlatform::Trying to set the existing hwdb with name design_1_wrapper_2
TRACE::2025-04-09.17:57:03::SCWPlatform::Opened existing hwdb design_1_wrapper_2
TRACE::2025-04-09.17:57:03::SCWPlatform::Found the Hw Db part of the input DSA
TRACE::2025-04-09.17:57:03::SCWMssOS::Checking the sw design at  C:/Users/sunil/VivadoProjects/EE4218Labs/Project/MLP_NN_Platform_Project_HDL_HLS_v1/zynqmp_fsbl/zynqmp_fsbl_bsp/system.mss
TRACE::2025-04-09.17:57:03::SCWMssOS::DEBUG:  swdes dump  C:/Users/sunil/VivadoProjects/EE4218Labs/Project/MLP_NN_HDL_HLS_v2/psu_cortexa53_0/standalone_domain/bsp/system.mss|system_1||
C:/Users/sunil/VivadoProjects/EE4218Labs/Project/MLP_NN_HDL_HLS_v2/zynqmp_fsbl/zynqmp_fsbl_bsp/system.mss|system||
C:/Users/sunil/VivadoProjects/EE4218Labs/Project/MLP_NN_HDL_HLS_v2/zynqmp_pmufw/zynqmp_pmufw_bsp/system.mss|system_0||
C:/Users/sunil/VivadoProjects/EE4218Labs/Project/MLP_NN_Platform_Project_HDL_HLS_v1/zynqmp_fsbl/zynqmp_fsbl_bsp/system.mss|system_2||

TRACE::2025-04-09.17:57:03::SCWMssOS::Sw design exists and opened at  C:/Users/sunil/VivadoProjects/EE4218Labs/Project/MLP_NN_Platform_Project_HDL_HLS_v1/zynqmp_fsbl/zynqmp_fsbl_bsp/system.mss
TRACE::2025-04-09.17:57:03::SCWPlatform::Trying to open the hw design at C:/Users/sunil/VivadoProjects/EE4218Labs/Project/MLP_NN_Platform_Project_HDL_HLS_v1/hw/MLP_NN_HDL_HLS_v1.xsa
TRACE::2025-04-09.17:57:03::SCWPlatform::DSA given C:/Users/sunil/VivadoProjects/EE4218Labs/Project/MLP_NN_Platform_Project_HDL_HLS_v1/hw/MLP_NN_HDL_HLS_v1.xsa
TRACE::2025-04-09.17:57:03::SCWPlatform::DSA absoulate path C:/Users/sunil/VivadoProjects/EE4218Labs/Project/MLP_NN_Platform_Project_HDL_HLS_v1/hw/MLP_NN_HDL_HLS_v1.xsa
TRACE::2025-04-09.17:57:03::SCWPlatform::DSA directory C:/Users/sunil/VivadoProjects/EE4218Labs/Project/MLP_NN_Platform_Project_HDL_HLS_v1/hw
TRACE::2025-04-09.17:57:03::SCWPlatform:: Platform Path C:/Users/sunil/VivadoProjects/EE4218Labs/Project/MLP_NN_Platform_Project_HDL_HLS_v1/hw/MLP_NN_HDL_HLS_v1.xsa
TRACE::2025-04-09.17:57:03::SCWPlatform:: Unique name xilinx:kv260_som::0.0
TRACE::2025-04-09.17:57:03::SCWPlatform::Trying to set the existing hwdb with name design_1_wrapper_2
TRACE::2025-04-09.17:57:03::SCWPlatform::Opened existing hwdb design_1_wrapper_2
TRACE::2025-04-09.17:57:03::SCWPlatform::Found the Hw Db part of the input DSA
TRACE::2025-04-09.17:57:03::SCWMssOS::Checking the sw design at  C:/Users/sunil/VivadoProjects/EE4218Labs/Project/MLP_NN_Platform_Project_HDL_HLS_v1/zynqmp_fsbl/zynqmp_fsbl_bsp/system.mss
TRACE::2025-04-09.17:57:03::SCWMssOS::DEBUG:  swdes dump  C:/Users/sunil/VivadoProjects/EE4218Labs/Project/MLP_NN_HDL_HLS_v2/psu_cortexa53_0/standalone_domain/bsp/system.mss|system_1||
C:/Users/sunil/VivadoProjects/EE4218Labs/Project/MLP_NN_HDL_HLS_v2/zynqmp_fsbl/zynqmp_fsbl_bsp/system.mss|system||
C:/Users/sunil/VivadoProjects/EE4218Labs/Project/MLP_NN_HDL_HLS_v2/zynqmp_pmufw/zynqmp_pmufw_bsp/system.mss|system_0||
C:/Users/sunil/VivadoProjects/EE4218Labs/Project/MLP_NN_Platform_Project_HDL_HLS_v1/zynqmp_fsbl/zynqmp_fsbl_bsp/system.mss|system_2||

TRACE::2025-04-09.17:57:03::SCWMssOS::Sw design exists and opened at  C:/Users/sunil/VivadoProjects/EE4218Labs/Project/MLP_NN_Platform_Project_HDL_HLS_v1/zynqmp_fsbl/zynqmp_fsbl_bsp/system.mss
TRACE::2025-04-09.17:57:03::SCWPlatform::Trying to open the hw design at C:/Users/sunil/VivadoProjects/EE4218Labs/Project/MLP_NN_Platform_Project_HDL_HLS_v1/hw/MLP_NN_HDL_HLS_v1.xsa
TRACE::2025-04-09.17:57:03::SCWPlatform::DSA given C:/Users/sunil/VivadoProjects/EE4218Labs/Project/MLP_NN_Platform_Project_HDL_HLS_v1/hw/MLP_NN_HDL_HLS_v1.xsa
TRACE::2025-04-09.17:57:03::SCWPlatform::DSA absoulate path C:/Users/sunil/VivadoProjects/EE4218Labs/Project/MLP_NN_Platform_Project_HDL_HLS_v1/hw/MLP_NN_HDL_HLS_v1.xsa
TRACE::2025-04-09.17:57:03::SCWPlatform::DSA directory C:/Users/sunil/VivadoProjects/EE4218Labs/Project/MLP_NN_Platform_Project_HDL_HLS_v1/hw
TRACE::2025-04-09.17:57:03::SCWPlatform:: Platform Path C:/Users/sunil/VivadoProjects/EE4218Labs/Project/MLP_NN_Platform_Project_HDL_HLS_v1/hw/MLP_NN_HDL_HLS_v1.xsa
TRACE::2025-04-09.17:57:03::SCWPlatform:: Unique name xilinx:kv260_som::0.0
TRACE::2025-04-09.17:57:03::SCWPlatform::Trying to set the existing hwdb with name design_1_wrapper_2
TRACE::2025-04-09.17:57:03::SCWPlatform::Opened existing hwdb design_1_wrapper_2
TRACE::2025-04-09.17:57:03::SCWPlatform::Found the Hw Db part of the input DSA
TRACE::2025-04-09.17:57:03::SCWMssOS::Checking the sw design at  C:/Users/sunil/VivadoProjects/EE4218Labs/Project/MLP_NN_Platform_Project_HDL_HLS_v1/zynqmp_fsbl/zynqmp_fsbl_bsp/system.mss
TRACE::2025-04-09.17:57:03::SCWMssOS::DEBUG:  swdes dump  C:/Users/sunil/VivadoProjects/EE4218Labs/Project/MLP_NN_HDL_HLS_v2/psu_cortexa53_0/standalone_domain/bsp/system.mss|system_1||
C:/Users/sunil/VivadoProjects/EE4218Labs/Project/MLP_NN_HDL_HLS_v2/zynqmp_fsbl/zynqmp_fsbl_bsp/system.mss|system||
C:/Users/sunil/VivadoProjects/EE4218Labs/Project/MLP_NN_HDL_HLS_v2/zynqmp_pmufw/zynqmp_pmufw_bsp/system.mss|system_0||
C:/Users/sunil/VivadoProjects/EE4218Labs/Project/MLP_NN_Platform_Project_HDL_HLS_v1/zynqmp_fsbl/zynqmp_fsbl_bsp/system.mss|system_2||

TRACE::2025-04-09.17:57:03::SCWMssOS::Sw design exists and opened at  C:/Users/sunil/VivadoProjects/EE4218Labs/Project/MLP_NN_Platform_Project_HDL_HLS_v1/zynqmp_fsbl/zynqmp_fsbl_bsp/system.mss
TRACE::2025-04-09.17:57:03::SCWPlatform::Trying to open the hw design at C:/Users/sunil/VivadoProjects/EE4218Labs/Project/MLP_NN_Platform_Project_HDL_HLS_v1/hw/MLP_NN_HDL_HLS_v1.xsa
TRACE::2025-04-09.17:57:03::SCWPlatform::DSA given C:/Users/sunil/VivadoProjects/EE4218Labs/Project/MLP_NN_Platform_Project_HDL_HLS_v1/hw/MLP_NN_HDL_HLS_v1.xsa
TRACE::2025-04-09.17:57:03::SCWPlatform::DSA absoulate path C:/Users/sunil/VivadoProjects/EE4218Labs/Project/MLP_NN_Platform_Project_HDL_HLS_v1/hw/MLP_NN_HDL_HLS_v1.xsa
TRACE::2025-04-09.17:57:03::SCWPlatform::DSA directory C:/Users/sunil/VivadoProjects/EE4218Labs/Project/MLP_NN_Platform_Project_HDL_HLS_v1/hw
TRACE::2025-04-09.17:57:03::SCWPlatform:: Platform Path C:/Users/sunil/VivadoProjects/EE4218Labs/Project/MLP_NN_Platform_Project_HDL_HLS_v1/hw/MLP_NN_HDL_HLS_v1.xsa
TRACE::2025-04-09.17:57:03::SCWPlatform:: Unique name xilinx:kv260_som::0.0
TRACE::2025-04-09.17:57:03::SCWPlatform::Trying to set the existing hwdb with name design_1_wrapper_2
TRACE::2025-04-09.17:57:03::SCWPlatform::Opened existing hwdb design_1_wrapper_2
TRACE::2025-04-09.17:57:03::SCWPlatform::Found the Hw Db part of the input DSA
TRACE::2025-04-09.17:57:03::SCWMssOS::Checking the sw design at  C:/Users/sunil/VivadoProjects/EE4218Labs/Project/MLP_NN_Platform_Project_HDL_HLS_v1/zynqmp_fsbl/zynqmp_fsbl_bsp/system.mss
TRACE::2025-04-09.17:57:03::SCWMssOS::DEBUG:  swdes dump  C:/Users/sunil/VivadoProjects/EE4218Labs/Project/MLP_NN_HDL_HLS_v2/psu_cortexa53_0/standalone_domain/bsp/system.mss|system_1||
C:/Users/sunil/VivadoProjects/EE4218Labs/Project/MLP_NN_HDL_HLS_v2/zynqmp_fsbl/zynqmp_fsbl_bsp/system.mss|system||
C:/Users/sunil/VivadoProjects/EE4218Labs/Project/MLP_NN_HDL_HLS_v2/zynqmp_pmufw/zynqmp_pmufw_bsp/system.mss|system_0||
C:/Users/sunil/VivadoProjects/EE4218Labs/Project/MLP_NN_Platform_Project_HDL_HLS_v1/zynqmp_fsbl/zynqmp_fsbl_bsp/system.mss|system_2||

TRACE::2025-04-09.17:57:03::SCWMssOS::Sw design exists and opened at  C:/Users/sunil/VivadoProjects/EE4218Labs/Project/MLP_NN_Platform_Project_HDL_HLS_v1/zynqmp_fsbl/zynqmp_fsbl_bsp/system.mss
TRACE::2025-04-09.17:57:03::SCWPlatform::Trying to open the hw design at C:/Users/sunil/VivadoProjects/EE4218Labs/Project/MLP_NN_Platform_Project_HDL_HLS_v1/hw/MLP_NN_HDL_HLS_v1.xsa
TRACE::2025-04-09.17:57:03::SCWPlatform::DSA given C:/Users/sunil/VivadoProjects/EE4218Labs/Project/MLP_NN_Platform_Project_HDL_HLS_v1/hw/MLP_NN_HDL_HLS_v1.xsa
TRACE::2025-04-09.17:57:03::SCWPlatform::DSA absoulate path C:/Users/sunil/VivadoProjects/EE4218Labs/Project/MLP_NN_Platform_Project_HDL_HLS_v1/hw/MLP_NN_HDL_HLS_v1.xsa
TRACE::2025-04-09.17:57:03::SCWPlatform::DSA directory C:/Users/sunil/VivadoProjects/EE4218Labs/Project/MLP_NN_Platform_Project_HDL_HLS_v1/hw
TRACE::2025-04-09.17:57:03::SCWPlatform:: Platform Path C:/Users/sunil/VivadoProjects/EE4218Labs/Project/MLP_NN_Platform_Project_HDL_HLS_v1/hw/MLP_NN_HDL_HLS_v1.xsa
TRACE::2025-04-09.17:57:03::SCWPlatform:: Unique name xilinx:kv260_som::0.0
TRACE::2025-04-09.17:57:03::SCWPlatform::Trying to set the existing hwdb with name design_1_wrapper_2
TRACE::2025-04-09.17:57:03::SCWPlatform::Opened existing hwdb design_1_wrapper_2
TRACE::2025-04-09.17:57:03::SCWPlatform::Found the Hw Db part of the input DSA
TRACE::2025-04-09.17:57:03::SCWMssOS::Checking the sw design at  C:/Users/sunil/VivadoProjects/EE4218Labs/Project/MLP_NN_Platform_Project_HDL_HLS_v1/zynqmp_fsbl/zynqmp_fsbl_bsp/system.mss
TRACE::2025-04-09.17:57:03::SCWMssOS::DEBUG:  swdes dump  C:/Users/sunil/VivadoProjects/EE4218Labs/Project/MLP_NN_HDL_HLS_v2/psu_cortexa53_0/standalone_domain/bsp/system.mss|system_1||
C:/Users/sunil/VivadoProjects/EE4218Labs/Project/MLP_NN_HDL_HLS_v2/zynqmp_fsbl/zynqmp_fsbl_bsp/system.mss|system||
C:/Users/sunil/VivadoProjects/EE4218Labs/Project/MLP_NN_HDL_HLS_v2/zynqmp_pmufw/zynqmp_pmufw_bsp/system.mss|system_0||
C:/Users/sunil/VivadoProjects/EE4218Labs/Project/MLP_NN_Platform_Project_HDL_HLS_v1/zynqmp_fsbl/zynqmp_fsbl_bsp/system.mss|system_2||

TRACE::2025-04-09.17:57:03::SCWMssOS::Sw design exists and opened at  C:/Users/sunil/VivadoProjects/EE4218Labs/Project/MLP_NN_Platform_Project_HDL_HLS_v1/zynqmp_fsbl/zynqmp_fsbl_bsp/system.mss
TRACE::2025-04-09.17:57:03::SCWPlatform::Trying to open the hw design at C:/Users/sunil/VivadoProjects/EE4218Labs/Project/MLP_NN_Platform_Project_HDL_HLS_v1/hw/MLP_NN_HDL_HLS_v1.xsa
TRACE::2025-04-09.17:57:03::SCWPlatform::DSA given C:/Users/sunil/VivadoProjects/EE4218Labs/Project/MLP_NN_Platform_Project_HDL_HLS_v1/hw/MLP_NN_HDL_HLS_v1.xsa
TRACE::2025-04-09.17:57:03::SCWPlatform::DSA absoulate path C:/Users/sunil/VivadoProjects/EE4218Labs/Project/MLP_NN_Platform_Project_HDL_HLS_v1/hw/MLP_NN_HDL_HLS_v1.xsa
TRACE::2025-04-09.17:57:03::SCWPlatform::DSA directory C:/Users/sunil/VivadoProjects/EE4218Labs/Project/MLP_NN_Platform_Project_HDL_HLS_v1/hw
TRACE::2025-04-09.17:57:03::SCWPlatform:: Platform Path C:/Users/sunil/VivadoProjects/EE4218Labs/Project/MLP_NN_Platform_Project_HDL_HLS_v1/hw/MLP_NN_HDL_HLS_v1.xsa
TRACE::2025-04-09.17:57:03::SCWPlatform:: Unique name xilinx:kv260_som::0.0
TRACE::2025-04-09.17:57:03::SCWPlatform::Trying to set the existing hwdb with name design_1_wrapper_2
TRACE::2025-04-09.17:57:03::SCWPlatform::Opened existing hwdb design_1_wrapper_2
TRACE::2025-04-09.17:57:03::SCWPlatform::Found the Hw Db part of the input DSA
TRACE::2025-04-09.17:57:03::SCWMssOS::Checking the sw design at  C:/Users/sunil/VivadoProjects/EE4218Labs/Project/MLP_NN_Platform_Project_HDL_HLS_v1/zynqmp_fsbl/zynqmp_fsbl_bsp/system.mss
TRACE::2025-04-09.17:57:03::SCWMssOS::DEBUG:  swdes dump  C:/Users/sunil/VivadoProjects/EE4218Labs/Project/MLP_NN_HDL_HLS_v2/psu_cortexa53_0/standalone_domain/bsp/system.mss|system_1||
C:/Users/sunil/VivadoProjects/EE4218Labs/Project/MLP_NN_HDL_HLS_v2/zynqmp_fsbl/zynqmp_fsbl_bsp/system.mss|system||
C:/Users/sunil/VivadoProjects/EE4218Labs/Project/MLP_NN_HDL_HLS_v2/zynqmp_pmufw/zynqmp_pmufw_bsp/system.mss|system_0||
C:/Users/sunil/VivadoProjects/EE4218Labs/Project/MLP_NN_Platform_Project_HDL_HLS_v1/zynqmp_fsbl/zynqmp_fsbl_bsp/system.mss|system_2||

TRACE::2025-04-09.17:57:03::SCWMssOS::Sw design exists and opened at  C:/Users/sunil/VivadoProjects/EE4218Labs/Project/MLP_NN_Platform_Project_HDL_HLS_v1/zynqmp_fsbl/zynqmp_fsbl_bsp/system.mss
TRACE::2025-04-09.17:57:03::SCWPlatform::Trying to open the hw design at C:/Users/sunil/VivadoProjects/EE4218Labs/Project/MLP_NN_Platform_Project_HDL_HLS_v1/hw/MLP_NN_HDL_HLS_v1.xsa
TRACE::2025-04-09.17:57:03::SCWPlatform::DSA given C:/Users/sunil/VivadoProjects/EE4218Labs/Project/MLP_NN_Platform_Project_HDL_HLS_v1/hw/MLP_NN_HDL_HLS_v1.xsa
TRACE::2025-04-09.17:57:03::SCWPlatform::DSA absoulate path C:/Users/sunil/VivadoProjects/EE4218Labs/Project/MLP_NN_Platform_Project_HDL_HLS_v1/hw/MLP_NN_HDL_HLS_v1.xsa
TRACE::2025-04-09.17:57:03::SCWPlatform::DSA directory C:/Users/sunil/VivadoProjects/EE4218Labs/Project/MLP_NN_Platform_Project_HDL_HLS_v1/hw
TRACE::2025-04-09.17:57:03::SCWPlatform:: Platform Path C:/Users/sunil/VivadoProjects/EE4218Labs/Project/MLP_NN_Platform_Project_HDL_HLS_v1/hw/MLP_NN_HDL_HLS_v1.xsa
TRACE::2025-04-09.17:57:03::SCWPlatform:: Unique name xilinx:kv260_som::0.0
TRACE::2025-04-09.17:57:03::SCWPlatform::Trying to set the existing hwdb with name design_1_wrapper_2
TRACE::2025-04-09.17:57:03::SCWPlatform::Opened existing hwdb design_1_wrapper_2
TRACE::2025-04-09.17:57:03::SCWPlatform::Found the Hw Db part of the input DSA
TRACE::2025-04-09.17:57:03::SCWMssOS::Checking the sw design at  C:/Users/sunil/VivadoProjects/EE4218Labs/Project/MLP_NN_Platform_Project_HDL_HLS_v1/zynqmp_fsbl/zynqmp_fsbl_bsp/system.mss
TRACE::2025-04-09.17:57:03::SCWMssOS::DEBUG:  swdes dump  C:/Users/sunil/VivadoProjects/EE4218Labs/Project/MLP_NN_HDL_HLS_v2/psu_cortexa53_0/standalone_domain/bsp/system.mss|system_1||
C:/Users/sunil/VivadoProjects/EE4218Labs/Project/MLP_NN_HDL_HLS_v2/zynqmp_fsbl/zynqmp_fsbl_bsp/system.mss|system||
C:/Users/sunil/VivadoProjects/EE4218Labs/Project/MLP_NN_HDL_HLS_v2/zynqmp_pmufw/zynqmp_pmufw_bsp/system.mss|system_0||
C:/Users/sunil/VivadoProjects/EE4218Labs/Project/MLP_NN_Platform_Project_HDL_HLS_v1/zynqmp_fsbl/zynqmp_fsbl_bsp/system.mss|system_2||

TRACE::2025-04-09.17:57:03::SCWMssOS::Sw design exists and opened at  C:/Users/sunil/VivadoProjects/EE4218Labs/Project/MLP_NN_Platform_Project_HDL_HLS_v1/zynqmp_fsbl/zynqmp_fsbl_bsp/system.mss
TRACE::2025-04-09.17:57:03::SCWMssOS::Saving the mss changes C:/Users/sunil/VivadoProjects/EE4218Labs/Project/MLP_NN_Platform_Project_HDL_HLS_v1/zynqmp_fsbl/zynqmp_fsbl_bsp/system.mss
TRACE::2025-04-09.17:57:03::SCWMssOS::Found a swdesign opened with the mssfile.
TRACE::2025-04-09.17:57:03::SCWMssOS::Completed writemss as part of save.
TRACE::2025-04-09.17:57:03::SCWMssOS::Commit changes completed.
TRACE::2025-04-09.17:57:03::SCWReader::Adding prebuilt librarypaths as   
TRACE::2025-04-09.17:57:03::SCWReader::Adding prebuilt incpaths  as   
TRACE::2025-04-09.17:57:03::SCWPlatform::Trying to open the hw design at C:/Users/sunil/VivadoProjects/EE4218Labs/Project/MLP_NN_Platform_Project_HDL_HLS_v1/hw/MLP_NN_HDL_HLS_v1.xsa
TRACE::2025-04-09.17:57:03::SCWPlatform::DSA given C:/Users/sunil/VivadoProjects/EE4218Labs/Project/MLP_NN_Platform_Project_HDL_HLS_v1/hw/MLP_NN_HDL_HLS_v1.xsa
TRACE::2025-04-09.17:57:03::SCWPlatform::DSA absoulate path C:/Users/sunil/VivadoProjects/EE4218Labs/Project/MLP_NN_Platform_Project_HDL_HLS_v1/hw/MLP_NN_HDL_HLS_v1.xsa
TRACE::2025-04-09.17:57:03::SCWPlatform::DSA directory C:/Users/sunil/VivadoProjects/EE4218Labs/Project/MLP_NN_Platform_Project_HDL_HLS_v1/hw
TRACE::2025-04-09.17:57:03::SCWPlatform:: Platform Path C:/Users/sunil/VivadoProjects/EE4218Labs/Project/MLP_NN_Platform_Project_HDL_HLS_v1/hw/MLP_NN_HDL_HLS_v1.xsa
TRACE::2025-04-09.17:57:03::SCWPlatform:: Unique name xilinx:kv260_som::0.0
TRACE::2025-04-09.17:57:03::SCWPlatform::Trying to set the existing hwdb with name design_1_wrapper_2
TRACE::2025-04-09.17:57:03::SCWPlatform::Opened existing hwdb design_1_wrapper_2
TRACE::2025-04-09.17:57:03::SCWPlatform::Found the Hw Db part of the input DSA
TRACE::2025-04-09.17:57:03::SCWMssOS::Checking the sw design at  C:/Users/sunil/VivadoProjects/EE4218Labs/Project/MLP_NN_Platform_Project_HDL_HLS_v1/zynqmp_fsbl/zynqmp_fsbl_bsp/system.mss
TRACE::2025-04-09.17:57:03::SCWMssOS::DEBUG:  swdes dump  C:/Users/sunil/VivadoProjects/EE4218Labs/Project/MLP_NN_HDL_HLS_v2/psu_cortexa53_0/standalone_domain/bsp/system.mss|system_1||
C:/Users/sunil/VivadoProjects/EE4218Labs/Project/MLP_NN_HDL_HLS_v2/zynqmp_fsbl/zynqmp_fsbl_bsp/system.mss|system||
C:/Users/sunil/VivadoProjects/EE4218Labs/Project/MLP_NN_HDL_HLS_v2/zynqmp_pmufw/zynqmp_pmufw_bsp/system.mss|system_0||
C:/Users/sunil/VivadoProjects/EE4218Labs/Project/MLP_NN_Platform_Project_HDL_HLS_v1/zynqmp_fsbl/zynqmp_fsbl_bsp/system.mss|system_2||

TRACE::2025-04-09.17:57:03::SCWMssOS::Sw design exists and opened at  C:/Users/sunil/VivadoProjects/EE4218Labs/Project/MLP_NN_Platform_Project_HDL_HLS_v1/zynqmp_fsbl/zynqmp_fsbl_bsp/system.mss
TRACE::2025-04-09.17:57:03::SCWReader::No isolation master present  
TRACE::2025-04-09.17:57:03::SCWDomain::checking for install qemu data   : 
TRACE::2025-04-09.17:57:03::SCWDomain:: Using the QEMU Data from install at  : C:/Xilinx/Vitis/2023.2/data/emulation/platforms/zynqmp/sw/a53_standalone/qemu/
TRACE::2025-04-09.17:57:03::SCWDomain:: Using the QEMU args  from install at  : C:/Xilinx/Vitis/2023.2/data/emulation/platforms/zynqmp/sw/a53_standalone/qemu/qemu_args.txt
TRACE::2025-04-09.17:57:03::SCWDomain:: Using the PMUQEMU args from install at  : C:/Xilinx/Vitis/2023.2/data/emulation/platforms/zynqmp/sw/a53_standalone/qemu/pmu_args.txt
TRACE::2025-04-09.17:57:03::SCWPlatform::Trying to open the hw design at C:/Users/sunil/VivadoProjects/EE4218Labs/Project/MLP_NN_Platform_Project_HDL_HLS_v1/hw/MLP_NN_HDL_HLS_v1.xsa
TRACE::2025-04-09.17:57:03::SCWPlatform::DSA given C:/Users/sunil/VivadoProjects/EE4218Labs/Project/MLP_NN_Platform_Project_HDL_HLS_v1/hw/MLP_NN_HDL_HLS_v1.xsa
TRACE::2025-04-09.17:57:03::SCWPlatform::DSA absoulate path C:/Users/sunil/VivadoProjects/EE4218Labs/Project/MLP_NN_Platform_Project_HDL_HLS_v1/hw/MLP_NN_HDL_HLS_v1.xsa
TRACE::2025-04-09.17:57:03::SCWPlatform::DSA directory C:/Users/sunil/VivadoProjects/EE4218Labs/Project/MLP_NN_Platform_Project_HDL_HLS_v1/hw
TRACE::2025-04-09.17:57:03::SCWPlatform:: Platform Path C:/Users/sunil/VivadoProjects/EE4218Labs/Project/MLP_NN_Platform_Project_HDL_HLS_v1/hw/MLP_NN_HDL_HLS_v1.xsa
TRACE::2025-04-09.17:57:03::SCWPlatform:: Unique name xilinx:kv260_som::0.0
TRACE::2025-04-09.17:57:03::SCWPlatform::Trying to set the existing hwdb with name design_1_wrapper_2
TRACE::2025-04-09.17:57:03::SCWPlatform::Opened existing hwdb design_1_wrapper_2
TRACE::2025-04-09.17:57:03::SCWPlatform::Found the Hw Db part of the input DSA
TRACE::2025-04-09.17:57:03::SCWReader::Boot application domain added for zynqmp_pmufw
TRACE::2025-04-09.17:57:03::SCWPlatform::Trying to open the hw design at C:/Users/sunil/VivadoProjects/EE4218Labs/Project/MLP_NN_Platform_Project_HDL_HLS_v1/hw/MLP_NN_HDL_HLS_v1.xsa
TRACE::2025-04-09.17:57:03::SCWPlatform::DSA given C:/Users/sunil/VivadoProjects/EE4218Labs/Project/MLP_NN_Platform_Project_HDL_HLS_v1/hw/MLP_NN_HDL_HLS_v1.xsa
TRACE::2025-04-09.17:57:03::SCWPlatform::DSA absoulate path C:/Users/sunil/VivadoProjects/EE4218Labs/Project/MLP_NN_Platform_Project_HDL_HLS_v1/hw/MLP_NN_HDL_HLS_v1.xsa
TRACE::2025-04-09.17:57:03::SCWPlatform::DSA directory C:/Users/sunil/VivadoProjects/EE4218Labs/Project/MLP_NN_Platform_Project_HDL_HLS_v1/hw
TRACE::2025-04-09.17:57:03::SCWPlatform:: Platform Path C:/Users/sunil/VivadoProjects/EE4218Labs/Project/MLP_NN_Platform_Project_HDL_HLS_v1/hw/MLP_NN_HDL_HLS_v1.xsa
TRACE::2025-04-09.17:57:03::SCWPlatform:: Unique name xilinx:kv260_som::0.0
TRACE::2025-04-09.17:57:03::SCWPlatform::Trying to set the existing hwdb with name design_1_wrapper_2
TRACE::2025-04-09.17:57:03::SCWPlatform::Opened existing hwdb design_1_wrapper_2
TRACE::2025-04-09.17:57:03::SCWPlatform::Found the Hw Db part of the input DSA
TRACE::2025-04-09.17:57:03::SCWMssOS::Checking the sw design at  C:/Users/sunil/VivadoProjects/EE4218Labs/Project/MLP_NN_Platform_Project_HDL_HLS_v1/zynqmp_pmufw/zynqmp_pmufw_bsp/system.mss
TRACE::2025-04-09.17:57:03::SCWMssOS::DEBUG:  swdes dump  C:/Users/sunil/VivadoProjects/EE4218Labs/Project/MLP_NN_HDL_HLS_v2/psu_cortexa53_0/standalone_domain/bsp/system.mss|system_1||
C:/Users/sunil/VivadoProjects/EE4218Labs/Project/MLP_NN_HDL_HLS_v2/zynqmp_fsbl/zynqmp_fsbl_bsp/system.mss|system||
C:/Users/sunil/VivadoProjects/EE4218Labs/Project/MLP_NN_HDL_HLS_v2/zynqmp_pmufw/zynqmp_pmufw_bsp/system.mss|system_0||
C:/Users/sunil/VivadoProjects/EE4218Labs/Project/MLP_NN_Platform_Project_HDL_HLS_v1/zynqmp_fsbl/zynqmp_fsbl_bsp/system.mss|system_2||

TRACE::2025-04-09.17:57:03::SCWMssOS::No sw design opened at  C:/Users/sunil/VivadoProjects/EE4218Labs/Project/MLP_NN_Platform_Project_HDL_HLS_v1/zynqmp_pmufw/zynqmp_pmufw_bsp/system.mss
TRACE::2025-04-09.17:57:03::SCWMssOS::mss exists loading the mss file  C:/Users/sunil/VivadoProjects/EE4218Labs/Project/MLP_NN_Platform_Project_HDL_HLS_v1/zynqmp_pmufw/zynqmp_pmufw_bsp/system.mss
TRACE::2025-04-09.17:57:03::SCWMssOS::Opened the sw design from mss  C:/Users/sunil/VivadoProjects/EE4218Labs/Project/MLP_NN_Platform_Project_HDL_HLS_v1/zynqmp_pmufw/zynqmp_pmufw_bsp/system.mss
TRACE::2025-04-09.17:57:03::SCWMssOS::Adding the swdes entry C:/Users/sunil/VivadoProjects/EE4218Labs/Project/MLP_NN_Platform_Project_HDL_HLS_v1/zynqmp_pmufw/zynqmp_pmufw_bsp/system.mss with des name system_3
TRACE::2025-04-09.17:57:03::SCWMssOS::updating the scw layer about changes
TRACE::2025-04-09.17:57:03::SCWMssOS::Opened the sw design.  C:/Users/sunil/VivadoProjects/EE4218Labs/Project/MLP_NN_Platform_Project_HDL_HLS_v1/zynqmp_pmufw/zynqmp_pmufw_bsp/system.mss
TRACE::2025-04-09.17:57:03::SCWPlatform::Trying to open the hw design at C:/Users/sunil/VivadoProjects/EE4218Labs/Project/MLP_NN_Platform_Project_HDL_HLS_v1/hw/MLP_NN_HDL_HLS_v1.xsa
TRACE::2025-04-09.17:57:03::SCWPlatform::DSA given C:/Users/sunil/VivadoProjects/EE4218Labs/Project/MLP_NN_Platform_Project_HDL_HLS_v1/hw/MLP_NN_HDL_HLS_v1.xsa
TRACE::2025-04-09.17:57:03::SCWPlatform::DSA absoulate path C:/Users/sunil/VivadoProjects/EE4218Labs/Project/MLP_NN_Platform_Project_HDL_HLS_v1/hw/MLP_NN_HDL_HLS_v1.xsa
TRACE::2025-04-09.17:57:03::SCWPlatform::DSA directory C:/Users/sunil/VivadoProjects/EE4218Labs/Project/MLP_NN_Platform_Project_HDL_HLS_v1/hw
TRACE::2025-04-09.17:57:03::SCWPlatform:: Platform Path C:/Users/sunil/VivadoProjects/EE4218Labs/Project/MLP_NN_Platform_Project_HDL_HLS_v1/hw/MLP_NN_HDL_HLS_v1.xsa
TRACE::2025-04-09.17:57:03::SCWPlatform:: Unique name xilinx:kv260_som::0.0
TRACE::2025-04-09.17:57:03::SCWPlatform::Trying to set the existing hwdb with name design_1_wrapper_2
TRACE::2025-04-09.17:57:03::SCWPlatform::Opened existing hwdb design_1_wrapper_2
TRACE::2025-04-09.17:57:03::SCWPlatform::Found the Hw Db part of the input DSA
TRACE::2025-04-09.17:57:03::SCWMssOS::Checking the sw design at  C:/Users/sunil/VivadoProjects/EE4218Labs/Project/MLP_NN_Platform_Project_HDL_HLS_v1/zynqmp_pmufw/zynqmp_pmufw_bsp/system.mss
TRACE::2025-04-09.17:57:03::SCWMssOS::DEBUG:  swdes dump  C:/Users/sunil/VivadoProjects/EE4218Labs/Project/MLP_NN_HDL_HLS_v2/psu_cortexa53_0/standalone_domain/bsp/system.mss|system_1||
C:/Users/sunil/VivadoProjects/EE4218Labs/Project/MLP_NN_HDL_HLS_v2/zynqmp_fsbl/zynqmp_fsbl_bsp/system.mss|system||
C:/Users/sunil/VivadoProjects/EE4218Labs/Project/MLP_NN_HDL_HLS_v2/zynqmp_pmufw/zynqmp_pmufw_bsp/system.mss|system_0||
C:/Users/sunil/VivadoProjects/EE4218Labs/Project/MLP_NN_Platform_Project_HDL_HLS_v1/zynqmp_fsbl/zynqmp_fsbl_bsp/system.mss|system_2||
C:/Users/sunil/VivadoProjects/EE4218Labs/Project/MLP_NN_Platform_Project_HDL_HLS_v1/zynqmp_pmufw/zynqmp_pmufw_bsp/system.mss|system_3||

TRACE::2025-04-09.17:57:03::SCWMssOS::Sw design exists and opened at  C:/Users/sunil/VivadoProjects/EE4218Labs/Project/MLP_NN_Platform_Project_HDL_HLS_v1/zynqmp_pmufw/zynqmp_pmufw_bsp/system.mss
TRACE::2025-04-09.17:57:03::SCWMssOS:: library already available in sw design:  xilfpga:6.5
TRACE::2025-04-09.17:57:03::SCWPlatform::Trying to open the hw design at C:/Users/sunil/VivadoProjects/EE4218Labs/Project/MLP_NN_Platform_Project_HDL_HLS_v1/hw/MLP_NN_HDL_HLS_v1.xsa
TRACE::2025-04-09.17:57:03::SCWPlatform::DSA given C:/Users/sunil/VivadoProjects/EE4218Labs/Project/MLP_NN_Platform_Project_HDL_HLS_v1/hw/MLP_NN_HDL_HLS_v1.xsa
TRACE::2025-04-09.17:57:03::SCWPlatform::DSA absoulate path C:/Users/sunil/VivadoProjects/EE4218Labs/Project/MLP_NN_Platform_Project_HDL_HLS_v1/hw/MLP_NN_HDL_HLS_v1.xsa
TRACE::2025-04-09.17:57:03::SCWPlatform::DSA directory C:/Users/sunil/VivadoProjects/EE4218Labs/Project/MLP_NN_Platform_Project_HDL_HLS_v1/hw
TRACE::2025-04-09.17:57:03::SCWPlatform:: Platform Path C:/Users/sunil/VivadoProjects/EE4218Labs/Project/MLP_NN_Platform_Project_HDL_HLS_v1/hw/MLP_NN_HDL_HLS_v1.xsa
TRACE::2025-04-09.17:57:03::SCWPlatform:: Unique name xilinx:kv260_som::0.0
TRACE::2025-04-09.17:57:03::SCWPlatform::Trying to set the existing hwdb with name design_1_wrapper_2
TRACE::2025-04-09.17:57:03::SCWPlatform::Opened existing hwdb design_1_wrapper_2
TRACE::2025-04-09.17:57:03::SCWPlatform::Found the Hw Db part of the input DSA
TRACE::2025-04-09.17:57:03::SCWMssOS::Checking the sw design at  C:/Users/sunil/VivadoProjects/EE4218Labs/Project/MLP_NN_Platform_Project_HDL_HLS_v1/zynqmp_pmufw/zynqmp_pmufw_bsp/system.mss
TRACE::2025-04-09.17:57:03::SCWMssOS::DEBUG:  swdes dump  C:/Users/sunil/VivadoProjects/EE4218Labs/Project/MLP_NN_HDL_HLS_v2/psu_cortexa53_0/standalone_domain/bsp/system.mss|system_1||
C:/Users/sunil/VivadoProjects/EE4218Labs/Project/MLP_NN_HDL_HLS_v2/zynqmp_fsbl/zynqmp_fsbl_bsp/system.mss|system||
C:/Users/sunil/VivadoProjects/EE4218Labs/Project/MLP_NN_HDL_HLS_v2/zynqmp_pmufw/zynqmp_pmufw_bsp/system.mss|system_0||
C:/Users/sunil/VivadoProjects/EE4218Labs/Project/MLP_NN_Platform_Project_HDL_HLS_v1/zynqmp_fsbl/zynqmp_fsbl_bsp/system.mss|system_2||
C:/Users/sunil/VivadoProjects/EE4218Labs/Project/MLP_NN_Platform_Project_HDL_HLS_v1/zynqmp_pmufw/zynqmp_pmufw_bsp/system.mss|system_3||

TRACE::2025-04-09.17:57:03::SCWMssOS::Sw design exists and opened at  C:/Users/sunil/VivadoProjects/EE4218Labs/Project/MLP_NN_Platform_Project_HDL_HLS_v1/zynqmp_pmufw/zynqmp_pmufw_bsp/system.mss
TRACE::2025-04-09.17:57:03::SCWMssOS:: library already available in sw design:  xilsecure:5.2
TRACE::2025-04-09.17:57:03::SCWPlatform::Trying to open the hw design at C:/Users/sunil/VivadoProjects/EE4218Labs/Project/MLP_NN_Platform_Project_HDL_HLS_v1/hw/MLP_NN_HDL_HLS_v1.xsa
TRACE::2025-04-09.17:57:03::SCWPlatform::DSA given C:/Users/sunil/VivadoProjects/EE4218Labs/Project/MLP_NN_Platform_Project_HDL_HLS_v1/hw/MLP_NN_HDL_HLS_v1.xsa
TRACE::2025-04-09.17:57:03::SCWPlatform::DSA absoulate path C:/Users/sunil/VivadoProjects/EE4218Labs/Project/MLP_NN_Platform_Project_HDL_HLS_v1/hw/MLP_NN_HDL_HLS_v1.xsa
TRACE::2025-04-09.17:57:03::SCWPlatform::DSA directory C:/Users/sunil/VivadoProjects/EE4218Labs/Project/MLP_NN_Platform_Project_HDL_HLS_v1/hw
TRACE::2025-04-09.17:57:03::SCWPlatform:: Platform Path C:/Users/sunil/VivadoProjects/EE4218Labs/Project/MLP_NN_Platform_Project_HDL_HLS_v1/hw/MLP_NN_HDL_HLS_v1.xsa
TRACE::2025-04-09.17:57:03::SCWPlatform:: Unique name xilinx:kv260_som::0.0
TRACE::2025-04-09.17:57:03::SCWPlatform::Trying to set the existing hwdb with name design_1_wrapper_2
TRACE::2025-04-09.17:57:03::SCWPlatform::Opened existing hwdb design_1_wrapper_2
TRACE::2025-04-09.17:57:03::SCWPlatform::Found the Hw Db part of the input DSA
TRACE::2025-04-09.17:57:03::SCWMssOS::Checking the sw design at  C:/Users/sunil/VivadoProjects/EE4218Labs/Project/MLP_NN_Platform_Project_HDL_HLS_v1/zynqmp_pmufw/zynqmp_pmufw_bsp/system.mss
TRACE::2025-04-09.17:57:03::SCWMssOS::DEBUG:  swdes dump  C:/Users/sunil/VivadoProjects/EE4218Labs/Project/MLP_NN_HDL_HLS_v2/psu_cortexa53_0/standalone_domain/bsp/system.mss|system_1||
C:/Users/sunil/VivadoProjects/EE4218Labs/Project/MLP_NN_HDL_HLS_v2/zynqmp_fsbl/zynqmp_fsbl_bsp/system.mss|system||
C:/Users/sunil/VivadoProjects/EE4218Labs/Project/MLP_NN_HDL_HLS_v2/zynqmp_pmufw/zynqmp_pmufw_bsp/system.mss|system_0||
C:/Users/sunil/VivadoProjects/EE4218Labs/Project/MLP_NN_Platform_Project_HDL_HLS_v1/zynqmp_fsbl/zynqmp_fsbl_bsp/system.mss|system_2||
C:/Users/sunil/VivadoProjects/EE4218Labs/Project/MLP_NN_Platform_Project_HDL_HLS_v1/zynqmp_pmufw/zynqmp_pmufw_bsp/system.mss|system_3||

TRACE::2025-04-09.17:57:03::SCWMssOS::Sw design exists and opened at  C:/Users/sunil/VivadoProjects/EE4218Labs/Project/MLP_NN_Platform_Project_HDL_HLS_v1/zynqmp_pmufw/zynqmp_pmufw_bsp/system.mss
TRACE::2025-04-09.17:57:03::SCWMssOS:: library already available in sw design:  xilskey:7.5
TRACE::2025-04-09.17:57:03::SCWPlatform::Trying to open the hw design at C:/Users/sunil/VivadoProjects/EE4218Labs/Project/MLP_NN_Platform_Project_HDL_HLS_v1/hw/MLP_NN_HDL_HLS_v1.xsa
TRACE::2025-04-09.17:57:03::SCWPlatform::DSA given C:/Users/sunil/VivadoProjects/EE4218Labs/Project/MLP_NN_Platform_Project_HDL_HLS_v1/hw/MLP_NN_HDL_HLS_v1.xsa
TRACE::2025-04-09.17:57:03::SCWPlatform::DSA absoulate path C:/Users/sunil/VivadoProjects/EE4218Labs/Project/MLP_NN_Platform_Project_HDL_HLS_v1/hw/MLP_NN_HDL_HLS_v1.xsa
TRACE::2025-04-09.17:57:03::SCWPlatform::DSA directory C:/Users/sunil/VivadoProjects/EE4218Labs/Project/MLP_NN_Platform_Project_HDL_HLS_v1/hw
TRACE::2025-04-09.17:57:03::SCWPlatform:: Platform Path C:/Users/sunil/VivadoProjects/EE4218Labs/Project/MLP_NN_Platform_Project_HDL_HLS_v1/hw/MLP_NN_HDL_HLS_v1.xsa
TRACE::2025-04-09.17:57:03::SCWPlatform:: Unique name xilinx:kv260_som::0.0
TRACE::2025-04-09.17:57:03::SCWPlatform::Trying to set the existing hwdb with name design_1_wrapper_2
TRACE::2025-04-09.17:57:03::SCWPlatform::Opened existing hwdb design_1_wrapper_2
TRACE::2025-04-09.17:57:03::SCWPlatform::Found the Hw Db part of the input DSA
TRACE::2025-04-09.17:57:03::SCWMssOS::Checking the sw design at  C:/Users/sunil/VivadoProjects/EE4218Labs/Project/MLP_NN_Platform_Project_HDL_HLS_v1/zynqmp_pmufw/zynqmp_pmufw_bsp/system.mss
TRACE::2025-04-09.17:57:03::SCWMssOS::DEBUG:  swdes dump  C:/Users/sunil/VivadoProjects/EE4218Labs/Project/MLP_NN_HDL_HLS_v2/psu_cortexa53_0/standalone_domain/bsp/system.mss|system_1||
C:/Users/sunil/VivadoProjects/EE4218Labs/Project/MLP_NN_HDL_HLS_v2/zynqmp_fsbl/zynqmp_fsbl_bsp/system.mss|system||
C:/Users/sunil/VivadoProjects/EE4218Labs/Project/MLP_NN_HDL_HLS_v2/zynqmp_pmufw/zynqmp_pmufw_bsp/system.mss|system_0||
C:/Users/sunil/VivadoProjects/EE4218Labs/Project/MLP_NN_Platform_Project_HDL_HLS_v1/zynqmp_fsbl/zynqmp_fsbl_bsp/system.mss|system_2||
C:/Users/sunil/VivadoProjects/EE4218Labs/Project/MLP_NN_Platform_Project_HDL_HLS_v1/zynqmp_pmufw/zynqmp_pmufw_bsp/system.mss|system_3||

TRACE::2025-04-09.17:57:03::SCWMssOS::Sw design exists and opened at  C:/Users/sunil/VivadoProjects/EE4218Labs/Project/MLP_NN_Platform_Project_HDL_HLS_v1/zynqmp_pmufw/zynqmp_pmufw_bsp/system.mss
TRACE::2025-04-09.17:57:03::SCWPlatform::Trying to open the hw design at C:/Users/sunil/VivadoProjects/EE4218Labs/Project/MLP_NN_Platform_Project_HDL_HLS_v1/hw/MLP_NN_HDL_HLS_v1.xsa
TRACE::2025-04-09.17:57:03::SCWPlatform::DSA given C:/Users/sunil/VivadoProjects/EE4218Labs/Project/MLP_NN_Platform_Project_HDL_HLS_v1/hw/MLP_NN_HDL_HLS_v1.xsa
TRACE::2025-04-09.17:57:03::SCWPlatform::DSA absoulate path C:/Users/sunil/VivadoProjects/EE4218Labs/Project/MLP_NN_Platform_Project_HDL_HLS_v1/hw/MLP_NN_HDL_HLS_v1.xsa
TRACE::2025-04-09.17:57:03::SCWPlatform::DSA directory C:/Users/sunil/VivadoProjects/EE4218Labs/Project/MLP_NN_Platform_Project_HDL_HLS_v1/hw
TRACE::2025-04-09.17:57:03::SCWPlatform:: Platform Path C:/Users/sunil/VivadoProjects/EE4218Labs/Project/MLP_NN_Platform_Project_HDL_HLS_v1/hw/MLP_NN_HDL_HLS_v1.xsa
TRACE::2025-04-09.17:57:03::SCWPlatform:: Unique name xilinx:kv260_som::0.0
TRACE::2025-04-09.17:57:03::SCWPlatform::Trying to set the existing hwdb with name design_1_wrapper_2
TRACE::2025-04-09.17:57:03::SCWPlatform::Opened existing hwdb design_1_wrapper_2
TRACE::2025-04-09.17:57:03::SCWPlatform::Found the Hw Db part of the input DSA
TRACE::2025-04-09.17:57:03::SCWMssOS::Checking the sw design at  C:/Users/sunil/VivadoProjects/EE4218Labs/Project/MLP_NN_Platform_Project_HDL_HLS_v1/zynqmp_pmufw/zynqmp_pmufw_bsp/system.mss
TRACE::2025-04-09.17:57:03::SCWMssOS::DEBUG:  swdes dump  C:/Users/sunil/VivadoProjects/EE4218Labs/Project/MLP_NN_HDL_HLS_v2/psu_cortexa53_0/standalone_domain/bsp/system.mss|system_1||
C:/Users/sunil/VivadoProjects/EE4218Labs/Project/MLP_NN_HDL_HLS_v2/zynqmp_fsbl/zynqmp_fsbl_bsp/system.mss|system||
C:/Users/sunil/VivadoProjects/EE4218Labs/Project/MLP_NN_HDL_HLS_v2/zynqmp_pmufw/zynqmp_pmufw_bsp/system.mss|system_0||
C:/Users/sunil/VivadoProjects/EE4218Labs/Project/MLP_NN_Platform_Project_HDL_HLS_v1/zynqmp_fsbl/zynqmp_fsbl_bsp/system.mss|system_2||
C:/Users/sunil/VivadoProjects/EE4218Labs/Project/MLP_NN_Platform_Project_HDL_HLS_v1/zynqmp_pmufw/zynqmp_pmufw_bsp/system.mss|system_3||

TRACE::2025-04-09.17:57:03::SCWMssOS::Sw design exists and opened at  C:/Users/sunil/VivadoProjects/EE4218Labs/Project/MLP_NN_Platform_Project_HDL_HLS_v1/zynqmp_pmufw/zynqmp_pmufw_bsp/system.mss
TRACE::2025-04-09.17:57:03::SCWMssOS::Saving the mss changes C:/Users/sunil/VivadoProjects/EE4218Labs/Project/MLP_NN_Platform_Project_HDL_HLS_v1/zynqmp_pmufw/zynqmp_pmufw_bsp/system.mss
TRACE::2025-04-09.17:57:03::SCWMssOS::Found a swdesign opened with the mssfile.
TRACE::2025-04-09.17:57:03::SCWMssOS::Completed writemss as part of save.
TRACE::2025-04-09.17:57:03::SCWMssOS::Commit changes completed.
TRACE::2025-04-09.17:57:03::SCWReader::Adding prebuilt librarypaths as   
TRACE::2025-04-09.17:57:03::SCWReader::Adding prebuilt incpaths  as   
TRACE::2025-04-09.17:57:03::SCWPlatform::Trying to open the hw design at C:/Users/sunil/VivadoProjects/EE4218Labs/Project/MLP_NN_Platform_Project_HDL_HLS_v1/hw/MLP_NN_HDL_HLS_v1.xsa
TRACE::2025-04-09.17:57:03::SCWPlatform::DSA given C:/Users/sunil/VivadoProjects/EE4218Labs/Project/MLP_NN_Platform_Project_HDL_HLS_v1/hw/MLP_NN_HDL_HLS_v1.xsa
TRACE::2025-04-09.17:57:03::SCWPlatform::DSA absoulate path C:/Users/sunil/VivadoProjects/EE4218Labs/Project/MLP_NN_Platform_Project_HDL_HLS_v1/hw/MLP_NN_HDL_HLS_v1.xsa
TRACE::2025-04-09.17:57:03::SCWPlatform::DSA directory C:/Users/sunil/VivadoProjects/EE4218Labs/Project/MLP_NN_Platform_Project_HDL_HLS_v1/hw
TRACE::2025-04-09.17:57:03::SCWPlatform:: Platform Path C:/Users/sunil/VivadoProjects/EE4218Labs/Project/MLP_NN_Platform_Project_HDL_HLS_v1/hw/MLP_NN_HDL_HLS_v1.xsa
TRACE::2025-04-09.17:57:03::SCWPlatform:: Unique name xilinx:kv260_som::0.0
TRACE::2025-04-09.17:57:03::SCWPlatform::Trying to set the existing hwdb with name design_1_wrapper_2
TRACE::2025-04-09.17:57:03::SCWPlatform::Opened existing hwdb design_1_wrapper_2
TRACE::2025-04-09.17:57:03::SCWPlatform::Found the Hw Db part of the input DSA
TRACE::2025-04-09.17:57:03::SCWMssOS::Checking the sw design at  C:/Users/sunil/VivadoProjects/EE4218Labs/Project/MLP_NN_Platform_Project_HDL_HLS_v1/zynqmp_pmufw/zynqmp_pmufw_bsp/system.mss
TRACE::2025-04-09.17:57:03::SCWMssOS::DEBUG:  swdes dump  C:/Users/sunil/VivadoProjects/EE4218Labs/Project/MLP_NN_HDL_HLS_v2/psu_cortexa53_0/standalone_domain/bsp/system.mss|system_1||
C:/Users/sunil/VivadoProjects/EE4218Labs/Project/MLP_NN_HDL_HLS_v2/zynqmp_fsbl/zynqmp_fsbl_bsp/system.mss|system||
C:/Users/sunil/VivadoProjects/EE4218Labs/Project/MLP_NN_HDL_HLS_v2/zynqmp_pmufw/zynqmp_pmufw_bsp/system.mss|system_0||
C:/Users/sunil/VivadoProjects/EE4218Labs/Project/MLP_NN_Platform_Project_HDL_HLS_v1/zynqmp_fsbl/zynqmp_fsbl_bsp/system.mss|system_2||
C:/Users/sunil/VivadoProjects/EE4218Labs/Project/MLP_NN_Platform_Project_HDL_HLS_v1/zynqmp_pmufw/zynqmp_pmufw_bsp/system.mss|system_3||

TRACE::2025-04-09.17:57:03::SCWMssOS::Sw design exists and opened at  C:/Users/sunil/VivadoProjects/EE4218Labs/Project/MLP_NN_Platform_Project_HDL_HLS_v1/zynqmp_pmufw/zynqmp_pmufw_bsp/system.mss
TRACE::2025-04-09.17:57:03::SCWReader::No isolation master present  
TRACE::2025-04-09.17:57:03::SCWDomain::checking for install qemu data   : 
TRACE::2025-04-09.17:57:03::SCWDomain:: Using the QEMU Data from install at  : C:/Xilinx/Vitis/2023.2/data/emulation/platforms/zynqmp/sw/a53_standalone/qemu/
TRACE::2025-04-09.17:57:03::SCWDomain:: Using the QEMU args  from install at  : C:/Xilinx/Vitis/2023.2/data/emulation/platforms/zynqmp/sw/a53_standalone/qemu/qemu_args.txt
TRACE::2025-04-09.17:57:03::SCWDomain:: Using the PMUQEMU args from install at  : C:/Xilinx/Vitis/2023.2/data/emulation/platforms/zynqmp/sw/a53_standalone/qemu/pmu_args.txt
TRACE::2025-04-09.17:57:03::SCWPlatform::Trying to open the hw design at C:/Users/sunil/VivadoProjects/EE4218Labs/Project/MLP_NN_Platform_Project_HDL_HLS_v1/hw/MLP_NN_HDL_HLS_v1.xsa
TRACE::2025-04-09.17:57:03::SCWPlatform::DSA given C:/Users/sunil/VivadoProjects/EE4218Labs/Project/MLP_NN_Platform_Project_HDL_HLS_v1/hw/MLP_NN_HDL_HLS_v1.xsa
TRACE::2025-04-09.17:57:03::SCWPlatform::DSA absoulate path C:/Users/sunil/VivadoProjects/EE4218Labs/Project/MLP_NN_Platform_Project_HDL_HLS_v1/hw/MLP_NN_HDL_HLS_v1.xsa
TRACE::2025-04-09.17:57:03::SCWPlatform::DSA directory C:/Users/sunil/VivadoProjects/EE4218Labs/Project/MLP_NN_Platform_Project_HDL_HLS_v1/hw
TRACE::2025-04-09.17:57:03::SCWPlatform:: Platform Path C:/Users/sunil/VivadoProjects/EE4218Labs/Project/MLP_NN_Platform_Project_HDL_HLS_v1/hw/MLP_NN_HDL_HLS_v1.xsa
TRACE::2025-04-09.17:57:03::SCWPlatform:: Unique name xilinx:kv260_som::0.0
TRACE::2025-04-09.17:57:03::SCWPlatform::Trying to set the existing hwdb with name design_1_wrapper_2
TRACE::2025-04-09.17:57:03::SCWPlatform::Opened existing hwdb design_1_wrapper_2
TRACE::2025-04-09.17:57:03::SCWPlatform::Found the Hw Db part of the input DSA
TRACE::2025-04-09.17:57:03::SCWPlatform::Trying to open the hw design at C:/Users/sunil/VivadoProjects/EE4218Labs/Project/MLP_NN_Platform_Project_HDL_HLS_v1/hw/MLP_NN_HDL_HLS_v1.xsa
TRACE::2025-04-09.17:57:03::SCWPlatform::DSA given C:/Users/sunil/VivadoProjects/EE4218Labs/Project/MLP_NN_Platform_Project_HDL_HLS_v1/hw/MLP_NN_HDL_HLS_v1.xsa
TRACE::2025-04-09.17:57:03::SCWPlatform::DSA absoulate path C:/Users/sunil/VivadoProjects/EE4218Labs/Project/MLP_NN_Platform_Project_HDL_HLS_v1/hw/MLP_NN_HDL_HLS_v1.xsa
TRACE::2025-04-09.17:57:03::SCWPlatform::DSA directory C:/Users/sunil/VivadoProjects/EE4218Labs/Project/MLP_NN_Platform_Project_HDL_HLS_v1/hw
TRACE::2025-04-09.17:57:03::SCWPlatform:: Platform Path C:/Users/sunil/VivadoProjects/EE4218Labs/Project/MLP_NN_Platform_Project_HDL_HLS_v1/hw/MLP_NN_HDL_HLS_v1.xsa
TRACE::2025-04-09.17:57:03::SCWPlatform:: Unique name xilinx:kv260_som::0.0
TRACE::2025-04-09.17:57:03::SCWPlatform::Trying to set the existing hwdb with name design_1_wrapper_2
TRACE::2025-04-09.17:57:03::SCWPlatform::Opened existing hwdb design_1_wrapper_2
TRACE::2025-04-09.17:57:03::SCWPlatform::Found the Hw Db part of the input DSA
TRACE::2025-04-09.17:57:03::SCWPlatform::Trying to open the hw design at C:/Users/sunil/VivadoProjects/EE4218Labs/Project/MLP_NN_Platform_Project_HDL_HLS_v1/hw/MLP_NN_HDL_HLS_v1.xsa
TRACE::2025-04-09.17:57:03::SCWPlatform::DSA given C:/Users/sunil/VivadoProjects/EE4218Labs/Project/MLP_NN_Platform_Project_HDL_HLS_v1/hw/MLP_NN_HDL_HLS_v1.xsa
TRACE::2025-04-09.17:57:03::SCWPlatform::DSA absoulate path C:/Users/sunil/VivadoProjects/EE4218Labs/Project/MLP_NN_Platform_Project_HDL_HLS_v1/hw/MLP_NN_HDL_HLS_v1.xsa
TRACE::2025-04-09.17:57:03::SCWPlatform::DSA directory C:/Users/sunil/VivadoProjects/EE4218Labs/Project/MLP_NN_Platform_Project_HDL_HLS_v1/hw
TRACE::2025-04-09.17:57:03::SCWPlatform:: Platform Path C:/Users/sunil/VivadoProjects/EE4218Labs/Project/MLP_NN_Platform_Project_HDL_HLS_v1/hw/MLP_NN_HDL_HLS_v1.xsa
TRACE::2025-04-09.17:57:03::SCWPlatform:: Unique name xilinx:kv260_som::0.0
TRACE::2025-04-09.17:57:03::SCWPlatform::Trying to set the existing hwdb with name design_1_wrapper_2
TRACE::2025-04-09.17:57:03::SCWPlatform::Opened existing hwdb design_1_wrapper_2
TRACE::2025-04-09.17:57:03::SCWPlatform::Found the Hw Db part of the input DSA
TRACE::2025-04-09.17:57:03::SCWMssOS::Checking the sw design at  C:/Users/sunil/VivadoProjects/EE4218Labs/Project/MLP_NN_Platform_Project_HDL_HLS_v1/psu_cortexa53_0/standalone_domain/bsp/system.mss
TRACE::2025-04-09.17:57:03::SCWMssOS::DEBUG:  swdes dump  C:/Users/sunil/VivadoProjects/EE4218Labs/Project/MLP_NN_HDL_HLS_v2/psu_cortexa53_0/standalone_domain/bsp/system.mss|system_1||
C:/Users/sunil/VivadoProjects/EE4218Labs/Project/MLP_NN_HDL_HLS_v2/zynqmp_fsbl/zynqmp_fsbl_bsp/system.mss|system||
C:/Users/sunil/VivadoProjects/EE4218Labs/Project/MLP_NN_HDL_HLS_v2/zynqmp_pmufw/zynqmp_pmufw_bsp/system.mss|system_0||
C:/Users/sunil/VivadoProjects/EE4218Labs/Project/MLP_NN_Platform_Project_HDL_HLS_v1/zynqmp_fsbl/zynqmp_fsbl_bsp/system.mss|system_2||
C:/Users/sunil/VivadoProjects/EE4218Labs/Project/MLP_NN_Platform_Project_HDL_HLS_v1/zynqmp_pmufw/zynqmp_pmufw_bsp/system.mss|system_3||

TRACE::2025-04-09.17:57:03::SCWMssOS::No sw design opened at  C:/Users/sunil/VivadoProjects/EE4218Labs/Project/MLP_NN_Platform_Project_HDL_HLS_v1/psu_cortexa53_0/standalone_domain/bsp/system.mss
TRACE::2025-04-09.17:57:03::SCWMssOS::mss exists loading the mss file  C:/Users/sunil/VivadoProjects/EE4218Labs/Project/MLP_NN_Platform_Project_HDL_HLS_v1/psu_cortexa53_0/standalone_domain/bsp/system.mss
TRACE::2025-04-09.17:57:03::SCWMssOS::Opened the sw design from mss  C:/Users/sunil/VivadoProjects/EE4218Labs/Project/MLP_NN_Platform_Project_HDL_HLS_v1/psu_cortexa53_0/standalone_domain/bsp/system.mss
TRACE::2025-04-09.17:57:03::SCWMssOS::Adding the swdes entry C:/Users/sunil/VivadoProjects/EE4218Labs/Project/MLP_NN_Platform_Project_HDL_HLS_v1/psu_cortexa53_0/standalone_domain/bsp/system.mss with des name system_4
TRACE::2025-04-09.17:57:03::SCWMssOS::updating the scw layer about changes
TRACE::2025-04-09.17:57:03::SCWMssOS::Opened the sw design.  C:/Users/sunil/VivadoProjects/EE4218Labs/Project/MLP_NN_Platform_Project_HDL_HLS_v1/psu_cortexa53_0/standalone_domain/bsp/system.mss
TRACE::2025-04-09.17:57:03::SCWMssOS::Saving the mss changes C:/Users/sunil/VivadoProjects/EE4218Labs/Project/MLP_NN_Platform_Project_HDL_HLS_v1/psu_cortexa53_0/standalone_domain/bsp/system.mss
TRACE::2025-04-09.17:57:03::SCWMssOS::Found a swdesign opened with the mssfile.
TRACE::2025-04-09.17:57:03::SCWMssOS::Completed writemss as part of save.
TRACE::2025-04-09.17:57:03::SCWMssOS::Commit changes completed.
TRACE::2025-04-09.17:57:03::SCWReader::Adding prebuilt librarypaths as   
TRACE::2025-04-09.17:57:03::SCWReader::Adding prebuilt incpaths  as   
TRACE::2025-04-09.17:57:03::SCWPlatform::Trying to open the hw design at C:/Users/sunil/VivadoProjects/EE4218Labs/Project/MLP_NN_Platform_Project_HDL_HLS_v1/hw/MLP_NN_HDL_HLS_v1.xsa
TRACE::2025-04-09.17:57:03::SCWPlatform::DSA given C:/Users/sunil/VivadoProjects/EE4218Labs/Project/MLP_NN_Platform_Project_HDL_HLS_v1/hw/MLP_NN_HDL_HLS_v1.xsa
TRACE::2025-04-09.17:57:03::SCWPlatform::DSA absoulate path C:/Users/sunil/VivadoProjects/EE4218Labs/Project/MLP_NN_Platform_Project_HDL_HLS_v1/hw/MLP_NN_HDL_HLS_v1.xsa
TRACE::2025-04-09.17:57:03::SCWPlatform::DSA directory C:/Users/sunil/VivadoProjects/EE4218Labs/Project/MLP_NN_Platform_Project_HDL_HLS_v1/hw
TRACE::2025-04-09.17:57:04::SCWPlatform:: Platform Path C:/Users/sunil/VivadoProjects/EE4218Labs/Project/MLP_NN_Platform_Project_HDL_HLS_v1/hw/MLP_NN_HDL_HLS_v1.xsa
TRACE::2025-04-09.17:57:04::SCWPlatform:: Unique name xilinx:kv260_som::0.0
TRACE::2025-04-09.17:57:04::SCWPlatform::Trying to set the existing hwdb with name design_1_wrapper_2
TRACE::2025-04-09.17:57:04::SCWPlatform::Opened existing hwdb design_1_wrapper_2
TRACE::2025-04-09.17:57:04::SCWPlatform::Found the Hw Db part of the input DSA
TRACE::2025-04-09.17:57:04::SCWMssOS::Checking the sw design at  C:/Users/sunil/VivadoProjects/EE4218Labs/Project/MLP_NN_Platform_Project_HDL_HLS_v1/psu_cortexa53_0/standalone_domain/bsp/system.mss
TRACE::2025-04-09.17:57:04::SCWMssOS::DEBUG:  swdes dump  C:/Users/sunil/VivadoProjects/EE4218Labs/Project/MLP_NN_HDL_HLS_v2/psu_cortexa53_0/standalone_domain/bsp/system.mss|system_1||
C:/Users/sunil/VivadoProjects/EE4218Labs/Project/MLP_NN_HDL_HLS_v2/zynqmp_fsbl/zynqmp_fsbl_bsp/system.mss|system||
C:/Users/sunil/VivadoProjects/EE4218Labs/Project/MLP_NN_HDL_HLS_v2/zynqmp_pmufw/zynqmp_pmufw_bsp/system.mss|system_0||
C:/Users/sunil/VivadoProjects/EE4218Labs/Project/MLP_NN_Platform_Project_HDL_HLS_v1/psu_cortexa53_0/standalone_domain/bsp/system.mss|system_4||
C:/Users/sunil/VivadoProjects/EE4218Labs/Project/MLP_NN_Platform_Project_HDL_HLS_v1/zynqmp_fsbl/zynqmp_fsbl_bsp/system.mss|system_2||
C:/Users/sunil/VivadoProjects/EE4218Labs/Project/MLP_NN_Platform_Project_HDL_HLS_v1/zynqmp_pmufw/zynqmp_pmufw_bsp/system.mss|system_3||

TRACE::2025-04-09.17:57:04::SCWMssOS::Sw design exists and opened at  C:/Users/sunil/VivadoProjects/EE4218Labs/Project/MLP_NN_Platform_Project_HDL_HLS_v1/psu_cortexa53_0/standalone_domain/bsp/system.mss
TRACE::2025-04-09.17:57:04::SCWReader::No isolation master present  
TRACE::2025-04-09.17:57:04::SCWPlatform::Trying to open the hw design at C:/Users/sunil/VivadoProjects/EE4218Labs/Project/MLP_NN_Platform_Project_HDL_HLS_v1/hw/MLP_NN_HDL_HLS_v1.xsa
TRACE::2025-04-09.17:57:04::SCWPlatform::DSA given C:/Users/sunil/VivadoProjects/EE4218Labs/Project/MLP_NN_Platform_Project_HDL_HLS_v1/hw/MLP_NN_HDL_HLS_v1.xsa
TRACE::2025-04-09.17:57:04::SCWPlatform::DSA absoulate path C:/Users/sunil/VivadoProjects/EE4218Labs/Project/MLP_NN_Platform_Project_HDL_HLS_v1/hw/MLP_NN_HDL_HLS_v1.xsa
TRACE::2025-04-09.17:57:04::SCWPlatform::DSA directory C:/Users/sunil/VivadoProjects/EE4218Labs/Project/MLP_NN_Platform_Project_HDL_HLS_v1/hw
TRACE::2025-04-09.17:57:04::SCWPlatform:: Platform Path C:/Users/sunil/VivadoProjects/EE4218Labs/Project/MLP_NN_Platform_Project_HDL_HLS_v1/hw/MLP_NN_HDL_HLS_v1.xsa
TRACE::2025-04-09.17:57:04::SCWPlatform:: Unique name xilinx:kv260_som::0.0
TRACE::2025-04-09.17:57:04::SCWPlatform::Trying to set the existing hwdb with name design_1_wrapper_2
TRACE::2025-04-09.17:57:04::SCWPlatform::Opened existing hwdb design_1_wrapper_2
TRACE::2025-04-09.17:57:04::SCWPlatform::Found the Hw Db part of the input DSA
TRACE::2025-04-09.17:57:04::SCWMssOS::Checking the sw design at  C:/Users/sunil/VivadoProjects/EE4218Labs/Project/MLP_NN_Platform_Project_HDL_HLS_v1/psu_cortexa53_0/standalone_domain/bsp/system.mss
TRACE::2025-04-09.17:57:04::SCWMssOS::DEBUG:  swdes dump  C:/Users/sunil/VivadoProjects/EE4218Labs/Project/MLP_NN_HDL_HLS_v2/psu_cortexa53_0/standalone_domain/bsp/system.mss|system_1||
C:/Users/sunil/VivadoProjects/EE4218Labs/Project/MLP_NN_HDL_HLS_v2/zynqmp_fsbl/zynqmp_fsbl_bsp/system.mss|system||
C:/Users/sunil/VivadoProjects/EE4218Labs/Project/MLP_NN_HDL_HLS_v2/zynqmp_pmufw/zynqmp_pmufw_bsp/system.mss|system_0||
C:/Users/sunil/VivadoProjects/EE4218Labs/Project/MLP_NN_Platform_Project_HDL_HLS_v1/psu_cortexa53_0/standalone_domain/bsp/system.mss|system_4||
C:/Users/sunil/VivadoProjects/EE4218Labs/Project/MLP_NN_Platform_Project_HDL_HLS_v1/zynqmp_fsbl/zynqmp_fsbl_bsp/system.mss|system_2||
C:/Users/sunil/VivadoProjects/EE4218Labs/Project/MLP_NN_Platform_Project_HDL_HLS_v1/zynqmp_pmufw/zynqmp_pmufw_bsp/system.mss|system_3||

TRACE::2025-04-09.17:57:04::SCWMssOS::Sw design exists and opened at  C:/Users/sunil/VivadoProjects/EE4218Labs/Project/MLP_NN_Platform_Project_HDL_HLS_v1/psu_cortexa53_0/standalone_domain/bsp/system.mss
