Copyright 1986-2022 Xilinx, Inc. All Rights Reserved. Copyright 2022-2023 Advanced Micro Devices, Inc. All Rights Reserved.
--------------------------------------------------------------------------------------------------------------------------------------------------------------------------------------------------------------------------------------------------
| Tool Version      : Vivado v.2023.2 (win64) Build 4029153 Fri Oct 13 20:14:34 MDT 2023
| Date              : Fri Feb 28 13:41:11 2025
| Host              : LAPTOP-MBJHTN7L running 64-bit major release  (build 9200)
| Command           : report_timing_summary -max_paths 10 -report_unconstrained -file design_1_wrapper_timing_summary_routed.rpt -pb design_1_wrapper_timing_summary_routed.pb -rpx design_1_wrapper_timing_summary_routed.rpx -warn_on_violation
| Design            : design_1_wrapper
| Device            : xck26-sfvc784
| Speed File        : -2LV  PRODUCTION 1.30 05-15-2022
| Design State      : Routed
| Temperature Grade : C
--------------------------------------------------------------------------------------------------------------------------------------------------------------------------------------------------------------------------------------------------

Timing Summary Report

------------------------------------------------------------------------------------------------
| Timer Settings
| --------------
------------------------------------------------------------------------------------------------

  Enable Multi Corner Analysis               :  Yes
  Enable Pessimism Removal                   :  Yes
  Pessimism Removal Resolution               :  Nearest Common Node
  Enable Input Delay Default Clock           :  No
  Enable Preset / Clear Arcs                 :  No
  Disable Flight Delays                      :  No
  Ignore I/O Paths                           :  No
  Timing Early Launch at Borrowing Latches   :  No
  Borrow Time for Max Delay Exceptions       :  Yes
  Merge Timing Exceptions                    :  Yes
  Inter-SLR Compensation                     :  Conservative

  Corner  Analyze    Analyze    
  Name    Max Paths  Min Paths  
  ------  ---------  ---------  
  Slow    Yes        Yes        
  Fast    Yes        Yes        


------------------------------------------------------------------------------------------------
| Report Methodology
| ------------------
------------------------------------------------------------------------------------------------

No report available as report_methodology has not been run prior. Run report_methodology on the current design for the summary of methodology violations.



check_timing report

Table of Contents
-----------------
1. checking no_clock (0)
2. checking constant_clock (0)
3. checking pulse_width_clock (0)
4. checking unconstrained_internal_endpoints (0)
5. checking no_input_delay (0)
6. checking no_output_delay (0)
7. checking multiple_clock (0)
8. checking generated_clocks (0)
9. checking loops (0)
10. checking partial_input_delay (0)
11. checking partial_output_delay (0)
12. checking latch_loops (0)

1. checking no_clock (0)
------------------------
 There are 0 register/latch pins with no clock.


2. checking constant_clock (0)
------------------------------
 There are 0 register/latch pins with constant_clock.


3. checking pulse_width_clock (0)
---------------------------------
 There are 0 register/latch pins which need pulse_width check


4. checking unconstrained_internal_endpoints (0)
------------------------------------------------
 There are 0 pins that are not constrained for maximum delay.

 There are 0 pins that are not constrained for maximum delay due to constant clock.


5. checking no_input_delay (0)
------------------------------
 There are 0 input ports with no input delay specified.

 There are 0 input ports with no input delay but user has a false path constraint.


6. checking no_output_delay (0)
-------------------------------
 There are 0 ports with no output delay specified.

 There are 0 ports with no output delay but user has a false path constraint

 There are 0 ports with no output delay but with a timing clock defined on it or propagating through it


7. checking multiple_clock (0)
------------------------------
 There are 0 register/latch pins with multiple clocks.


8. checking generated_clocks (0)
--------------------------------
 There are 0 generated clocks that are not connected to a clock source.


9. checking loops (0)
---------------------
 There are 0 combinational loops in the design.


10. checking partial_input_delay (0)
------------------------------------
 There are 0 input ports with partial input delay specified.


11. checking partial_output_delay (0)
-------------------------------------
 There are 0 ports with partial output delay specified.


12. checking latch_loops (0)
----------------------------
 There are 0 combinational latch loops in the design through latch input



------------------------------------------------------------------------------------------------
| Design Timing Summary
| ---------------------
------------------------------------------------------------------------------------------------

    WNS(ns)      TNS(ns)  TNS Failing Endpoints  TNS Total Endpoints      WHS(ns)      THS(ns)  THS Failing Endpoints  THS Total Endpoints     WPWS(ns)     TPWS(ns)  TPWS Failing Endpoints  TPWS Total Endpoints  
    -------      -------  ---------------------  -------------------      -------      -------  ---------------------  -------------------     --------     --------  ----------------------  --------------------  
      4.927        0.000                      0                 6082        0.012        0.000                      0                 6082        3.500        0.000                       0                  2343  


All user specified timing constraints are met.


------------------------------------------------------------------------------------------------
| Clock Summary
| -------------
------------------------------------------------------------------------------------------------

Clock     Waveform(ns)       Period(ns)      Frequency(MHz)
-----     ------------       ----------      --------------
clk_pl_0  {0.000 5.000}      10.000          100.000         


------------------------------------------------------------------------------------------------
| Intra Clock Table
| -----------------
------------------------------------------------------------------------------------------------

Clock             WNS(ns)      TNS(ns)  TNS Failing Endpoints  TNS Total Endpoints      WHS(ns)      THS(ns)  THS Failing Endpoints  THS Total Endpoints     WPWS(ns)     TPWS(ns)  TPWS Failing Endpoints  TPWS Total Endpoints  
-----             -------      -------  ---------------------  -------------------      -------      -------  ---------------------  -------------------     --------     --------  ----------------------  --------------------  
clk_pl_0            4.927        0.000                      0                 6082        0.012        0.000                      0                 6082        3.500        0.000                       0                  2343  


------------------------------------------------------------------------------------------------
| Inter Clock Table
| -----------------
------------------------------------------------------------------------------------------------

From Clock    To Clock          WNS(ns)      TNS(ns)  TNS Failing Endpoints  TNS Total Endpoints      WHS(ns)      THS(ns)  THS Failing Endpoints  THS Total Endpoints  
----------    --------          -------      -------  ---------------------  -------------------      -------      -------  ---------------------  -------------------  


------------------------------------------------------------------------------------------------
| Other Path Groups Table
| -----------------------
------------------------------------------------------------------------------------------------

Path Group    From Clock    To Clock          WNS(ns)      TNS(ns)  TNS Failing Endpoints  TNS Total Endpoints      WHS(ns)      THS(ns)  THS Failing Endpoints  THS Total Endpoints  
----------    ----------    --------          -------      -------  ---------------------  -------------------      -------      -------  ---------------------  -------------------  


------------------------------------------------------------------------------------------------
| User Ignored Path Table
| -----------------------
------------------------------------------------------------------------------------------------

Path Group    From Clock    To Clock    
----------    ----------    --------    
(none)                      clk_pl_0      
(none)        clk_pl_0      clk_pl_0      


------------------------------------------------------------------------------------------------
| Unconstrained Path Table
| ------------------------
------------------------------------------------------------------------------------------------

Path Group    From Clock    To Clock    
----------    ----------    --------    


------------------------------------------------------------------------------------------------
| Timing Details
| --------------
------------------------------------------------------------------------------------------------


---------------------------------------------------------------------------------------------------
From Clock:  clk_pl_0
  To Clock:  clk_pl_0

Setup :            0  Failing Endpoints,  Worst Slack        4.927ns,  Total Violation        0.000ns
Hold  :            0  Failing Endpoints,  Worst Slack        0.012ns,  Total Violation        0.000ns
PW    :            0  Failing Endpoints,  Worst Slack        3.500ns,  Total Violation        0.000ns
---------------------------------------------------------------------------------------------------


Max Delay Paths
--------------------------------------------------------------------------------------
Slack (MET) :             4.927ns  (required time - arrival time)
  Source:                 design_1_i/myip_0/inst/A_RAM/RAM_reg_bram_0/CLKARDCLK
                            (rising edge-triggered cell RAMB18E2 clocked by clk_pl_0  {rise@0.000ns fall@5.000ns period=10.000ns})
  Destination:            design_1_i/myip_0/inst/matrix_multiply_0/sum_reg[15]/D
                            (rising edge-triggered cell FDRE clocked by clk_pl_0  {rise@0.000ns fall@5.000ns period=10.000ns})
  Path Group:             clk_pl_0
  Path Type:              Setup (Max at Slow Process Corner)
  Requirement:            10.000ns  (clk_pl_0 rise@10.000ns - clk_pl_0 rise@0.000ns)
  Data Path Delay:        4.764ns  (logic 3.010ns (63.178%)  route 1.754ns (36.822%))
  Logic Levels:           10  (CARRY8=5 LUT2=1 LUT4=1 LUT6=3)
  Clock Path Skew:        -0.192ns (DCD - SCD + CPR)
    Destination Clock Delay (DCD):    2.266ns = ( 12.266 - 10.000 ) 
    Source Clock Delay      (SCD):    2.696ns
    Clock Pessimism Removal (CPR):    0.238ns
  Clock Uncertainty:      0.160ns  ((TSJ^2 + DJ^2)^1/2) / 2 + PE
    Total System Jitter     (TSJ):    0.071ns
    Discrete Jitter          (DJ):    0.312ns
    Phase Error              (PE):    0.000ns
  Clock Net Delay (Source):      2.429ns (routing 1.045ns, distribution 1.384ns)
  Clock Net Delay (Destination): 2.050ns (routing 0.955ns, distribution 1.095ns)

    Location             Delay type                Incr(ns)  Path(ns)    Netlist Resource(s)
  -------------------------------------------------------------------    -------------------
                         (clock clk_pl_0 rise edge)
                                                      0.000     0.000 r  
    PS8_X0Y0             PS8                          0.000     0.000 r  design_1_i/zynq_ultra_ps_e_0/inst/PS8_i/PLCLK[0]
                         net (fo=1, routed)           0.229     0.229    design_1_i/zynq_ultra_ps_e_0/inst/pl_clk_unbuffered[0]
    BUFG_PS_X0Y80        BUFG_PS (Prop_BUFG_PS_I_O)
                                                      0.038     0.267 r  design_1_i/zynq_ultra_ps_e_0/inst/buffer_pl_clk_0.PL_CLK_0_BUFG/O
    X0Y1 (CLOCK_ROOT)    net (fo=2343, routed)        2.429     2.696    design_1_i/myip_0/inst/A_RAM/ACLK
    RAMB18_X0Y30         RAMB18E2                                     r  design_1_i/myip_0/inst/A_RAM/RAM_reg_bram_0/CLKARDCLK
  -------------------------------------------------------------------    -------------------
    RAMB18_X0Y30         RAMB18E2 (Prop_RAMB18E2_L_RAMB180_CLKARDCLK_DOUTADOUT[3])
                                                      1.324     4.020 r  design_1_i/myip_0/inst/A_RAM/RAM_reg_bram_0/DOUTADOUT[3]
                         net (fo=21, routed)          0.615     4.635    design_1_i/myip_0/inst/A_RAM/DOUTADOUT[3]
    SLICE_X29Y80         LUT6 (Prop_H6LUT_SLICEM_I4_O)
                                                      0.189     4.824 r  design_1_i/myip_0/inst/A_RAM/sum1__0_carry_i_4/O
                         net (fo=2, routed)           0.249     5.073    design_1_i/myip_0/inst/A_RAM/DI[1]
    SLICE_X27Y78         LUT6 (Prop_E6LUT_SLICEL_I0_O)
                                                      0.083     5.156 r  design_1_i/myip_0/inst/A_RAM/sum1__0_carry_i_11/O
                         net (fo=1, routed)           0.011     5.167    design_1_i/myip_0/inst/matrix_multiply_0/S[4]
    SLICE_X27Y78         CARRY8 (Prop_CARRY8_SLICEL_S[4]_CO[7])
                                                      0.232     5.399 r  design_1_i/myip_0/inst/matrix_multiply_0/sum1__0_carry/CO[7]
                         net (fo=1, routed)           0.030     5.429    design_1_i/myip_0/inst/matrix_multiply_0/sum1__0_carry_n_0
    SLICE_X27Y79         CARRY8 (Prop_CARRY8_SLICEL_CI_O[1])
                                                      0.106     5.535 r  design_1_i/myip_0/inst/matrix_multiply_0/sum1__0_carry__0/O[1]
                         net (fo=3, routed)           0.371     5.906    design_1_i/myip_0/inst/B_RAM/sum1__60_carry_i_6_0[1]
    SLICE_X29Y82         LUT4 (Prop_D5LUT_SLICEM_I3_O)
                                                      0.190     6.096 r  design_1_i/myip_0/inst/B_RAM/sum1__60_carry_i_19/O
                         net (fo=2, routed)           0.224     6.320    design_1_i/myip_0/inst/B_RAM/sum1__60_carry_i_19_n_0
    SLICE_X28Y81         LUT6 (Prop_H6LUT_SLICEM_I4_O)
                                                      0.189     6.509 r  design_1_i/myip_0/inst/B_RAM/sum1__60_carry_i_6/O
                         net (fo=1, routed)           0.021     6.530    design_1_i/myip_0/inst/matrix_multiply_0/sum0_carry_i_5_1[1]
    SLICE_X28Y81         CARRY8 (Prop_CARRY8_SLICEM_S[7]_CO[7])
                                                      0.175     6.705 r  design_1_i/myip_0/inst/matrix_multiply_0/sum1__60_carry/CO[7]
                         net (fo=1, routed)           0.030     6.735    design_1_i/myip_0/inst/matrix_multiply_0/sum1__60_carry_n_0
    SLICE_X28Y82         CARRY8 (Prop_CARRY8_SLICEM_CI_O[0])
                                                      0.078     6.813 r  design_1_i/myip_0/inst/matrix_multiply_0/sum1__60_carry__0/O[0]
                         net (fo=1, routed)           0.156     6.969    design_1_i/myip_0/inst/matrix_multiply_0/sum1[11]
    SLICE_X27Y82         LUT2 (Prop_D6LUT_SLICEL_I1_O)
                                                      0.185     7.154 r  design_1_i/myip_0/inst/matrix_multiply_0/sum0_carry__0_i_5/O
                         net (fo=1, routed)           0.013     7.167    design_1_i/myip_0/inst/matrix_multiply_0/sum0_carry__0_i_5_n_0
    SLICE_X27Y82         CARRY8 (Prop_CARRY8_SLICEL_S[3]_O[7])
                                                      0.259     7.426 r  design_1_i/myip_0/inst/matrix_multiply_0/sum0_carry__0/O[7]
                         net (fo=1, routed)           0.034     7.460    design_1_i/myip_0/inst/matrix_multiply_0/sum0[15]
    SLICE_X27Y82         FDRE                                         r  design_1_i/myip_0/inst/matrix_multiply_0/sum_reg[15]/D
  -------------------------------------------------------------------    -------------------

                         (clock clk_pl_0 rise edge)
                                                     10.000    10.000 r  
    PS8_X0Y0             PS8                          0.000    10.000 r  design_1_i/zynq_ultra_ps_e_0/inst/PS8_i/PLCLK[0]
                         net (fo=1, routed)           0.181    10.181    design_1_i/zynq_ultra_ps_e_0/inst/pl_clk_unbuffered[0]
    BUFG_PS_X0Y80        BUFG_PS (Prop_BUFG_PS_I_O)
                                                      0.035    10.216 r  design_1_i/zynq_ultra_ps_e_0/inst/buffer_pl_clk_0.PL_CLK_0_BUFG/O
    X0Y1 (CLOCK_ROOT)    net (fo=2343, routed)        2.050    12.266    design_1_i/myip_0/inst/matrix_multiply_0/ACLK
    SLICE_X27Y82         FDRE                                         r  design_1_i/myip_0/inst/matrix_multiply_0/sum_reg[15]/C
                         clock pessimism              0.238    12.504    
                         clock uncertainty           -0.160    12.344    
    SLICE_X27Y82         FDRE (Setup_HFF_SLICEL_C_D)
                                                      0.044    12.388    design_1_i/myip_0/inst/matrix_multiply_0/sum_reg[15]
  -------------------------------------------------------------------
                         required time                         12.388    
                         arrival time                          -7.460    
  -------------------------------------------------------------------
                         slack                                  4.927    

Slack (MET) :             4.929ns  (required time - arrival time)
  Source:                 design_1_i/myip_0/inst/A_RAM/RAM_reg_bram_0/CLKARDCLK
                            (rising edge-triggered cell RAMB18E2 clocked by clk_pl_0  {rise@0.000ns fall@5.000ns period=10.000ns})
  Destination:            design_1_i/myip_0/inst/matrix_multiply_0/sum_reg[13]/D
                            (rising edge-triggered cell FDRE clocked by clk_pl_0  {rise@0.000ns fall@5.000ns period=10.000ns})
  Path Group:             clk_pl_0
  Path Type:              Setup (Max at Slow Process Corner)
  Requirement:            10.000ns  (clk_pl_0 rise@10.000ns - clk_pl_0 rise@0.000ns)
  Data Path Delay:        4.762ns  (logic 3.009ns (63.184%)  route 1.753ns (36.816%))
  Logic Levels:           10  (CARRY8=5 LUT2=1 LUT4=1 LUT6=3)
  Clock Path Skew:        -0.192ns (DCD - SCD + CPR)
    Destination Clock Delay (DCD):    2.266ns = ( 12.266 - 10.000 ) 
    Source Clock Delay      (SCD):    2.696ns
    Clock Pessimism Removal (CPR):    0.238ns
  Clock Uncertainty:      0.160ns  ((TSJ^2 + DJ^2)^1/2) / 2 + PE
    Total System Jitter     (TSJ):    0.071ns
    Discrete Jitter          (DJ):    0.312ns
    Phase Error              (PE):    0.000ns
  Clock Net Delay (Source):      2.429ns (routing 1.045ns, distribution 1.384ns)
  Clock Net Delay (Destination): 2.050ns (routing 0.955ns, distribution 1.095ns)

    Location             Delay type                Incr(ns)  Path(ns)    Netlist Resource(s)
  -------------------------------------------------------------------    -------------------
                         (clock clk_pl_0 rise edge)
                                                      0.000     0.000 r  
    PS8_X0Y0             PS8                          0.000     0.000 r  design_1_i/zynq_ultra_ps_e_0/inst/PS8_i/PLCLK[0]
                         net (fo=1, routed)           0.229     0.229    design_1_i/zynq_ultra_ps_e_0/inst/pl_clk_unbuffered[0]
    BUFG_PS_X0Y80        BUFG_PS (Prop_BUFG_PS_I_O)
                                                      0.038     0.267 r  design_1_i/zynq_ultra_ps_e_0/inst/buffer_pl_clk_0.PL_CLK_0_BUFG/O
    X0Y1 (CLOCK_ROOT)    net (fo=2343, routed)        2.429     2.696    design_1_i/myip_0/inst/A_RAM/ACLK
    RAMB18_X0Y30         RAMB18E2                                     r  design_1_i/myip_0/inst/A_RAM/RAM_reg_bram_0/CLKARDCLK
  -------------------------------------------------------------------    -------------------
    RAMB18_X0Y30         RAMB18E2 (Prop_RAMB18E2_L_RAMB180_CLKARDCLK_DOUTADOUT[3])
                                                      1.324     4.020 r  design_1_i/myip_0/inst/A_RAM/RAM_reg_bram_0/DOUTADOUT[3]
                         net (fo=21, routed)          0.615     4.635    design_1_i/myip_0/inst/A_RAM/DOUTADOUT[3]
    SLICE_X29Y80         LUT6 (Prop_H6LUT_SLICEM_I4_O)
                                                      0.189     4.824 r  design_1_i/myip_0/inst/A_RAM/sum1__0_carry_i_4/O
                         net (fo=2, routed)           0.249     5.073    design_1_i/myip_0/inst/A_RAM/DI[1]
    SLICE_X27Y78         LUT6 (Prop_E6LUT_SLICEL_I0_O)
                                                      0.083     5.156 r  design_1_i/myip_0/inst/A_RAM/sum1__0_carry_i_11/O
                         net (fo=1, routed)           0.011     5.167    design_1_i/myip_0/inst/matrix_multiply_0/S[4]
    SLICE_X27Y78         CARRY8 (Prop_CARRY8_SLICEL_S[4]_CO[7])
                                                      0.232     5.399 r  design_1_i/myip_0/inst/matrix_multiply_0/sum1__0_carry/CO[7]
                         net (fo=1, routed)           0.030     5.429    design_1_i/myip_0/inst/matrix_multiply_0/sum1__0_carry_n_0
    SLICE_X27Y79         CARRY8 (Prop_CARRY8_SLICEL_CI_O[1])
                                                      0.106     5.535 r  design_1_i/myip_0/inst/matrix_multiply_0/sum1__0_carry__0/O[1]
                         net (fo=3, routed)           0.371     5.906    design_1_i/myip_0/inst/B_RAM/sum1__60_carry_i_6_0[1]
    SLICE_X29Y82         LUT4 (Prop_D5LUT_SLICEM_I3_O)
                                                      0.190     6.096 r  design_1_i/myip_0/inst/B_RAM/sum1__60_carry_i_19/O
                         net (fo=2, routed)           0.224     6.320    design_1_i/myip_0/inst/B_RAM/sum1__60_carry_i_19_n_0
    SLICE_X28Y81         LUT6 (Prop_H6LUT_SLICEM_I4_O)
                                                      0.189     6.509 r  design_1_i/myip_0/inst/B_RAM/sum1__60_carry_i_6/O
                         net (fo=1, routed)           0.021     6.530    design_1_i/myip_0/inst/matrix_multiply_0/sum0_carry_i_5_1[1]
    SLICE_X28Y81         CARRY8 (Prop_CARRY8_SLICEM_S[7]_CO[7])
                                                      0.175     6.705 r  design_1_i/myip_0/inst/matrix_multiply_0/sum1__60_carry/CO[7]
                         net (fo=1, routed)           0.030     6.735    design_1_i/myip_0/inst/matrix_multiply_0/sum1__60_carry_n_0
    SLICE_X28Y82         CARRY8 (Prop_CARRY8_SLICEM_CI_O[0])
                                                      0.078     6.813 r  design_1_i/myip_0/inst/matrix_multiply_0/sum1__60_carry__0/O[0]
                         net (fo=1, routed)           0.156     6.969    design_1_i/myip_0/inst/matrix_multiply_0/sum1[11]
    SLICE_X27Y82         LUT2 (Prop_D6LUT_SLICEL_I1_O)
                                                      0.185     7.154 r  design_1_i/myip_0/inst/matrix_multiply_0/sum0_carry__0_i_5/O
                         net (fo=1, routed)           0.013     7.167    design_1_i/myip_0/inst/matrix_multiply_0/sum0_carry__0_i_5_n_0
    SLICE_X27Y82         CARRY8 (Prop_CARRY8_SLICEL_S[3]_O[5])
                                                      0.258     7.425 r  design_1_i/myip_0/inst/matrix_multiply_0/sum0_carry__0/O[5]
                         net (fo=1, routed)           0.033     7.458    design_1_i/myip_0/inst/matrix_multiply_0/sum0[13]
    SLICE_X27Y82         FDRE                                         r  design_1_i/myip_0/inst/matrix_multiply_0/sum_reg[13]/D
  -------------------------------------------------------------------    -------------------

                         (clock clk_pl_0 rise edge)
                                                     10.000    10.000 r  
    PS8_X0Y0             PS8                          0.000    10.000 r  design_1_i/zynq_ultra_ps_e_0/inst/PS8_i/PLCLK[0]
                         net (fo=1, routed)           0.181    10.181    design_1_i/zynq_ultra_ps_e_0/inst/pl_clk_unbuffered[0]
    BUFG_PS_X0Y80        BUFG_PS (Prop_BUFG_PS_I_O)
                                                      0.035    10.216 r  design_1_i/zynq_ultra_ps_e_0/inst/buffer_pl_clk_0.PL_CLK_0_BUFG/O
    X0Y1 (CLOCK_ROOT)    net (fo=2343, routed)        2.050    12.266    design_1_i/myip_0/inst/matrix_multiply_0/ACLK
    SLICE_X27Y82         FDRE                                         r  design_1_i/myip_0/inst/matrix_multiply_0/sum_reg[13]/C
                         clock pessimism              0.238    12.504    
                         clock uncertainty           -0.160    12.344    
    SLICE_X27Y82         FDRE (Setup_FFF_SLICEL_C_D)
                                                      0.044    12.388    design_1_i/myip_0/inst/matrix_multiply_0/sum_reg[13]
  -------------------------------------------------------------------
                         required time                         12.388    
                         arrival time                          -7.458    
  -------------------------------------------------------------------
                         slack                                  4.929    

Slack (MET) :             4.948ns  (required time - arrival time)
  Source:                 design_1_i/myip_0/inst/A_RAM/RAM_reg_bram_0/CLKARDCLK
                            (rising edge-triggered cell RAMB18E2 clocked by clk_pl_0  {rise@0.000ns fall@5.000ns period=10.000ns})
  Destination:            design_1_i/myip_0/inst/matrix_multiply_0/sum_reg[14]/D
                            (rising edge-triggered cell FDRE clocked by clk_pl_0  {rise@0.000ns fall@5.000ns period=10.000ns})
  Path Group:             clk_pl_0
  Path Type:              Setup (Max at Slow Process Corner)
  Requirement:            10.000ns  (clk_pl_0 rise@10.000ns - clk_pl_0 rise@0.000ns)
  Data Path Delay:        4.743ns  (logic 2.989ns (63.015%)  route 1.754ns (36.985%))
  Logic Levels:           10  (CARRY8=5 LUT2=1 LUT4=1 LUT6=3)
  Clock Path Skew:        -0.192ns (DCD - SCD + CPR)
    Destination Clock Delay (DCD):    2.266ns = ( 12.266 - 10.000 ) 
    Source Clock Delay      (SCD):    2.696ns
    Clock Pessimism Removal (CPR):    0.238ns
  Clock Uncertainty:      0.160ns  ((TSJ^2 + DJ^2)^1/2) / 2 + PE
    Total System Jitter     (TSJ):    0.071ns
    Discrete Jitter          (DJ):    0.312ns
    Phase Error              (PE):    0.000ns
  Clock Net Delay (Source):      2.429ns (routing 1.045ns, distribution 1.384ns)
  Clock Net Delay (Destination): 2.050ns (routing 0.955ns, distribution 1.095ns)

    Location             Delay type                Incr(ns)  Path(ns)    Netlist Resource(s)
  -------------------------------------------------------------------    -------------------
                         (clock clk_pl_0 rise edge)
                                                      0.000     0.000 r  
    PS8_X0Y0             PS8                          0.000     0.000 r  design_1_i/zynq_ultra_ps_e_0/inst/PS8_i/PLCLK[0]
                         net (fo=1, routed)           0.229     0.229    design_1_i/zynq_ultra_ps_e_0/inst/pl_clk_unbuffered[0]
    BUFG_PS_X0Y80        BUFG_PS (Prop_BUFG_PS_I_O)
                                                      0.038     0.267 r  design_1_i/zynq_ultra_ps_e_0/inst/buffer_pl_clk_0.PL_CLK_0_BUFG/O
    X0Y1 (CLOCK_ROOT)    net (fo=2343, routed)        2.429     2.696    design_1_i/myip_0/inst/A_RAM/ACLK
    RAMB18_X0Y30         RAMB18E2                                     r  design_1_i/myip_0/inst/A_RAM/RAM_reg_bram_0/CLKARDCLK
  -------------------------------------------------------------------    -------------------
    RAMB18_X0Y30         RAMB18E2 (Prop_RAMB18E2_L_RAMB180_CLKARDCLK_DOUTADOUT[3])
                                                      1.324     4.020 r  design_1_i/myip_0/inst/A_RAM/RAM_reg_bram_0/DOUTADOUT[3]
                         net (fo=21, routed)          0.615     4.635    design_1_i/myip_0/inst/A_RAM/DOUTADOUT[3]
    SLICE_X29Y80         LUT6 (Prop_H6LUT_SLICEM_I4_O)
                                                      0.189     4.824 r  design_1_i/myip_0/inst/A_RAM/sum1__0_carry_i_4/O
                         net (fo=2, routed)           0.249     5.073    design_1_i/myip_0/inst/A_RAM/DI[1]
    SLICE_X27Y78         LUT6 (Prop_E6LUT_SLICEL_I0_O)
                                                      0.083     5.156 r  design_1_i/myip_0/inst/A_RAM/sum1__0_carry_i_11/O
                         net (fo=1, routed)           0.011     5.167    design_1_i/myip_0/inst/matrix_multiply_0/S[4]
    SLICE_X27Y78         CARRY8 (Prop_CARRY8_SLICEL_S[4]_CO[7])
                                                      0.232     5.399 r  design_1_i/myip_0/inst/matrix_multiply_0/sum1__0_carry/CO[7]
                         net (fo=1, routed)           0.030     5.429    design_1_i/myip_0/inst/matrix_multiply_0/sum1__0_carry_n_0
    SLICE_X27Y79         CARRY8 (Prop_CARRY8_SLICEL_CI_O[1])
                                                      0.106     5.535 r  design_1_i/myip_0/inst/matrix_multiply_0/sum1__0_carry__0/O[1]
                         net (fo=3, routed)           0.371     5.906    design_1_i/myip_0/inst/B_RAM/sum1__60_carry_i_6_0[1]
    SLICE_X29Y82         LUT4 (Prop_D5LUT_SLICEM_I3_O)
                                                      0.190     6.096 r  design_1_i/myip_0/inst/B_RAM/sum1__60_carry_i_19/O
                         net (fo=2, routed)           0.224     6.320    design_1_i/myip_0/inst/B_RAM/sum1__60_carry_i_19_n_0
    SLICE_X28Y81         LUT6 (Prop_H6LUT_SLICEM_I4_O)
                                                      0.189     6.509 r  design_1_i/myip_0/inst/B_RAM/sum1__60_carry_i_6/O
                         net (fo=1, routed)           0.021     6.530    design_1_i/myip_0/inst/matrix_multiply_0/sum0_carry_i_5_1[1]
    SLICE_X28Y81         CARRY8 (Prop_CARRY8_SLICEM_S[7]_CO[7])
                                                      0.175     6.705 r  design_1_i/myip_0/inst/matrix_multiply_0/sum1__60_carry/CO[7]
                         net (fo=1, routed)           0.030     6.735    design_1_i/myip_0/inst/matrix_multiply_0/sum1__60_carry_n_0
    SLICE_X28Y82         CARRY8 (Prop_CARRY8_SLICEM_CI_O[0])
                                                      0.078     6.813 r  design_1_i/myip_0/inst/matrix_multiply_0/sum1__60_carry__0/O[0]
                         net (fo=1, routed)           0.156     6.969    design_1_i/myip_0/inst/matrix_multiply_0/sum1[11]
    SLICE_X27Y82         LUT2 (Prop_D6LUT_SLICEL_I1_O)
                                                      0.185     7.154 r  design_1_i/myip_0/inst/matrix_multiply_0/sum0_carry__0_i_5/O
                         net (fo=1, routed)           0.013     7.167    design_1_i/myip_0/inst/matrix_multiply_0/sum0_carry__0_i_5_n_0
    SLICE_X27Y82         CARRY8 (Prop_CARRY8_SLICEL_S[3]_O[6])
                                                      0.238     7.405 r  design_1_i/myip_0/inst/matrix_multiply_0/sum0_carry__0/O[6]
                         net (fo=1, routed)           0.034     7.439    design_1_i/myip_0/inst/matrix_multiply_0/sum0[14]
    SLICE_X27Y82         FDRE                                         r  design_1_i/myip_0/inst/matrix_multiply_0/sum_reg[14]/D
  -------------------------------------------------------------------    -------------------

                         (clock clk_pl_0 rise edge)
                                                     10.000    10.000 r  
    PS8_X0Y0             PS8                          0.000    10.000 r  design_1_i/zynq_ultra_ps_e_0/inst/PS8_i/PLCLK[0]
                         net (fo=1, routed)           0.181    10.181    design_1_i/zynq_ultra_ps_e_0/inst/pl_clk_unbuffered[0]
    BUFG_PS_X0Y80        BUFG_PS (Prop_BUFG_PS_I_O)
                                                      0.035    10.216 r  design_1_i/zynq_ultra_ps_e_0/inst/buffer_pl_clk_0.PL_CLK_0_BUFG/O
    X0Y1 (CLOCK_ROOT)    net (fo=2343, routed)        2.050    12.266    design_1_i/myip_0/inst/matrix_multiply_0/ACLK
    SLICE_X27Y82         FDRE                                         r  design_1_i/myip_0/inst/matrix_multiply_0/sum_reg[14]/C
                         clock pessimism              0.238    12.504    
                         clock uncertainty           -0.160    12.344    
    SLICE_X27Y82         FDRE (Setup_GFF_SLICEL_C_D)
                                                      0.044    12.388    design_1_i/myip_0/inst/matrix_multiply_0/sum_reg[14]
  -------------------------------------------------------------------
                         required time                         12.388    
                         arrival time                          -7.439    
  -------------------------------------------------------------------
                         slack                                  4.948    

Slack (MET) :             4.980ns  (required time - arrival time)
  Source:                 design_1_i/myip_0/inst/A_RAM/RAM_reg_bram_0/CLKARDCLK
                            (rising edge-triggered cell RAMB18E2 clocked by clk_pl_0  {rise@0.000ns fall@5.000ns period=10.000ns})
  Destination:            design_1_i/myip_0/inst/matrix_multiply_0/sum_reg[12]/D
                            (rising edge-triggered cell FDRE clocked by clk_pl_0  {rise@0.000ns fall@5.000ns period=10.000ns})
  Path Group:             clk_pl_0
  Path Type:              Setup (Max at Slow Process Corner)
  Requirement:            10.000ns  (clk_pl_0 rise@10.000ns - clk_pl_0 rise@0.000ns)
  Data Path Delay:        4.711ns  (logic 2.959ns (62.807%)  route 1.752ns (37.193%))
  Logic Levels:           10  (CARRY8=5 LUT2=1 LUT4=1 LUT6=3)
  Clock Path Skew:        -0.192ns (DCD - SCD + CPR)
    Destination Clock Delay (DCD):    2.266ns = ( 12.266 - 10.000 ) 
    Source Clock Delay      (SCD):    2.696ns
    Clock Pessimism Removal (CPR):    0.238ns
  Clock Uncertainty:      0.160ns  ((TSJ^2 + DJ^2)^1/2) / 2 + PE
    Total System Jitter     (TSJ):    0.071ns
    Discrete Jitter          (DJ):    0.312ns
    Phase Error              (PE):    0.000ns
  Clock Net Delay (Source):      2.429ns (routing 1.045ns, distribution 1.384ns)
  Clock Net Delay (Destination): 2.050ns (routing 0.955ns, distribution 1.095ns)

    Location             Delay type                Incr(ns)  Path(ns)    Netlist Resource(s)
  -------------------------------------------------------------------    -------------------
                         (clock clk_pl_0 rise edge)
                                                      0.000     0.000 r  
    PS8_X0Y0             PS8                          0.000     0.000 r  design_1_i/zynq_ultra_ps_e_0/inst/PS8_i/PLCLK[0]
                         net (fo=1, routed)           0.229     0.229    design_1_i/zynq_ultra_ps_e_0/inst/pl_clk_unbuffered[0]
    BUFG_PS_X0Y80        BUFG_PS (Prop_BUFG_PS_I_O)
                                                      0.038     0.267 r  design_1_i/zynq_ultra_ps_e_0/inst/buffer_pl_clk_0.PL_CLK_0_BUFG/O
    X0Y1 (CLOCK_ROOT)    net (fo=2343, routed)        2.429     2.696    design_1_i/myip_0/inst/A_RAM/ACLK
    RAMB18_X0Y30         RAMB18E2                                     r  design_1_i/myip_0/inst/A_RAM/RAM_reg_bram_0/CLKARDCLK
  -------------------------------------------------------------------    -------------------
    RAMB18_X0Y30         RAMB18E2 (Prop_RAMB18E2_L_RAMB180_CLKARDCLK_DOUTADOUT[3])
                                                      1.324     4.020 r  design_1_i/myip_0/inst/A_RAM/RAM_reg_bram_0/DOUTADOUT[3]
                         net (fo=21, routed)          0.615     4.635    design_1_i/myip_0/inst/A_RAM/DOUTADOUT[3]
    SLICE_X29Y80         LUT6 (Prop_H6LUT_SLICEM_I4_O)
                                                      0.189     4.824 r  design_1_i/myip_0/inst/A_RAM/sum1__0_carry_i_4/O
                         net (fo=2, routed)           0.249     5.073    design_1_i/myip_0/inst/A_RAM/DI[1]
    SLICE_X27Y78         LUT6 (Prop_E6LUT_SLICEL_I0_O)
                                                      0.083     5.156 r  design_1_i/myip_0/inst/A_RAM/sum1__0_carry_i_11/O
                         net (fo=1, routed)           0.011     5.167    design_1_i/myip_0/inst/matrix_multiply_0/S[4]
    SLICE_X27Y78         CARRY8 (Prop_CARRY8_SLICEL_S[4]_CO[7])
                                                      0.232     5.399 r  design_1_i/myip_0/inst/matrix_multiply_0/sum1__0_carry/CO[7]
                         net (fo=1, routed)           0.030     5.429    design_1_i/myip_0/inst/matrix_multiply_0/sum1__0_carry_n_0
    SLICE_X27Y79         CARRY8 (Prop_CARRY8_SLICEL_CI_O[1])
                                                      0.106     5.535 r  design_1_i/myip_0/inst/matrix_multiply_0/sum1__0_carry__0/O[1]
                         net (fo=3, routed)           0.371     5.906    design_1_i/myip_0/inst/B_RAM/sum1__60_carry_i_6_0[1]
    SLICE_X29Y82         LUT4 (Prop_D5LUT_SLICEM_I3_O)
                                                      0.190     6.096 r  design_1_i/myip_0/inst/B_RAM/sum1__60_carry_i_19/O
                         net (fo=2, routed)           0.224     6.320    design_1_i/myip_0/inst/B_RAM/sum1__60_carry_i_19_n_0
    SLICE_X28Y81         LUT6 (Prop_H6LUT_SLICEM_I4_O)
                                                      0.189     6.509 r  design_1_i/myip_0/inst/B_RAM/sum1__60_carry_i_6/O
                         net (fo=1, routed)           0.021     6.530    design_1_i/myip_0/inst/matrix_multiply_0/sum0_carry_i_5_1[1]
    SLICE_X28Y81         CARRY8 (Prop_CARRY8_SLICEM_S[7]_CO[7])
                                                      0.175     6.705 r  design_1_i/myip_0/inst/matrix_multiply_0/sum1__60_carry/CO[7]
                         net (fo=1, routed)           0.030     6.735    design_1_i/myip_0/inst/matrix_multiply_0/sum1__60_carry_n_0
    SLICE_X28Y82         CARRY8 (Prop_CARRY8_SLICEM_CI_O[0])
                                                      0.078     6.813 r  design_1_i/myip_0/inst/matrix_multiply_0/sum1__60_carry__0/O[0]
                         net (fo=1, routed)           0.156     6.969    design_1_i/myip_0/inst/matrix_multiply_0/sum1[11]
    SLICE_X27Y82         LUT2 (Prop_D6LUT_SLICEL_I1_O)
                                                      0.185     7.154 r  design_1_i/myip_0/inst/matrix_multiply_0/sum0_carry__0_i_5/O
                         net (fo=1, routed)           0.013     7.167    design_1_i/myip_0/inst/matrix_multiply_0/sum0_carry__0_i_5_n_0
    SLICE_X27Y82         CARRY8 (Prop_CARRY8_SLICEL_S[3]_O[4])
                                                      0.208     7.375 r  design_1_i/myip_0/inst/matrix_multiply_0/sum0_carry__0/O[4]
                         net (fo=1, routed)           0.032     7.407    design_1_i/myip_0/inst/matrix_multiply_0/sum0[12]
    SLICE_X27Y82         FDRE                                         r  design_1_i/myip_0/inst/matrix_multiply_0/sum_reg[12]/D
  -------------------------------------------------------------------    -------------------

                         (clock clk_pl_0 rise edge)
                                                     10.000    10.000 r  
    PS8_X0Y0             PS8                          0.000    10.000 r  design_1_i/zynq_ultra_ps_e_0/inst/PS8_i/PLCLK[0]
                         net (fo=1, routed)           0.181    10.181    design_1_i/zynq_ultra_ps_e_0/inst/pl_clk_unbuffered[0]
    BUFG_PS_X0Y80        BUFG_PS (Prop_BUFG_PS_I_O)
                                                      0.035    10.216 r  design_1_i/zynq_ultra_ps_e_0/inst/buffer_pl_clk_0.PL_CLK_0_BUFG/O
    X0Y1 (CLOCK_ROOT)    net (fo=2343, routed)        2.050    12.266    design_1_i/myip_0/inst/matrix_multiply_0/ACLK
    SLICE_X27Y82         FDRE                                         r  design_1_i/myip_0/inst/matrix_multiply_0/sum_reg[12]/C
                         clock pessimism              0.238    12.504    
                         clock uncertainty           -0.160    12.344    
    SLICE_X27Y82         FDRE (Setup_EFF_SLICEL_C_D)
                                                      0.044    12.388    design_1_i/myip_0/inst/matrix_multiply_0/sum_reg[12]
  -------------------------------------------------------------------
                         required time                         12.388    
                         arrival time                          -7.407    
  -------------------------------------------------------------------
                         slack                                  4.980    

Slack (MET) :             5.105ns  (required time - arrival time)
  Source:                 design_1_i/myip_0/inst/A_RAM/RAM_reg_bram_0/CLKARDCLK
                            (rising edge-triggered cell RAMB18E2 clocked by clk_pl_0  {rise@0.000ns fall@5.000ns period=10.000ns})
  Destination:            design_1_i/myip_0/inst/matrix_multiply_0/sum_reg[11]/D
                            (rising edge-triggered cell FDRE clocked by clk_pl_0  {rise@0.000ns fall@5.000ns period=10.000ns})
  Path Group:             clk_pl_0
  Path Type:              Setup (Max at Slow Process Corner)
  Requirement:            10.000ns  (clk_pl_0 rise@10.000ns - clk_pl_0 rise@0.000ns)
  Data Path Delay:        4.584ns  (logic 2.830ns (61.733%)  route 1.754ns (38.267%))
  Logic Levels:           10  (CARRY8=5 LUT2=1 LUT4=1 LUT6=3)
  Clock Path Skew:        -0.195ns (DCD - SCD + CPR)
    Destination Clock Delay (DCD):    2.263ns = ( 12.263 - 10.000 ) 
    Source Clock Delay      (SCD):    2.696ns
    Clock Pessimism Removal (CPR):    0.238ns
  Clock Uncertainty:      0.160ns  ((TSJ^2 + DJ^2)^1/2) / 2 + PE
    Total System Jitter     (TSJ):    0.071ns
    Discrete Jitter          (DJ):    0.312ns
    Phase Error              (PE):    0.000ns
  Clock Net Delay (Source):      2.429ns (routing 1.045ns, distribution 1.384ns)
  Clock Net Delay (Destination): 2.047ns (routing 0.955ns, distribution 1.092ns)

    Location             Delay type                Incr(ns)  Path(ns)    Netlist Resource(s)
  -------------------------------------------------------------------    -------------------
                         (clock clk_pl_0 rise edge)
                                                      0.000     0.000 r  
    PS8_X0Y0             PS8                          0.000     0.000 r  design_1_i/zynq_ultra_ps_e_0/inst/PS8_i/PLCLK[0]
                         net (fo=1, routed)           0.229     0.229    design_1_i/zynq_ultra_ps_e_0/inst/pl_clk_unbuffered[0]
    BUFG_PS_X0Y80        BUFG_PS (Prop_BUFG_PS_I_O)
                                                      0.038     0.267 r  design_1_i/zynq_ultra_ps_e_0/inst/buffer_pl_clk_0.PL_CLK_0_BUFG/O
    X0Y1 (CLOCK_ROOT)    net (fo=2343, routed)        2.429     2.696    design_1_i/myip_0/inst/A_RAM/ACLK
    RAMB18_X0Y30         RAMB18E2                                     r  design_1_i/myip_0/inst/A_RAM/RAM_reg_bram_0/CLKARDCLK
  -------------------------------------------------------------------    -------------------
    RAMB18_X0Y30         RAMB18E2 (Prop_RAMB18E2_L_RAMB180_CLKARDCLK_DOUTADOUT[3])
                                                      1.324     4.020 r  design_1_i/myip_0/inst/A_RAM/RAM_reg_bram_0/DOUTADOUT[3]
                         net (fo=21, routed)          0.615     4.635    design_1_i/myip_0/inst/A_RAM/DOUTADOUT[3]
    SLICE_X29Y80         LUT6 (Prop_H6LUT_SLICEM_I4_O)
                                                      0.189     4.824 r  design_1_i/myip_0/inst/A_RAM/sum1__0_carry_i_4/O
                         net (fo=2, routed)           0.249     5.073    design_1_i/myip_0/inst/A_RAM/DI[1]
    SLICE_X27Y78         LUT6 (Prop_E6LUT_SLICEL_I0_O)
                                                      0.083     5.156 r  design_1_i/myip_0/inst/A_RAM/sum1__0_carry_i_11/O
                         net (fo=1, routed)           0.011     5.167    design_1_i/myip_0/inst/matrix_multiply_0/S[4]
    SLICE_X27Y78         CARRY8 (Prop_CARRY8_SLICEL_S[4]_CO[7])
                                                      0.232     5.399 r  design_1_i/myip_0/inst/matrix_multiply_0/sum1__0_carry/CO[7]
                         net (fo=1, routed)           0.030     5.429    design_1_i/myip_0/inst/matrix_multiply_0/sum1__0_carry_n_0
    SLICE_X27Y79         CARRY8 (Prop_CARRY8_SLICEL_CI_O[1])
                                                      0.106     5.535 r  design_1_i/myip_0/inst/matrix_multiply_0/sum1__0_carry__0/O[1]
                         net (fo=3, routed)           0.371     5.906    design_1_i/myip_0/inst/B_RAM/sum1__60_carry_i_6_0[1]
    SLICE_X29Y82         LUT4 (Prop_D5LUT_SLICEM_I3_O)
                                                      0.190     6.096 r  design_1_i/myip_0/inst/B_RAM/sum1__60_carry_i_19/O
                         net (fo=2, routed)           0.224     6.320    design_1_i/myip_0/inst/B_RAM/sum1__60_carry_i_19_n_0
    SLICE_X28Y81         LUT6 (Prop_H6LUT_SLICEM_I4_O)
                                                      0.189     6.509 r  design_1_i/myip_0/inst/B_RAM/sum1__60_carry_i_6/O
                         net (fo=1, routed)           0.021     6.530    design_1_i/myip_0/inst/matrix_multiply_0/sum0_carry_i_5_1[1]
    SLICE_X28Y81         CARRY8 (Prop_CARRY8_SLICEM_S[7]_CO[7])
                                                      0.175     6.705 r  design_1_i/myip_0/inst/matrix_multiply_0/sum1__60_carry/CO[7]
                         net (fo=1, routed)           0.030     6.735    design_1_i/myip_0/inst/matrix_multiply_0/sum1__60_carry_n_0
    SLICE_X28Y82         CARRY8 (Prop_CARRY8_SLICEM_CI_O[0])
                                                      0.078     6.813 r  design_1_i/myip_0/inst/matrix_multiply_0/sum1__60_carry__0/O[0]
                         net (fo=1, routed)           0.156     6.969    design_1_i/myip_0/inst/matrix_multiply_0/sum1[11]
    SLICE_X27Y82         LUT2 (Prop_D6LUT_SLICEL_I1_O)
                                                      0.185     7.154 r  design_1_i/myip_0/inst/matrix_multiply_0/sum0_carry__0_i_5/O
                         net (fo=1, routed)           0.013     7.167    design_1_i/myip_0/inst/matrix_multiply_0/sum0_carry__0_i_5_n_0
    SLICE_X27Y82         CARRY8 (Prop_CARRY8_SLICEL_S[3]_O[3])
                                                      0.079     7.246 r  design_1_i/myip_0/inst/matrix_multiply_0/sum0_carry__0/O[3]
                         net (fo=1, routed)           0.034     7.280    design_1_i/myip_0/inst/matrix_multiply_0/sum0[11]
    SLICE_X27Y82         FDRE                                         r  design_1_i/myip_0/inst/matrix_multiply_0/sum_reg[11]/D
  -------------------------------------------------------------------    -------------------

                         (clock clk_pl_0 rise edge)
                                                     10.000    10.000 r  
    PS8_X0Y0             PS8                          0.000    10.000 r  design_1_i/zynq_ultra_ps_e_0/inst/PS8_i/PLCLK[0]
                         net (fo=1, routed)           0.181    10.181    design_1_i/zynq_ultra_ps_e_0/inst/pl_clk_unbuffered[0]
    BUFG_PS_X0Y80        BUFG_PS (Prop_BUFG_PS_I_O)
                                                      0.035    10.216 r  design_1_i/zynq_ultra_ps_e_0/inst/buffer_pl_clk_0.PL_CLK_0_BUFG/O
    X0Y1 (CLOCK_ROOT)    net (fo=2343, routed)        2.047    12.263    design_1_i/myip_0/inst/matrix_multiply_0/ACLK
    SLICE_X27Y82         FDRE                                         r  design_1_i/myip_0/inst/matrix_multiply_0/sum_reg[11]/C
                         clock pessimism              0.238    12.501    
                         clock uncertainty           -0.160    12.341    
    SLICE_X27Y82         FDRE (Setup_DFF_SLICEL_C_D)
                                                      0.044    12.385    design_1_i/myip_0/inst/matrix_multiply_0/sum_reg[11]
  -------------------------------------------------------------------
                         required time                         12.385    
                         arrival time                          -7.280    
  -------------------------------------------------------------------
                         slack                                  5.105    

Slack (MET) :             5.307ns  (required time - arrival time)
  Source:                 design_1_i/myip_0/inst/A_RAM/RAM_reg_bram_0/CLKARDCLK
                            (rising edge-triggered cell RAMB18E2 clocked by clk_pl_0  {rise@0.000ns fall@5.000ns period=10.000ns})
  Destination:            design_1_i/myip_0/inst/matrix_multiply_0/sum_reg[10]/D
                            (rising edge-triggered cell FDRE clocked by clk_pl_0  {rise@0.000ns fall@5.000ns period=10.000ns})
  Path Group:             clk_pl_0
  Path Type:              Setup (Max at Slow Process Corner)
  Requirement:            10.000ns  (clk_pl_0 rise@10.000ns - clk_pl_0 rise@0.000ns)
  Data Path Delay:        4.382ns  (logic 2.612ns (59.604%)  route 1.770ns (40.396%))
  Logic Levels:           9  (CARRY8=4 LUT2=1 LUT4=1 LUT6=3)
  Clock Path Skew:        -0.195ns (DCD - SCD + CPR)
    Destination Clock Delay (DCD):    2.263ns = ( 12.263 - 10.000 ) 
    Source Clock Delay      (SCD):    2.696ns
    Clock Pessimism Removal (CPR):    0.238ns
  Clock Uncertainty:      0.160ns  ((TSJ^2 + DJ^2)^1/2) / 2 + PE
    Total System Jitter     (TSJ):    0.071ns
    Discrete Jitter          (DJ):    0.312ns
    Phase Error              (PE):    0.000ns
  Clock Net Delay (Source):      2.429ns (routing 1.045ns, distribution 1.384ns)
  Clock Net Delay (Destination): 2.047ns (routing 0.955ns, distribution 1.092ns)

    Location             Delay type                Incr(ns)  Path(ns)    Netlist Resource(s)
  -------------------------------------------------------------------    -------------------
                         (clock clk_pl_0 rise edge)
                                                      0.000     0.000 r  
    PS8_X0Y0             PS8                          0.000     0.000 r  design_1_i/zynq_ultra_ps_e_0/inst/PS8_i/PLCLK[0]
                         net (fo=1, routed)           0.229     0.229    design_1_i/zynq_ultra_ps_e_0/inst/pl_clk_unbuffered[0]
    BUFG_PS_X0Y80        BUFG_PS (Prop_BUFG_PS_I_O)
                                                      0.038     0.267 r  design_1_i/zynq_ultra_ps_e_0/inst/buffer_pl_clk_0.PL_CLK_0_BUFG/O
    X0Y1 (CLOCK_ROOT)    net (fo=2343, routed)        2.429     2.696    design_1_i/myip_0/inst/A_RAM/ACLK
    RAMB18_X0Y30         RAMB18E2                                     r  design_1_i/myip_0/inst/A_RAM/RAM_reg_bram_0/CLKARDCLK
  -------------------------------------------------------------------    -------------------
    RAMB18_X0Y30         RAMB18E2 (Prop_RAMB18E2_L_RAMB180_CLKARDCLK_DOUTADOUT[3])
                                                      1.324     4.020 r  design_1_i/myip_0/inst/A_RAM/RAM_reg_bram_0/DOUTADOUT[3]
                         net (fo=21, routed)          0.615     4.635    design_1_i/myip_0/inst/A_RAM/DOUTADOUT[3]
    SLICE_X29Y80         LUT6 (Prop_H6LUT_SLICEM_I4_O)
                                                      0.189     4.824 r  design_1_i/myip_0/inst/A_RAM/sum1__0_carry_i_4/O
                         net (fo=2, routed)           0.249     5.073    design_1_i/myip_0/inst/A_RAM/DI[1]
    SLICE_X27Y78         LUT6 (Prop_E6LUT_SLICEL_I0_O)
                                                      0.083     5.156 r  design_1_i/myip_0/inst/A_RAM/sum1__0_carry_i_11/O
                         net (fo=1, routed)           0.011     5.167    design_1_i/myip_0/inst/matrix_multiply_0/S[4]
    SLICE_X27Y78         CARRY8 (Prop_CARRY8_SLICEL_S[4]_CO[7])
                                                      0.232     5.399 r  design_1_i/myip_0/inst/matrix_multiply_0/sum1__0_carry/CO[7]
                         net (fo=1, routed)           0.030     5.429    design_1_i/myip_0/inst/matrix_multiply_0/sum1__0_carry_n_0
    SLICE_X27Y79         CARRY8 (Prop_CARRY8_SLICEL_CI_O[1])
                                                      0.106     5.535 r  design_1_i/myip_0/inst/matrix_multiply_0/sum1__0_carry__0/O[1]
                         net (fo=3, routed)           0.371     5.906    design_1_i/myip_0/inst/B_RAM/sum1__60_carry_i_6_0[1]
    SLICE_X29Y82         LUT4 (Prop_D5LUT_SLICEM_I3_O)
                                                      0.190     6.096 r  design_1_i/myip_0/inst/B_RAM/sum1__60_carry_i_19/O
                         net (fo=2, routed)           0.224     6.320    design_1_i/myip_0/inst/B_RAM/sum1__60_carry_i_19_n_0
    SLICE_X28Y81         LUT6 (Prop_H6LUT_SLICEM_I4_O)
                                                      0.189     6.509 r  design_1_i/myip_0/inst/B_RAM/sum1__60_carry_i_6/O
                         net (fo=1, routed)           0.021     6.530    design_1_i/myip_0/inst/matrix_multiply_0/sum0_carry_i_5_1[1]
    SLICE_X28Y81         CARRY8 (Prop_CARRY8_SLICEM_S[7]_O[7])
                                                      0.082     6.612 r  design_1_i/myip_0/inst/matrix_multiply_0/sum1__60_carry/O[7]
                         net (fo=1, routed)           0.200     6.812    design_1_i/myip_0/inst/matrix_multiply_0/sum1[10]
    SLICE_X27Y82         LUT2 (Prop_C6LUT_SLICEL_I1_O)
                                                      0.136     6.948 r  design_1_i/myip_0/inst/matrix_multiply_0/sum0_carry__0_i_6/O
                         net (fo=1, routed)           0.015     6.963    design_1_i/myip_0/inst/matrix_multiply_0/sum0_carry__0_i_6_n_0
    SLICE_X27Y82         CARRY8 (Prop_CARRY8_SLICEL_S[2]_O[2])
                                                      0.081     7.044 r  design_1_i/myip_0/inst/matrix_multiply_0/sum0_carry__0/O[2]
                         net (fo=1, routed)           0.034     7.078    design_1_i/myip_0/inst/matrix_multiply_0/sum0[10]
    SLICE_X27Y82         FDRE                                         r  design_1_i/myip_0/inst/matrix_multiply_0/sum_reg[10]/D
  -------------------------------------------------------------------    -------------------

                         (clock clk_pl_0 rise edge)
                                                     10.000    10.000 r  
    PS8_X0Y0             PS8                          0.000    10.000 r  design_1_i/zynq_ultra_ps_e_0/inst/PS8_i/PLCLK[0]
                         net (fo=1, routed)           0.181    10.181    design_1_i/zynq_ultra_ps_e_0/inst/pl_clk_unbuffered[0]
    BUFG_PS_X0Y80        BUFG_PS (Prop_BUFG_PS_I_O)
                                                      0.035    10.216 r  design_1_i/zynq_ultra_ps_e_0/inst/buffer_pl_clk_0.PL_CLK_0_BUFG/O
    X0Y1 (CLOCK_ROOT)    net (fo=2343, routed)        2.047    12.263    design_1_i/myip_0/inst/matrix_multiply_0/ACLK
    SLICE_X27Y82         FDRE                                         r  design_1_i/myip_0/inst/matrix_multiply_0/sum_reg[10]/C
                         clock pessimism              0.238    12.501    
                         clock uncertainty           -0.160    12.341    
    SLICE_X27Y82         FDRE (Setup_CFF_SLICEL_C_D)
                                                      0.044    12.385    design_1_i/myip_0/inst/matrix_multiply_0/sum_reg[10]
  -------------------------------------------------------------------
                         required time                         12.385    
                         arrival time                          -7.078    
  -------------------------------------------------------------------
                         slack                                  5.307    

Slack (MET) :             5.481ns  (required time - arrival time)
  Source:                 design_1_i/myip_0/inst/A_RAM/RAM_reg_bram_0/CLKARDCLK
                            (rising edge-triggered cell RAMB18E2 clocked by clk_pl_0  {rise@0.000ns fall@5.000ns period=10.000ns})
  Destination:            design_1_i/myip_0/inst/matrix_multiply_0/sum_reg[9]/D
                            (rising edge-triggered cell FDRE clocked by clk_pl_0  {rise@0.000ns fall@5.000ns period=10.000ns})
  Path Group:             clk_pl_0
  Path Type:              Setup (Max at Slow Process Corner)
  Requirement:            10.000ns  (clk_pl_0 rise@10.000ns - clk_pl_0 rise@0.000ns)
  Data Path Delay:        4.208ns  (logic 2.635ns (62.621%)  route 1.573ns (37.379%))
  Logic Levels:           9  (CARRY8=4 LUT2=1 LUT4=1 LUT6=3)
  Clock Path Skew:        -0.195ns (DCD - SCD + CPR)
    Destination Clock Delay (DCD):    2.263ns = ( 12.263 - 10.000 ) 
    Source Clock Delay      (SCD):    2.696ns
    Clock Pessimism Removal (CPR):    0.238ns
  Clock Uncertainty:      0.160ns  ((TSJ^2 + DJ^2)^1/2) / 2 + PE
    Total System Jitter     (TSJ):    0.071ns
    Discrete Jitter          (DJ):    0.312ns
    Phase Error              (PE):    0.000ns
  Clock Net Delay (Source):      2.429ns (routing 1.045ns, distribution 1.384ns)
  Clock Net Delay (Destination): 2.047ns (routing 0.955ns, distribution 1.092ns)

    Location             Delay type                Incr(ns)  Path(ns)    Netlist Resource(s)
  -------------------------------------------------------------------    -------------------
                         (clock clk_pl_0 rise edge)
                                                      0.000     0.000 r  
    PS8_X0Y0             PS8                          0.000     0.000 r  design_1_i/zynq_ultra_ps_e_0/inst/PS8_i/PLCLK[0]
                         net (fo=1, routed)           0.229     0.229    design_1_i/zynq_ultra_ps_e_0/inst/pl_clk_unbuffered[0]
    BUFG_PS_X0Y80        BUFG_PS (Prop_BUFG_PS_I_O)
                                                      0.038     0.267 r  design_1_i/zynq_ultra_ps_e_0/inst/buffer_pl_clk_0.PL_CLK_0_BUFG/O
    X0Y1 (CLOCK_ROOT)    net (fo=2343, routed)        2.429     2.696    design_1_i/myip_0/inst/A_RAM/ACLK
    RAMB18_X0Y30         RAMB18E2                                     r  design_1_i/myip_0/inst/A_RAM/RAM_reg_bram_0/CLKARDCLK
  -------------------------------------------------------------------    -------------------
    RAMB18_X0Y30         RAMB18E2 (Prop_RAMB18E2_L_RAMB180_CLKARDCLK_DOUTADOUT[3])
                                                      1.324     4.020 r  design_1_i/myip_0/inst/A_RAM/RAM_reg_bram_0/DOUTADOUT[3]
                         net (fo=21, routed)          0.615     4.635    design_1_i/myip_0/inst/A_RAM/DOUTADOUT[3]
    SLICE_X29Y80         LUT6 (Prop_H6LUT_SLICEM_I4_O)
                                                      0.189     4.824 r  design_1_i/myip_0/inst/A_RAM/sum1__0_carry_i_4/O
                         net (fo=2, routed)           0.249     5.073    design_1_i/myip_0/inst/A_RAM/DI[1]
    SLICE_X27Y78         LUT6 (Prop_E6LUT_SLICEL_I0_O)
                                                      0.083     5.156 r  design_1_i/myip_0/inst/A_RAM/sum1__0_carry_i_11/O
                         net (fo=1, routed)           0.011     5.167    design_1_i/myip_0/inst/matrix_multiply_0/S[4]
    SLICE_X27Y78         CARRY8 (Prop_CARRY8_SLICEL_S[4]_CO[7])
                                                      0.232     5.399 r  design_1_i/myip_0/inst/matrix_multiply_0/sum1__0_carry/CO[7]
                         net (fo=1, routed)           0.030     5.429    design_1_i/myip_0/inst/matrix_multiply_0/sum1__0_carry_n_0
    SLICE_X27Y79         CARRY8 (Prop_CARRY8_SLICEL_CI_O[0])
                                                      0.078     5.507 r  design_1_i/myip_0/inst/matrix_multiply_0/sum1__0_carry__0/O[0]
                         net (fo=2, routed)           0.159     5.666    design_1_i/myip_0/inst/B_RAM/sum1__60_carry_i_6_0[0]
    SLICE_X27Y80         LUT4 (Prop_C5LUT_SLICEL_I3_O)
                                                      0.190     5.856 r  design_1_i/myip_0/inst/B_RAM/sum1__60_carry_i_16/O
                         net (fo=4, routed)           0.222     6.078    design_1_i/myip_0/inst/matrix_multiply_0/sum1__60_carry_1
    SLICE_X28Y81         LUT6 (Prop_F6LUT_SLICEM_I1_O)
                                                      0.186     6.264 r  design_1_i/myip_0/inst/matrix_multiply_0/sum1__60_carry_i_8/O
                         net (fo=1, routed)           0.029     6.293    design_1_i/myip_0/inst/matrix_multiply_0/sum1__60_carry_i_8_n_0
    SLICE_X28Y81         CARRY8 (Prop_CARRY8_SLICEM_S[5]_O[5])
                                                      0.084     6.377 r  design_1_i/myip_0/inst/matrix_multiply_0/sum1__60_carry/O[5]
                         net (fo=1, routed)           0.211     6.588    design_1_i/myip_0/inst/matrix_multiply_0/sum1[8]
    SLICE_X27Y82         LUT2 (Prop_A6LUT_SLICEL_I1_O)
                                                      0.137     6.725 r  design_1_i/myip_0/inst/matrix_multiply_0/sum0_carry__0_i_8/O
                         net (fo=1, routed)           0.014     6.739    design_1_i/myip_0/inst/matrix_multiply_0/sum0_carry__0_i_8_n_0
    SLICE_X27Y82         CARRY8 (Prop_CARRY8_SLICEL_S[0]_O[1])
                                                      0.132     6.871 r  design_1_i/myip_0/inst/matrix_multiply_0/sum0_carry__0/O[1]
                         net (fo=1, routed)           0.033     6.904    design_1_i/myip_0/inst/matrix_multiply_0/sum0[9]
    SLICE_X27Y82         FDRE                                         r  design_1_i/myip_0/inst/matrix_multiply_0/sum_reg[9]/D
  -------------------------------------------------------------------    -------------------

                         (clock clk_pl_0 rise edge)
                                                     10.000    10.000 r  
    PS8_X0Y0             PS8                          0.000    10.000 r  design_1_i/zynq_ultra_ps_e_0/inst/PS8_i/PLCLK[0]
                         net (fo=1, routed)           0.181    10.181    design_1_i/zynq_ultra_ps_e_0/inst/pl_clk_unbuffered[0]
    BUFG_PS_X0Y80        BUFG_PS (Prop_BUFG_PS_I_O)
                                                      0.035    10.216 r  design_1_i/zynq_ultra_ps_e_0/inst/buffer_pl_clk_0.PL_CLK_0_BUFG/O
    X0Y1 (CLOCK_ROOT)    net (fo=2343, routed)        2.047    12.263    design_1_i/myip_0/inst/matrix_multiply_0/ACLK
    SLICE_X27Y82         FDRE                                         r  design_1_i/myip_0/inst/matrix_multiply_0/sum_reg[9]/C
                         clock pessimism              0.238    12.501    
                         clock uncertainty           -0.160    12.341    
    SLICE_X27Y82         FDRE (Setup_BFF_SLICEL_C_D)
                                                      0.044    12.385    design_1_i/myip_0/inst/matrix_multiply_0/sum_reg[9]
  -------------------------------------------------------------------
                         required time                         12.385    
                         arrival time                          -6.904    
  -------------------------------------------------------------------
                         slack                                  5.481    

Slack (MET) :             5.535ns  (required time - arrival time)
  Source:                 design_1_i/myip_0/inst/A_RAM/RAM_reg_bram_0/CLKARDCLK
                            (rising edge-triggered cell RAMB18E2 clocked by clk_pl_0  {rise@0.000ns fall@5.000ns period=10.000ns})
  Destination:            design_1_i/myip_0/inst/matrix_multiply_0/sum_reg[8]/D
                            (rising edge-triggered cell FDRE clocked by clk_pl_0  {rise@0.000ns fall@5.000ns period=10.000ns})
  Path Group:             clk_pl_0
  Path Type:              Setup (Max at Slow Process Corner)
  Requirement:            10.000ns  (clk_pl_0 rise@10.000ns - clk_pl_0 rise@0.000ns)
  Data Path Delay:        4.154ns  (logic 2.561ns (61.655%)  route 1.593ns (38.345%))
  Logic Levels:           8  (CARRY8=4 LUT2=1 LUT4=2 LUT5=1)
  Clock Path Skew:        -0.195ns (DCD - SCD + CPR)
    Destination Clock Delay (DCD):    2.263ns = ( 12.263 - 10.000 ) 
    Source Clock Delay      (SCD):    2.696ns
    Clock Pessimism Removal (CPR):    0.238ns
  Clock Uncertainty:      0.160ns  ((TSJ^2 + DJ^2)^1/2) / 2 + PE
    Total System Jitter     (TSJ):    0.071ns
    Discrete Jitter          (DJ):    0.312ns
    Phase Error              (PE):    0.000ns
  Clock Net Delay (Source):      2.429ns (routing 1.045ns, distribution 1.384ns)
  Clock Net Delay (Destination): 2.047ns (routing 0.955ns, distribution 1.092ns)

    Location             Delay type                Incr(ns)  Path(ns)    Netlist Resource(s)
  -------------------------------------------------------------------    -------------------
                         (clock clk_pl_0 rise edge)
                                                      0.000     0.000 r  
    PS8_X0Y0             PS8                          0.000     0.000 r  design_1_i/zynq_ultra_ps_e_0/inst/PS8_i/PLCLK[0]
                         net (fo=1, routed)           0.229     0.229    design_1_i/zynq_ultra_ps_e_0/inst/pl_clk_unbuffered[0]
    BUFG_PS_X0Y80        BUFG_PS (Prop_BUFG_PS_I_O)
                                                      0.038     0.267 r  design_1_i/zynq_ultra_ps_e_0/inst/buffer_pl_clk_0.PL_CLK_0_BUFG/O
    X0Y1 (CLOCK_ROOT)    net (fo=2343, routed)        2.429     2.696    design_1_i/myip_0/inst/A_RAM/ACLK
    RAMB18_X0Y30         RAMB18E2                                     r  design_1_i/myip_0/inst/A_RAM/RAM_reg_bram_0/CLKARDCLK
  -------------------------------------------------------------------    -------------------
    RAMB18_X0Y30         RAMB18E2 (Prop_RAMB18E2_L_RAMB180_CLKARDCLK_DOUTADOUT[0])
                                                      1.398     4.094 r  design_1_i/myip_0/inst/A_RAM/RAM_reg_bram_0/DOUTADOUT[0]
                         net (fo=13, routed)          0.598     4.692    design_1_i/myip_0/inst/B_RAM/DOUTADOUT[0]
    SLICE_X28Y80         LUT4 (Prop_F6LUT_SLICEM_I3_O)
                                                      0.224     4.916 r  design_1_i/myip_0/inst/B_RAM/sum1__30_carry_i_6/O
                         net (fo=1, routed)           0.248     5.164    design_1_i/myip_0/inst/matrix_multiply_0/sum1__60_carry_i_13_0[1]
    SLICE_X28Y79         CARRY8 (Prop_CARRY8_SLICEM_DI[2]_O[4])
                                                      0.240     5.404 r  design_1_i/myip_0/inst/matrix_multiply_0/sum1__30_carry/O[4]
                         net (fo=2, routed)           0.330     5.735    design_1_i/myip_0/inst/matrix_multiply_0/sum1__30_carry_n_11
    SLICE_X29Y81         LUT4 (Prop_B5LUT_SLICEM_I2_O)
                                                      0.229     5.964 r  design_1_i/myip_0/inst/matrix_multiply_0/sum1__60_carry_i_4/O
                         net (fo=2, routed)           0.174     6.138    design_1_i/myip_0/inst/matrix_multiply_0/sum1__60_carry_i_4_n_0
    SLICE_X28Y81         LUT5 (Prop_E6LUT_SLICEM_I0_O)
                                                      0.083     6.221 r  design_1_i/myip_0/inst/matrix_multiply_0/sum1__60_carry_i_9/O
                         net (fo=1, routed)           0.018     6.239    design_1_i/myip_0/inst/matrix_multiply_0/sum1__60_carry_i_9_n_0
    SLICE_X28Y81         CARRY8 (Prop_CARRY8_SLICEM_S[4]_O[4])
                                                      0.079     6.318 r  design_1_i/myip_0/inst/matrix_multiply_0/sum1__60_carry/O[4]
                         net (fo=1, routed)           0.147     6.465    design_1_i/myip_0/inst/matrix_multiply_0/sum1[7]
    SLICE_X27Y81         LUT2 (Prop_H6LUT_SLICEL_I1_O)
                                                      0.058     6.523 r  design_1_i/myip_0/inst/matrix_multiply_0/sum0_carry_i_1/O
                         net (fo=1, routed)           0.015     6.538    design_1_i/myip_0/inst/matrix_multiply_0/sum0_carry_i_1_n_0
    SLICE_X27Y81         CARRY8 (Prop_CARRY8_SLICEL_S[7]_CO[7])
                                                      0.172     6.710 r  design_1_i/myip_0/inst/matrix_multiply_0/sum0_carry/CO[7]
                         net (fo=1, routed)           0.030     6.740    design_1_i/myip_0/inst/matrix_multiply_0/sum0_carry_n_0
    SLICE_X27Y82         CARRY8 (Prop_CARRY8_SLICEL_CI_O[0])
                                                      0.078     6.818 r  design_1_i/myip_0/inst/matrix_multiply_0/sum0_carry__0/O[0]
                         net (fo=1, routed)           0.032     6.850    design_1_i/myip_0/inst/matrix_multiply_0/sum0[8]
    SLICE_X27Y82         FDRE                                         r  design_1_i/myip_0/inst/matrix_multiply_0/sum_reg[8]/D
  -------------------------------------------------------------------    -------------------

                         (clock clk_pl_0 rise edge)
                                                     10.000    10.000 r  
    PS8_X0Y0             PS8                          0.000    10.000 r  design_1_i/zynq_ultra_ps_e_0/inst/PS8_i/PLCLK[0]
                         net (fo=1, routed)           0.181    10.181    design_1_i/zynq_ultra_ps_e_0/inst/pl_clk_unbuffered[0]
    BUFG_PS_X0Y80        BUFG_PS (Prop_BUFG_PS_I_O)
                                                      0.035    10.216 r  design_1_i/zynq_ultra_ps_e_0/inst/buffer_pl_clk_0.PL_CLK_0_BUFG/O
    X0Y1 (CLOCK_ROOT)    net (fo=2343, routed)        2.047    12.263    design_1_i/myip_0/inst/matrix_multiply_0/ACLK
    SLICE_X27Y82         FDRE                                         r  design_1_i/myip_0/inst/matrix_multiply_0/sum_reg[8]/C
                         clock pessimism              0.238    12.501    
                         clock uncertainty           -0.160    12.341    
    SLICE_X27Y82         FDRE (Setup_AFF_SLICEL_C_D)
                                                      0.044    12.385    design_1_i/myip_0/inst/matrix_multiply_0/sum_reg[8]
  -------------------------------------------------------------------
                         required time                         12.385    
                         arrival time                          -6.850    
  -------------------------------------------------------------------
                         slack                                  5.535    

Slack (MET) :             5.621ns  (required time - arrival time)
  Source:                 design_1_i/zynq_ultra_ps_e_0/inst/PS8_i/MAXIGP0ACLK
                            (rising edge-triggered cell PS8 clocked by clk_pl_0  {rise@0.000ns fall@5.000ns period=10.000ns})
  Destination:            design_1_i/ps8_0_axi_periph/xbar/inst/gen_samd.crossbar_samd/gen_slave_slots[0].gen_si_read.si_transactor_ar/gen_multi_thread.gen_thread_loop[3].active_id_reg[58]/CE
                            (rising edge-triggered cell FDRE clocked by clk_pl_0  {rise@0.000ns fall@5.000ns period=10.000ns})
  Path Group:             clk_pl_0
  Path Type:              Setup (Max at Slow Process Corner)
  Requirement:            10.000ns  (clk_pl_0 rise@10.000ns - clk_pl_0 rise@0.000ns)
  Data Path Delay:        4.113ns  (logic 1.444ns (35.106%)  route 2.669ns (64.894%))
  Logic Levels:           6  (LUT4=1 LUT5=2 LUT6=3)
  Clock Path Skew:        -0.026ns (DCD - SCD + CPR)
    Destination Clock Delay (DCD):    2.106ns = ( 12.106 - 10.000 ) 
    Source Clock Delay      (SCD):    2.305ns
    Clock Pessimism Removal (CPR):    0.173ns
  Clock Uncertainty:      0.160ns  ((TSJ^2 + DJ^2)^1/2) / 2 + PE
    Total System Jitter     (TSJ):    0.071ns
    Discrete Jitter          (DJ):    0.312ns
    Phase Error              (PE):    0.000ns
  Clock Net Delay (Source):      2.038ns (routing 1.045ns, distribution 0.993ns)
  Clock Net Delay (Destination): 1.890ns (routing 0.955ns, distribution 0.935ns)

    Location             Delay type                Incr(ns)  Path(ns)    Netlist Resource(s)
  -------------------------------------------------------------------    -------------------
                         (clock clk_pl_0 rise edge)
                                                      0.000     0.000 r  
    PS8_X0Y0             PS8                          0.000     0.000 r  design_1_i/zynq_ultra_ps_e_0/inst/PS8_i/PLCLK[0]
                         net (fo=1, routed)           0.229     0.229    design_1_i/zynq_ultra_ps_e_0/inst/pl_clk_unbuffered[0]
    BUFG_PS_X0Y80        BUFG_PS (Prop_BUFG_PS_I_O)
                                                      0.038     0.267 r  design_1_i/zynq_ultra_ps_e_0/inst/buffer_pl_clk_0.PL_CLK_0_BUFG/O
    X0Y1 (CLOCK_ROOT)    net (fo=2343, routed)        2.038     2.305    design_1_i/zynq_ultra_ps_e_0/inst/maxihpm0_fpd_aclk
    PS8_X0Y0             PS8                                          r  design_1_i/zynq_ultra_ps_e_0/inst/PS8_i/MAXIGP0ACLK
  -------------------------------------------------------------------    -------------------
    PS8_X0Y0             PS8 (Prop_PS8_MAXIGP0ACLK_MAXIGP0ARID[7])
                                                      0.576     2.881 r  design_1_i/zynq_ultra_ps_e_0/inst/PS8_i/MAXIGP0ARID[7]
                         net (fo=17, routed)          1.111     3.992    design_1_i/ps8_0_axi_periph/xbar/inst/gen_samd.crossbar_samd/gen_slave_slots[0].gen_si_read.si_transactor_ar/s_axi_arid[7]
    SLICE_X0Y74          LUT6 (Prop_C6LUT_SLICEL_I5_O)
                                                      0.150     4.142 f  design_1_i/ps8_0_axi_periph/xbar/inst/gen_samd.crossbar_samd/gen_slave_slots[0].gen_si_read.si_transactor_ar/gen_multi_thread.gen_thread_loop[4].active_target[33]_i_7/O
                         net (fo=1, routed)           0.118     4.260    design_1_i/ps8_0_axi_periph/xbar/inst/gen_samd.crossbar_samd/gen_slave_slots[0].gen_si_read.si_transactor_ar/gen_multi_thread.gen_thread_loop[4].active_target[33]_i_7_n_0
    SLICE_X0Y74          LUT6 (Prop_D6LUT_SLICEL_I2_O)
                                                      0.221     4.481 f  design_1_i/ps8_0_axi_periph/xbar/inst/gen_samd.crossbar_samd/gen_slave_slots[0].gen_si_read.si_transactor_ar/gen_multi_thread.gen_thread_loop[4].active_target[33]_i_5/O
                         net (fo=1, routed)           0.168     4.649    design_1_i/ps8_0_axi_periph/xbar/inst/gen_samd.crossbar_samd/gen_slave_slots[0].gen_si_read.si_transactor_ar/gen_multi_thread.gen_thread_loop[4].active_target[33]_i_5_n_0
    SLICE_X0Y78          LUT6 (Prop_B6LUT_SLICEL_I4_O)
                                                      0.083     4.732 f  design_1_i/ps8_0_axi_periph/xbar/inst/gen_samd.crossbar_samd/gen_slave_slots[0].gen_si_read.si_transactor_ar/gen_multi_thread.gen_thread_loop[4].active_target[33]_i_4/O
                         net (fo=9, routed)           0.250     4.983    design_1_i/ps8_0_axi_periph/xbar/inst/gen_samd.crossbar_samd/gen_slave_slots[0].gen_si_read.si_transactor_ar/gen_multi_thread.aid_match_4__0
    SLICE_X1Y79          LUT4 (Prop_D6LUT_SLICEM_I1_O)
                                                      0.134     5.117 f  design_1_i/ps8_0_axi_periph/xbar/inst/gen_samd.crossbar_samd/gen_slave_slots[0].gen_si_read.si_transactor_ar/gen_multi_thread.gen_thread_loop[7].active_target[57]_i_9/O
                         net (fo=5, routed)           0.179     5.296    design_1_i/ps8_0_axi_periph/xbar/inst/gen_samd.crossbar_samd/gen_slave_slots[0].gen_si_read.si_transactor_ar/gen_multi_thread.gen_thread_loop[7].active_target[57]_i_9_n_0
    SLICE_X2Y77          LUT5 (Prop_D5LUT_SLICEM_I4_O)
                                                      0.091     5.387 f  design_1_i/ps8_0_axi_periph/xbar/inst/gen_samd.crossbar_samd/gen_slave_slots[0].gen_si_read.si_transactor_ar/gen_multi_thread.gen_thread_loop[7].active_target[57]_i_6/O
                         net (fo=24, routed)          0.430     5.817    design_1_i/ps8_0_axi_periph/xbar/inst/gen_samd.crossbar_samd/gen_slave_slots[0].gen_si_read.si_transactor_ar/gen_multi_thread.any_aid_match__6
    SLICE_X1Y77          LUT5 (Prop_H6LUT_SLICEM_I3_O)
                                                      0.189     6.006 r  design_1_i/ps8_0_axi_periph/xbar/inst/gen_samd.crossbar_samd/gen_slave_slots[0].gen_si_read.si_transactor_ar/gen_multi_thread.gen_thread_loop[3].active_target[25]_i_1/O
                         net (fo=18, routed)          0.412     6.418    design_1_i/ps8_0_axi_periph/xbar/inst/gen_samd.crossbar_samd/gen_slave_slots[0].gen_si_read.si_transactor_ar/gen_multi_thread.cmd_push_3
    SLICE_X1Y74          FDRE                                         r  design_1_i/ps8_0_axi_periph/xbar/inst/gen_samd.crossbar_samd/gen_slave_slots[0].gen_si_read.si_transactor_ar/gen_multi_thread.gen_thread_loop[3].active_id_reg[58]/CE
  -------------------------------------------------------------------    -------------------

                         (clock clk_pl_0 rise edge)
                                                     10.000    10.000 r  
    PS8_X0Y0             PS8                          0.000    10.000 r  design_1_i/zynq_ultra_ps_e_0/inst/PS8_i/PLCLK[0]
                         net (fo=1, routed)           0.181    10.181    design_1_i/zynq_ultra_ps_e_0/inst/pl_clk_unbuffered[0]
    BUFG_PS_X0Y80        BUFG_PS (Prop_BUFG_PS_I_O)
                                                      0.035    10.216 r  design_1_i/zynq_ultra_ps_e_0/inst/buffer_pl_clk_0.PL_CLK_0_BUFG/O
    X0Y1 (CLOCK_ROOT)    net (fo=2343, routed)        1.890    12.106    design_1_i/ps8_0_axi_periph/xbar/inst/gen_samd.crossbar_samd/gen_slave_slots[0].gen_si_read.si_transactor_ar/aclk
    SLICE_X1Y74          FDRE                                         r  design_1_i/ps8_0_axi_periph/xbar/inst/gen_samd.crossbar_samd/gen_slave_slots[0].gen_si_read.si_transactor_ar/gen_multi_thread.gen_thread_loop[3].active_id_reg[58]/C
                         clock pessimism              0.173    12.279    
                         clock uncertainty           -0.160    12.119    
    SLICE_X1Y74          FDRE (Setup_AFF_SLICEM_C_CE)
                                                     -0.080    12.039    design_1_i/ps8_0_axi_periph/xbar/inst/gen_samd.crossbar_samd/gen_slave_slots[0].gen_si_read.si_transactor_ar/gen_multi_thread.gen_thread_loop[3].active_id_reg[58]
  -------------------------------------------------------------------
                         required time                         12.039    
                         arrival time                          -6.418    
  -------------------------------------------------------------------
                         slack                                  5.621    

Slack (MET) :             5.621ns  (required time - arrival time)
  Source:                 design_1_i/zynq_ultra_ps_e_0/inst/PS8_i/MAXIGP0ACLK
                            (rising edge-triggered cell PS8 clocked by clk_pl_0  {rise@0.000ns fall@5.000ns period=10.000ns})
  Destination:            design_1_i/ps8_0_axi_periph/xbar/inst/gen_samd.crossbar_samd/gen_slave_slots[0].gen_si_read.si_transactor_ar/gen_multi_thread.gen_thread_loop[3].active_id_reg[59]/CE
                            (rising edge-triggered cell FDRE clocked by clk_pl_0  {rise@0.000ns fall@5.000ns period=10.000ns})
  Path Group:             clk_pl_0
  Path Type:              Setup (Max at Slow Process Corner)
  Requirement:            10.000ns  (clk_pl_0 rise@10.000ns - clk_pl_0 rise@0.000ns)
  Data Path Delay:        4.114ns  (logic 1.444ns (35.098%)  route 2.670ns (64.902%))
  Logic Levels:           6  (LUT4=1 LUT5=2 LUT6=3)
  Clock Path Skew:        -0.026ns (DCD - SCD + CPR)
    Destination Clock Delay (DCD):    2.106ns = ( 12.106 - 10.000 ) 
    Source Clock Delay      (SCD):    2.305ns
    Clock Pessimism Removal (CPR):    0.173ns
  Clock Uncertainty:      0.160ns  ((TSJ^2 + DJ^2)^1/2) / 2 + PE
    Total System Jitter     (TSJ):    0.071ns
    Discrete Jitter          (DJ):    0.312ns
    Phase Error              (PE):    0.000ns
  Clock Net Delay (Source):      2.038ns (routing 1.045ns, distribution 0.993ns)
  Clock Net Delay (Destination): 1.890ns (routing 0.955ns, distribution 0.935ns)

    Location             Delay type                Incr(ns)  Path(ns)    Netlist Resource(s)
  -------------------------------------------------------------------    -------------------
                         (clock clk_pl_0 rise edge)
                                                      0.000     0.000 r  
    PS8_X0Y0             PS8                          0.000     0.000 r  design_1_i/zynq_ultra_ps_e_0/inst/PS8_i/PLCLK[0]
                         net (fo=1, routed)           0.229     0.229    design_1_i/zynq_ultra_ps_e_0/inst/pl_clk_unbuffered[0]
    BUFG_PS_X0Y80        BUFG_PS (Prop_BUFG_PS_I_O)
                                                      0.038     0.267 r  design_1_i/zynq_ultra_ps_e_0/inst/buffer_pl_clk_0.PL_CLK_0_BUFG/O
    X0Y1 (CLOCK_ROOT)    net (fo=2343, routed)        2.038     2.305    design_1_i/zynq_ultra_ps_e_0/inst/maxihpm0_fpd_aclk
    PS8_X0Y0             PS8                                          r  design_1_i/zynq_ultra_ps_e_0/inst/PS8_i/MAXIGP0ACLK
  -------------------------------------------------------------------    -------------------
    PS8_X0Y0             PS8 (Prop_PS8_MAXIGP0ACLK_MAXIGP0ARID[7])
                                                      0.576     2.881 r  design_1_i/zynq_ultra_ps_e_0/inst/PS8_i/MAXIGP0ARID[7]
                         net (fo=17, routed)          1.111     3.992    design_1_i/ps8_0_axi_periph/xbar/inst/gen_samd.crossbar_samd/gen_slave_slots[0].gen_si_read.si_transactor_ar/s_axi_arid[7]
    SLICE_X0Y74          LUT6 (Prop_C6LUT_SLICEL_I5_O)
                                                      0.150     4.142 f  design_1_i/ps8_0_axi_periph/xbar/inst/gen_samd.crossbar_samd/gen_slave_slots[0].gen_si_read.si_transactor_ar/gen_multi_thread.gen_thread_loop[4].active_target[33]_i_7/O
                         net (fo=1, routed)           0.118     4.260    design_1_i/ps8_0_axi_periph/xbar/inst/gen_samd.crossbar_samd/gen_slave_slots[0].gen_si_read.si_transactor_ar/gen_multi_thread.gen_thread_loop[4].active_target[33]_i_7_n_0
    SLICE_X0Y74          LUT6 (Prop_D6LUT_SLICEL_I2_O)
                                                      0.221     4.481 f  design_1_i/ps8_0_axi_periph/xbar/inst/gen_samd.crossbar_samd/gen_slave_slots[0].gen_si_read.si_transactor_ar/gen_multi_thread.gen_thread_loop[4].active_target[33]_i_5/O
                         net (fo=1, routed)           0.168     4.649    design_1_i/ps8_0_axi_periph/xbar/inst/gen_samd.crossbar_samd/gen_slave_slots[0].gen_si_read.si_transactor_ar/gen_multi_thread.gen_thread_loop[4].active_target[33]_i_5_n_0
    SLICE_X0Y78          LUT6 (Prop_B6LUT_SLICEL_I4_O)
                                                      0.083     4.732 f  design_1_i/ps8_0_axi_periph/xbar/inst/gen_samd.crossbar_samd/gen_slave_slots[0].gen_si_read.si_transactor_ar/gen_multi_thread.gen_thread_loop[4].active_target[33]_i_4/O
                         net (fo=9, routed)           0.250     4.983    design_1_i/ps8_0_axi_periph/xbar/inst/gen_samd.crossbar_samd/gen_slave_slots[0].gen_si_read.si_transactor_ar/gen_multi_thread.aid_match_4__0
    SLICE_X1Y79          LUT4 (Prop_D6LUT_SLICEM_I1_O)
                                                      0.134     5.117 f  design_1_i/ps8_0_axi_periph/xbar/inst/gen_samd.crossbar_samd/gen_slave_slots[0].gen_si_read.si_transactor_ar/gen_multi_thread.gen_thread_loop[7].active_target[57]_i_9/O
                         net (fo=5, routed)           0.179     5.296    design_1_i/ps8_0_axi_periph/xbar/inst/gen_samd.crossbar_samd/gen_slave_slots[0].gen_si_read.si_transactor_ar/gen_multi_thread.gen_thread_loop[7].active_target[57]_i_9_n_0
    SLICE_X2Y77          LUT5 (Prop_D5LUT_SLICEM_I4_O)
                                                      0.091     5.387 f  design_1_i/ps8_0_axi_periph/xbar/inst/gen_samd.crossbar_samd/gen_slave_slots[0].gen_si_read.si_transactor_ar/gen_multi_thread.gen_thread_loop[7].active_target[57]_i_6/O
                         net (fo=24, routed)          0.430     5.817    design_1_i/ps8_0_axi_periph/xbar/inst/gen_samd.crossbar_samd/gen_slave_slots[0].gen_si_read.si_transactor_ar/gen_multi_thread.any_aid_match__6
    SLICE_X1Y77          LUT5 (Prop_H6LUT_SLICEM_I3_O)
                                                      0.189     6.006 r  design_1_i/ps8_0_axi_periph/xbar/inst/gen_samd.crossbar_samd/gen_slave_slots[0].gen_si_read.si_transactor_ar/gen_multi_thread.gen_thread_loop[3].active_target[25]_i_1/O
                         net (fo=18, routed)          0.413     6.419    design_1_i/ps8_0_axi_periph/xbar/inst/gen_samd.crossbar_samd/gen_slave_slots[0].gen_si_read.si_transactor_ar/gen_multi_thread.cmd_push_3
    SLICE_X1Y74          FDRE                                         r  design_1_i/ps8_0_axi_periph/xbar/inst/gen_samd.crossbar_samd/gen_slave_slots[0].gen_si_read.si_transactor_ar/gen_multi_thread.gen_thread_loop[3].active_id_reg[59]/CE
  -------------------------------------------------------------------    -------------------

                         (clock clk_pl_0 rise edge)
                                                     10.000    10.000 r  
    PS8_X0Y0             PS8                          0.000    10.000 r  design_1_i/zynq_ultra_ps_e_0/inst/PS8_i/PLCLK[0]
                         net (fo=1, routed)           0.181    10.181    design_1_i/zynq_ultra_ps_e_0/inst/pl_clk_unbuffered[0]
    BUFG_PS_X0Y80        BUFG_PS (Prop_BUFG_PS_I_O)
                                                      0.035    10.216 r  design_1_i/zynq_ultra_ps_e_0/inst/buffer_pl_clk_0.PL_CLK_0_BUFG/O
    X0Y1 (CLOCK_ROOT)    net (fo=2343, routed)        1.890    12.106    design_1_i/ps8_0_axi_periph/xbar/inst/gen_samd.crossbar_samd/gen_slave_slots[0].gen_si_read.si_transactor_ar/aclk
    SLICE_X1Y74          FDRE                                         r  design_1_i/ps8_0_axi_periph/xbar/inst/gen_samd.crossbar_samd/gen_slave_slots[0].gen_si_read.si_transactor_ar/gen_multi_thread.gen_thread_loop[3].active_id_reg[59]/C
                         clock pessimism              0.173    12.279    
                         clock uncertainty           -0.160    12.119    
    SLICE_X1Y74          FDRE (Setup_AFF2_SLICEM_C_CE)
                                                     -0.079    12.040    design_1_i/ps8_0_axi_periph/xbar/inst/gen_samd.crossbar_samd/gen_slave_slots[0].gen_si_read.si_transactor_ar/gen_multi_thread.gen_thread_loop[3].active_id_reg[59]
  -------------------------------------------------------------------
                         required time                         12.040    
                         arrival time                          -6.419    
  -------------------------------------------------------------------
                         slack                                  5.621    





Min Delay Paths
--------------------------------------------------------------------------------------
Slack (MET) :             0.012ns  (arrival time - required time)
  Source:                 design_1_i/axi_fifo_mm_s_0/U0/gaxif.COMP_AXI4/axi_wr_fsm/gaxi_bid_gen.S_AXI_BID_reg[3]/C
                            (rising edge-triggered cell FDRE clocked by clk_pl_0  {rise@0.000ns fall@5.000ns period=10.000ns})
  Destination:            design_1_i/ps8_0_axi_periph/xbar/inst/gen_samd.crossbar_samd/gen_master_slots[1].reg_slice_mi/b.b_pipe/m_payload_i_reg[5]/D
                            (rising edge-triggered cell FDRE clocked by clk_pl_0  {rise@0.000ns fall@5.000ns period=10.000ns})
  Path Group:             clk_pl_0
  Path Type:              Hold (Min at Slow Process Corner)
  Requirement:            0.000ns  (clk_pl_0 rise@0.000ns - clk_pl_0 rise@0.000ns)
  Data Path Delay:        0.238ns  (logic 0.111ns (46.639%)  route 0.127ns (53.361%))
  Logic Levels:           0  
  Clock Path Skew:        0.125ns (DCD - SCD - CPR)
    Destination Clock Delay (DCD):    2.398ns
    Source Clock Delay      (SCD):    2.099ns
    Clock Pessimism Removal (CPR):    0.173ns
  Clock Net Delay (Source):      1.883ns (routing 0.955ns, distribution 0.928ns)
  Clock Net Delay (Destination): 2.131ns (routing 1.045ns, distribution 1.086ns)

    Location             Delay type                Incr(ns)  Path(ns)    Netlist Resource(s)
  -------------------------------------------------------------------    -------------------
                         (clock clk_pl_0 rise edge)
                                                      0.000     0.000 r  
    PS8_X0Y0             PS8                          0.000     0.000 r  design_1_i/zynq_ultra_ps_e_0/inst/PS8_i/PLCLK[0]
                         net (fo=1, routed)           0.181     0.181    design_1_i/zynq_ultra_ps_e_0/inst/pl_clk_unbuffered[0]
    BUFG_PS_X0Y80        BUFG_PS (Prop_BUFG_PS_I_O)
                                                      0.035     0.216 r  design_1_i/zynq_ultra_ps_e_0/inst/buffer_pl_clk_0.PL_CLK_0_BUFG/O
    X0Y1 (CLOCK_ROOT)    net (fo=2343, routed)        1.883     2.099    design_1_i/axi_fifo_mm_s_0/U0/gaxif.COMP_AXI4/axi_wr_fsm/s_axi_aclk
    SLICE_X4Y112         FDRE                                         r  design_1_i/axi_fifo_mm_s_0/U0/gaxif.COMP_AXI4/axi_wr_fsm/gaxi_bid_gen.S_AXI_BID_reg[3]/C
  -------------------------------------------------------------------    -------------------
    SLICE_X4Y112         FDRE (Prop_BFF_SLICEM_C_Q)
                                                      0.111     2.210 r  design_1_i/axi_fifo_mm_s_0/U0/gaxif.COMP_AXI4/axi_wr_fsm/gaxi_bid_gen.S_AXI_BID_reg[3]/Q
                         net (fo=1, routed)           0.127     2.337    design_1_i/ps8_0_axi_periph/xbar/inst/gen_samd.crossbar_samd/gen_master_slots[1].reg_slice_mi/b.b_pipe/D[5]
    SLICE_X2Y112         FDRE                                         r  design_1_i/ps8_0_axi_periph/xbar/inst/gen_samd.crossbar_samd/gen_master_slots[1].reg_slice_mi/b.b_pipe/m_payload_i_reg[5]/D
  -------------------------------------------------------------------    -------------------

                         (clock clk_pl_0 rise edge)
                                                      0.000     0.000 r  
    PS8_X0Y0             PS8                          0.000     0.000 r  design_1_i/zynq_ultra_ps_e_0/inst/PS8_i/PLCLK[0]
                         net (fo=1, routed)           0.229     0.229    design_1_i/zynq_ultra_ps_e_0/inst/pl_clk_unbuffered[0]
    BUFG_PS_X0Y80        BUFG_PS (Prop_BUFG_PS_I_O)
                                                      0.038     0.267 r  design_1_i/zynq_ultra_ps_e_0/inst/buffer_pl_clk_0.PL_CLK_0_BUFG/O
    X0Y1 (CLOCK_ROOT)    net (fo=2343, routed)        2.131     2.398    design_1_i/ps8_0_axi_periph/xbar/inst/gen_samd.crossbar_samd/gen_master_slots[1].reg_slice_mi/b.b_pipe/aclk
    SLICE_X2Y112         FDRE                                         r  design_1_i/ps8_0_axi_periph/xbar/inst/gen_samd.crossbar_samd/gen_master_slots[1].reg_slice_mi/b.b_pipe/m_payload_i_reg[5]/C
                         clock pessimism             -0.173     2.225    
    SLICE_X2Y112         FDRE (Hold_BFF_SLICEM_C_D)
                                                      0.101     2.326    design_1_i/ps8_0_axi_periph/xbar/inst/gen_samd.crossbar_samd/gen_master_slots[1].reg_slice_mi/b.b_pipe/m_payload_i_reg[5]
  -------------------------------------------------------------------
                         required time                         -2.326    
                         arrival time                           2.337    
  -------------------------------------------------------------------
                         slack                                  0.012    

Slack (MET) :             0.019ns  (arrival time - required time)
  Source:                 design_1_i/myip_0/inst/M_AXIS_TDATA_reg[1]/C
                            (rising edge-triggered cell FDRE clocked by clk_pl_0  {rise@0.000ns fall@5.000ns period=10.000ns})
  Destination:            design_1_i/axi_fifo_mm_s_0/U0/COMP_IPIC2AXI_S/grxd.COMP_RX_FIFO/gfifo_gen.COMP_AXIS_FG_FIFO/COMP_FIFO/xpm_fifo_base_inst/gen_sdpram.xpm_memory_base_inst/gen_wr_a.gen_word_narrow.mem_reg/DINADIN[1]
                            (rising edge-triggered cell RAMB36E2 clocked by clk_pl_0  {rise@0.000ns fall@5.000ns period=10.000ns})
  Path Group:             clk_pl_0
  Path Type:              Hold (Min at Slow Process Corner)
  Requirement:            0.000ns  (clk_pl_0 rise@0.000ns - clk_pl_0 rise@0.000ns)
  Data Path Delay:        0.249ns  (logic 0.112ns (44.980%)  route 0.137ns (55.020%))
  Logic Levels:           0  
  Clock Path Skew:        0.278ns (DCD - SCD - CPR)
    Destination Clock Delay (DCD):    2.738ns
    Source Clock Delay      (SCD):    2.274ns
    Clock Pessimism Removal (CPR):    0.185ns
  Clock Net Delay (Source):      2.058ns (routing 0.955ns, distribution 1.103ns)
  Clock Net Delay (Destination): 2.471ns (routing 1.045ns, distribution 1.426ns)

    Location             Delay type                Incr(ns)  Path(ns)    Netlist Resource(s)
  -------------------------------------------------------------------    -------------------
                         (clock clk_pl_0 rise edge)
                                                      0.000     0.000 r  
    PS8_X0Y0             PS8                          0.000     0.000 r  design_1_i/zynq_ultra_ps_e_0/inst/PS8_i/PLCLK[0]
                         net (fo=1, routed)           0.181     0.181    design_1_i/zynq_ultra_ps_e_0/inst/pl_clk_unbuffered[0]
    BUFG_PS_X0Y80        BUFG_PS (Prop_BUFG_PS_I_O)
                                                      0.035     0.216 r  design_1_i/zynq_ultra_ps_e_0/inst/buffer_pl_clk_0.PL_CLK_0_BUFG/O
    X0Y1 (CLOCK_ROOT)    net (fo=2343, routed)        2.058     2.274    design_1_i/myip_0/inst/ACLK
    SLICE_X28Y82         FDRE                                         r  design_1_i/myip_0/inst/M_AXIS_TDATA_reg[1]/C
  -------------------------------------------------------------------    -------------------
    SLICE_X28Y82         FDRE (Prop_HFF_SLICEM_C_Q)
                                                      0.112     2.386 r  design_1_i/myip_0/inst/M_AXIS_TDATA_reg[1]/Q
                         net (fo=1, routed)           0.137     2.523    design_1_i/axi_fifo_mm_s_0/U0/COMP_IPIC2AXI_S/grxd.COMP_RX_FIFO/gfifo_gen.COMP_AXIS_FG_FIFO/COMP_FIFO/xpm_fifo_base_inst/gen_sdpram.xpm_memory_base_inst/dina[1]
    RAMB36_X0Y16         RAMB36E2                                     r  design_1_i/axi_fifo_mm_s_0/U0/COMP_IPIC2AXI_S/grxd.COMP_RX_FIFO/gfifo_gen.COMP_AXIS_FG_FIFO/COMP_FIFO/xpm_fifo_base_inst/gen_sdpram.xpm_memory_base_inst/gen_wr_a.gen_word_narrow.mem_reg/DINADIN[1]
  -------------------------------------------------------------------    -------------------

                         (clock clk_pl_0 rise edge)
                                                      0.000     0.000 r  
    PS8_X0Y0             PS8                          0.000     0.000 r  design_1_i/zynq_ultra_ps_e_0/inst/PS8_i/PLCLK[0]
                         net (fo=1, routed)           0.229     0.229    design_1_i/zynq_ultra_ps_e_0/inst/pl_clk_unbuffered[0]
    BUFG_PS_X0Y80        BUFG_PS (Prop_BUFG_PS_I_O)
                                                      0.038     0.267 r  design_1_i/zynq_ultra_ps_e_0/inst/buffer_pl_clk_0.PL_CLK_0_BUFG/O
    X0Y1 (CLOCK_ROOT)    net (fo=2343, routed)        2.471     2.738    design_1_i/axi_fifo_mm_s_0/U0/COMP_IPIC2AXI_S/grxd.COMP_RX_FIFO/gfifo_gen.COMP_AXIS_FG_FIFO/COMP_FIFO/xpm_fifo_base_inst/gen_sdpram.xpm_memory_base_inst/clka
    RAMB36_X0Y16         RAMB36E2                                     r  design_1_i/axi_fifo_mm_s_0/U0/COMP_IPIC2AXI_S/grxd.COMP_RX_FIFO/gfifo_gen.COMP_AXIS_FG_FIFO/COMP_FIFO/xpm_fifo_base_inst/gen_sdpram.xpm_memory_base_inst/gen_wr_a.gen_word_narrow.mem_reg/CLKBWRCLK
                         clock pessimism             -0.185     2.553    
    RAMB36_X0Y16         RAMB36E2 (Hold_RAMB36E2_RAMB36_CLKBWRCLK_DINADIN[1])
                                                     -0.048     2.505    design_1_i/axi_fifo_mm_s_0/U0/COMP_IPIC2AXI_S/grxd.COMP_RX_FIFO/gfifo_gen.COMP_AXIS_FG_FIFO/COMP_FIFO/xpm_fifo_base_inst/gen_sdpram.xpm_memory_base_inst/gen_wr_a.gen_word_narrow.mem_reg
  -------------------------------------------------------------------
                         required time                         -2.505    
                         arrival time                           2.523    
  -------------------------------------------------------------------
                         slack                                  0.019    

Slack (MET) :             0.019ns  (arrival time - required time)
  Source:                 design_1_i/ps8_0_axi_periph/xbar/inst/gen_samd.crossbar_samd/addr_arbiter_ar/gen_no_arbiter.m_mesg_i_reg[3]/C
                            (rising edge-triggered cell FDRE clocked by clk_pl_0  {rise@0.000ns fall@5.000ns period=10.000ns})
  Destination:            design_1_i/ps8_0_axi_periph/m00_couplers/auto_pc/inst/gen_axilite.gen_b2s_conv.axilite_b2s/SI_REG/ar.ar_pipe/skid_buffer_reg[56]/D
                            (rising edge-triggered cell FDRE clocked by clk_pl_0  {rise@0.000ns fall@5.000ns period=10.000ns})
  Path Group:             clk_pl_0
  Path Type:              Hold (Min at Slow Process Corner)
  Requirement:            0.000ns  (clk_pl_0 rise@0.000ns - clk_pl_0 rise@0.000ns)
  Data Path Delay:        0.224ns  (logic 0.113ns (50.378%)  route 0.111ns (49.622%))
  Logic Levels:           0  
  Clock Path Skew:        0.104ns (DCD - SCD - CPR)
    Destination Clock Delay (DCD):    2.378ns
    Source Clock Delay      (SCD):    2.101ns
    Clock Pessimism Removal (CPR):    0.173ns
  Clock Net Delay (Source):      1.885ns (routing 0.955ns, distribution 0.930ns)
  Clock Net Delay (Destination): 2.111ns (routing 1.045ns, distribution 1.066ns)

    Location             Delay type                Incr(ns)  Path(ns)    Netlist Resource(s)
  -------------------------------------------------------------------    -------------------
                         (clock clk_pl_0 rise edge)
                                                      0.000     0.000 r  
    PS8_X0Y0             PS8                          0.000     0.000 r  design_1_i/zynq_ultra_ps_e_0/inst/PS8_i/PLCLK[0]
                         net (fo=1, routed)           0.181     0.181    design_1_i/zynq_ultra_ps_e_0/inst/pl_clk_unbuffered[0]
    BUFG_PS_X0Y80        BUFG_PS (Prop_BUFG_PS_I_O)
                                                      0.035     0.216 r  design_1_i/zynq_ultra_ps_e_0/inst/buffer_pl_clk_0.PL_CLK_0_BUFG/O
    X0Y1 (CLOCK_ROOT)    net (fo=2343, routed)        1.885     2.101    design_1_i/ps8_0_axi_periph/xbar/inst/gen_samd.crossbar_samd/addr_arbiter_ar/aclk
    SLICE_X4Y79          FDRE                                         r  design_1_i/ps8_0_axi_periph/xbar/inst/gen_samd.crossbar_samd/addr_arbiter_ar/gen_no_arbiter.m_mesg_i_reg[3]/C
  -------------------------------------------------------------------    -------------------
    SLICE_X4Y79          FDRE (Prop_HFF2_SLICEM_C_Q)
                                                      0.113     2.214 r  design_1_i/ps8_0_axi_periph/xbar/inst/gen_samd.crossbar_samd/addr_arbiter_ar/gen_no_arbiter.m_mesg_i_reg[3]/Q
                         net (fo=4, routed)           0.111     2.326    design_1_i/ps8_0_axi_periph/m00_couplers/auto_pc/inst/gen_axilite.gen_b2s_conv.axilite_b2s/SI_REG/ar.ar_pipe/s_axi_arid[3]
    SLICE_X3Y79          FDRE                                         r  design_1_i/ps8_0_axi_periph/m00_couplers/auto_pc/inst/gen_axilite.gen_b2s_conv.axilite_b2s/SI_REG/ar.ar_pipe/skid_buffer_reg[56]/D
  -------------------------------------------------------------------    -------------------

                         (clock clk_pl_0 rise edge)
                                                      0.000     0.000 r  
    PS8_X0Y0             PS8                          0.000     0.000 r  design_1_i/zynq_ultra_ps_e_0/inst/PS8_i/PLCLK[0]
                         net (fo=1, routed)           0.229     0.229    design_1_i/zynq_ultra_ps_e_0/inst/pl_clk_unbuffered[0]
    BUFG_PS_X0Y80        BUFG_PS (Prop_BUFG_PS_I_O)
                                                      0.038     0.267 r  design_1_i/zynq_ultra_ps_e_0/inst/buffer_pl_clk_0.PL_CLK_0_BUFG/O
    X0Y1 (CLOCK_ROOT)    net (fo=2343, routed)        2.111     2.378    design_1_i/ps8_0_axi_periph/m00_couplers/auto_pc/inst/gen_axilite.gen_b2s_conv.axilite_b2s/SI_REG/ar.ar_pipe/aclk
    SLICE_X3Y79          FDRE                                         r  design_1_i/ps8_0_axi_periph/m00_couplers/auto_pc/inst/gen_axilite.gen_b2s_conv.axilite_b2s/SI_REG/ar.ar_pipe/skid_buffer_reg[56]/C
                         clock pessimism             -0.173     2.205    
    SLICE_X3Y79          FDRE (Hold_GFF_SLICEL_C_D)
                                                      0.101     2.306    design_1_i/ps8_0_axi_periph/m00_couplers/auto_pc/inst/gen_axilite.gen_b2s_conv.axilite_b2s/SI_REG/ar.ar_pipe/skid_buffer_reg[56]
  -------------------------------------------------------------------
                         required time                         -2.306    
                         arrival time                           2.326    
  -------------------------------------------------------------------
                         slack                                  0.019    

Slack (MET) :             0.020ns  (arrival time - required time)
  Source:                 design_1_i/axi_fifo_mm_s_0/U0/gaxif.COMP_AXI4/axi_wr_fsm/gaxi_bid_gen.S_AXI_BID_reg[8]/C
                            (rising edge-triggered cell FDRE clocked by clk_pl_0  {rise@0.000ns fall@5.000ns period=10.000ns})
  Destination:            design_1_i/ps8_0_axi_periph/xbar/inst/gen_samd.crossbar_samd/gen_master_slots[1].reg_slice_mi/b.b_pipe/m_payload_i_reg[10]/D
                            (rising edge-triggered cell FDRE clocked by clk_pl_0  {rise@0.000ns fall@5.000ns period=10.000ns})
  Path Group:             clk_pl_0
  Path Type:              Hold (Min at Slow Process Corner)
  Requirement:            0.000ns  (clk_pl_0 rise@0.000ns - clk_pl_0 rise@0.000ns)
  Data Path Delay:        0.245ns  (logic 0.114ns (46.531%)  route 0.131ns (53.469%))
  Logic Levels:           0  
  Clock Path Skew:        0.125ns (DCD - SCD - CPR)
    Destination Clock Delay (DCD):    2.398ns
    Source Clock Delay      (SCD):    2.099ns
    Clock Pessimism Removal (CPR):    0.173ns
  Clock Net Delay (Source):      1.883ns (routing 0.955ns, distribution 0.928ns)
  Clock Net Delay (Destination): 2.131ns (routing 1.045ns, distribution 1.086ns)

    Location             Delay type                Incr(ns)  Path(ns)    Netlist Resource(s)
  -------------------------------------------------------------------    -------------------
                         (clock clk_pl_0 rise edge)
                                                      0.000     0.000 r  
    PS8_X0Y0             PS8                          0.000     0.000 r  design_1_i/zynq_ultra_ps_e_0/inst/PS8_i/PLCLK[0]
                         net (fo=1, routed)           0.181     0.181    design_1_i/zynq_ultra_ps_e_0/inst/pl_clk_unbuffered[0]
    BUFG_PS_X0Y80        BUFG_PS (Prop_BUFG_PS_I_O)
                                                      0.035     0.216 r  design_1_i/zynq_ultra_ps_e_0/inst/buffer_pl_clk_0.PL_CLK_0_BUFG/O
    X0Y1 (CLOCK_ROOT)    net (fo=2343, routed)        1.883     2.099    design_1_i/axi_fifo_mm_s_0/U0/gaxif.COMP_AXI4/axi_wr_fsm/s_axi_aclk
    SLICE_X4Y112         FDRE                                         r  design_1_i/axi_fifo_mm_s_0/U0/gaxif.COMP_AXI4/axi_wr_fsm/gaxi_bid_gen.S_AXI_BID_reg[8]/C
  -------------------------------------------------------------------    -------------------
    SLICE_X4Y112         FDRE (Prop_EFF2_SLICEM_C_Q)
                                                      0.114     2.213 r  design_1_i/axi_fifo_mm_s_0/U0/gaxif.COMP_AXI4/axi_wr_fsm/gaxi_bid_gen.S_AXI_BID_reg[8]/Q
                         net (fo=1, routed)           0.131     2.344    design_1_i/ps8_0_axi_periph/xbar/inst/gen_samd.crossbar_samd/gen_master_slots[1].reg_slice_mi/b.b_pipe/D[10]
    SLICE_X2Y112         FDRE                                         r  design_1_i/ps8_0_axi_periph/xbar/inst/gen_samd.crossbar_samd/gen_master_slots[1].reg_slice_mi/b.b_pipe/m_payload_i_reg[10]/D
  -------------------------------------------------------------------    -------------------

                         (clock clk_pl_0 rise edge)
                                                      0.000     0.000 r  
    PS8_X0Y0             PS8                          0.000     0.000 r  design_1_i/zynq_ultra_ps_e_0/inst/PS8_i/PLCLK[0]
                         net (fo=1, routed)           0.229     0.229    design_1_i/zynq_ultra_ps_e_0/inst/pl_clk_unbuffered[0]
    BUFG_PS_X0Y80        BUFG_PS (Prop_BUFG_PS_I_O)
                                                      0.038     0.267 r  design_1_i/zynq_ultra_ps_e_0/inst/buffer_pl_clk_0.PL_CLK_0_BUFG/O
    X0Y1 (CLOCK_ROOT)    net (fo=2343, routed)        2.131     2.398    design_1_i/ps8_0_axi_periph/xbar/inst/gen_samd.crossbar_samd/gen_master_slots[1].reg_slice_mi/b.b_pipe/aclk
    SLICE_X2Y112         FDRE                                         r  design_1_i/ps8_0_axi_periph/xbar/inst/gen_samd.crossbar_samd/gen_master_slots[1].reg_slice_mi/b.b_pipe/m_payload_i_reg[10]/C
                         clock pessimism             -0.173     2.225    
    SLICE_X2Y112         FDRE (Hold_DFF_SLICEM_C_D)
                                                      0.100     2.325    design_1_i/ps8_0_axi_periph/xbar/inst/gen_samd.crossbar_samd/gen_master_slots[1].reg_slice_mi/b.b_pipe/m_payload_i_reg[10]
  -------------------------------------------------------------------
                         required time                         -2.325    
                         arrival time                           2.344    
  -------------------------------------------------------------------
                         slack                                  0.020    

Slack (MET) :             0.021ns  (arrival time - required time)
  Source:                 design_1_i/axi_fifo_mm_s_0/U0/COMP_IPIF/I_SLAVE_ATTACHMENT/s_axi_rresp_i_reg[1]/C
                            (rising edge-triggered cell FDRE clocked by clk_pl_0  {rise@0.000ns fall@5.000ns period=10.000ns})
  Destination:            design_1_i/ps8_0_axi_periph/m00_couplers/auto_pc/inst/gen_axilite.gen_b2s_conv.axilite_b2s/RD.r_channel_0/rd_data_fifo_0/memory_reg[31][33]_srl32/D
                            (rising edge-triggered cell SRLC32E clocked by clk_pl_0  {rise@0.000ns fall@5.000ns period=10.000ns})
  Path Group:             clk_pl_0
  Path Type:              Hold (Min at Slow Process Corner)
  Requirement:            0.000ns  (clk_pl_0 rise@0.000ns - clk_pl_0 rise@0.000ns)
  Data Path Delay:        0.254ns  (logic 0.114ns (44.882%)  route 0.140ns (55.118%))
  Logic Levels:           0  
  Clock Path Skew:        0.163ns (DCD - SCD - CPR)
    Destination Clock Delay (DCD):    2.430ns
    Source Clock Delay      (SCD):    2.093ns
    Clock Pessimism Removal (CPR):    0.173ns
  Clock Net Delay (Source):      1.877ns (routing 0.955ns, distribution 0.922ns)
  Clock Net Delay (Destination): 2.163ns (routing 1.045ns, distribution 1.118ns)

    Location             Delay type                Incr(ns)  Path(ns)    Netlist Resource(s)
  -------------------------------------------------------------------    -------------------
                         (clock clk_pl_0 rise edge)
                                                      0.000     0.000 r  
    PS8_X0Y0             PS8                          0.000     0.000 r  design_1_i/zynq_ultra_ps_e_0/inst/PS8_i/PLCLK[0]
                         net (fo=1, routed)           0.181     0.181    design_1_i/zynq_ultra_ps_e_0/inst/pl_clk_unbuffered[0]
    BUFG_PS_X0Y80        BUFG_PS (Prop_BUFG_PS_I_O)
                                                      0.035     0.216 r  design_1_i/zynq_ultra_ps_e_0/inst/buffer_pl_clk_0.PL_CLK_0_BUFG/O
    X0Y1 (CLOCK_ROOT)    net (fo=2343, routed)        1.877     2.093    design_1_i/axi_fifo_mm_s_0/U0/COMP_IPIF/I_SLAVE_ATTACHMENT/s_axi_aclk
    SLICE_X5Y91          FDRE                                         r  design_1_i/axi_fifo_mm_s_0/U0/COMP_IPIF/I_SLAVE_ATTACHMENT/s_axi_rresp_i_reg[1]/C
  -------------------------------------------------------------------    -------------------
    SLICE_X5Y91          FDRE (Prop_EFF2_SLICEM_C_Q)
                                                      0.114     2.207 r  design_1_i/axi_fifo_mm_s_0/U0/COMP_IPIF/I_SLAVE_ATTACHMENT/s_axi_rresp_i_reg[1]/Q
                         net (fo=1, routed)           0.140     2.347    design_1_i/ps8_0_axi_periph/m00_couplers/auto_pc/inst/gen_axilite.gen_b2s_conv.axilite_b2s/RD.r_channel_0/rd_data_fifo_0/in[33]
    SLICE_X5Y88          SRLC32E                                      r  design_1_i/ps8_0_axi_periph/m00_couplers/auto_pc/inst/gen_axilite.gen_b2s_conv.axilite_b2s/RD.r_channel_0/rd_data_fifo_0/memory_reg[31][33]_srl32/D
  -------------------------------------------------------------------    -------------------

                         (clock clk_pl_0 rise edge)
                                                      0.000     0.000 r  
    PS8_X0Y0             PS8                          0.000     0.000 r  design_1_i/zynq_ultra_ps_e_0/inst/PS8_i/PLCLK[0]
                         net (fo=1, routed)           0.229     0.229    design_1_i/zynq_ultra_ps_e_0/inst/pl_clk_unbuffered[0]
    BUFG_PS_X0Y80        BUFG_PS (Prop_BUFG_PS_I_O)
                                                      0.038     0.267 r  design_1_i/zynq_ultra_ps_e_0/inst/buffer_pl_clk_0.PL_CLK_0_BUFG/O
    X0Y1 (CLOCK_ROOT)    net (fo=2343, routed)        2.163     2.430    design_1_i/ps8_0_axi_periph/m00_couplers/auto_pc/inst/gen_axilite.gen_b2s_conv.axilite_b2s/RD.r_channel_0/rd_data_fifo_0/aclk
    SLICE_X5Y88          SRLC32E                                      r  design_1_i/ps8_0_axi_periph/m00_couplers/auto_pc/inst/gen_axilite.gen_b2s_conv.axilite_b2s/RD.r_channel_0/rd_data_fifo_0/memory_reg[31][33]_srl32/CLK
                         clock pessimism             -0.173     2.257    
    SLICE_X5Y88          SRLC32E (Hold_A6LUT_SLICEM_CLK_D)
                                                      0.070     2.327    design_1_i/ps8_0_axi_periph/m00_couplers/auto_pc/inst/gen_axilite.gen_b2s_conv.axilite_b2s/RD.r_channel_0/rd_data_fifo_0/memory_reg[31][33]_srl32
  -------------------------------------------------------------------
                         required time                         -2.327    
                         arrival time                           2.347    
  -------------------------------------------------------------------
                         slack                                  0.021    

Slack (MET) :             0.021ns  (arrival time - required time)
  Source:                 design_1_i/myip_0/inst/M_AXIS_TDATA_reg[7]/C
                            (rising edge-triggered cell FDRE clocked by clk_pl_0  {rise@0.000ns fall@5.000ns period=10.000ns})
  Destination:            design_1_i/axi_fifo_mm_s_0/U0/COMP_IPIC2AXI_S/grxd.COMP_RX_FIFO/gfifo_gen.COMP_AXIS_FG_FIFO/COMP_FIFO/xpm_fifo_base_inst/gen_sdpram.xpm_memory_base_inst/gen_wr_a.gen_word_narrow.mem_reg/DINADIN[7]
                            (rising edge-triggered cell RAMB36E2 clocked by clk_pl_0  {rise@0.000ns fall@5.000ns period=10.000ns})
  Path Group:             clk_pl_0
  Path Type:              Hold (Min at Slow Process Corner)
  Requirement:            0.000ns  (clk_pl_0 rise@0.000ns - clk_pl_0 rise@0.000ns)
  Data Path Delay:        0.247ns  (logic 0.114ns (46.154%)  route 0.133ns (53.846%))
  Logic Levels:           0  
  Clock Path Skew:        0.274ns (DCD - SCD - CPR)
    Destination Clock Delay (DCD):    2.738ns
    Source Clock Delay      (SCD):    2.278ns
    Clock Pessimism Removal (CPR):    0.185ns
  Clock Net Delay (Source):      2.062ns (routing 0.955ns, distribution 1.107ns)
  Clock Net Delay (Destination): 2.471ns (routing 1.045ns, distribution 1.426ns)

    Location             Delay type                Incr(ns)  Path(ns)    Netlist Resource(s)
  -------------------------------------------------------------------    -------------------
                         (clock clk_pl_0 rise edge)
                                                      0.000     0.000 r  
    PS8_X0Y0             PS8                          0.000     0.000 r  design_1_i/zynq_ultra_ps_e_0/inst/PS8_i/PLCLK[0]
                         net (fo=1, routed)           0.181     0.181    design_1_i/zynq_ultra_ps_e_0/inst/pl_clk_unbuffered[0]
    BUFG_PS_X0Y80        BUFG_PS (Prop_BUFG_PS_I_O)
                                                      0.035     0.216 r  design_1_i/zynq_ultra_ps_e_0/inst/buffer_pl_clk_0.PL_CLK_0_BUFG/O
    X0Y1 (CLOCK_ROOT)    net (fo=2343, routed)        2.062     2.278    design_1_i/myip_0/inst/ACLK
    SLICE_X28Y84         FDRE                                         r  design_1_i/myip_0/inst/M_AXIS_TDATA_reg[7]/C
  -------------------------------------------------------------------    -------------------
    SLICE_X28Y84         FDRE (Prop_BFF2_SLICEM_C_Q)
                                                      0.114     2.392 r  design_1_i/myip_0/inst/M_AXIS_TDATA_reg[7]/Q
                         net (fo=1, routed)           0.133     2.525    design_1_i/axi_fifo_mm_s_0/U0/COMP_IPIC2AXI_S/grxd.COMP_RX_FIFO/gfifo_gen.COMP_AXIS_FG_FIFO/COMP_FIFO/xpm_fifo_base_inst/gen_sdpram.xpm_memory_base_inst/dina[7]
    RAMB36_X0Y16         RAMB36E2                                     r  design_1_i/axi_fifo_mm_s_0/U0/COMP_IPIC2AXI_S/grxd.COMP_RX_FIFO/gfifo_gen.COMP_AXIS_FG_FIFO/COMP_FIFO/xpm_fifo_base_inst/gen_sdpram.xpm_memory_base_inst/gen_wr_a.gen_word_narrow.mem_reg/DINADIN[7]
  -------------------------------------------------------------------    -------------------

                         (clock clk_pl_0 rise edge)
                                                      0.000     0.000 r  
    PS8_X0Y0             PS8                          0.000     0.000 r  design_1_i/zynq_ultra_ps_e_0/inst/PS8_i/PLCLK[0]
                         net (fo=1, routed)           0.229     0.229    design_1_i/zynq_ultra_ps_e_0/inst/pl_clk_unbuffered[0]
    BUFG_PS_X0Y80        BUFG_PS (Prop_BUFG_PS_I_O)
                                                      0.038     0.267 r  design_1_i/zynq_ultra_ps_e_0/inst/buffer_pl_clk_0.PL_CLK_0_BUFG/O
    X0Y1 (CLOCK_ROOT)    net (fo=2343, routed)        2.471     2.738    design_1_i/axi_fifo_mm_s_0/U0/COMP_IPIC2AXI_S/grxd.COMP_RX_FIFO/gfifo_gen.COMP_AXIS_FG_FIFO/COMP_FIFO/xpm_fifo_base_inst/gen_sdpram.xpm_memory_base_inst/clka
    RAMB36_X0Y16         RAMB36E2                                     r  design_1_i/axi_fifo_mm_s_0/U0/COMP_IPIC2AXI_S/grxd.COMP_RX_FIFO/gfifo_gen.COMP_AXIS_FG_FIFO/COMP_FIFO/xpm_fifo_base_inst/gen_sdpram.xpm_memory_base_inst/gen_wr_a.gen_word_narrow.mem_reg/CLKBWRCLK
                         clock pessimism             -0.185     2.553    
    RAMB36_X0Y16         RAMB36E2 (Hold_RAMB36E2_RAMB36_CLKBWRCLK_DINADIN[7])
                                                     -0.048     2.505    design_1_i/axi_fifo_mm_s_0/U0/COMP_IPIC2AXI_S/grxd.COMP_RX_FIFO/gfifo_gen.COMP_AXIS_FG_FIFO/COMP_FIFO/xpm_fifo_base_inst/gen_sdpram.xpm_memory_base_inst/gen_wr_a.gen_word_narrow.mem_reg
  -------------------------------------------------------------------
                         required time                         -2.505    
                         arrival time                           2.525    
  -------------------------------------------------------------------
                         slack                                  0.021    

Slack (MET) :             0.022ns  (arrival time - required time)
  Source:                 design_1_i/myip_0/inst/matrix_multiply_0/RES_write_data_in_reg[0]/C
                            (rising edge-triggered cell FDRE clocked by clk_pl_0  {rise@0.000ns fall@5.000ns period=10.000ns})
  Destination:            design_1_i/myip_0/inst/RES_RAM/RAM_reg_0_63_0_0/SP/I
                            (rising edge-triggered cell RAMS64E clocked by clk_pl_0  {rise@0.000ns fall@5.000ns period=10.000ns})
  Path Group:             clk_pl_0
  Path Type:              Hold (Min at Slow Process Corner)
  Requirement:            0.000ns  (clk_pl_0 rise@0.000ns - clk_pl_0 rise@0.000ns)
  Data Path Delay:        0.288ns  (logic 0.113ns (39.236%)  route 0.175ns (60.764%))
  Logic Levels:           0  
  Clock Path Skew:        0.166ns (DCD - SCD - CPR)
    Destination Clock Delay (DCD):    2.611ns
    Source Clock Delay      (SCD):    2.264ns
    Clock Pessimism Removal (CPR):    0.182ns
  Clock Net Delay (Source):      2.048ns (routing 0.955ns, distribution 1.093ns)
  Clock Net Delay (Destination): 2.344ns (routing 1.045ns, distribution 1.299ns)

    Location             Delay type                Incr(ns)  Path(ns)    Netlist Resource(s)
  -------------------------------------------------------------------    -------------------
                         (clock clk_pl_0 rise edge)
                                                      0.000     0.000 r  
    PS8_X0Y0             PS8                          0.000     0.000 r  design_1_i/zynq_ultra_ps_e_0/inst/PS8_i/PLCLK[0]
                         net (fo=1, routed)           0.181     0.181    design_1_i/zynq_ultra_ps_e_0/inst/pl_clk_unbuffered[0]
    BUFG_PS_X0Y80        BUFG_PS (Prop_BUFG_PS_I_O)
                                                      0.035     0.216 r  design_1_i/zynq_ultra_ps_e_0/inst/buffer_pl_clk_0.PL_CLK_0_BUFG/O
    X0Y1 (CLOCK_ROOT)    net (fo=2343, routed)        2.048     2.264    design_1_i/myip_0/inst/matrix_multiply_0/ACLK
    SLICE_X27Y84         FDRE                                         r  design_1_i/myip_0/inst/matrix_multiply_0/RES_write_data_in_reg[0]/C
  -------------------------------------------------------------------    -------------------
    SLICE_X27Y84         FDRE (Prop_HFF2_SLICEL_C_Q)
                                                      0.113     2.377 r  design_1_i/myip_0/inst/matrix_multiply_0/RES_write_data_in_reg[0]/Q
                         net (fo=1, routed)           0.175     2.552    design_1_i/myip_0/inst/RES_RAM/RAM_reg_0_63_0_0/D
    SLICE_X28Y83         RAMS64E                                      r  design_1_i/myip_0/inst/RES_RAM/RAM_reg_0_63_0_0/SP/I
  -------------------------------------------------------------------    -------------------

                         (clock clk_pl_0 rise edge)
                                                      0.000     0.000 r  
    PS8_X0Y0             PS8                          0.000     0.000 r  design_1_i/zynq_ultra_ps_e_0/inst/PS8_i/PLCLK[0]
                         net (fo=1, routed)           0.229     0.229    design_1_i/zynq_ultra_ps_e_0/inst/pl_clk_unbuffered[0]
    BUFG_PS_X0Y80        BUFG_PS (Prop_BUFG_PS_I_O)
                                                      0.038     0.267 r  design_1_i/zynq_ultra_ps_e_0/inst/buffer_pl_clk_0.PL_CLK_0_BUFG/O
    X0Y1 (CLOCK_ROOT)    net (fo=2343, routed)        2.344     2.611    design_1_i/myip_0/inst/RES_RAM/RAM_reg_0_63_0_0/WCLK
    SLICE_X28Y83         RAMS64E                                      r  design_1_i/myip_0/inst/RES_RAM/RAM_reg_0_63_0_0/SP/CLK
                         clock pessimism             -0.182     2.430    
    SLICE_X28Y83         RAMS64E (Hold_H6LUT_SLICEM_CLK_I)
                                                      0.100     2.530    design_1_i/myip_0/inst/RES_RAM/RAM_reg_0_63_0_0/SP
  -------------------------------------------------------------------
                         required time                         -2.530    
                         arrival time                           2.552    
  -------------------------------------------------------------------
                         slack                                  0.022    

Slack (MET) :             0.024ns  (arrival time - required time)
  Source:                 design_1_i/myip_0/inst/M_AXIS_TDATA_reg[6]/C
                            (rising edge-triggered cell FDRE clocked by clk_pl_0  {rise@0.000ns fall@5.000ns period=10.000ns})
  Destination:            design_1_i/axi_fifo_mm_s_0/U0/COMP_IPIC2AXI_S/grxd.COMP_RX_FIFO/gfifo_gen.COMP_AXIS_FG_FIFO/COMP_FIFO/xpm_fifo_base_inst/gen_sdpram.xpm_memory_base_inst/gen_wr_a.gen_word_narrow.mem_reg/DINADIN[6]
                            (rising edge-triggered cell RAMB36E2 clocked by clk_pl_0  {rise@0.000ns fall@5.000ns period=10.000ns})
  Path Group:             clk_pl_0
  Path Type:              Hold (Min at Slow Process Corner)
  Requirement:            0.000ns  (clk_pl_0 rise@0.000ns - clk_pl_0 rise@0.000ns)
  Data Path Delay:        0.215ns  (logic 0.115ns (53.488%)  route 0.100ns (46.512%))
  Logic Levels:           0  
  Clock Path Skew:        0.239ns (DCD - SCD - CPR)
    Destination Clock Delay (DCD):    2.738ns
    Source Clock Delay      (SCD):    2.262ns
    Clock Pessimism Removal (CPR):    0.237ns
  Clock Net Delay (Source):      2.046ns (routing 0.955ns, distribution 1.091ns)
  Clock Net Delay (Destination): 2.471ns (routing 1.045ns, distribution 1.426ns)

    Location             Delay type                Incr(ns)  Path(ns)    Netlist Resource(s)
  -------------------------------------------------------------------    -------------------
                         (clock clk_pl_0 rise edge)
                                                      0.000     0.000 r  
    PS8_X0Y0             PS8                          0.000     0.000 r  design_1_i/zynq_ultra_ps_e_0/inst/PS8_i/PLCLK[0]
                         net (fo=1, routed)           0.181     0.181    design_1_i/zynq_ultra_ps_e_0/inst/pl_clk_unbuffered[0]
    BUFG_PS_X0Y80        BUFG_PS (Prop_BUFG_PS_I_O)
                                                      0.035     0.216 r  design_1_i/zynq_ultra_ps_e_0/inst/buffer_pl_clk_0.PL_CLK_0_BUFG/O
    X0Y1 (CLOCK_ROOT)    net (fo=2343, routed)        2.046     2.262    design_1_i/myip_0/inst/ACLK
    SLICE_X27Y80         FDRE                                         r  design_1_i/myip_0/inst/M_AXIS_TDATA_reg[6]/C
  -------------------------------------------------------------------    -------------------
    SLICE_X27Y80         FDRE (Prop_FFF2_SLICEL_C_Q)
                                                      0.115     2.377 r  design_1_i/myip_0/inst/M_AXIS_TDATA_reg[6]/Q
                         net (fo=1, routed)           0.100     2.477    design_1_i/axi_fifo_mm_s_0/U0/COMP_IPIC2AXI_S/grxd.COMP_RX_FIFO/gfifo_gen.COMP_AXIS_FG_FIFO/COMP_FIFO/xpm_fifo_base_inst/gen_sdpram.xpm_memory_base_inst/dina[6]
    RAMB36_X0Y16         RAMB36E2                                     r  design_1_i/axi_fifo_mm_s_0/U0/COMP_IPIC2AXI_S/grxd.COMP_RX_FIFO/gfifo_gen.COMP_AXIS_FG_FIFO/COMP_FIFO/xpm_fifo_base_inst/gen_sdpram.xpm_memory_base_inst/gen_wr_a.gen_word_narrow.mem_reg/DINADIN[6]
  -------------------------------------------------------------------    -------------------

                         (clock clk_pl_0 rise edge)
                                                      0.000     0.000 r  
    PS8_X0Y0             PS8                          0.000     0.000 r  design_1_i/zynq_ultra_ps_e_0/inst/PS8_i/PLCLK[0]
                         net (fo=1, routed)           0.229     0.229    design_1_i/zynq_ultra_ps_e_0/inst/pl_clk_unbuffered[0]
    BUFG_PS_X0Y80        BUFG_PS (Prop_BUFG_PS_I_O)
                                                      0.038     0.267 r  design_1_i/zynq_ultra_ps_e_0/inst/buffer_pl_clk_0.PL_CLK_0_BUFG/O
    X0Y1 (CLOCK_ROOT)    net (fo=2343, routed)        2.471     2.738    design_1_i/axi_fifo_mm_s_0/U0/COMP_IPIC2AXI_S/grxd.COMP_RX_FIFO/gfifo_gen.COMP_AXIS_FG_FIFO/COMP_FIFO/xpm_fifo_base_inst/gen_sdpram.xpm_memory_base_inst/clka
    RAMB36_X0Y16         RAMB36E2                                     r  design_1_i/axi_fifo_mm_s_0/U0/COMP_IPIC2AXI_S/grxd.COMP_RX_FIFO/gfifo_gen.COMP_AXIS_FG_FIFO/COMP_FIFO/xpm_fifo_base_inst/gen_sdpram.xpm_memory_base_inst/gen_wr_a.gen_word_narrow.mem_reg/CLKBWRCLK
                         clock pessimism             -0.237     2.501    
    RAMB36_X0Y16         RAMB36E2 (Hold_RAMB36E2_RAMB36_CLKBWRCLK_DINADIN[6])
                                                     -0.048     2.453    design_1_i/axi_fifo_mm_s_0/U0/COMP_IPIC2AXI_S/grxd.COMP_RX_FIFO/gfifo_gen.COMP_AXIS_FG_FIFO/COMP_FIFO/xpm_fifo_base_inst/gen_sdpram.xpm_memory_base_inst/gen_wr_a.gen_word_narrow.mem_reg
  -------------------------------------------------------------------
                         required time                         -2.453    
                         arrival time                           2.477    
  -------------------------------------------------------------------
                         slack                                  0.024    

Slack (MET) :             0.025ns  (arrival time - required time)
  Source:                 design_1_i/myip_0/inst/M_AXIS_TDATA_reg[4]/C
                            (rising edge-triggered cell FDRE clocked by clk_pl_0  {rise@0.000ns fall@5.000ns period=10.000ns})
  Destination:            design_1_i/axi_fifo_mm_s_0/U0/COMP_IPIC2AXI_S/grxd.COMP_RX_FIFO/gfifo_gen.COMP_AXIS_FG_FIFO/COMP_FIFO/xpm_fifo_base_inst/gen_sdpram.xpm_memory_base_inst/gen_wr_a.gen_word_narrow.mem_reg/DINADIN[4]
                            (rising edge-triggered cell RAMB36E2 clocked by clk_pl_0  {rise@0.000ns fall@5.000ns period=10.000ns})
  Path Group:             clk_pl_0
  Path Type:              Hold (Min at Slow Process Corner)
  Requirement:            0.000ns  (clk_pl_0 rise@0.000ns - clk_pl_0 rise@0.000ns)
  Data Path Delay:        0.216ns  (logic 0.112ns (51.852%)  route 0.104ns (48.148%))
  Logic Levels:           0  
  Clock Path Skew:        0.239ns (DCD - SCD - CPR)
    Destination Clock Delay (DCD):    2.738ns
    Source Clock Delay      (SCD):    2.262ns
    Clock Pessimism Removal (CPR):    0.237ns
  Clock Net Delay (Source):      2.046ns (routing 0.955ns, distribution 1.091ns)
  Clock Net Delay (Destination): 2.471ns (routing 1.045ns, distribution 1.426ns)

    Location             Delay type                Incr(ns)  Path(ns)    Netlist Resource(s)
  -------------------------------------------------------------------    -------------------
                         (clock clk_pl_0 rise edge)
                                                      0.000     0.000 r  
    PS8_X0Y0             PS8                          0.000     0.000 r  design_1_i/zynq_ultra_ps_e_0/inst/PS8_i/PLCLK[0]
                         net (fo=1, routed)           0.181     0.181    design_1_i/zynq_ultra_ps_e_0/inst/pl_clk_unbuffered[0]
    BUFG_PS_X0Y80        BUFG_PS (Prop_BUFG_PS_I_O)
                                                      0.035     0.216 r  design_1_i/zynq_ultra_ps_e_0/inst/buffer_pl_clk_0.PL_CLK_0_BUFG/O
    X0Y1 (CLOCK_ROOT)    net (fo=2343, routed)        2.046     2.262    design_1_i/myip_0/inst/ACLK
    SLICE_X27Y80         FDRE                                         r  design_1_i/myip_0/inst/M_AXIS_TDATA_reg[4]/C
  -------------------------------------------------------------------    -------------------
    SLICE_X27Y80         FDRE (Prop_FFF_SLICEL_C_Q)
                                                      0.112     2.374 r  design_1_i/myip_0/inst/M_AXIS_TDATA_reg[4]/Q
                         net (fo=1, routed)           0.104     2.478    design_1_i/axi_fifo_mm_s_0/U0/COMP_IPIC2AXI_S/grxd.COMP_RX_FIFO/gfifo_gen.COMP_AXIS_FG_FIFO/COMP_FIFO/xpm_fifo_base_inst/gen_sdpram.xpm_memory_base_inst/dina[4]
    RAMB36_X0Y16         RAMB36E2                                     r  design_1_i/axi_fifo_mm_s_0/U0/COMP_IPIC2AXI_S/grxd.COMP_RX_FIFO/gfifo_gen.COMP_AXIS_FG_FIFO/COMP_FIFO/xpm_fifo_base_inst/gen_sdpram.xpm_memory_base_inst/gen_wr_a.gen_word_narrow.mem_reg/DINADIN[4]
  -------------------------------------------------------------------    -------------------

                         (clock clk_pl_0 rise edge)
                                                      0.000     0.000 r  
    PS8_X0Y0             PS8                          0.000     0.000 r  design_1_i/zynq_ultra_ps_e_0/inst/PS8_i/PLCLK[0]
                         net (fo=1, routed)           0.229     0.229    design_1_i/zynq_ultra_ps_e_0/inst/pl_clk_unbuffered[0]
    BUFG_PS_X0Y80        BUFG_PS (Prop_BUFG_PS_I_O)
                                                      0.038     0.267 r  design_1_i/zynq_ultra_ps_e_0/inst/buffer_pl_clk_0.PL_CLK_0_BUFG/O
    X0Y1 (CLOCK_ROOT)    net (fo=2343, routed)        2.471     2.738    design_1_i/axi_fifo_mm_s_0/U0/COMP_IPIC2AXI_S/grxd.COMP_RX_FIFO/gfifo_gen.COMP_AXIS_FG_FIFO/COMP_FIFO/xpm_fifo_base_inst/gen_sdpram.xpm_memory_base_inst/clka
    RAMB36_X0Y16         RAMB36E2                                     r  design_1_i/axi_fifo_mm_s_0/U0/COMP_IPIC2AXI_S/grxd.COMP_RX_FIFO/gfifo_gen.COMP_AXIS_FG_FIFO/COMP_FIFO/xpm_fifo_base_inst/gen_sdpram.xpm_memory_base_inst/gen_wr_a.gen_word_narrow.mem_reg/CLKBWRCLK
                         clock pessimism             -0.237     2.501    
    RAMB36_X0Y16         RAMB36E2 (Hold_RAMB36E2_RAMB36_CLKBWRCLK_DINADIN[4])
                                                     -0.048     2.453    design_1_i/axi_fifo_mm_s_0/U0/COMP_IPIC2AXI_S/grxd.COMP_RX_FIFO/gfifo_gen.COMP_AXIS_FG_FIFO/COMP_FIFO/xpm_fifo_base_inst/gen_sdpram.xpm_memory_base_inst/gen_wr_a.gen_word_narrow.mem_reg
  -------------------------------------------------------------------
                         required time                         -2.453    
                         arrival time                           2.478    
  -------------------------------------------------------------------
                         slack                                  0.025    

Slack (MET) :             0.026ns  (arrival time - required time)
  Source:                 design_1_i/axi_fifo_mm_s_0/U0/gaxif.COMP_AXI4/axi_wr_fsm/gaxi_bid_gen.S_AXI_BID_reg[10]/C
                            (rising edge-triggered cell FDRE clocked by clk_pl_0  {rise@0.000ns fall@5.000ns period=10.000ns})
  Destination:            design_1_i/ps8_0_axi_periph/xbar/inst/gen_samd.crossbar_samd/gen_master_slots[1].reg_slice_mi/b.b_pipe/m_payload_i_reg[12]/D
                            (rising edge-triggered cell FDRE clocked by clk_pl_0  {rise@0.000ns fall@5.000ns period=10.000ns})
  Path Group:             clk_pl_0
  Path Type:              Hold (Min at Slow Process Corner)
  Requirement:            0.000ns  (clk_pl_0 rise@0.000ns - clk_pl_0 rise@0.000ns)
  Data Path Delay:        0.245ns  (logic 0.115ns (46.939%)  route 0.130ns (53.061%))
  Logic Levels:           0  
  Clock Path Skew:        0.118ns (DCD - SCD - CPR)
    Destination Clock Delay (DCD):    2.391ns
    Source Clock Delay      (SCD):    2.099ns
    Clock Pessimism Removal (CPR):    0.173ns
  Clock Net Delay (Source):      1.883ns (routing 0.955ns, distribution 0.928ns)
  Clock Net Delay (Destination): 2.124ns (routing 1.045ns, distribution 1.079ns)

    Location             Delay type                Incr(ns)  Path(ns)    Netlist Resource(s)
  -------------------------------------------------------------------    -------------------
                         (clock clk_pl_0 rise edge)
                                                      0.000     0.000 r  
    PS8_X0Y0             PS8                          0.000     0.000 r  design_1_i/zynq_ultra_ps_e_0/inst/PS8_i/PLCLK[0]
                         net (fo=1, routed)           0.181     0.181    design_1_i/zynq_ultra_ps_e_0/inst/pl_clk_unbuffered[0]
    BUFG_PS_X0Y80        BUFG_PS (Prop_BUFG_PS_I_O)
                                                      0.035     0.216 r  design_1_i/zynq_ultra_ps_e_0/inst/buffer_pl_clk_0.PL_CLK_0_BUFG/O
    X0Y1 (CLOCK_ROOT)    net (fo=2343, routed)        1.883     2.099    design_1_i/axi_fifo_mm_s_0/U0/gaxif.COMP_AXI4/axi_wr_fsm/s_axi_aclk
    SLICE_X4Y112         FDRE                                         r  design_1_i/axi_fifo_mm_s_0/U0/gaxif.COMP_AXI4/axi_wr_fsm/gaxi_bid_gen.S_AXI_BID_reg[10]/C
  -------------------------------------------------------------------    -------------------
    SLICE_X4Y112         FDRE (Prop_FFF2_SLICEM_C_Q)
                                                      0.115     2.214 r  design_1_i/axi_fifo_mm_s_0/U0/gaxif.COMP_AXI4/axi_wr_fsm/gaxi_bid_gen.S_AXI_BID_reg[10]/Q
                         net (fo=1, routed)           0.130     2.344    design_1_i/ps8_0_axi_periph/xbar/inst/gen_samd.crossbar_samd/gen_master_slots[1].reg_slice_mi/b.b_pipe/D[12]
    SLICE_X3Y113         FDRE                                         r  design_1_i/ps8_0_axi_periph/xbar/inst/gen_samd.crossbar_samd/gen_master_slots[1].reg_slice_mi/b.b_pipe/m_payload_i_reg[12]/D
  -------------------------------------------------------------------    -------------------

                         (clock clk_pl_0 rise edge)
                                                      0.000     0.000 r  
    PS8_X0Y0             PS8                          0.000     0.000 r  design_1_i/zynq_ultra_ps_e_0/inst/PS8_i/PLCLK[0]
                         net (fo=1, routed)           0.229     0.229    design_1_i/zynq_ultra_ps_e_0/inst/pl_clk_unbuffered[0]
    BUFG_PS_X0Y80        BUFG_PS (Prop_BUFG_PS_I_O)
                                                      0.038     0.267 r  design_1_i/zynq_ultra_ps_e_0/inst/buffer_pl_clk_0.PL_CLK_0_BUFG/O
    X0Y1 (CLOCK_ROOT)    net (fo=2343, routed)        2.124     2.391    design_1_i/ps8_0_axi_periph/xbar/inst/gen_samd.crossbar_samd/gen_master_slots[1].reg_slice_mi/b.b_pipe/aclk
    SLICE_X3Y113         FDRE                                         r  design_1_i/ps8_0_axi_periph/xbar/inst/gen_samd.crossbar_samd/gen_master_slots[1].reg_slice_mi/b.b_pipe/m_payload_i_reg[12]/C
                         clock pessimism             -0.173     2.218    
    SLICE_X3Y113         FDRE (Hold_DFF_SLICEL_C_D)
                                                      0.101     2.319    design_1_i/ps8_0_axi_periph/xbar/inst/gen_samd.crossbar_samd/gen_master_slots[1].reg_slice_mi/b.b_pipe/m_payload_i_reg[12]
  -------------------------------------------------------------------
                         required time                         -2.319    
                         arrival time                           2.344    
  -------------------------------------------------------------------
                         slack                                  0.026    





Pulse Width Checks
--------------------------------------------------------------------------------------
Clock Name:         clk_pl_0
Waveform(ns):       { 0.000 5.000 }
Period(ns):         10.000
Sources:            { design_1_i/zynq_ultra_ps_e_0/inst/PS8_i/PLCLK[0] }

Check Type        Corner  Lib Pin             Reference Pin  Required(ns)  Actual(ns)  Slack(ns)  Location      Pin
Min Period        n/a     PS8/MAXIGP0ACLK     n/a            3.000         10.000      7.000      PS8_X0Y0      design_1_i/zynq_ultra_ps_e_0/inst/PS8_i/MAXIGP0ACLK
Min Period        n/a     RAMB36E2/CLKARDCLK  n/a            1.709         10.000      8.291      RAMB36_X0Y16  design_1_i/axi_fifo_mm_s_0/U0/COMP_IPIC2AXI_S/grxd.COMP_RX_FIFO/gfifo_gen.COMP_AXIS_FG_FIFO/COMP_FIFO/xpm_fifo_base_inst/gen_sdpram.xpm_memory_base_inst/gen_wr_a.gen_word_narrow.mem_reg/CLKARDCLK
Min Period        n/a     RAMB36E2/CLKBWRCLK  n/a            1.709         10.000      8.291      RAMB36_X0Y16  design_1_i/axi_fifo_mm_s_0/U0/COMP_IPIC2AXI_S/grxd.COMP_RX_FIFO/gfifo_gen.COMP_AXIS_FG_FIFO/COMP_FIFO/xpm_fifo_base_inst/gen_sdpram.xpm_memory_base_inst/gen_wr_a.gen_word_narrow.mem_reg/CLKBWRCLK
Min Period        n/a     RAMB36E2/CLKARDCLK  n/a            1.709         10.000      8.291      RAMB36_X0Y19  design_1_i/axi_fifo_mm_s_0/U0/COMP_IPIC2AXI_S/gtxd.COMP_TXD_FIFO/gfifo_gen.COMP_AXIS_FG_FIFO/COMP_FIFO/xpm_fifo_base_inst/gen_sdpram.xpm_memory_base_inst/gen_wr_a.gen_word_narrow.mem_reg_bram_0/CLKARDCLK
Min Period        n/a     RAMB36E2/CLKBWRCLK  n/a            1.709         10.000      8.291      RAMB36_X0Y19  design_1_i/axi_fifo_mm_s_0/U0/COMP_IPIC2AXI_S/gtxd.COMP_TXD_FIFO/gfifo_gen.COMP_AXIS_FG_FIFO/COMP_FIFO/xpm_fifo_base_inst/gen_sdpram.xpm_memory_base_inst/gen_wr_a.gen_word_narrow.mem_reg_bram_0/CLKBWRCLK
Min Period        n/a     RAMB18E2/CLKARDCLK  n/a            1.709         10.000      8.291      RAMB18_X0Y36  design_1_i/axi_fifo_mm_s_0/U0/COMP_IPIC2AXI_S/gtxd.COMP_TXD_FIFO/gfifo_gen.COMP_AXIS_FG_FIFO/COMP_FIFO/xpm_fifo_base_inst/gen_sdpram.xpm_memory_base_inst/gen_wr_a.gen_word_narrow.mem_reg_bram_1/CLKARDCLK
Min Period        n/a     RAMB18E2/CLKBWRCLK  n/a            1.709         10.000      8.291      RAMB18_X0Y36  design_1_i/axi_fifo_mm_s_0/U0/COMP_IPIC2AXI_S/gtxd.COMP_TXD_FIFO/gfifo_gen.COMP_AXIS_FG_FIFO/COMP_FIFO/xpm_fifo_base_inst/gen_sdpram.xpm_memory_base_inst/gen_wr_a.gen_word_narrow.mem_reg_bram_1/CLKBWRCLK
Min Period        n/a     RAMB18E2/CLKARDCLK  n/a            1.709         10.000      8.291      RAMB18_X0Y30  design_1_i/myip_0/inst/A_RAM/RAM_reg_bram_0/CLKARDCLK
Min Period        n/a     RAMD64E/CLK         n/a            1.524         10.000      8.476      SLICE_X8Y88   design_1_i/axi_fifo_mm_s_0/U0/COMP_IPIC2AXI_S/grxd.COMP_rx_len_fifo/xpm_fifo_base_inst/gen_sdpram.xpm_memory_base_inst/gen_wr_a.gen_word_narrow.mem_reg_0_63_14_20/RAMA/CLK
Min Period        n/a     RAMD64E/CLK         n/a            1.524         10.000      8.476      SLICE_X8Y88   design_1_i/axi_fifo_mm_s_0/U0/COMP_IPIC2AXI_S/grxd.COMP_rx_len_fifo/xpm_fifo_base_inst/gen_sdpram.xpm_memory_base_inst/gen_wr_a.gen_word_narrow.mem_reg_0_63_14_20/RAMB/CLK
Low Pulse Width   Slow    PS8/MAXIGP0ACLK     n/a            1.500         5.000       3.500      PS8_X0Y0      design_1_i/zynq_ultra_ps_e_0/inst/PS8_i/MAXIGP0ACLK
Low Pulse Width   Fast    PS8/MAXIGP0ACLK     n/a            1.500         5.000       3.500      PS8_X0Y0      design_1_i/zynq_ultra_ps_e_0/inst/PS8_i/MAXIGP0ACLK
Low Pulse Width   Slow    RAMD64E/CLK         n/a            0.762         5.000       4.238      SLICE_X8Y88   design_1_i/axi_fifo_mm_s_0/U0/COMP_IPIC2AXI_S/grxd.COMP_rx_len_fifo/xpm_fifo_base_inst/gen_sdpram.xpm_memory_base_inst/gen_wr_a.gen_word_narrow.mem_reg_0_63_14_20/RAMA/CLK
Low Pulse Width   Fast    RAMD64E/CLK         n/a            0.762         5.000       4.238      SLICE_X8Y88   design_1_i/axi_fifo_mm_s_0/U0/COMP_IPIC2AXI_S/grxd.COMP_rx_len_fifo/xpm_fifo_base_inst/gen_sdpram.xpm_memory_base_inst/gen_wr_a.gen_word_narrow.mem_reg_0_63_14_20/RAMA/CLK
Low Pulse Width   Slow    RAMD64E/CLK         n/a            0.762         5.000       4.238      SLICE_X8Y88   design_1_i/axi_fifo_mm_s_0/U0/COMP_IPIC2AXI_S/grxd.COMP_rx_len_fifo/xpm_fifo_base_inst/gen_sdpram.xpm_memory_base_inst/gen_wr_a.gen_word_narrow.mem_reg_0_63_14_20/RAMB/CLK
Low Pulse Width   Fast    RAMD64E/CLK         n/a            0.762         5.000       4.238      SLICE_X8Y88   design_1_i/axi_fifo_mm_s_0/U0/COMP_IPIC2AXI_S/grxd.COMP_rx_len_fifo/xpm_fifo_base_inst/gen_sdpram.xpm_memory_base_inst/gen_wr_a.gen_word_narrow.mem_reg_0_63_14_20/RAMB/CLK
Low Pulse Width   Slow    RAMD64E/CLK         n/a            0.762         5.000       4.238      SLICE_X8Y88   design_1_i/axi_fifo_mm_s_0/U0/COMP_IPIC2AXI_S/grxd.COMP_rx_len_fifo/xpm_fifo_base_inst/gen_sdpram.xpm_memory_base_inst/gen_wr_a.gen_word_narrow.mem_reg_0_63_14_20/RAMC/CLK
Low Pulse Width   Fast    RAMD64E/CLK         n/a            0.762         5.000       4.238      SLICE_X8Y88   design_1_i/axi_fifo_mm_s_0/U0/COMP_IPIC2AXI_S/grxd.COMP_rx_len_fifo/xpm_fifo_base_inst/gen_sdpram.xpm_memory_base_inst/gen_wr_a.gen_word_narrow.mem_reg_0_63_14_20/RAMC/CLK
Low Pulse Width   Slow    RAMD64E/CLK         n/a            0.762         5.000       4.238      SLICE_X8Y88   design_1_i/axi_fifo_mm_s_0/U0/COMP_IPIC2AXI_S/grxd.COMP_rx_len_fifo/xpm_fifo_base_inst/gen_sdpram.xpm_memory_base_inst/gen_wr_a.gen_word_narrow.mem_reg_0_63_14_20/RAMD/CLK
Low Pulse Width   Fast    RAMD64E/CLK         n/a            0.762         5.000       4.238      SLICE_X8Y88   design_1_i/axi_fifo_mm_s_0/U0/COMP_IPIC2AXI_S/grxd.COMP_rx_len_fifo/xpm_fifo_base_inst/gen_sdpram.xpm_memory_base_inst/gen_wr_a.gen_word_narrow.mem_reg_0_63_14_20/RAMD/CLK
High Pulse Width  Slow    PS8/MAXIGP0ACLK     n/a            1.500         5.000       3.500      PS8_X0Y0      design_1_i/zynq_ultra_ps_e_0/inst/PS8_i/MAXIGP0ACLK
High Pulse Width  Fast    PS8/MAXIGP0ACLK     n/a            1.500         5.000       3.500      PS8_X0Y0      design_1_i/zynq_ultra_ps_e_0/inst/PS8_i/MAXIGP0ACLK
High Pulse Width  Slow    RAMD64E/CLK         n/a            0.762         5.000       4.238      SLICE_X8Y88   design_1_i/axi_fifo_mm_s_0/U0/COMP_IPIC2AXI_S/grxd.COMP_rx_len_fifo/xpm_fifo_base_inst/gen_sdpram.xpm_memory_base_inst/gen_wr_a.gen_word_narrow.mem_reg_0_63_14_20/RAMA/CLK
High Pulse Width  Fast    RAMD64E/CLK         n/a            0.762         5.000       4.238      SLICE_X8Y88   design_1_i/axi_fifo_mm_s_0/U0/COMP_IPIC2AXI_S/grxd.COMP_rx_len_fifo/xpm_fifo_base_inst/gen_sdpram.xpm_memory_base_inst/gen_wr_a.gen_word_narrow.mem_reg_0_63_14_20/RAMA/CLK
High Pulse Width  Slow    RAMD64E/CLK         n/a            0.762         5.000       4.238      SLICE_X8Y88   design_1_i/axi_fifo_mm_s_0/U0/COMP_IPIC2AXI_S/grxd.COMP_rx_len_fifo/xpm_fifo_base_inst/gen_sdpram.xpm_memory_base_inst/gen_wr_a.gen_word_narrow.mem_reg_0_63_14_20/RAMB/CLK
High Pulse Width  Fast    RAMD64E/CLK         n/a            0.762         5.000       4.238      SLICE_X8Y88   design_1_i/axi_fifo_mm_s_0/U0/COMP_IPIC2AXI_S/grxd.COMP_rx_len_fifo/xpm_fifo_base_inst/gen_sdpram.xpm_memory_base_inst/gen_wr_a.gen_word_narrow.mem_reg_0_63_14_20/RAMB/CLK
High Pulse Width  Slow    RAMD64E/CLK         n/a            0.762         5.000       4.238      SLICE_X8Y88   design_1_i/axi_fifo_mm_s_0/U0/COMP_IPIC2AXI_S/grxd.COMP_rx_len_fifo/xpm_fifo_base_inst/gen_sdpram.xpm_memory_base_inst/gen_wr_a.gen_word_narrow.mem_reg_0_63_14_20/RAMC/CLK
High Pulse Width  Fast    RAMD64E/CLK         n/a            0.762         5.000       4.238      SLICE_X8Y88   design_1_i/axi_fifo_mm_s_0/U0/COMP_IPIC2AXI_S/grxd.COMP_rx_len_fifo/xpm_fifo_base_inst/gen_sdpram.xpm_memory_base_inst/gen_wr_a.gen_word_narrow.mem_reg_0_63_14_20/RAMC/CLK
High Pulse Width  Slow    RAMD64E/CLK         n/a            0.762         5.000       4.238      SLICE_X8Y88   design_1_i/axi_fifo_mm_s_0/U0/COMP_IPIC2AXI_S/grxd.COMP_rx_len_fifo/xpm_fifo_base_inst/gen_sdpram.xpm_memory_base_inst/gen_wr_a.gen_word_narrow.mem_reg_0_63_14_20/RAMD/CLK
High Pulse Width  Fast    RAMD64E/CLK         n/a            0.762         5.000       4.238      SLICE_X8Y88   design_1_i/axi_fifo_mm_s_0/U0/COMP_IPIC2AXI_S/grxd.COMP_rx_len_fifo/xpm_fifo_base_inst/gen_sdpram.xpm_memory_base_inst/gen_wr_a.gen_word_narrow.mem_reg_0_63_14_20/RAMD/CLK



--------------------------------------------------------------------------------------
Path Group:  (none)
From Clock:  
  To Clock:  clk_pl_0

Max Delay             1 Endpoint
Min Delay             1 Endpoint
--------------------------------------------------------------------------------------


Max Delay Paths
--------------------------------------------------------------------------------------
Slack:                    inf
  Source:                 design_1_i/zynq_ultra_ps_e_0/inst/PS8_i/EMIOGPIOO[95]
                            (internal pin)
  Destination:            design_1_i/rst_ps8_0_99M/U0/EXT_LPF/ACTIVE_LOW_EXT.ACT_LO_EXT/GENERATE_LEVEL_P_S_CDC.SINGLE_BIT.CROSS_PLEVEL_IN2SCNDRY_IN_cdc_to/D
                            (rising edge-triggered cell FDRE clocked by clk_pl_0  {rise@0.000ns fall@5.000ns period=10.000ns})
  Path Group:             (none)
  Path Type:              Setup (Max at Slow Process Corner)
  Data Path Delay:        2.150ns  (logic 0.228ns (10.605%)  route 1.922ns (89.395%))
  Logic Levels:           1  (LUT1=1)
  Clock Uncertainty:      0.158ns  ((TSJ^2 + DJ^2)^1/2) / 2 + PE
    Total System Jitter     (TSJ):    0.050ns
    Discrete Jitter          (DJ):    0.312ns
    Phase Error              (PE):    0.000ns
  Clock Net Delay (Destination): 1.938ns (routing 0.955ns, distribution 0.983ns)
  Timing Exception:       False Path

    Location             Delay type                Incr(ns)  Path(ns)    Netlist Resource(s)
  -------------------------------------------------------------------    -------------------
    PS8_X0Y0             PS8                          0.000     0.000 f  design_1_i/zynq_ultra_ps_e_0/inst/PS8_i/EMIOGPIOO[95]
                         net (fo=1, routed)           1.547     1.547    design_1_i/rst_ps8_0_99M/U0/EXT_LPF/ACTIVE_LOW_EXT.ACT_LO_EXT/ext_reset_in
    SLICE_X5Y121         LUT1 (Prop_H6LUT_SLICEM_I0_O)
                                                      0.228     1.775 r  design_1_i/rst_ps8_0_99M/U0/EXT_LPF/ACTIVE_LOW_EXT.ACT_LO_EXT/GENERATE_LEVEL_P_S_CDC.SINGLE_BIT.CROSS_PLEVEL_IN2SCNDRY_IN_cdc_to_i_1/O
                         net (fo=1, routed)           0.375     2.150    design_1_i/rst_ps8_0_99M/U0/EXT_LPF/ACTIVE_LOW_EXT.ACT_LO_EXT/exr_d1
    SLICE_X5Y121         FDRE                                         r  design_1_i/rst_ps8_0_99M/U0/EXT_LPF/ACTIVE_LOW_EXT.ACT_LO_EXT/GENERATE_LEVEL_P_S_CDC.SINGLE_BIT.CROSS_PLEVEL_IN2SCNDRY_IN_cdc_to/D
  -------------------------------------------------------------------    -------------------

                         (clock clk_pl_0 rise edge)
                                                      0.000     0.000 r  
    PS8_X0Y0             PS8                          0.000     0.000 r  design_1_i/zynq_ultra_ps_e_0/inst/PS8_i/PLCLK[0]
                         net (fo=1, routed)           0.181     0.181    design_1_i/zynq_ultra_ps_e_0/inst/pl_clk_unbuffered[0]
    BUFG_PS_X0Y80        BUFG_PS (Prop_BUFG_PS_I_O)
                                                      0.035     0.216 r  design_1_i/zynq_ultra_ps_e_0/inst/buffer_pl_clk_0.PL_CLK_0_BUFG/O
    X0Y1 (CLOCK_ROOT)    net (fo=2343, routed)        1.938     2.154    design_1_i/rst_ps8_0_99M/U0/EXT_LPF/ACTIVE_LOW_EXT.ACT_LO_EXT/slowest_sync_clk
    SLICE_X5Y121         FDRE                                         r  design_1_i/rst_ps8_0_99M/U0/EXT_LPF/ACTIVE_LOW_EXT.ACT_LO_EXT/GENERATE_LEVEL_P_S_CDC.SINGLE_BIT.CROSS_PLEVEL_IN2SCNDRY_IN_cdc_to/C





Min Delay Paths
--------------------------------------------------------------------------------------
Slack:                    inf
  Source:                 design_1_i/zynq_ultra_ps_e_0/inst/PS8_i/EMIOGPIOO[95]
                            (internal pin)
  Destination:            design_1_i/rst_ps8_0_99M/U0/EXT_LPF/ACTIVE_LOW_EXT.ACT_LO_EXT/GENERATE_LEVEL_P_S_CDC.SINGLE_BIT.CROSS_PLEVEL_IN2SCNDRY_IN_cdc_to/D
                            (rising edge-triggered cell FDRE clocked by clk_pl_0  {rise@0.000ns fall@5.000ns period=10.000ns})
  Path Group:             (none)
  Path Type:              Hold (Min at Fast Process Corner)
  Data Path Delay:        0.857ns  (logic 0.106ns (12.369%)  route 0.751ns (87.631%))
  Logic Levels:           1  (LUT1=1)
  Clock Uncertainty:      0.158ns  ((TSJ^2 + DJ^2)^1/2) / 2 + PE
    Total System Jitter     (TSJ):    0.050ns
    Discrete Jitter          (DJ):    0.312ns
    Phase Error              (PE):    0.000ns
  Clock Net Delay (Destination): 1.291ns (routing 0.623ns, distribution 0.668ns)
  Timing Exception:       False Path

    Location             Delay type                Incr(ns)  Path(ns)    Netlist Resource(s)
  -------------------------------------------------------------------    -------------------
    PS8_X0Y0             PS8                          0.000     0.000 f  design_1_i/zynq_ultra_ps_e_0/inst/PS8_i/EMIOGPIOO[95]
                         net (fo=1, routed)           0.634     0.634    design_1_i/rst_ps8_0_99M/U0/EXT_LPF/ACTIVE_LOW_EXT.ACT_LO_EXT/ext_reset_in
    SLICE_X5Y121         LUT1 (Prop_H6LUT_SLICEM_I0_O)
                                                      0.106     0.740 r  design_1_i/rst_ps8_0_99M/U0/EXT_LPF/ACTIVE_LOW_EXT.ACT_LO_EXT/GENERATE_LEVEL_P_S_CDC.SINGLE_BIT.CROSS_PLEVEL_IN2SCNDRY_IN_cdc_to_i_1/O
                         net (fo=1, routed)           0.117     0.857    design_1_i/rst_ps8_0_99M/U0/EXT_LPF/ACTIVE_LOW_EXT.ACT_LO_EXT/exr_d1
    SLICE_X5Y121         FDRE                                         r  design_1_i/rst_ps8_0_99M/U0/EXT_LPF/ACTIVE_LOW_EXT.ACT_LO_EXT/GENERATE_LEVEL_P_S_CDC.SINGLE_BIT.CROSS_PLEVEL_IN2SCNDRY_IN_cdc_to/D
  -------------------------------------------------------------------    -------------------

                         (clock clk_pl_0 rise edge)
                                                      0.000     0.000 r  
    PS8_X0Y0             PS8                          0.000     0.000 r  design_1_i/zynq_ultra_ps_e_0/inst/PS8_i/PLCLK[0]
                         net (fo=1, routed)           0.164     0.164    design_1_i/zynq_ultra_ps_e_0/inst/pl_clk_unbuffered[0]
    BUFG_PS_X0Y80        BUFG_PS (Prop_BUFG_PS_I_O)
                                                      0.023     0.187 r  design_1_i/zynq_ultra_ps_e_0/inst/buffer_pl_clk_0.PL_CLK_0_BUFG/O
    X0Y1 (CLOCK_ROOT)    net (fo=2343, routed)        1.291     1.478    design_1_i/rst_ps8_0_99M/U0/EXT_LPF/ACTIVE_LOW_EXT.ACT_LO_EXT/slowest_sync_clk
    SLICE_X5Y121         FDRE                                         r  design_1_i/rst_ps8_0_99M/U0/EXT_LPF/ACTIVE_LOW_EXT.ACT_LO_EXT/GENERATE_LEVEL_P_S_CDC.SINGLE_BIT.CROSS_PLEVEL_IN2SCNDRY_IN_cdc_to/C





--------------------------------------------------------------------------------------
Path Group:  (none)
From Clock:  clk_pl_0
  To Clock:  clk_pl_0

Max Delay             2 Endpoints
Min Delay             2 Endpoints
--------------------------------------------------------------------------------------


Max Delay Paths
--------------------------------------------------------------------------------------
Slack:                    inf
  Source:                 design_1_i/rst_ps8_0_99M/U0/ACTIVE_LOW_PR_OUT_DFF[0].FDRE_PER_N/C
                            (rising edge-triggered cell FDRE clocked by clk_pl_0  {rise@0.000ns fall@5.000ns period=10.000ns})
  Destination:            design_1_i/axi_fifo_mm_s_0/U0/COMP_IPIC2AXI_S/gtxd.COMP_TXD_FIFO/gfifo_gen.COMP_AXIS_FG_FIFO/COMP_FIFO/gaxis_rst_sync.xpm_cdc_sync_rst_inst/syncstages_ff_reg[0]/D
                            (rising edge-triggered cell FDRE clocked by clk_pl_0  {rise@0.000ns fall@5.000ns period=10.000ns})
  Path Group:             (none)
  Path Type:              Setup (Max at Slow Process Corner)
  Data Path Delay:        1.881ns  (logic 0.276ns (14.671%)  route 1.605ns (85.329%))
  Logic Levels:           1  (LUT3=1)
  Clock Path Skew:        -0.246ns (DCD - SCD + CPR)
    Destination Clock Delay (DCD):    2.122ns
    Source Clock Delay      (SCD):    2.368ns
    Clock Pessimism Removal (CPR):    0.000ns
  Clock Uncertainty:      0.160ns  ((TSJ^2 + DJ^2)^1/2) / 2 + PE
    Total System Jitter     (TSJ):    0.071ns
    Discrete Jitter          (DJ):    0.312ns
    Phase Error              (PE):    0.000ns
  Clock Net Delay (Source):      2.101ns (routing 1.045ns, distribution 1.056ns)
  Clock Net Delay (Destination): 1.906ns (routing 0.955ns, distribution 0.951ns)
  Timing Exception:       False Path

    Location             Delay type                Incr(ns)  Path(ns)    Netlist Resource(s)
  -------------------------------------------------------------------    -------------------
                         (clock clk_pl_0 rise edge)
                                                      0.000     0.000 r  
    PS8_X0Y0             PS8                          0.000     0.000 r  design_1_i/zynq_ultra_ps_e_0/inst/PS8_i/PLCLK[0]
                         net (fo=1, routed)           0.229     0.229    design_1_i/zynq_ultra_ps_e_0/inst/pl_clk_unbuffered[0]
    BUFG_PS_X0Y80        BUFG_PS (Prop_BUFG_PS_I_O)
                                                      0.038     0.267 r  design_1_i/zynq_ultra_ps_e_0/inst/buffer_pl_clk_0.PL_CLK_0_BUFG/O
    X0Y1 (CLOCK_ROOT)    net (fo=2343, routed)        2.101     2.368    design_1_i/rst_ps8_0_99M/U0/slowest_sync_clk
    SLICE_X4Y119         FDRE                                         r  design_1_i/rst_ps8_0_99M/U0/ACTIVE_LOW_PR_OUT_DFF[0].FDRE_PER_N/C
  -------------------------------------------------------------------    -------------------
    SLICE_X4Y119         FDRE (Prop_HFF_SLICEM_C_Q)
                                                      0.114     2.482 f  design_1_i/rst_ps8_0_99M/U0/ACTIVE_LOW_PR_OUT_DFF[0].FDRE_PER_N/Q
                         net (fo=73, routed)          0.973     3.455    design_1_i/axi_fifo_mm_s_0/U0/COMP_IPIC2AXI_S/gtxd.COMP_TXD_FIFO/gfifo_gen.COMP_AXIS_FG_FIFO/s_axi_aresetn
    SLICE_X9Y97          LUT3 (Prop_F5LUT_SLICEL_I2_O)
                                                      0.162     3.617 r  design_1_i/axi_fifo_mm_s_0/U0/COMP_IPIC2AXI_S/gtxd.COMP_TXD_FIFO/gfifo_gen.COMP_AXIS_FG_FIFO/mm2s_prmry_reset_out_n_INST_0/O
                         net (fo=1, routed)           0.632     4.249    design_1_i/axi_fifo_mm_s_0/U0/COMP_IPIC2AXI_S/gtxd.COMP_TXD_FIFO/gfifo_gen.COMP_AXIS_FG_FIFO/COMP_FIFO/gaxis_rst_sync.xpm_cdc_sync_rst_inst/src_rst
    SLICE_X15Y97         FDRE                                         r  design_1_i/axi_fifo_mm_s_0/U0/COMP_IPIC2AXI_S/gtxd.COMP_TXD_FIFO/gfifo_gen.COMP_AXIS_FG_FIFO/COMP_FIFO/gaxis_rst_sync.xpm_cdc_sync_rst_inst/syncstages_ff_reg[0]/D
  -------------------------------------------------------------------    -------------------

                         (clock clk_pl_0 rise edge)
                                                      0.000     0.000 r  
    PS8_X0Y0             PS8                          0.000     0.000 r  design_1_i/zynq_ultra_ps_e_0/inst/PS8_i/PLCLK[0]
                         net (fo=1, routed)           0.181     0.181    design_1_i/zynq_ultra_ps_e_0/inst/pl_clk_unbuffered[0]
    BUFG_PS_X0Y80        BUFG_PS (Prop_BUFG_PS_I_O)
                                                      0.035     0.216 r  design_1_i/zynq_ultra_ps_e_0/inst/buffer_pl_clk_0.PL_CLK_0_BUFG/O
    X0Y1 (CLOCK_ROOT)    net (fo=2343, routed)        1.906     2.122    design_1_i/axi_fifo_mm_s_0/U0/COMP_IPIC2AXI_S/gtxd.COMP_TXD_FIFO/gfifo_gen.COMP_AXIS_FG_FIFO/COMP_FIFO/gaxis_rst_sync.xpm_cdc_sync_rst_inst/dest_clk
    SLICE_X15Y97         FDRE                                         r  design_1_i/axi_fifo_mm_s_0/U0/COMP_IPIC2AXI_S/gtxd.COMP_TXD_FIFO/gfifo_gen.COMP_AXIS_FG_FIFO/COMP_FIFO/gaxis_rst_sync.xpm_cdc_sync_rst_inst/syncstages_ff_reg[0]/C

Slack:                    inf
  Source:                 design_1_i/rst_ps8_0_99M/U0/ACTIVE_LOW_PR_OUT_DFF[0].FDRE_PER_N/C
                            (rising edge-triggered cell FDRE clocked by clk_pl_0  {rise@0.000ns fall@5.000ns period=10.000ns})
  Destination:            design_1_i/axi_fifo_mm_s_0/U0/COMP_IPIC2AXI_S/grxd.COMP_RX_FIFO/gfifo_gen.COMP_AXIS_FG_FIFO/COMP_FIFO/gaxis_rst_sync.xpm_cdc_sync_rst_inst/syncstages_ff_reg[0]/D
                            (rising edge-triggered cell FDRE clocked by clk_pl_0  {rise@0.000ns fall@5.000ns period=10.000ns})
  Path Group:             (none)
  Path Type:              Setup (Max at Slow Process Corner)
  Data Path Delay:        1.801ns  (logic 0.265ns (14.711%)  route 1.536ns (85.289%))
  Logic Levels:           1  (LUT3=1)
  Clock Path Skew:        -0.218ns (DCD - SCD + CPR)
    Destination Clock Delay (DCD):    2.150ns
    Source Clock Delay      (SCD):    2.368ns
    Clock Pessimism Removal (CPR):    0.000ns
  Clock Uncertainty:      0.160ns  ((TSJ^2 + DJ^2)^1/2) / 2 + PE
    Total System Jitter     (TSJ):    0.071ns
    Discrete Jitter          (DJ):    0.312ns
    Phase Error              (PE):    0.000ns
  Clock Net Delay (Source):      2.101ns (routing 1.045ns, distribution 1.056ns)
  Clock Net Delay (Destination): 1.934ns (routing 0.955ns, distribution 0.979ns)
  Timing Exception:       False Path

    Location             Delay type                Incr(ns)  Path(ns)    Netlist Resource(s)
  -------------------------------------------------------------------    -------------------
                         (clock clk_pl_0 rise edge)
                                                      0.000     0.000 r  
    PS8_X0Y0             PS8                          0.000     0.000 r  design_1_i/zynq_ultra_ps_e_0/inst/PS8_i/PLCLK[0]
                         net (fo=1, routed)           0.229     0.229    design_1_i/zynq_ultra_ps_e_0/inst/pl_clk_unbuffered[0]
    BUFG_PS_X0Y80        BUFG_PS (Prop_BUFG_PS_I_O)
                                                      0.038     0.267 r  design_1_i/zynq_ultra_ps_e_0/inst/buffer_pl_clk_0.PL_CLK_0_BUFG/O
    X0Y1 (CLOCK_ROOT)    net (fo=2343, routed)        2.101     2.368    design_1_i/rst_ps8_0_99M/U0/slowest_sync_clk
    SLICE_X4Y119         FDRE                                         r  design_1_i/rst_ps8_0_99M/U0/ACTIVE_LOW_PR_OUT_DFF[0].FDRE_PER_N/C
  -------------------------------------------------------------------    -------------------
    SLICE_X4Y119         FDRE (Prop_HFF_SLICEM_C_Q)
                                                      0.114     2.482 f  design_1_i/rst_ps8_0_99M/U0/ACTIVE_LOW_PR_OUT_DFF[0].FDRE_PER_N/Q
                         net (fo=73, routed)          0.947     3.429    design_1_i/axi_fifo_mm_s_0/U0/COMP_IPIC2AXI_S/grxd.COMP_RX_FIFO/gfifo_gen.COMP_AXIS_FG_FIFO/s_axi_aresetn
    SLICE_X10Y85         LUT3 (Prop_H5LUT_SLICEM_I2_O)
                                                      0.151     3.580 r  design_1_i/axi_fifo_mm_s_0/U0/COMP_IPIC2AXI_S/grxd.COMP_RX_FIFO/gfifo_gen.COMP_AXIS_FG_FIFO/s2mm_prmry_reset_out_n_INST_0/O
                         net (fo=1, routed)           0.589     4.169    design_1_i/axi_fifo_mm_s_0/U0/COMP_IPIC2AXI_S/grxd.COMP_RX_FIFO/gfifo_gen.COMP_AXIS_FG_FIFO/COMP_FIFO/gaxis_rst_sync.xpm_cdc_sync_rst_inst/src_rst
    SLICE_X13Y84         FDRE                                         r  design_1_i/axi_fifo_mm_s_0/U0/COMP_IPIC2AXI_S/grxd.COMP_RX_FIFO/gfifo_gen.COMP_AXIS_FG_FIFO/COMP_FIFO/gaxis_rst_sync.xpm_cdc_sync_rst_inst/syncstages_ff_reg[0]/D
  -------------------------------------------------------------------    -------------------

                         (clock clk_pl_0 rise edge)
                                                      0.000     0.000 r  
    PS8_X0Y0             PS8                          0.000     0.000 r  design_1_i/zynq_ultra_ps_e_0/inst/PS8_i/PLCLK[0]
                         net (fo=1, routed)           0.181     0.181    design_1_i/zynq_ultra_ps_e_0/inst/pl_clk_unbuffered[0]
    BUFG_PS_X0Y80        BUFG_PS (Prop_BUFG_PS_I_O)
                                                      0.035     0.216 r  design_1_i/zynq_ultra_ps_e_0/inst/buffer_pl_clk_0.PL_CLK_0_BUFG/O
    X0Y1 (CLOCK_ROOT)    net (fo=2343, routed)        1.934     2.150    design_1_i/axi_fifo_mm_s_0/U0/COMP_IPIC2AXI_S/grxd.COMP_RX_FIFO/gfifo_gen.COMP_AXIS_FG_FIFO/COMP_FIFO/gaxis_rst_sync.xpm_cdc_sync_rst_inst/dest_clk
    SLICE_X13Y84         FDRE                                         r  design_1_i/axi_fifo_mm_s_0/U0/COMP_IPIC2AXI_S/grxd.COMP_RX_FIFO/gfifo_gen.COMP_AXIS_FG_FIFO/COMP_FIFO/gaxis_rst_sync.xpm_cdc_sync_rst_inst/syncstages_ff_reg[0]/C





Min Delay Paths
--------------------------------------------------------------------------------------
Slack:                    inf
  Source:                 design_1_i/axi_fifo_mm_s_0/U0/COMP_IPIC2AXI_S/sig_str_rst_reg/C
                            (rising edge-triggered cell FDSE clocked by clk_pl_0  {rise@0.000ns fall@5.000ns period=10.000ns})
  Destination:            design_1_i/axi_fifo_mm_s_0/U0/COMP_IPIC2AXI_S/gtxd.COMP_TXD_FIFO/gfifo_gen.COMP_AXIS_FG_FIFO/COMP_FIFO/gaxis_rst_sync.xpm_cdc_sync_rst_inst/syncstages_ff_reg[0]/D
                            (rising edge-triggered cell FDRE clocked by clk_pl_0  {rise@0.000ns fall@5.000ns period=10.000ns})
  Path Group:             (none)
  Path Type:              Hold (Min at Fast Process Corner)
  Data Path Delay:        0.432ns  (logic 0.138ns (31.947%)  route 0.294ns (68.053%))
  Logic Levels:           1  (LUT3=1)
  Clock Path Skew:        0.155ns (DCD - SCD - CPR)
    Destination Clock Delay (DCD):    1.448ns
    Source Clock Delay      (SCD):    1.293ns
    Clock Pessimism Removal (CPR):    -0.000ns
  Clock Uncertainty:      0.160ns  ((TSJ^2 + DJ^2)^1/2) / 2 + PE
    Total System Jitter     (TSJ):    0.071ns
    Discrete Jitter          (DJ):    0.312ns
    Phase Error              (PE):    0.000ns
  Clock Net Delay (Source):      1.142ns (routing 0.572ns, distribution 0.570ns)
  Clock Net Delay (Destination): 1.261ns (routing 0.623ns, distribution 0.638ns)
  Timing Exception:       False Path

    Location             Delay type                Incr(ns)  Path(ns)    Netlist Resource(s)
  -------------------------------------------------------------------    -------------------
                         (clock clk_pl_0 rise edge)
                                                      0.000     0.000 r  
    PS8_X0Y0             PS8                          0.000     0.000 r  design_1_i/zynq_ultra_ps_e_0/inst/PS8_i/PLCLK[0]
                         net (fo=1, routed)           0.129     0.129    design_1_i/zynq_ultra_ps_e_0/inst/pl_clk_unbuffered[0]
    BUFG_PS_X0Y80        BUFG_PS (Prop_BUFG_PS_I_O)
                                                      0.022     0.151 r  design_1_i/zynq_ultra_ps_e_0/inst/buffer_pl_clk_0.PL_CLK_0_BUFG/O
    X0Y1 (CLOCK_ROOT)    net (fo=2343, routed)        1.142     1.293    design_1_i/axi_fifo_mm_s_0/U0/COMP_IPIC2AXI_S/s_axi_aclk
    SLICE_X9Y96          FDSE                                         r  design_1_i/axi_fifo_mm_s_0/U0/COMP_IPIC2AXI_S/sig_str_rst_reg/C
  -------------------------------------------------------------------    -------------------
    SLICE_X9Y96          FDSE (Prop_DFF_SLICEL_C_Q)
                                                      0.084     1.377 r  design_1_i/axi_fifo_mm_s_0/U0/COMP_IPIC2AXI_S/sig_str_rst_reg/Q
                         net (fo=7, routed)           0.057     1.434    design_1_i/axi_fifo_mm_s_0/U0/COMP_IPIC2AXI_S/gtxd.COMP_TXD_FIFO/gfifo_gen.COMP_AXIS_FG_FIFO/sync_areset_n_reg_1
    SLICE_X9Y97          LUT3 (Prop_F5LUT_SLICEL_I1_O)
                                                      0.054     1.488 r  design_1_i/axi_fifo_mm_s_0/U0/COMP_IPIC2AXI_S/gtxd.COMP_TXD_FIFO/gfifo_gen.COMP_AXIS_FG_FIFO/mm2s_prmry_reset_out_n_INST_0/O
                         net (fo=1, routed)           0.237     1.725    design_1_i/axi_fifo_mm_s_0/U0/COMP_IPIC2AXI_S/gtxd.COMP_TXD_FIFO/gfifo_gen.COMP_AXIS_FG_FIFO/COMP_FIFO/gaxis_rst_sync.xpm_cdc_sync_rst_inst/src_rst
    SLICE_X15Y97         FDRE                                         r  design_1_i/axi_fifo_mm_s_0/U0/COMP_IPIC2AXI_S/gtxd.COMP_TXD_FIFO/gfifo_gen.COMP_AXIS_FG_FIFO/COMP_FIFO/gaxis_rst_sync.xpm_cdc_sync_rst_inst/syncstages_ff_reg[0]/D
  -------------------------------------------------------------------    -------------------

                         (clock clk_pl_0 rise edge)
                                                      0.000     0.000 r  
    PS8_X0Y0             PS8                          0.000     0.000 r  design_1_i/zynq_ultra_ps_e_0/inst/PS8_i/PLCLK[0]
                         net (fo=1, routed)           0.164     0.164    design_1_i/zynq_ultra_ps_e_0/inst/pl_clk_unbuffered[0]
    BUFG_PS_X0Y80        BUFG_PS (Prop_BUFG_PS_I_O)
                                                      0.023     0.187 r  design_1_i/zynq_ultra_ps_e_0/inst/buffer_pl_clk_0.PL_CLK_0_BUFG/O
    X0Y1 (CLOCK_ROOT)    net (fo=2343, routed)        1.261     1.448    design_1_i/axi_fifo_mm_s_0/U0/COMP_IPIC2AXI_S/gtxd.COMP_TXD_FIFO/gfifo_gen.COMP_AXIS_FG_FIFO/COMP_FIFO/gaxis_rst_sync.xpm_cdc_sync_rst_inst/dest_clk
    SLICE_X15Y97         FDRE                                         r  design_1_i/axi_fifo_mm_s_0/U0/COMP_IPIC2AXI_S/gtxd.COMP_TXD_FIFO/gfifo_gen.COMP_AXIS_FG_FIFO/COMP_FIFO/gaxis_rst_sync.xpm_cdc_sync_rst_inst/syncstages_ff_reg[0]/C

Slack:                    inf
  Source:                 design_1_i/axi_fifo_mm_s_0/U0/COMP_IPIC2AXI_S/sig_str_rst_reg/C
                            (rising edge-triggered cell FDSE clocked by clk_pl_0  {rise@0.000ns fall@5.000ns period=10.000ns})
  Destination:            design_1_i/axi_fifo_mm_s_0/U0/COMP_IPIC2AXI_S/grxd.COMP_RX_FIFO/gfifo_gen.COMP_AXIS_FG_FIFO/COMP_FIFO/gaxis_rst_sync.xpm_cdc_sync_rst_inst/syncstages_ff_reg[0]/D
                            (rising edge-triggered cell FDRE clocked by clk_pl_0  {rise@0.000ns fall@5.000ns period=10.000ns})
  Path Group:             (none)
  Path Type:              Hold (Min at Fast Process Corner)
  Data Path Delay:        0.530ns  (logic 0.121ns (22.820%)  route 0.409ns (77.180%))
  Logic Levels:           1  (LUT3=1)
  Clock Path Skew:        0.178ns (DCD - SCD - CPR)
    Destination Clock Delay (DCD):    1.471ns
    Source Clock Delay      (SCD):    1.293ns
    Clock Pessimism Removal (CPR):    -0.000ns
  Clock Uncertainty:      0.160ns  ((TSJ^2 + DJ^2)^1/2) / 2 + PE
    Total System Jitter     (TSJ):    0.071ns
    Discrete Jitter          (DJ):    0.312ns
    Phase Error              (PE):    0.000ns
  Clock Net Delay (Source):      1.142ns (routing 0.572ns, distribution 0.570ns)
  Clock Net Delay (Destination): 1.284ns (routing 0.623ns, distribution 0.661ns)
  Timing Exception:       False Path

    Location             Delay type                Incr(ns)  Path(ns)    Netlist Resource(s)
  -------------------------------------------------------------------    -------------------
                         (clock clk_pl_0 rise edge)
                                                      0.000     0.000 r  
    PS8_X0Y0             PS8                          0.000     0.000 r  design_1_i/zynq_ultra_ps_e_0/inst/PS8_i/PLCLK[0]
                         net (fo=1, routed)           0.129     0.129    design_1_i/zynq_ultra_ps_e_0/inst/pl_clk_unbuffered[0]
    BUFG_PS_X0Y80        BUFG_PS (Prop_BUFG_PS_I_O)
                                                      0.022     0.151 r  design_1_i/zynq_ultra_ps_e_0/inst/buffer_pl_clk_0.PL_CLK_0_BUFG/O
    X0Y1 (CLOCK_ROOT)    net (fo=2343, routed)        1.142     1.293    design_1_i/axi_fifo_mm_s_0/U0/COMP_IPIC2AXI_S/s_axi_aclk
    SLICE_X9Y96          FDSE                                         r  design_1_i/axi_fifo_mm_s_0/U0/COMP_IPIC2AXI_S/sig_str_rst_reg/C
  -------------------------------------------------------------------    -------------------
    SLICE_X9Y96          FDSE (Prop_DFF_SLICEL_C_Q)
                                                      0.084     1.377 r  design_1_i/axi_fifo_mm_s_0/U0/COMP_IPIC2AXI_S/sig_str_rst_reg/Q
                         net (fo=7, routed)           0.188     1.565    design_1_i/axi_fifo_mm_s_0/U0/COMP_IPIC2AXI_S/grxd.COMP_RX_FIFO/gfifo_gen.COMP_AXIS_FG_FIFO/s2mm_prmry_reset_out_n_0
    SLICE_X10Y85         LUT3 (Prop_H5LUT_SLICEM_I1_O)
                                                      0.037     1.602 r  design_1_i/axi_fifo_mm_s_0/U0/COMP_IPIC2AXI_S/grxd.COMP_RX_FIFO/gfifo_gen.COMP_AXIS_FG_FIFO/s2mm_prmry_reset_out_n_INST_0/O
                         net (fo=1, routed)           0.221     1.823    design_1_i/axi_fifo_mm_s_0/U0/COMP_IPIC2AXI_S/grxd.COMP_RX_FIFO/gfifo_gen.COMP_AXIS_FG_FIFO/COMP_FIFO/gaxis_rst_sync.xpm_cdc_sync_rst_inst/src_rst
    SLICE_X13Y84         FDRE                                         r  design_1_i/axi_fifo_mm_s_0/U0/COMP_IPIC2AXI_S/grxd.COMP_RX_FIFO/gfifo_gen.COMP_AXIS_FG_FIFO/COMP_FIFO/gaxis_rst_sync.xpm_cdc_sync_rst_inst/syncstages_ff_reg[0]/D
  -------------------------------------------------------------------    -------------------

                         (clock clk_pl_0 rise edge)
                                                      0.000     0.000 r  
    PS8_X0Y0             PS8                          0.000     0.000 r  design_1_i/zynq_ultra_ps_e_0/inst/PS8_i/PLCLK[0]
                         net (fo=1, routed)           0.164     0.164    design_1_i/zynq_ultra_ps_e_0/inst/pl_clk_unbuffered[0]
    BUFG_PS_X0Y80        BUFG_PS (Prop_BUFG_PS_I_O)
                                                      0.023     0.187 r  design_1_i/zynq_ultra_ps_e_0/inst/buffer_pl_clk_0.PL_CLK_0_BUFG/O
    X0Y1 (CLOCK_ROOT)    net (fo=2343, routed)        1.284     1.471    design_1_i/axi_fifo_mm_s_0/U0/COMP_IPIC2AXI_S/grxd.COMP_RX_FIFO/gfifo_gen.COMP_AXIS_FG_FIFO/COMP_FIFO/gaxis_rst_sync.xpm_cdc_sync_rst_inst/dest_clk
    SLICE_X13Y84         FDRE                                         r  design_1_i/axi_fifo_mm_s_0/U0/COMP_IPIC2AXI_S/grxd.COMP_RX_FIFO/gfifo_gen.COMP_AXIS_FG_FIFO/COMP_FIFO/gaxis_rst_sync.xpm_cdc_sync_rst_inst/syncstages_ff_reg[0]/C





