
*** Running vivado
    with args -log design_1_myip_mlp_nn_HLS_0_0.vds -m64 -product Vivado -mode batch -messageDb vivado.pb -notrace -source design_1_myip_mlp_nn_HLS_0_0.tcl


ECHO is off.
ECHO is off.

****** Vivado v2023.2 (64-bit)
  **** SW Build 4029153 on Fri Oct 13 20:14:34 MDT 2023
  **** IP Build 4028589 on Sat Oct 14 00:45:43 MDT 2023
  **** SharedData Build 4025554 on Tue Oct 10 17:18:54 MDT 2023
    ** Copyright 1986-2022 Xilinx, Inc. All Rights Reserved.
    ** Copyright 2022-2023 Advanced Micro Devices, Inc. All Rights Reserved.

source design_1_myip_mlp_nn_HLS_0_0.tcl -notrace
create_project: Time (s): cpu = 00:00:05 ; elapsed = 00:00:08 . Memory (MB): peak = 453.848 ; gain = 178.992
INFO: [IP_Flow 19-234] Refreshing IP repositories
INFO: [IP_Flow 19-1700] Loaded user IP repository 'c:/Users/sunil/VitisHLSip'.
INFO: [IP_Flow 19-2313] Loaded Vivado IP repository 'C:/Xilinx/Vivado/2023.2/data/ip'.
WARNING: [IP_Flow 19-4995] The host OS only allows 260 characters in a normal path. The IP cache path is more than 80 characters. If you experience issues with IP caching, please consider changing the IP cache to a location with a shorter path. Alternately consider using the OS subst command to map part of the path to a drive letter. 
Current IP cache path is c:/Users/sunil/VivadoProjects/EE4218Labs/Project/MLP_NN_Project/MLP_NN_Project.cache/ip 
INFO: [IP_Flow 19-6924] IPCACHE: Running cache check for IP inst: design_1_myip_mlp_nn_HLS_0_0
Command: synth_design -top design_1_myip_mlp_nn_HLS_0_0 -part xck26-sfvc784-2LV-c -incremental_mode off -mode out_of_context
Starting synth_design
Attempting to get a license for feature 'Synthesis' and/or device 'xck26'
INFO: [Common 17-349] Got license for feature 'Synthesis' and/or device 'xck26'
INFO: [Device 21-403] Loading part xck26-sfvc784-2LV-c
INFO: [Synth 8-7079] Multithreading enabled for synth_design using a maximum of 2 processes.
INFO: [Synth 8-7078] Launching helper process for spawning children vivado processes
INFO: [Synth 8-7075] Helper process launched with PID 3744
---------------------------------------------------------------------------------
Starting RTL Elaboration : Time (s): cpu = 00:00:05 ; elapsed = 00:00:07 . Memory (MB): peak = 1860.695 ; gain = 379.234
---------------------------------------------------------------------------------
INFO: [Synth 8-6157] synthesizing module 'design_1_myip_mlp_nn_HLS_0_0' [c:/Users/sunil/VivadoProjects/EE4218Labs/Project/MLP_NN_Project/MLP_NN_Project.gen/sources_1/bd/design_1/ip/design_1_myip_mlp_nn_HLS_0_0/synth/design_1_myip_mlp_nn_HLS_0_0.v:53]
INFO: [Synth 8-6157] synthesizing module 'mlp_nn_HLS' [c:/Users/sunil/VivadoProjects/EE4218Labs/Project/MLP_NN_Project/MLP_NN_Project.gen/sources_1/bd/design_1/ipshared/fecc/hdl/verilog/mlp_nn_HLS.v:9]
INFO: [Synth 8-6157] synthesizing module 'mlp_nn_HLS_ACTIVATION_FUNC_LUT_VEC_ROM_AUTO_1R' [c:/Users/sunil/VivadoProjects/EE4218Labs/Project/MLP_NN_Project/MLP_NN_Project.gen/sources_1/bd/design_1/ipshared/fecc/hdl/verilog/mlp_nn_HLS_ACTIVATION_FUNC_LUT_VEC_ROM_AUTO_1R.v:7]
INFO: [Synth 8-3876] $readmem data file './mlp_nn_HLS_ACTIVATION_FUNC_LUT_VEC_ROM_AUTO_1R.dat' is read successfully [c:/Users/sunil/VivadoProjects/EE4218Labs/Project/MLP_NN_Project/MLP_NN_Project.gen/sources_1/bd/design_1/ipshared/fecc/hdl/verilog/mlp_nn_HLS_ACTIVATION_FUNC_LUT_VEC_ROM_AUTO_1R.v:28]
INFO: [Synth 8-6155] done synthesizing module 'mlp_nn_HLS_ACTIVATION_FUNC_LUT_VEC_ROM_AUTO_1R' (0#1) [c:/Users/sunil/VivadoProjects/EE4218Labs/Project/MLP_NN_Project/MLP_NN_Project.gen/sources_1/bd/design_1/ipshared/fecc/hdl/verilog/mlp_nn_HLS_ACTIVATION_FUNC_LUT_VEC_ROM_AUTO_1R.v:7]
INFO: [Synth 8-6157] synthesizing module 'mlp_nn_HLS_A_RAM_AUTO_1R1W' [c:/Users/sunil/VivadoProjects/EE4218Labs/Project/MLP_NN_Project/MLP_NN_Project.gen/sources_1/bd/design_1/ipshared/fecc/hdl/verilog/mlp_nn_HLS_A_RAM_AUTO_1R1W.v:7]
INFO: [Synth 8-6155] done synthesizing module 'mlp_nn_HLS_A_RAM_AUTO_1R1W' (0#1) [c:/Users/sunil/VivadoProjects/EE4218Labs/Project/MLP_NN_Project/MLP_NN_Project.gen/sources_1/bd/design_1/ipshared/fecc/hdl/verilog/mlp_nn_HLS_A_RAM_AUTO_1R1W.v:7]
INFO: [Synth 8-6157] synthesizing module 'mlp_nn_HLS_WEIGHTS_N1_VEC_HIDDEN_RAM_AUTO_1R1W' [c:/Users/sunil/VivadoProjects/EE4218Labs/Project/MLP_NN_Project/MLP_NN_Project.gen/sources_1/bd/design_1/ipshared/fecc/hdl/verilog/mlp_nn_HLS_WEIGHTS_N1_VEC_HIDDEN_RAM_AUTO_1R1W.v:7]
INFO: [Synth 8-6155] done synthesizing module 'mlp_nn_HLS_WEIGHTS_N1_VEC_HIDDEN_RAM_AUTO_1R1W' (0#1) [c:/Users/sunil/VivadoProjects/EE4218Labs/Project/MLP_NN_Project/MLP_NN_Project.gen/sources_1/bd/design_1/ipshared/fecc/hdl/verilog/mlp_nn_HLS_WEIGHTS_N1_VEC_HIDDEN_RAM_AUTO_1R1W.v:7]
INFO: [Synth 8-6157] synthesizing module 'mlp_nn_HLS_mlp_nn_HLS_Pipeline_VITIS_LOOP_93_1' [c:/Users/sunil/VivadoProjects/EE4218Labs/Project/MLP_NN_Project/MLP_NN_Project.gen/sources_1/bd/design_1/ipshared/fecc/hdl/verilog/mlp_nn_HLS_mlp_nn_HLS_Pipeline_VITIS_LOOP_93_1.v:9]
INFO: [Synth 8-6157] synthesizing module 'mlp_nn_HLS_flow_control_loop_pipe_sequential_init' [c:/Users/sunil/VivadoProjects/EE4218Labs/Project/MLP_NN_Project/MLP_NN_Project.gen/sources_1/bd/design_1/ipshared/fecc/hdl/verilog/mlp_nn_HLS_flow_control_loop_pipe_sequential_init.v:11]
INFO: [Synth 8-6155] done synthesizing module 'mlp_nn_HLS_flow_control_loop_pipe_sequential_init' (0#1) [c:/Users/sunil/VivadoProjects/EE4218Labs/Project/MLP_NN_Project/MLP_NN_Project.gen/sources_1/bd/design_1/ipshared/fecc/hdl/verilog/mlp_nn_HLS_flow_control_loop_pipe_sequential_init.v:11]
INFO: [Synth 8-6155] done synthesizing module 'mlp_nn_HLS_mlp_nn_HLS_Pipeline_VITIS_LOOP_93_1' (0#1) [c:/Users/sunil/VivadoProjects/EE4218Labs/Project/MLP_NN_Project/MLP_NN_Project.gen/sources_1/bd/design_1/ipshared/fecc/hdl/verilog/mlp_nn_HLS_mlp_nn_HLS_Pipeline_VITIS_LOOP_93_1.v:9]
INFO: [Synth 8-6157] synthesizing module 'mlp_nn_HLS_mlp_nn_HLS_Pipeline_VITIS_LOOP_33_1' [c:/Users/sunil/VivadoProjects/EE4218Labs/Project/MLP_NN_Project/MLP_NN_Project.gen/sources_1/bd/design_1/ipshared/fecc/hdl/verilog/mlp_nn_HLS_mlp_nn_HLS_Pipeline_VITIS_LOOP_33_1.v:9]
WARNING: [Synth 8-5974] attribute "use_dsp48" has been deprecated, please use "use_dsp" instead 
WARNING: [Synth 8-5974] attribute "use_dsp48" has been deprecated, please use "use_dsp" instead 
INFO: [Synth 8-6157] synthesizing module 'mlp_nn_HLS_mul_8ns_8ns_16_1_1' [c:/Users/sunil/VivadoProjects/EE4218Labs/Project/MLP_NN_Project/MLP_NN_Project.gen/sources_1/bd/design_1/ipshared/fecc/hdl/verilog/mlp_nn_HLS_mul_8ns_8ns_16_1_1.v:5]
INFO: [Synth 8-6155] done synthesizing module 'mlp_nn_HLS_mul_8ns_8ns_16_1_1' (0#1) [c:/Users/sunil/VivadoProjects/EE4218Labs/Project/MLP_NN_Project/MLP_NN_Project.gen/sources_1/bd/design_1/ipshared/fecc/hdl/verilog/mlp_nn_HLS_mul_8ns_8ns_16_1_1.v:5]
INFO: [Synth 8-6157] synthesizing module 'mlp_nn_HLS_mac_muladd_8ns_8ns_16ns_16_4_1' [c:/Users/sunil/VivadoProjects/EE4218Labs/Project/MLP_NN_Project/MLP_NN_Project.gen/sources_1/bd/design_1/ipshared/fecc/hdl/verilog/mlp_nn_HLS_mac_muladd_8ns_8ns_16ns_16_4_1.v:49]
INFO: [Synth 8-6157] synthesizing module 'mlp_nn_HLS_mac_muladd_8ns_8ns_16ns_16_4_1_DSP48_0' [c:/Users/sunil/VivadoProjects/EE4218Labs/Project/MLP_NN_Project/MLP_NN_Project.gen/sources_1/bd/design_1/ipshared/fecc/hdl/verilog/mlp_nn_HLS_mac_muladd_8ns_8ns_16ns_16_4_1.v:10]
INFO: [Synth 8-6155] done synthesizing module 'mlp_nn_HLS_mac_muladd_8ns_8ns_16ns_16_4_1_DSP48_0' (0#1) [c:/Users/sunil/VivadoProjects/EE4218Labs/Project/MLP_NN_Project/MLP_NN_Project.gen/sources_1/bd/design_1/ipshared/fecc/hdl/verilog/mlp_nn_HLS_mac_muladd_8ns_8ns_16ns_16_4_1.v:10]
INFO: [Synth 8-6155] done synthesizing module 'mlp_nn_HLS_mac_muladd_8ns_8ns_16ns_16_4_1' (0#1) [c:/Users/sunil/VivadoProjects/EE4218Labs/Project/MLP_NN_Project/MLP_NN_Project.gen/sources_1/bd/design_1/ipshared/fecc/hdl/verilog/mlp_nn_HLS_mac_muladd_8ns_8ns_16ns_16_4_1.v:49]
INFO: [Synth 8-6155] done synthesizing module 'mlp_nn_HLS_mlp_nn_HLS_Pipeline_VITIS_LOOP_33_1' (0#1) [c:/Users/sunil/VivadoProjects/EE4218Labs/Project/MLP_NN_Project/MLP_NN_Project.gen/sources_1/bd/design_1/ipshared/fecc/hdl/verilog/mlp_nn_HLS_mlp_nn_HLS_Pipeline_VITIS_LOOP_33_1.v:9]
INFO: [Synth 8-6157] synthesizing module 'mlp_nn_HLS_mlp_nn_HLS_Pipeline_VITIS_LOOP_33_11' [c:/Users/sunil/VivadoProjects/EE4218Labs/Project/MLP_NN_Project/MLP_NN_Project.gen/sources_1/bd/design_1/ipshared/fecc/hdl/verilog/mlp_nn_HLS_mlp_nn_HLS_Pipeline_VITIS_LOOP_33_11.v:9]
WARNING: [Synth 8-5974] attribute "use_dsp48" has been deprecated, please use "use_dsp" instead 
WARNING: [Synth 8-5974] attribute "use_dsp48" has been deprecated, please use "use_dsp" instead 
INFO: [Synth 8-6155] done synthesizing module 'mlp_nn_HLS_mlp_nn_HLS_Pipeline_VITIS_LOOP_33_11' (0#1) [c:/Users/sunil/VivadoProjects/EE4218Labs/Project/MLP_NN_Project/MLP_NN_Project.gen/sources_1/bd/design_1/ipshared/fecc/hdl/verilog/mlp_nn_HLS_mlp_nn_HLS_Pipeline_VITIS_LOOP_33_11.v:9]
INFO: [Synth 8-6157] synthesizing module 'mlp_nn_HLS_mlp_nn_HLS_Pipeline_VITIS_LOOP_55_1' [c:/Users/sunil/VivadoProjects/EE4218Labs/Project/MLP_NN_Project/MLP_NN_Project.gen/sources_1/bd/design_1/ipshared/fecc/hdl/verilog/mlp_nn_HLS_mlp_nn_HLS_Pipeline_VITIS_LOOP_55_1.v:9]
INFO: [Synth 8-6155] done synthesizing module 'mlp_nn_HLS_mlp_nn_HLS_Pipeline_VITIS_LOOP_55_1' (0#1) [c:/Users/sunil/VivadoProjects/EE4218Labs/Project/MLP_NN_Project/MLP_NN_Project.gen/sources_1/bd/design_1/ipshared/fecc/hdl/verilog/mlp_nn_HLS_mlp_nn_HLS_Pipeline_VITIS_LOOP_55_1.v:9]
INFO: [Synth 8-6157] synthesizing module 'mlp_nn_HLS_mlp_nn_HLS_Pipeline_VITIS_LOOP_114_2' [c:/Users/sunil/VivadoProjects/EE4218Labs/Project/MLP_NN_Project/MLP_NN_Project.gen/sources_1/bd/design_1/ipshared/fecc/hdl/verilog/mlp_nn_HLS_mlp_nn_HLS_Pipeline_VITIS_LOOP_114_2.v:9]
INFO: [Synth 8-6155] done synthesizing module 'mlp_nn_HLS_mlp_nn_HLS_Pipeline_VITIS_LOOP_114_2' (0#1) [c:/Users/sunil/VivadoProjects/EE4218Labs/Project/MLP_NN_Project/MLP_NN_Project.gen/sources_1/bd/design_1/ipshared/fecc/hdl/verilog/mlp_nn_HLS_mlp_nn_HLS_Pipeline_VITIS_LOOP_114_2.v:9]
INFO: [Synth 8-6157] synthesizing module 'mlp_nn_HLS_regslice_both' [c:/Users/sunil/VivadoProjects/EE4218Labs/Project/MLP_NN_Project/MLP_NN_Project.gen/sources_1/bd/design_1/ipshared/fecc/hdl/verilog/mlp_nn_HLS_regslice_both.v:11]
INFO: [Synth 8-6155] done synthesizing module 'mlp_nn_HLS_regslice_both' (0#1) [c:/Users/sunil/VivadoProjects/EE4218Labs/Project/MLP_NN_Project/MLP_NN_Project.gen/sources_1/bd/design_1/ipshared/fecc/hdl/verilog/mlp_nn_HLS_regslice_both.v:11]
INFO: [Synth 8-6157] synthesizing module 'mlp_nn_HLS_regslice_both__parameterized0' [c:/Users/sunil/VivadoProjects/EE4218Labs/Project/MLP_NN_Project/MLP_NN_Project.gen/sources_1/bd/design_1/ipshared/fecc/hdl/verilog/mlp_nn_HLS_regslice_both.v:11]
INFO: [Synth 8-6155] done synthesizing module 'mlp_nn_HLS_regslice_both__parameterized0' (0#1) [c:/Users/sunil/VivadoProjects/EE4218Labs/Project/MLP_NN_Project/MLP_NN_Project.gen/sources_1/bd/design_1/ipshared/fecc/hdl/verilog/mlp_nn_HLS_regslice_both.v:11]
INFO: [Synth 8-6157] synthesizing module 'mlp_nn_HLS_regslice_both__parameterized1' [c:/Users/sunil/VivadoProjects/EE4218Labs/Project/MLP_NN_Project/MLP_NN_Project.gen/sources_1/bd/design_1/ipshared/fecc/hdl/verilog/mlp_nn_HLS_regslice_both.v:11]
INFO: [Synth 8-6155] done synthesizing module 'mlp_nn_HLS_regslice_both__parameterized1' (0#1) [c:/Users/sunil/VivadoProjects/EE4218Labs/Project/MLP_NN_Project/MLP_NN_Project.gen/sources_1/bd/design_1/ipshared/fecc/hdl/verilog/mlp_nn_HLS_regslice_both.v:11]
INFO: [Synth 8-6155] done synthesizing module 'mlp_nn_HLS' (0#1) [c:/Users/sunil/VivadoProjects/EE4218Labs/Project/MLP_NN_Project/MLP_NN_Project.gen/sources_1/bd/design_1/ipshared/fecc/hdl/verilog/mlp_nn_HLS.v:9]
INFO: [Synth 8-6155] done synthesizing module 'design_1_myip_mlp_nn_HLS_0_0' (0#1) [c:/Users/sunil/VivadoProjects/EE4218Labs/Project/MLP_NN_Project/MLP_NN_Project.gen/sources_1/bd/design_1/ip/design_1_myip_mlp_nn_HLS_0_0/synth/design_1_myip_mlp_nn_HLS_0_0.v:53]
WARNING: [Synth 8-7129] Port rst in module mlp_nn_HLS_mac_muladd_8ns_8ns_16ns_16_4_1_DSP48_0 is either unconnected or has no load
WARNING: [Synth 8-7129] Port S_AXIS_TDATA[31] in module mlp_nn_HLS_mlp_nn_HLS_Pipeline_VITIS_LOOP_93_1 is either unconnected or has no load
WARNING: [Synth 8-7129] Port S_AXIS_TDATA[30] in module mlp_nn_HLS_mlp_nn_HLS_Pipeline_VITIS_LOOP_93_1 is either unconnected or has no load
WARNING: [Synth 8-7129] Port S_AXIS_TDATA[29] in module mlp_nn_HLS_mlp_nn_HLS_Pipeline_VITIS_LOOP_93_1 is either unconnected or has no load
WARNING: [Synth 8-7129] Port S_AXIS_TDATA[28] in module mlp_nn_HLS_mlp_nn_HLS_Pipeline_VITIS_LOOP_93_1 is either unconnected or has no load
WARNING: [Synth 8-7129] Port S_AXIS_TDATA[27] in module mlp_nn_HLS_mlp_nn_HLS_Pipeline_VITIS_LOOP_93_1 is either unconnected or has no load
WARNING: [Synth 8-7129] Port S_AXIS_TDATA[26] in module mlp_nn_HLS_mlp_nn_HLS_Pipeline_VITIS_LOOP_93_1 is either unconnected or has no load
WARNING: [Synth 8-7129] Port S_AXIS_TDATA[25] in module mlp_nn_HLS_mlp_nn_HLS_Pipeline_VITIS_LOOP_93_1 is either unconnected or has no load
WARNING: [Synth 8-7129] Port S_AXIS_TDATA[24] in module mlp_nn_HLS_mlp_nn_HLS_Pipeline_VITIS_LOOP_93_1 is either unconnected or has no load
WARNING: [Synth 8-7129] Port S_AXIS_TDATA[23] in module mlp_nn_HLS_mlp_nn_HLS_Pipeline_VITIS_LOOP_93_1 is either unconnected or has no load
WARNING: [Synth 8-7129] Port S_AXIS_TDATA[22] in module mlp_nn_HLS_mlp_nn_HLS_Pipeline_VITIS_LOOP_93_1 is either unconnected or has no load
WARNING: [Synth 8-7129] Port S_AXIS_TDATA[21] in module mlp_nn_HLS_mlp_nn_HLS_Pipeline_VITIS_LOOP_93_1 is either unconnected or has no load
WARNING: [Synth 8-7129] Port S_AXIS_TDATA[20] in module mlp_nn_HLS_mlp_nn_HLS_Pipeline_VITIS_LOOP_93_1 is either unconnected or has no load
WARNING: [Synth 8-7129] Port S_AXIS_TDATA[19] in module mlp_nn_HLS_mlp_nn_HLS_Pipeline_VITIS_LOOP_93_1 is either unconnected or has no load
WARNING: [Synth 8-7129] Port S_AXIS_TDATA[18] in module mlp_nn_HLS_mlp_nn_HLS_Pipeline_VITIS_LOOP_93_1 is either unconnected or has no load
WARNING: [Synth 8-7129] Port S_AXIS_TDATA[17] in module mlp_nn_HLS_mlp_nn_HLS_Pipeline_VITIS_LOOP_93_1 is either unconnected or has no load
WARNING: [Synth 8-7129] Port S_AXIS_TDATA[16] in module mlp_nn_HLS_mlp_nn_HLS_Pipeline_VITIS_LOOP_93_1 is either unconnected or has no load
WARNING: [Synth 8-7129] Port S_AXIS_TDATA[15] in module mlp_nn_HLS_mlp_nn_HLS_Pipeline_VITIS_LOOP_93_1 is either unconnected or has no load
WARNING: [Synth 8-7129] Port S_AXIS_TDATA[14] in module mlp_nn_HLS_mlp_nn_HLS_Pipeline_VITIS_LOOP_93_1 is either unconnected or has no load
WARNING: [Synth 8-7129] Port S_AXIS_TDATA[13] in module mlp_nn_HLS_mlp_nn_HLS_Pipeline_VITIS_LOOP_93_1 is either unconnected or has no load
WARNING: [Synth 8-7129] Port S_AXIS_TDATA[12] in module mlp_nn_HLS_mlp_nn_HLS_Pipeline_VITIS_LOOP_93_1 is either unconnected or has no load
WARNING: [Synth 8-7129] Port S_AXIS_TDATA[11] in module mlp_nn_HLS_mlp_nn_HLS_Pipeline_VITIS_LOOP_93_1 is either unconnected or has no load
WARNING: [Synth 8-7129] Port S_AXIS_TDATA[10] in module mlp_nn_HLS_mlp_nn_HLS_Pipeline_VITIS_LOOP_93_1 is either unconnected or has no load
WARNING: [Synth 8-7129] Port S_AXIS_TDATA[9] in module mlp_nn_HLS_mlp_nn_HLS_Pipeline_VITIS_LOOP_93_1 is either unconnected or has no load
WARNING: [Synth 8-7129] Port S_AXIS_TDATA[8] in module mlp_nn_HLS_mlp_nn_HLS_Pipeline_VITIS_LOOP_93_1 is either unconnected or has no load
WARNING: [Synth 8-7129] Port S_AXIS_TKEEP[3] in module mlp_nn_HLS_mlp_nn_HLS_Pipeline_VITIS_LOOP_93_1 is either unconnected or has no load
WARNING: [Synth 8-7129] Port S_AXIS_TKEEP[2] in module mlp_nn_HLS_mlp_nn_HLS_Pipeline_VITIS_LOOP_93_1 is either unconnected or has no load
WARNING: [Synth 8-7129] Port S_AXIS_TKEEP[1] in module mlp_nn_HLS_mlp_nn_HLS_Pipeline_VITIS_LOOP_93_1 is either unconnected or has no load
WARNING: [Synth 8-7129] Port S_AXIS_TKEEP[0] in module mlp_nn_HLS_mlp_nn_HLS_Pipeline_VITIS_LOOP_93_1 is either unconnected or has no load
WARNING: [Synth 8-7129] Port S_AXIS_TSTRB[3] in module mlp_nn_HLS_mlp_nn_HLS_Pipeline_VITIS_LOOP_93_1 is either unconnected or has no load
WARNING: [Synth 8-7129] Port S_AXIS_TSTRB[2] in module mlp_nn_HLS_mlp_nn_HLS_Pipeline_VITIS_LOOP_93_1 is either unconnected or has no load
WARNING: [Synth 8-7129] Port S_AXIS_TSTRB[1] in module mlp_nn_HLS_mlp_nn_HLS_Pipeline_VITIS_LOOP_93_1 is either unconnected or has no load
WARNING: [Synth 8-7129] Port S_AXIS_TSTRB[0] in module mlp_nn_HLS_mlp_nn_HLS_Pipeline_VITIS_LOOP_93_1 is either unconnected or has no load
WARNING: [Synth 8-7129] Port S_AXIS_TLAST[0] in module mlp_nn_HLS_mlp_nn_HLS_Pipeline_VITIS_LOOP_93_1 is either unconnected or has no load
WARNING: [Synth 8-7129] Port reset in module mlp_nn_HLS_A_RAM_AUTO_1R1W is either unconnected or has no load
WARNING: [Synth 8-7129] Port reset in module mlp_nn_HLS_WEIGHTS_N1_VEC_HIDDEN_RAM_AUTO_1R1W is either unconnected or has no load
WARNING: [Synth 8-7129] Port reset in module mlp_nn_HLS_ACTIVATION_FUNC_LUT_VEC_ROM_AUTO_1R is either unconnected or has no load
---------------------------------------------------------------------------------
Finished RTL Elaboration : Time (s): cpu = 00:00:07 ; elapsed = 00:00:10 . Memory (MB): peak = 1991.660 ; gain = 510.199
---------------------------------------------------------------------------------
---------------------------------------------------------------------------------
Start Handling Custom Attributes
---------------------------------------------------------------------------------
---------------------------------------------------------------------------------
Finished Handling Custom Attributes : Time (s): cpu = 00:00:07 ; elapsed = 00:00:10 . Memory (MB): peak = 2009.582 ; gain = 528.121
---------------------------------------------------------------------------------
---------------------------------------------------------------------------------
Finished RTL Optimization Phase 1 : Time (s): cpu = 00:00:07 ; elapsed = 00:00:10 . Memory (MB): peak = 2009.582 ; gain = 528.121
---------------------------------------------------------------------------------
Netlist sorting complete. Time (s): cpu = 00:00:00 ; elapsed = 00:00:00.058 . Memory (MB): peak = 2009.582 ; gain = 0.000
INFO: [Project 1-570] Preparing netlist for logic optimization

Processing XDC Constraints
Initializing timing engine
Parsing XDC File [c:/Users/sunil/VivadoProjects/EE4218Labs/Project/MLP_NN_Project/MLP_NN_Project.gen/sources_1/bd/design_1/ip/design_1_myip_mlp_nn_HLS_0_0/constraints/mlp_nn_HLS_ooc.xdc] for cell 'inst'
create_clock: Time (s): cpu = 00:00:05 ; elapsed = 00:00:05 . Memory (MB): peak = 2130.898 ; gain = 0.059
Finished Parsing XDC File [c:/Users/sunil/VivadoProjects/EE4218Labs/Project/MLP_NN_Project/MLP_NN_Project.gen/sources_1/bd/design_1/ip/design_1_myip_mlp_nn_HLS_0_0/constraints/mlp_nn_HLS_ooc.xdc] for cell 'inst'
Parsing XDC File [C:/Users/sunil/VivadoProjects/EE4218Labs/Project/MLP_NN_Project/MLP_NN_Project.runs/design_1_myip_mlp_nn_HLS_0_0_synth_1/dont_touch.xdc]
Finished Parsing XDC File [C:/Users/sunil/VivadoProjects/EE4218Labs/Project/MLP_NN_Project/MLP_NN_Project.runs/design_1_myip_mlp_nn_HLS_0_0_synth_1/dont_touch.xdc]
Completed Processing XDC Constraints

Netlist sorting complete. Time (s): cpu = 00:00:00 ; elapsed = 00:00:00.002 . Memory (MB): peak = 2130.898 ; gain = 0.000
INFO: [Project 1-111] Unisim Transformation Summary:
No Unisim elements were transformed.

The system cannot find the path specified.
Constraint Validation Runtime : Time (s): cpu = 00:00:00 ; elapsed = 00:00:00.073 . Memory (MB): peak = 2130.898 ; gain = 0.000
INFO: [Designutils 20-5008] Incremental synthesis strategy off
---------------------------------------------------------------------------------
Finished Constraint Validation : Time (s): cpu = 00:00:22 ; elapsed = 00:00:25 . Memory (MB): peak = 2130.898 ; gain = 649.438
---------------------------------------------------------------------------------
---------------------------------------------------------------------------------
Start Loading Part and Timing Information
---------------------------------------------------------------------------------
Loading part: xck26-sfvc784-2LV-c
INFO: [Synth 8-6742] Reading net delay rules and data
---------------------------------------------------------------------------------
Finished Loading Part and Timing Information : Time (s): cpu = 00:00:22 ; elapsed = 00:00:25 . Memory (MB): peak = 2130.898 ; gain = 649.438
---------------------------------------------------------------------------------
---------------------------------------------------------------------------------
Start Applying 'set_property' XDC Constraints
---------------------------------------------------------------------------------
Applied set_property KEEP_HIERARCHY = SOFT for inst. (constraint file  C:/Users/sunil/VivadoProjects/EE4218Labs/Project/MLP_NN_Project/MLP_NN_Project.runs/design_1_myip_mlp_nn_HLS_0_0_synth_1/dont_touch.xdc, line 9).
---------------------------------------------------------------------------------
Finished applying 'set_property' XDC Constraints : Time (s): cpu = 00:00:22 ; elapsed = 00:00:25 . Memory (MB): peak = 2130.898 ; gain = 649.438
---------------------------------------------------------------------------------
WARNING: [Synth 8-3936] Found unconnected internal register 'zext_ln33_reg_520_pp0_iter4_reg_reg' and it is trimmed from '7' to '6' bits. [c:/Users/sunil/VivadoProjects/EE4218Labs/Project/MLP_NN_Project/MLP_NN_Project.gen/sources_1/bd/design_1/ipshared/fecc/hdl/verilog/mlp_nn_HLS_mlp_nn_HLS_Pipeline_VITIS_LOOP_33_1.v:461]
WARNING: [Synth 8-3936] Found unconnected internal register 'zext_ln33_reg_520_pp0_iter3_reg_reg' and it is trimmed from '7' to '6' bits. [c:/Users/sunil/VivadoProjects/EE4218Labs/Project/MLP_NN_Project/MLP_NN_Project.gen/sources_1/bd/design_1/ipshared/fecc/hdl/verilog/mlp_nn_HLS_mlp_nn_HLS_Pipeline_VITIS_LOOP_33_1.v:460]
WARNING: [Synth 8-3936] Found unconnected internal register 'zext_ln33_reg_520_pp0_iter2_reg_reg' and it is trimmed from '7' to '6' bits. [c:/Users/sunil/VivadoProjects/EE4218Labs/Project/MLP_NN_Project/MLP_NN_Project.gen/sources_1/bd/design_1/ipshared/fecc/hdl/verilog/mlp_nn_HLS_mlp_nn_HLS_Pipeline_VITIS_LOOP_33_1.v:459]
WARNING: [Synth 8-3936] Found unconnected internal register 'zext_ln33_reg_520_pp0_iter1_reg_reg' and it is trimmed from '7' to '6' bits. [c:/Users/sunil/VivadoProjects/EE4218Labs/Project/MLP_NN_Project/MLP_NN_Project.gen/sources_1/bd/design_1/ipshared/fecc/hdl/verilog/mlp_nn_HLS_mlp_nn_HLS_Pipeline_VITIS_LOOP_33_1.v:451]
WARNING: [Synth 8-3936] Found unconnected internal register 'zext_ln33_reg_520_reg' and it is trimmed from '7' to '6' bits. [c:/Users/sunil/VivadoProjects/EE4218Labs/Project/MLP_NN_Project/MLP_NN_Project.gen/sources_1/bd/design_1/ipshared/fecc/hdl/verilog/mlp_nn_HLS_mlp_nn_HLS_Pipeline_VITIS_LOOP_33_1.v:450]
WARNING: [Synth 8-3936] Found unconnected internal register 'zext_ln33_reg_520_pp0_iter4_reg_reg' and it is trimmed from '7' to '6' bits. [c:/Users/sunil/VivadoProjects/EE4218Labs/Project/MLP_NN_Project/MLP_NN_Project.gen/sources_1/bd/design_1/ipshared/fecc/hdl/verilog/mlp_nn_HLS_mlp_nn_HLS_Pipeline_VITIS_LOOP_33_11.v:461]
WARNING: [Synth 8-3936] Found unconnected internal register 'zext_ln33_reg_520_pp0_iter3_reg_reg' and it is trimmed from '7' to '6' bits. [c:/Users/sunil/VivadoProjects/EE4218Labs/Project/MLP_NN_Project/MLP_NN_Project.gen/sources_1/bd/design_1/ipshared/fecc/hdl/verilog/mlp_nn_HLS_mlp_nn_HLS_Pipeline_VITIS_LOOP_33_11.v:460]
WARNING: [Synth 8-3936] Found unconnected internal register 'zext_ln33_reg_520_pp0_iter2_reg_reg' and it is trimmed from '7' to '6' bits. [c:/Users/sunil/VivadoProjects/EE4218Labs/Project/MLP_NN_Project/MLP_NN_Project.gen/sources_1/bd/design_1/ipshared/fecc/hdl/verilog/mlp_nn_HLS_mlp_nn_HLS_Pipeline_VITIS_LOOP_33_11.v:459]
WARNING: [Synth 8-3936] Found unconnected internal register 'zext_ln33_reg_520_pp0_iter1_reg_reg' and it is trimmed from '7' to '6' bits. [c:/Users/sunil/VivadoProjects/EE4218Labs/Project/MLP_NN_Project/MLP_NN_Project.gen/sources_1/bd/design_1/ipshared/fecc/hdl/verilog/mlp_nn_HLS_mlp_nn_HLS_Pipeline_VITIS_LOOP_33_11.v:451]
WARNING: [Synth 8-3936] Found unconnected internal register 'zext_ln33_reg_520_reg' and it is trimmed from '7' to '6' bits. [c:/Users/sunil/VivadoProjects/EE4218Labs/Project/MLP_NN_Project/MLP_NN_Project.gen/sources_1/bd/design_1/ipshared/fecc/hdl/verilog/mlp_nn_HLS_mlp_nn_HLS_Pipeline_VITIS_LOOP_33_11.v:450]
WARNING: [Synth 8-3936] Found unconnected internal register 'zext_ln55_reg_227_pp0_iter4_reg_reg' and it is trimmed from '7' to '6' bits. [c:/Users/sunil/VivadoProjects/EE4218Labs/Project/MLP_NN_Project/MLP_NN_Project.gen/sources_1/bd/design_1/ipshared/fecc/hdl/verilog/mlp_nn_HLS_mlp_nn_HLS_Pipeline_VITIS_LOOP_55_1.v:272]
WARNING: [Synth 8-3936] Found unconnected internal register 'zext_ln55_reg_227_pp0_iter3_reg_reg' and it is trimmed from '7' to '6' bits. [c:/Users/sunil/VivadoProjects/EE4218Labs/Project/MLP_NN_Project/MLP_NN_Project.gen/sources_1/bd/design_1/ipshared/fecc/hdl/verilog/mlp_nn_HLS_mlp_nn_HLS_Pipeline_VITIS_LOOP_55_1.v:271]
WARNING: [Synth 8-3936] Found unconnected internal register 'zext_ln55_reg_227_pp0_iter2_reg_reg' and it is trimmed from '7' to '6' bits. [c:/Users/sunil/VivadoProjects/EE4218Labs/Project/MLP_NN_Project/MLP_NN_Project.gen/sources_1/bd/design_1/ipshared/fecc/hdl/verilog/mlp_nn_HLS_mlp_nn_HLS_Pipeline_VITIS_LOOP_55_1.v:270]
WARNING: [Synth 8-3936] Found unconnected internal register 'zext_ln55_reg_227_pp0_iter1_reg_reg' and it is trimmed from '7' to '6' bits. [c:/Users/sunil/VivadoProjects/EE4218Labs/Project/MLP_NN_Project/MLP_NN_Project.gen/sources_1/bd/design_1/ipshared/fecc/hdl/verilog/mlp_nn_HLS_mlp_nn_HLS_Pipeline_VITIS_LOOP_55_1.v:262]
WARNING: [Synth 8-3936] Found unconnected internal register 'zext_ln55_reg_227_reg' and it is trimmed from '7' to '6' bits. [c:/Users/sunil/VivadoProjects/EE4218Labs/Project/MLP_NN_Project/MLP_NN_Project.gen/sources_1/bd/design_1/ipshared/fecc/hdl/verilog/mlp_nn_HLS_mlp_nn_HLS_Pipeline_VITIS_LOOP_55_1.v:261]
INFO: [Synth 8-4490] FSM extraction disabled for register 'ap_CS_fsm_reg' through user attribute
INFO: [Synth 8-6904] The RAM "mlp_nn_HLS_A_RAM_AUTO_1R1W:/ram_reg" of size (depth=64 x width=8) is automatically implemented using LUTRAM. BRAM implementation would be inefficient 
INFO: [Synth 8-6904] The RAM "mlp_nn_HLS_WEIGHTS_N1_VEC_HIDDEN_RAM_AUTO_1R1W:/ram_reg" of size (depth=8 x width=8) is automatically implemented using LUTRAM. BRAM implementation would be inefficient 
---------------------------------------------------------------------------------
Finished RTL Optimization Phase 2 : Time (s): cpu = 00:00:22 ; elapsed = 00:00:26 . Memory (MB): peak = 2130.898 ; gain = 649.438
---------------------------------------------------------------------------------
---------------------------------------------------------------------------------
Start RTL Component Statistics 
---------------------------------------------------------------------------------
Detailed RTL Component Info : 
+---Adders : 
	   4 Input   16 Bit       Adders := 2     
	   3 Input   16 Bit       Adders := 1     
	   2 Input   10 Bit       Adders := 1     
	   2 Input    8 Bit       Adders := 3     
	   2 Input    7 Bit       Adders := 4     
+---XORs : 
	   2 Input      1 Bit         XORs := 2     
+---Registers : 
	               32 Bit    Registers := 4     
	               18 Bit    Registers := 10    
	               16 Bit    Registers := 2     
	               10 Bit    Registers := 1     
	                8 Bit    Registers := 53    
	                7 Bit    Registers := 4     
	                6 Bit    Registers := 15    
	                4 Bit    Registers := 8     
	                2 Bit    Registers := 8     
	                1 Bit    Registers := 74    
+---RAMs : 
	              512 Bit	(64 X 8 bit)          RAMs := 11    
	               64 Bit	(8 X 8 bit)          RAMs := 2     
+---ROMs : 
	                    ROMs := 1     
+---Muxes : 
	   2 Input   32 Bit        Muxes := 2     
	   2 Input   16 Bit        Muxes := 2     
	  17 Input   16 Bit        Muxes := 1     
	   2 Input   14 Bit        Muxes := 1     
	   2 Input   12 Bit        Muxes := 1     
	   2 Input   10 Bit        Muxes := 2     
	   2 Input    8 Bit        Muxes := 1     
	   2 Input    6 Bit        Muxes := 19    
	   2 Input    4 Bit        Muxes := 5     
	   5 Input    3 Bit        Muxes := 2     
	   2 Input    3 Bit        Muxes := 4     
	   2 Input    2 Bit        Muxes := 10    
	   4 Input    2 Bit        Muxes := 8     
	   2 Input    1 Bit        Muxes := 67    
---------------------------------------------------------------------------------
Finished RTL Component Statistics 
---------------------------------------------------------------------------------
---------------------------------------------------------------------------------
Start Part Resource Summary
---------------------------------------------------------------------------------
Part Resources:
DSPs: 1248 (col length:96)
BRAMs: 288 (col length: RAMB18 96 RAMB36 48)
---------------------------------------------------------------------------------
Finished Part Resource Summary
---------------------------------------------------------------------------------
---------------------------------------------------------------------------------
Start Cross Boundary and Area Optimization
---------------------------------------------------------------------------------
WARNING: [Synth 8-7080] Parallel synthesis criteria is not met
WARNING: [Synth 8-3936] Found unconnected internal register 'grp_mlp_nn_HLS_Pipeline_VITIS_LOOP_33_11_fu_340/mac_muladd_8ns_8ns_16ns_16_4_1_U53/mlp_nn_HLS_mac_muladd_8ns_8ns_16ns_16_4_1_DSP48_0_U/p_reg_reg' and it is trimmed from '46' to '16' bits. [c:/Users/sunil/VivadoProjects/EE4218Labs/Project/MLP_NN_Project/MLP_NN_Project.gen/sources_1/bd/design_1/ipshared/fecc/hdl/verilog/mlp_nn_HLS_mac_muladd_8ns_8ns_16ns_16_4_1.v:41]
WARNING: [Synth 8-3936] Found unconnected internal register 'grp_mlp_nn_HLS_Pipeline_VITIS_LOOP_33_1_fu_315/mac_muladd_8ns_8ns_16ns_16_4_1_U25/mlp_nn_HLS_mac_muladd_8ns_8ns_16ns_16_4_1_DSP48_0_U/p_reg_reg' and it is trimmed from '46' to '16' bits. [c:/Users/sunil/VivadoProjects/EE4218Labs/Project/MLP_NN_Project/MLP_NN_Project.gen/sources_1/bd/design_1/ipshared/fecc/hdl/verilog/mlp_nn_HLS_mac_muladd_8ns_8ns_16ns_16_4_1.v:41]
WARNING: [Synth 8-3936] Found unconnected internal register 'grp_mlp_nn_HLS_Pipeline_VITIS_LOOP_33_11_fu_340/mac_muladd_8ns_8ns_16ns_16_4_1_U50/mlp_nn_HLS_mac_muladd_8ns_8ns_16ns_16_4_1_DSP48_0_U/p_reg_reg' and it is trimmed from '46' to '16' bits. [c:/Users/sunil/VivadoProjects/EE4218Labs/Project/MLP_NN_Project/MLP_NN_Project.gen/sources_1/bd/design_1/ipshared/fecc/hdl/verilog/mlp_nn_HLS_mac_muladd_8ns_8ns_16ns_16_4_1.v:41]
WARNING: [Synth 8-3936] Found unconnected internal register 'grp_mlp_nn_HLS_Pipeline_VITIS_LOOP_33_1_fu_315/mac_muladd_8ns_8ns_16ns_16_4_1_U22/mlp_nn_HLS_mac_muladd_8ns_8ns_16ns_16_4_1_DSP48_0_U/p_reg_reg' and it is trimmed from '46' to '16' bits. [c:/Users/sunil/VivadoProjects/EE4218Labs/Project/MLP_NN_Project/MLP_NN_Project.gen/sources_1/bd/design_1/ipshared/fecc/hdl/verilog/mlp_nn_HLS_mac_muladd_8ns_8ns_16ns_16_4_1.v:41]
WARNING: [Synth 8-3936] Found unconnected internal register 'grp_mlp_nn_HLS_Pipeline_VITIS_LOOP_33_11_fu_340/mac_muladd_8ns_8ns_16ns_16_4_1_U50/mlp_nn_HLS_mac_muladd_8ns_8ns_16ns_16_4_1_DSP48_0_U/m_reg_reg' and it is trimmed from '45' to '16' bits. [c:/Users/sunil/VivadoProjects/EE4218Labs/Project/MLP_NN_Project/MLP_NN_Project.gen/sources_1/bd/design_1/ipshared/fecc/hdl/verilog/mlp_nn_HLS_mac_muladd_8ns_8ns_16ns_16_4_1.v:34]
WARNING: [Synth 8-3936] Found unconnected internal register 'grp_mlp_nn_HLS_Pipeline_VITIS_LOOP_33_1_fu_315/mac_muladd_8ns_8ns_16ns_16_4_1_U22/mlp_nn_HLS_mac_muladd_8ns_8ns_16ns_16_4_1_DSP48_0_U/m_reg_reg' and it is trimmed from '45' to '16' bits. [c:/Users/sunil/VivadoProjects/EE4218Labs/Project/MLP_NN_Project/MLP_NN_Project.gen/sources_1/bd/design_1/ipshared/fecc/hdl/verilog/mlp_nn_HLS_mac_muladd_8ns_8ns_16ns_16_4_1.v:34]
WARNING: [Synth 8-3936] Found unconnected internal register 'grp_mlp_nn_HLS_Pipeline_VITIS_LOOP_33_1_fu_315/mac_muladd_8ns_8ns_16ns_16_4_1_U22/mlp_nn_HLS_mac_muladd_8ns_8ns_16ns_16_4_1_DSP48_0_U/a_reg_reg' and it is trimmed from '27' to '16' bits. [c:/Users/sunil/VivadoProjects/EE4218Labs/Project/MLP_NN_Project/MLP_NN_Project.gen/sources_1/bd/design_1/ipshared/fecc/hdl/verilog/mlp_nn_HLS_mac_muladd_8ns_8ns_16ns_16_4_1.v:33]
WARNING: [Synth 8-3936] Found unconnected internal register 'grp_mlp_nn_HLS_Pipeline_VITIS_LOOP_33_11_fu_340/mac_muladd_8ns_8ns_16ns_16_4_1_U51/mlp_nn_HLS_mac_muladd_8ns_8ns_16ns_16_4_1_DSP48_0_U/p_reg_reg' and it is trimmed from '46' to '16' bits. [c:/Users/sunil/VivadoProjects/EE4218Labs/Project/MLP_NN_Project/MLP_NN_Project.gen/sources_1/bd/design_1/ipshared/fecc/hdl/verilog/mlp_nn_HLS_mac_muladd_8ns_8ns_16ns_16_4_1.v:41]
WARNING: [Synth 8-3936] Found unconnected internal register 'grp_mlp_nn_HLS_Pipeline_VITIS_LOOP_33_11_fu_340/mac_muladd_8ns_8ns_16ns_16_4_1_U51/mlp_nn_HLS_mac_muladd_8ns_8ns_16ns_16_4_1_DSP48_0_U/m_reg_reg' and it is trimmed from '45' to '16' bits. [c:/Users/sunil/VivadoProjects/EE4218Labs/Project/MLP_NN_Project/MLP_NN_Project.gen/sources_1/bd/design_1/ipshared/fecc/hdl/verilog/mlp_nn_HLS_mac_muladd_8ns_8ns_16ns_16_4_1.v:34]
WARNING: [Synth 8-3936] Found unconnected internal register 'grp_mlp_nn_HLS_Pipeline_VITIS_LOOP_33_1_fu_315/mac_muladd_8ns_8ns_16ns_16_4_1_U23/mlp_nn_HLS_mac_muladd_8ns_8ns_16ns_16_4_1_DSP48_0_U/p_reg_reg' and it is trimmed from '46' to '16' bits. [c:/Users/sunil/VivadoProjects/EE4218Labs/Project/MLP_NN_Project/MLP_NN_Project.gen/sources_1/bd/design_1/ipshared/fecc/hdl/verilog/mlp_nn_HLS_mac_muladd_8ns_8ns_16ns_16_4_1.v:41]
WARNING: [Synth 8-3936] Found unconnected internal register 'grp_mlp_nn_HLS_Pipeline_VITIS_LOOP_33_1_fu_315/mac_muladd_8ns_8ns_16ns_16_4_1_U23/mlp_nn_HLS_mac_muladd_8ns_8ns_16ns_16_4_1_DSP48_0_U/m_reg_reg' and it is trimmed from '45' to '16' bits. [c:/Users/sunil/VivadoProjects/EE4218Labs/Project/MLP_NN_Project/MLP_NN_Project.gen/sources_1/bd/design_1/ipshared/fecc/hdl/verilog/mlp_nn_HLS_mac_muladd_8ns_8ns_16ns_16_4_1.v:34]
WARNING: [Synth 8-3936] Found unconnected internal register 'grp_mlp_nn_HLS_Pipeline_VITIS_LOOP_33_1_fu_315/mac_muladd_8ns_8ns_16ns_16_4_1_U23/mlp_nn_HLS_mac_muladd_8ns_8ns_16ns_16_4_1_DSP48_0_U/a_reg_reg' and it is trimmed from '27' to '16' bits. [c:/Users/sunil/VivadoProjects/EE4218Labs/Project/MLP_NN_Project/MLP_NN_Project.gen/sources_1/bd/design_1/ipshared/fecc/hdl/verilog/mlp_nn_HLS_mac_muladd_8ns_8ns_16ns_16_4_1.v:33]
WARNING: [Synth 8-3936] Found unconnected internal register 'grp_mlp_nn_HLS_Pipeline_VITIS_LOOP_33_11_fu_340/mac_muladd_8ns_8ns_16ns_16_4_1_U52/mlp_nn_HLS_mac_muladd_8ns_8ns_16ns_16_4_1_DSP48_0_U/p_reg_reg' and it is trimmed from '46' to '16' bits. [c:/Users/sunil/VivadoProjects/EE4218Labs/Project/MLP_NN_Project/MLP_NN_Project.gen/sources_1/bd/design_1/ipshared/fecc/hdl/verilog/mlp_nn_HLS_mac_muladd_8ns_8ns_16ns_16_4_1.v:41]
WARNING: [Synth 8-3936] Found unconnected internal register 'grp_mlp_nn_HLS_Pipeline_VITIS_LOOP_33_1_fu_315/mac_muladd_8ns_8ns_16ns_16_4_1_U24/mlp_nn_HLS_mac_muladd_8ns_8ns_16ns_16_4_1_DSP48_0_U/p_reg_reg' and it is trimmed from '46' to '16' bits. [c:/Users/sunil/VivadoProjects/EE4218Labs/Project/MLP_NN_Project/MLP_NN_Project.gen/sources_1/bd/design_1/ipshared/fecc/hdl/verilog/mlp_nn_HLS_mac_muladd_8ns_8ns_16ns_16_4_1.v:41]
WARNING: [Synth 8-3936] Found unconnected internal register 'grp_mlp_nn_HLS_Pipeline_VITIS_LOOP_33_11_fu_340/mac_muladd_8ns_8ns_16ns_16_4_1_U52/mlp_nn_HLS_mac_muladd_8ns_8ns_16ns_16_4_1_DSP48_0_U/m_reg_reg' and it is trimmed from '45' to '16' bits. [c:/Users/sunil/VivadoProjects/EE4218Labs/Project/MLP_NN_Project/MLP_NN_Project.gen/sources_1/bd/design_1/ipshared/fecc/hdl/verilog/mlp_nn_HLS_mac_muladd_8ns_8ns_16ns_16_4_1.v:34]
WARNING: [Synth 8-3936] Found unconnected internal register 'grp_mlp_nn_HLS_Pipeline_VITIS_LOOP_33_1_fu_315/mac_muladd_8ns_8ns_16ns_16_4_1_U24/mlp_nn_HLS_mac_muladd_8ns_8ns_16ns_16_4_1_DSP48_0_U/m_reg_reg' and it is trimmed from '45' to '16' bits. [c:/Users/sunil/VivadoProjects/EE4218Labs/Project/MLP_NN_Project/MLP_NN_Project.gen/sources_1/bd/design_1/ipshared/fecc/hdl/verilog/mlp_nn_HLS_mac_muladd_8ns_8ns_16ns_16_4_1.v:34]
WARNING: [Synth 8-3936] Found unconnected internal register 'grp_mlp_nn_HLS_Pipeline_VITIS_LOOP_33_1_fu_315/mac_muladd_8ns_8ns_16ns_16_4_1_U24/mlp_nn_HLS_mac_muladd_8ns_8ns_16ns_16_4_1_DSP48_0_U/a_reg_reg' and it is trimmed from '27' to '16' bits. [c:/Users/sunil/VivadoProjects/EE4218Labs/Project/MLP_NN_Project/MLP_NN_Project.gen/sources_1/bd/design_1/ipshared/fecc/hdl/verilog/mlp_nn_HLS_mac_muladd_8ns_8ns_16ns_16_4_1.v:33]
WARNING: [Synth 8-3936] Found unconnected internal register 'grp_mlp_nn_HLS_Pipeline_VITIS_LOOP_33_11_fu_340/mac_muladd_8ns_8ns_16ns_16_4_1_U53/mlp_nn_HLS_mac_muladd_8ns_8ns_16ns_16_4_1_DSP48_0_U/m_reg_reg' and it is trimmed from '45' to '16' bits. [c:/Users/sunil/VivadoProjects/EE4218Labs/Project/MLP_NN_Project/MLP_NN_Project.gen/sources_1/bd/design_1/ipshared/fecc/hdl/verilog/mlp_nn_HLS_mac_muladd_8ns_8ns_16ns_16_4_1.v:34]
WARNING: [Synth 8-3936] Found unconnected internal register 'grp_mlp_nn_HLS_Pipeline_VITIS_LOOP_33_1_fu_315/mac_muladd_8ns_8ns_16ns_16_4_1_U25/mlp_nn_HLS_mac_muladd_8ns_8ns_16ns_16_4_1_DSP48_0_U/m_reg_reg' and it is trimmed from '45' to '16' bits. [c:/Users/sunil/VivadoProjects/EE4218Labs/Project/MLP_NN_Project/MLP_NN_Project.gen/sources_1/bd/design_1/ipshared/fecc/hdl/verilog/mlp_nn_HLS_mac_muladd_8ns_8ns_16ns_16_4_1.v:34]
WARNING: [Synth 8-3936] Found unconnected internal register 'grp_mlp_nn_HLS_Pipeline_VITIS_LOOP_33_1_fu_315/mac_muladd_8ns_8ns_16ns_16_4_1_U25/mlp_nn_HLS_mac_muladd_8ns_8ns_16ns_16_4_1_DSP48_0_U/a_reg_reg' and it is trimmed from '27' to '16' bits. [c:/Users/sunil/VivadoProjects/EE4218Labs/Project/MLP_NN_Project/MLP_NN_Project.gen/sources_1/bd/design_1/ipshared/fecc/hdl/verilog/mlp_nn_HLS_mac_muladd_8ns_8ns_16ns_16_4_1.v:33]
WARNING: [Synth 8-3936] Found unconnected internal register 'grp_mlp_nn_HLS_Pipeline_VITIS_LOOP_55_1_fu_365/mac_muladd_8ns_8ns_16ns_16_4_1_U73/mlp_nn_HLS_mac_muladd_8ns_8ns_16ns_16_4_1_DSP48_0_U/p_reg_reg' and it is trimmed from '46' to '16' bits. [c:/Users/sunil/VivadoProjects/EE4218Labs/Project/MLP_NN_Project/MLP_NN_Project.gen/sources_1/bd/design_1/ipshared/fecc/hdl/verilog/mlp_nn_HLS_mac_muladd_8ns_8ns_16ns_16_4_1.v:41]
WARNING: [Synth 8-3936] Found unconnected internal register 'grp_mlp_nn_HLS_Pipeline_VITIS_LOOP_55_1_fu_365/mac_muladd_8ns_8ns_16ns_16_4_1_U73/mlp_nn_HLS_mac_muladd_8ns_8ns_16ns_16_4_1_DSP48_0_U/m_reg_reg' and it is trimmed from '45' to '16' bits. [c:/Users/sunil/VivadoProjects/EE4218Labs/Project/MLP_NN_Project/MLP_NN_Project.gen/sources_1/bd/design_1/ipshared/fecc/hdl/verilog/mlp_nn_HLS_mac_muladd_8ns_8ns_16ns_16_4_1.v:34]
WARNING: [Synth 8-3936] Found unconnected internal register 'grp_mlp_nn_HLS_Pipeline_VITIS_LOOP_55_1_fu_365/mac_muladd_8ns_8ns_16ns_16_4_1_U73/mlp_nn_HLS_mac_muladd_8ns_8ns_16ns_16_4_1_DSP48_0_U/a_reg_reg' and it is trimmed from '27' to '16' bits. [c:/Users/sunil/VivadoProjects/EE4218Labs/Project/MLP_NN_Project/MLP_NN_Project.gen/sources_1/bd/design_1/ipshared/fecc/hdl/verilog/mlp_nn_HLS_mac_muladd_8ns_8ns_16ns_16_4_1.v:33]
WARNING: [Synth 8-3936] Found unconnected internal register 'grp_mlp_nn_HLS_Pipeline_VITIS_LOOP_55_1_fu_365/mac_muladd_8ns_8ns_16ns_16_4_1_U72/mlp_nn_HLS_mac_muladd_8ns_8ns_16ns_16_4_1_DSP48_0_U/p_reg_reg' and it is trimmed from '46' to '16' bits. [c:/Users/sunil/VivadoProjects/EE4218Labs/Project/MLP_NN_Project/MLP_NN_Project.gen/sources_1/bd/design_1/ipshared/fecc/hdl/verilog/mlp_nn_HLS_mac_muladd_8ns_8ns_16ns_16_4_1.v:41]
WARNING: [Synth 8-3936] Found unconnected internal register 'grp_mlp_nn_HLS_Pipeline_VITIS_LOOP_55_1_fu_365/mac_muladd_8ns_8ns_16ns_16_4_1_U72/mlp_nn_HLS_mac_muladd_8ns_8ns_16ns_16_4_1_DSP48_0_U/m_reg_reg' and it is trimmed from '45' to '16' bits. [c:/Users/sunil/VivadoProjects/EE4218Labs/Project/MLP_NN_Project/MLP_NN_Project.gen/sources_1/bd/design_1/ipshared/fecc/hdl/verilog/mlp_nn_HLS_mac_muladd_8ns_8ns_16ns_16_4_1.v:34]
WARNING: [Synth 8-3936] Found unconnected internal register 'grp_mlp_nn_HLS_Pipeline_VITIS_LOOP_55_1_fu_365/mac_muladd_8ns_8ns_16ns_16_4_1_U72/mlp_nn_HLS_mac_muladd_8ns_8ns_16ns_16_4_1_DSP48_0_U/a_reg_reg' and it is trimmed from '27' to '16' bits. [c:/Users/sunil/VivadoProjects/EE4218Labs/Project/MLP_NN_Project/MLP_NN_Project.gen/sources_1/bd/design_1/ipshared/fecc/hdl/verilog/mlp_nn_HLS_mac_muladd_8ns_8ns_16ns_16_4_1.v:33]
WARNING: [Synth 8-3936] Found unconnected internal register 'grp_mlp_nn_HLS_Pipeline_VITIS_LOOP_33_1_fu_315/mac_muladd_8ns_8ns_16ns_16_4_1_U24/mlp_nn_HLS_mac_muladd_8ns_8ns_16ns_16_4_1_DSP48_0_U/b_reg_reg' and it is trimmed from '18' to '16' bits. [c:/Users/sunil/VivadoProjects/EE4218Labs/Project/MLP_NN_Project/MLP_NN_Project.gen/sources_1/bd/design_1/ipshared/fecc/hdl/verilog/mlp_nn_HLS_mac_muladd_8ns_8ns_16ns_16_4_1.v:33]
WARNING: [Synth 8-3936] Found unconnected internal register 'grp_mlp_nn_HLS_Pipeline_VITIS_LOOP_33_1_fu_315/mac_muladd_8ns_8ns_16ns_16_4_1_U22/mlp_nn_HLS_mac_muladd_8ns_8ns_16ns_16_4_1_DSP48_0_U/b_reg_reg' and it is trimmed from '18' to '16' bits. [c:/Users/sunil/VivadoProjects/EE4218Labs/Project/MLP_NN_Project/MLP_NN_Project.gen/sources_1/bd/design_1/ipshared/fecc/hdl/verilog/mlp_nn_HLS_mac_muladd_8ns_8ns_16ns_16_4_1.v:33]
WARNING: [Synth 8-3936] Found unconnected internal register 'grp_mlp_nn_HLS_Pipeline_VITIS_LOOP_33_1_fu_315/mac_muladd_8ns_8ns_16ns_16_4_1_U25/mlp_nn_HLS_mac_muladd_8ns_8ns_16ns_16_4_1_DSP48_0_U/b_reg_reg' and it is trimmed from '18' to '16' bits. [c:/Users/sunil/VivadoProjects/EE4218Labs/Project/MLP_NN_Project/MLP_NN_Project.gen/sources_1/bd/design_1/ipshared/fecc/hdl/verilog/mlp_nn_HLS_mac_muladd_8ns_8ns_16ns_16_4_1.v:33]
WARNING: [Synth 8-3936] Found unconnected internal register 'grp_mlp_nn_HLS_Pipeline_VITIS_LOOP_33_1_fu_315/mac_muladd_8ns_8ns_16ns_16_4_1_U23/mlp_nn_HLS_mac_muladd_8ns_8ns_16ns_16_4_1_DSP48_0_U/b_reg_reg' and it is trimmed from '18' to '16' bits. [c:/Users/sunil/VivadoProjects/EE4218Labs/Project/MLP_NN_Project/MLP_NN_Project.gen/sources_1/bd/design_1/ipshared/fecc/hdl/verilog/mlp_nn_HLS_mac_muladd_8ns_8ns_16ns_16_4_1.v:33]
WARNING: [Synth 8-3936] Found unconnected internal register 'grp_mlp_nn_HLS_Pipeline_VITIS_LOOP_33_11_fu_340/mac_muladd_8ns_8ns_16ns_16_4_1_U52/mlp_nn_HLS_mac_muladd_8ns_8ns_16ns_16_4_1_DSP48_0_U/b_reg_reg' and it is trimmed from '18' to '16' bits. [c:/Users/sunil/VivadoProjects/EE4218Labs/Project/MLP_NN_Project/MLP_NN_Project.gen/sources_1/bd/design_1/ipshared/fecc/hdl/verilog/mlp_nn_HLS_mac_muladd_8ns_8ns_16ns_16_4_1.v:33]
WARNING: [Synth 8-3936] Found unconnected internal register 'grp_mlp_nn_HLS_Pipeline_VITIS_LOOP_33_11_fu_340/mac_muladd_8ns_8ns_16ns_16_4_1_U50/mlp_nn_HLS_mac_muladd_8ns_8ns_16ns_16_4_1_DSP48_0_U/b_reg_reg' and it is trimmed from '18' to '16' bits. [c:/Users/sunil/VivadoProjects/EE4218Labs/Project/MLP_NN_Project/MLP_NN_Project.gen/sources_1/bd/design_1/ipshared/fecc/hdl/verilog/mlp_nn_HLS_mac_muladd_8ns_8ns_16ns_16_4_1.v:33]
WARNING: [Synth 8-3936] Found unconnected internal register 'grp_mlp_nn_HLS_Pipeline_VITIS_LOOP_33_11_fu_340/mac_muladd_8ns_8ns_16ns_16_4_1_U53/mlp_nn_HLS_mac_muladd_8ns_8ns_16ns_16_4_1_DSP48_0_U/b_reg_reg' and it is trimmed from '18' to '16' bits. [c:/Users/sunil/VivadoProjects/EE4218Labs/Project/MLP_NN_Project/MLP_NN_Project.gen/sources_1/bd/design_1/ipshared/fecc/hdl/verilog/mlp_nn_HLS_mac_muladd_8ns_8ns_16ns_16_4_1.v:33]
WARNING: [Synth 8-3936] Found unconnected internal register 'grp_mlp_nn_HLS_Pipeline_VITIS_LOOP_33_11_fu_340/mac_muladd_8ns_8ns_16ns_16_4_1_U51/mlp_nn_HLS_mac_muladd_8ns_8ns_16ns_16_4_1_DSP48_0_U/b_reg_reg' and it is trimmed from '18' to '16' bits. [c:/Users/sunil/VivadoProjects/EE4218Labs/Project/MLP_NN_Project/MLP_NN_Project.gen/sources_1/bd/design_1/ipshared/fecc/hdl/verilog/mlp_nn_HLS_mac_muladd_8ns_8ns_16ns_16_4_1.v:33]
WARNING: [Synth 8-3936] Found unconnected internal register 'grp_mlp_nn_HLS_Pipeline_VITIS_LOOP_55_1_fu_365/mac_muladd_8ns_8ns_16ns_16_4_1_U72/mlp_nn_HLS_mac_muladd_8ns_8ns_16ns_16_4_1_DSP48_0_U/b_reg_reg' and it is trimmed from '18' to '16' bits. [c:/Users/sunil/VivadoProjects/EE4218Labs/Project/MLP_NN_Project/MLP_NN_Project.gen/sources_1/bd/design_1/ipshared/fecc/hdl/verilog/mlp_nn_HLS_mac_muladd_8ns_8ns_16ns_16_4_1.v:33]
WARNING: [Synth 8-3936] Found unconnected internal register 'grp_mlp_nn_HLS_Pipeline_VITIS_LOOP_55_1_fu_365/mac_muladd_8ns_8ns_16ns_16_4_1_U73/mlp_nn_HLS_mac_muladd_8ns_8ns_16ns_16_4_1_DSP48_0_U/b_reg_reg' and it is trimmed from '18' to '16' bits. [c:/Users/sunil/VivadoProjects/EE4218Labs/Project/MLP_NN_Project/MLP_NN_Project.gen/sources_1/bd/design_1/ipshared/fecc/hdl/verilog/mlp_nn_HLS_mac_muladd_8ns_8ns_16ns_16_4_1.v:33]
WARNING: [Synth 8-3936] Found unconnected internal register 'regslice_both_S_AXIS_V_data_V_U/B_V_data_1_payload_A_reg' and it is trimmed from '32' to '8' bits. [c:/Users/sunil/VivadoProjects/EE4218Labs/Project/MLP_NN_Project/MLP_NN_Project.gen/sources_1/bd/design_1/ipshared/fecc/hdl/verilog/mlp_nn_HLS_regslice_both.v:87]
WARNING: [Synth 8-3936] Found unconnected internal register 'regslice_both_S_AXIS_V_data_V_U/B_V_data_1_payload_B_reg' and it is trimmed from '32' to '8' bits. [c:/Users/sunil/VivadoProjects/EE4218Labs/Project/MLP_NN_Project/MLP_NN_Project.gen/sources_1/bd/design_1/ipshared/fecc/hdl/verilog/mlp_nn_HLS_regslice_both.v:93]
INFO: [Synth 8-6904] The RAM "inst/A_6_U/ram_reg" of size (depth=64 x width=8) is automatically implemented using LUTRAM. BRAM implementation would be inefficient 
INFO: [Synth 8-6904] The RAM "inst/WEIGHTS_N1_VEC_HIDDEN_U/ram_reg" of size (depth=8 x width=8) is automatically implemented using LUTRAM. BRAM implementation would be inefficient 
DSP Report: Generating DSP grp_mlp_nn_HLS_Pipeline_VITIS_LOOP_33_1_fu_315/mac_muladd_8ns_8ns_16ns_16_4_1_U24/mlp_nn_HLS_mac_muladd_8ns_8ns_16ns_16_4_1_DSP48_0_U/m_reg_reg, operation Mode is: (A''*B'')'.
DSP Report: register grp_mlp_nn_HLS_Pipeline_VITIS_LOOP_33_1_fu_315/mac_muladd_8ns_8ns_16ns_16_4_1_U24/mlp_nn_HLS_mac_muladd_8ns_8ns_16ns_16_4_1_DSP48_0_U/m_reg_reg is absorbed into DSP grp_mlp_nn_HLS_Pipeline_VITIS_LOOP_33_1_fu_315/mac_muladd_8ns_8ns_16ns_16_4_1_U24/mlp_nn_HLS_mac_muladd_8ns_8ns_16ns_16_4_1_DSP48_0_U/m_reg_reg.
DSP Report: register grp_mlp_nn_HLS_Pipeline_VITIS_LOOP_33_1_fu_315/mac_muladd_8ns_8ns_16ns_16_4_1_U24/mlp_nn_HLS_mac_muladd_8ns_8ns_16ns_16_4_1_DSP48_0_U/m_reg_reg is absorbed into DSP grp_mlp_nn_HLS_Pipeline_VITIS_LOOP_33_1_fu_315/mac_muladd_8ns_8ns_16ns_16_4_1_U24/mlp_nn_HLS_mac_muladd_8ns_8ns_16ns_16_4_1_DSP48_0_U/m_reg_reg.
DSP Report: register grp_mlp_nn_HLS_Pipeline_VITIS_LOOP_33_1_fu_315/mac_muladd_8ns_8ns_16ns_16_4_1_U24/mlp_nn_HLS_mac_muladd_8ns_8ns_16ns_16_4_1_DSP48_0_U/m_reg_reg is absorbed into DSP grp_mlp_nn_HLS_Pipeline_VITIS_LOOP_33_1_fu_315/mac_muladd_8ns_8ns_16ns_16_4_1_U24/mlp_nn_HLS_mac_muladd_8ns_8ns_16ns_16_4_1_DSP48_0_U/m_reg_reg.
DSP Report: register grp_mlp_nn_HLS_Pipeline_VITIS_LOOP_33_1_fu_315/mac_muladd_8ns_8ns_16ns_16_4_1_U24/mlp_nn_HLS_mac_muladd_8ns_8ns_16ns_16_4_1_DSP48_0_U/m_reg_reg is absorbed into DSP grp_mlp_nn_HLS_Pipeline_VITIS_LOOP_33_1_fu_315/mac_muladd_8ns_8ns_16ns_16_4_1_U24/mlp_nn_HLS_mac_muladd_8ns_8ns_16ns_16_4_1_DSP48_0_U/m_reg_reg.
DSP Report: register grp_mlp_nn_HLS_Pipeline_VITIS_LOOP_33_1_fu_315/mac_muladd_8ns_8ns_16ns_16_4_1_U24/mlp_nn_HLS_mac_muladd_8ns_8ns_16ns_16_4_1_DSP48_0_U/m_reg_reg is absorbed into DSP grp_mlp_nn_HLS_Pipeline_VITIS_LOOP_33_1_fu_315/mac_muladd_8ns_8ns_16ns_16_4_1_U24/mlp_nn_HLS_mac_muladd_8ns_8ns_16ns_16_4_1_DSP48_0_U/m_reg_reg.
DSP Report: operator grp_mlp_nn_HLS_Pipeline_VITIS_LOOP_33_1_fu_315/mac_muladd_8ns_8ns_16ns_16_4_1_U24/mlp_nn_HLS_mac_muladd_8ns_8ns_16ns_16_4_1_DSP48_0_U/m is absorbed into DSP grp_mlp_nn_HLS_Pipeline_VITIS_LOOP_33_1_fu_315/mac_muladd_8ns_8ns_16ns_16_4_1_U24/mlp_nn_HLS_mac_muladd_8ns_8ns_16ns_16_4_1_DSP48_0_U/m_reg_reg.
INFO: [Synth 8-6904] The RAM "inst/A_5_U/ram_reg" of size (depth=64 x width=8) is automatically implemented using LUTRAM. BRAM implementation would be inefficient 
DSP Report: Generating DSP grp_mlp_nn_HLS_Pipeline_VITIS_LOOP_33_1_fu_315/mac_muladd_8ns_8ns_16ns_16_4_1_U24/mlp_nn_HLS_mac_muladd_8ns_8ns_16ns_16_4_1_DSP48_0_U/p_reg_reg, operation Mode is: (PCIN+A2*B'')'.
DSP Report: register grp_mlp_nn_HLS_Pipeline_VITIS_LOOP_33_1_fu_315/mac_muladd_8ns_8ns_16ns_16_4_1_U24/mlp_nn_HLS_mac_muladd_8ns_8ns_16ns_16_4_1_DSP48_0_U/p_reg_reg is absorbed into DSP grp_mlp_nn_HLS_Pipeline_VITIS_LOOP_33_1_fu_315/mac_muladd_8ns_8ns_16ns_16_4_1_U24/mlp_nn_HLS_mac_muladd_8ns_8ns_16ns_16_4_1_DSP48_0_U/p_reg_reg.
DSP Report: register grp_mlp_nn_HLS_Pipeline_VITIS_LOOP_33_1_fu_315/mac_muladd_8ns_8ns_16ns_16_4_1_U24/mlp_nn_HLS_mac_muladd_8ns_8ns_16ns_16_4_1_DSP48_0_U/p_reg_reg is absorbed into DSP grp_mlp_nn_HLS_Pipeline_VITIS_LOOP_33_1_fu_315/mac_muladd_8ns_8ns_16ns_16_4_1_U24/mlp_nn_HLS_mac_muladd_8ns_8ns_16ns_16_4_1_DSP48_0_U/p_reg_reg.
DSP Report: register grp_mlp_nn_HLS_Pipeline_VITIS_LOOP_33_1_fu_315/mac_muladd_8ns_8ns_16ns_16_4_1_U24/mlp_nn_HLS_mac_muladd_8ns_8ns_16ns_16_4_1_DSP48_0_U/p_reg_reg is absorbed into DSP grp_mlp_nn_HLS_Pipeline_VITIS_LOOP_33_1_fu_315/mac_muladd_8ns_8ns_16ns_16_4_1_U24/mlp_nn_HLS_mac_muladd_8ns_8ns_16ns_16_4_1_DSP48_0_U/p_reg_reg.
DSP Report: register grp_mlp_nn_HLS_Pipeline_VITIS_LOOP_33_1_fu_315/mac_muladd_8ns_8ns_16ns_16_4_1_U24/mlp_nn_HLS_mac_muladd_8ns_8ns_16ns_16_4_1_DSP48_0_U/p_reg_reg is absorbed into DSP grp_mlp_nn_HLS_Pipeline_VITIS_LOOP_33_1_fu_315/mac_muladd_8ns_8ns_16ns_16_4_1_U24/mlp_nn_HLS_mac_muladd_8ns_8ns_16ns_16_4_1_DSP48_0_U/p_reg_reg.
DSP Report: operator grp_mlp_nn_HLS_Pipeline_VITIS_LOOP_33_1_fu_315/mac_muladd_8ns_8ns_16ns_16_4_1_U24/mlp_nn_HLS_mac_muladd_8ns_8ns_16ns_16_4_1_DSP48_0_U/p is absorbed into DSP grp_mlp_nn_HLS_Pipeline_VITIS_LOOP_33_1_fu_315/mac_muladd_8ns_8ns_16ns_16_4_1_U24/mlp_nn_HLS_mac_muladd_8ns_8ns_16ns_16_4_1_DSP48_0_U/p_reg_reg.
DSP Report: operator grp_mlp_nn_HLS_Pipeline_VITIS_LOOP_33_1_fu_315/mul_8ns_8ns_16_1_1_U21/tmp_product is absorbed into DSP grp_mlp_nn_HLS_Pipeline_VITIS_LOOP_33_1_fu_315/mac_muladd_8ns_8ns_16ns_16_4_1_U24/mlp_nn_HLS_mac_muladd_8ns_8ns_16ns_16_4_1_DSP48_0_U/p_reg_reg.
INFO: [Synth 8-6904] The RAM "inst/A_2_U/ram_reg" of size (depth=64 x width=8) is automatically implemented using LUTRAM. BRAM implementation would be inefficient 
DSP Report: Generating DSP grp_mlp_nn_HLS_Pipeline_VITIS_LOOP_33_1_fu_315/mac_muladd_8ns_8ns_16ns_16_4_1_U22/mlp_nn_HLS_mac_muladd_8ns_8ns_16ns_16_4_1_DSP48_0_U/m_reg_reg, operation Mode is: (A''*B'')'.
DSP Report: register grp_mlp_nn_HLS_Pipeline_VITIS_LOOP_33_1_fu_315/mac_muladd_8ns_8ns_16ns_16_4_1_U22/mlp_nn_HLS_mac_muladd_8ns_8ns_16ns_16_4_1_DSP48_0_U/m_reg_reg is absorbed into DSP grp_mlp_nn_HLS_Pipeline_VITIS_LOOP_33_1_fu_315/mac_muladd_8ns_8ns_16ns_16_4_1_U22/mlp_nn_HLS_mac_muladd_8ns_8ns_16ns_16_4_1_DSP48_0_U/m_reg_reg.
DSP Report: register grp_mlp_nn_HLS_Pipeline_VITIS_LOOP_33_1_fu_315/mac_muladd_8ns_8ns_16ns_16_4_1_U22/mlp_nn_HLS_mac_muladd_8ns_8ns_16ns_16_4_1_DSP48_0_U/m_reg_reg is absorbed into DSP grp_mlp_nn_HLS_Pipeline_VITIS_LOOP_33_1_fu_315/mac_muladd_8ns_8ns_16ns_16_4_1_U22/mlp_nn_HLS_mac_muladd_8ns_8ns_16ns_16_4_1_DSP48_0_U/m_reg_reg.
DSP Report: register grp_mlp_nn_HLS_Pipeline_VITIS_LOOP_33_1_fu_315/mac_muladd_8ns_8ns_16ns_16_4_1_U22/mlp_nn_HLS_mac_muladd_8ns_8ns_16ns_16_4_1_DSP48_0_U/m_reg_reg is absorbed into DSP grp_mlp_nn_HLS_Pipeline_VITIS_LOOP_33_1_fu_315/mac_muladd_8ns_8ns_16ns_16_4_1_U22/mlp_nn_HLS_mac_muladd_8ns_8ns_16ns_16_4_1_DSP48_0_U/m_reg_reg.
DSP Report: register grp_mlp_nn_HLS_Pipeline_VITIS_LOOP_33_1_fu_315/mac_muladd_8ns_8ns_16ns_16_4_1_U22/mlp_nn_HLS_mac_muladd_8ns_8ns_16ns_16_4_1_DSP48_0_U/m_reg_reg is absorbed into DSP grp_mlp_nn_HLS_Pipeline_VITIS_LOOP_33_1_fu_315/mac_muladd_8ns_8ns_16ns_16_4_1_U22/mlp_nn_HLS_mac_muladd_8ns_8ns_16ns_16_4_1_DSP48_0_U/m_reg_reg.
DSP Report: register grp_mlp_nn_HLS_Pipeline_VITIS_LOOP_33_1_fu_315/mac_muladd_8ns_8ns_16ns_16_4_1_U22/mlp_nn_HLS_mac_muladd_8ns_8ns_16ns_16_4_1_DSP48_0_U/m_reg_reg is absorbed into DSP grp_mlp_nn_HLS_Pipeline_VITIS_LOOP_33_1_fu_315/mac_muladd_8ns_8ns_16ns_16_4_1_U22/mlp_nn_HLS_mac_muladd_8ns_8ns_16ns_16_4_1_DSP48_0_U/m_reg_reg.
DSP Report: operator grp_mlp_nn_HLS_Pipeline_VITIS_LOOP_33_1_fu_315/mac_muladd_8ns_8ns_16ns_16_4_1_U22/mlp_nn_HLS_mac_muladd_8ns_8ns_16ns_16_4_1_DSP48_0_U/m is absorbed into DSP grp_mlp_nn_HLS_Pipeline_VITIS_LOOP_33_1_fu_315/mac_muladd_8ns_8ns_16ns_16_4_1_U22/mlp_nn_HLS_mac_muladd_8ns_8ns_16ns_16_4_1_DSP48_0_U/m_reg_reg.
INFO: [Synth 8-6904] The RAM "inst/A_1_U/ram_reg" of size (depth=64 x width=8) is automatically implemented using LUTRAM. BRAM implementation would be inefficient 
DSP Report: Generating DSP grp_mlp_nn_HLS_Pipeline_VITIS_LOOP_33_1_fu_315/mac_muladd_8ns_8ns_16ns_16_4_1_U22/mlp_nn_HLS_mac_muladd_8ns_8ns_16ns_16_4_1_DSP48_0_U/p_reg_reg, operation Mode is: (PCIN+A2*B'')'.
DSP Report: register grp_mlp_nn_HLS_Pipeline_VITIS_LOOP_33_1_fu_315/mac_muladd_8ns_8ns_16ns_16_4_1_U22/mlp_nn_HLS_mac_muladd_8ns_8ns_16ns_16_4_1_DSP48_0_U/p_reg_reg is absorbed into DSP grp_mlp_nn_HLS_Pipeline_VITIS_LOOP_33_1_fu_315/mac_muladd_8ns_8ns_16ns_16_4_1_U22/mlp_nn_HLS_mac_muladd_8ns_8ns_16ns_16_4_1_DSP48_0_U/p_reg_reg.
DSP Report: register grp_mlp_nn_HLS_Pipeline_VITIS_LOOP_33_1_fu_315/mac_muladd_8ns_8ns_16ns_16_4_1_U22/mlp_nn_HLS_mac_muladd_8ns_8ns_16ns_16_4_1_DSP48_0_U/p_reg_reg is absorbed into DSP grp_mlp_nn_HLS_Pipeline_VITIS_LOOP_33_1_fu_315/mac_muladd_8ns_8ns_16ns_16_4_1_U22/mlp_nn_HLS_mac_muladd_8ns_8ns_16ns_16_4_1_DSP48_0_U/p_reg_reg.
DSP Report: register grp_mlp_nn_HLS_Pipeline_VITIS_LOOP_33_1_fu_315/mac_muladd_8ns_8ns_16ns_16_4_1_U22/mlp_nn_HLS_mac_muladd_8ns_8ns_16ns_16_4_1_DSP48_0_U/p_reg_reg is absorbed into DSP grp_mlp_nn_HLS_Pipeline_VITIS_LOOP_33_1_fu_315/mac_muladd_8ns_8ns_16ns_16_4_1_U22/mlp_nn_HLS_mac_muladd_8ns_8ns_16ns_16_4_1_DSP48_0_U/p_reg_reg.
DSP Report: register grp_mlp_nn_HLS_Pipeline_VITIS_LOOP_33_1_fu_315/mac_muladd_8ns_8ns_16ns_16_4_1_U22/mlp_nn_HLS_mac_muladd_8ns_8ns_16ns_16_4_1_DSP48_0_U/p_reg_reg is absorbed into DSP grp_mlp_nn_HLS_Pipeline_VITIS_LOOP_33_1_fu_315/mac_muladd_8ns_8ns_16ns_16_4_1_U22/mlp_nn_HLS_mac_muladd_8ns_8ns_16ns_16_4_1_DSP48_0_U/p_reg_reg.
DSP Report: operator grp_mlp_nn_HLS_Pipeline_VITIS_LOOP_33_1_fu_315/mac_muladd_8ns_8ns_16ns_16_4_1_U22/mlp_nn_HLS_mac_muladd_8ns_8ns_16ns_16_4_1_DSP48_0_U/p is absorbed into DSP grp_mlp_nn_HLS_Pipeline_VITIS_LOOP_33_1_fu_315/mac_muladd_8ns_8ns_16ns_16_4_1_U22/mlp_nn_HLS_mac_muladd_8ns_8ns_16ns_16_4_1_DSP48_0_U/p_reg_reg.
DSP Report: operator grp_mlp_nn_HLS_Pipeline_VITIS_LOOP_33_1_fu_315/mul_8ns_8ns_16_1_1_U19/tmp_product is absorbed into DSP grp_mlp_nn_HLS_Pipeline_VITIS_LOOP_33_1_fu_315/mac_muladd_8ns_8ns_16ns_16_4_1_U22/mlp_nn_HLS_mac_muladd_8ns_8ns_16ns_16_4_1_DSP48_0_U/p_reg_reg.
INFO: [Synth 8-6904] The RAM "inst/A_3_U/ram_reg" of size (depth=64 x width=8) is automatically implemented using LUTRAM. BRAM implementation would be inefficient 
DSP Report: Generating DSP grp_mlp_nn_HLS_Pipeline_VITIS_LOOP_33_1_fu_315/mac_muladd_8ns_8ns_16ns_16_4_1_U23/mlp_nn_HLS_mac_muladd_8ns_8ns_16ns_16_4_1_DSP48_0_U/m_reg_reg, operation Mode is: (A''*B'')'.
DSP Report: register grp_mlp_nn_HLS_Pipeline_VITIS_LOOP_33_1_fu_315/mac_muladd_8ns_8ns_16ns_16_4_1_U23/mlp_nn_HLS_mac_muladd_8ns_8ns_16ns_16_4_1_DSP48_0_U/m_reg_reg is absorbed into DSP grp_mlp_nn_HLS_Pipeline_VITIS_LOOP_33_1_fu_315/mac_muladd_8ns_8ns_16ns_16_4_1_U23/mlp_nn_HLS_mac_muladd_8ns_8ns_16ns_16_4_1_DSP48_0_U/m_reg_reg.
DSP Report: register grp_mlp_nn_HLS_Pipeline_VITIS_LOOP_33_1_fu_315/mac_muladd_8ns_8ns_16ns_16_4_1_U23/mlp_nn_HLS_mac_muladd_8ns_8ns_16ns_16_4_1_DSP48_0_U/m_reg_reg is absorbed into DSP grp_mlp_nn_HLS_Pipeline_VITIS_LOOP_33_1_fu_315/mac_muladd_8ns_8ns_16ns_16_4_1_U23/mlp_nn_HLS_mac_muladd_8ns_8ns_16ns_16_4_1_DSP48_0_U/m_reg_reg.
DSP Report: register grp_mlp_nn_HLS_Pipeline_VITIS_LOOP_33_1_fu_315/mac_muladd_8ns_8ns_16ns_16_4_1_U23/mlp_nn_HLS_mac_muladd_8ns_8ns_16ns_16_4_1_DSP48_0_U/m_reg_reg is absorbed into DSP grp_mlp_nn_HLS_Pipeline_VITIS_LOOP_33_1_fu_315/mac_muladd_8ns_8ns_16ns_16_4_1_U23/mlp_nn_HLS_mac_muladd_8ns_8ns_16ns_16_4_1_DSP48_0_U/m_reg_reg.
DSP Report: register grp_mlp_nn_HLS_Pipeline_VITIS_LOOP_33_1_fu_315/mac_muladd_8ns_8ns_16ns_16_4_1_U23/mlp_nn_HLS_mac_muladd_8ns_8ns_16ns_16_4_1_DSP48_0_U/m_reg_reg is absorbed into DSP grp_mlp_nn_HLS_Pipeline_VITIS_LOOP_33_1_fu_315/mac_muladd_8ns_8ns_16ns_16_4_1_U23/mlp_nn_HLS_mac_muladd_8ns_8ns_16ns_16_4_1_DSP48_0_U/m_reg_reg.
DSP Report: register grp_mlp_nn_HLS_Pipeline_VITIS_LOOP_33_1_fu_315/mac_muladd_8ns_8ns_16ns_16_4_1_U23/mlp_nn_HLS_mac_muladd_8ns_8ns_16ns_16_4_1_DSP48_0_U/m_reg_reg is absorbed into DSP grp_mlp_nn_HLS_Pipeline_VITIS_LOOP_33_1_fu_315/mac_muladd_8ns_8ns_16ns_16_4_1_U23/mlp_nn_HLS_mac_muladd_8ns_8ns_16ns_16_4_1_DSP48_0_U/m_reg_reg.
DSP Report: operator grp_mlp_nn_HLS_Pipeline_VITIS_LOOP_33_1_fu_315/mac_muladd_8ns_8ns_16ns_16_4_1_U23/mlp_nn_HLS_mac_muladd_8ns_8ns_16ns_16_4_1_DSP48_0_U/m is absorbed into DSP grp_mlp_nn_HLS_Pipeline_VITIS_LOOP_33_1_fu_315/mac_muladd_8ns_8ns_16ns_16_4_1_U23/mlp_nn_HLS_mac_muladd_8ns_8ns_16ns_16_4_1_DSP48_0_U/m_reg_reg.
INFO: [Synth 8-6904] The RAM "inst/A_4_U/ram_reg" of size (depth=64 x width=8) is automatically implemented using LUTRAM. BRAM implementation would be inefficient 
DSP Report: Generating DSP grp_mlp_nn_HLS_Pipeline_VITIS_LOOP_33_1_fu_315/mac_muladd_8ns_8ns_16ns_16_4_1_U23/mlp_nn_HLS_mac_muladd_8ns_8ns_16ns_16_4_1_DSP48_0_U/p_reg_reg, operation Mode is: (PCIN+A2*B'')'.
DSP Report: register grp_mlp_nn_HLS_Pipeline_VITIS_LOOP_33_1_fu_315/mac_muladd_8ns_8ns_16ns_16_4_1_U23/mlp_nn_HLS_mac_muladd_8ns_8ns_16ns_16_4_1_DSP48_0_U/p_reg_reg is absorbed into DSP grp_mlp_nn_HLS_Pipeline_VITIS_LOOP_33_1_fu_315/mac_muladd_8ns_8ns_16ns_16_4_1_U23/mlp_nn_HLS_mac_muladd_8ns_8ns_16ns_16_4_1_DSP48_0_U/p_reg_reg.
DSP Report: register grp_mlp_nn_HLS_Pipeline_VITIS_LOOP_33_1_fu_315/mac_muladd_8ns_8ns_16ns_16_4_1_U23/mlp_nn_HLS_mac_muladd_8ns_8ns_16ns_16_4_1_DSP48_0_U/p_reg_reg is absorbed into DSP grp_mlp_nn_HLS_Pipeline_VITIS_LOOP_33_1_fu_315/mac_muladd_8ns_8ns_16ns_16_4_1_U23/mlp_nn_HLS_mac_muladd_8ns_8ns_16ns_16_4_1_DSP48_0_U/p_reg_reg.
DSP Report: register grp_mlp_nn_HLS_Pipeline_VITIS_LOOP_33_1_fu_315/mac_muladd_8ns_8ns_16ns_16_4_1_U23/mlp_nn_HLS_mac_muladd_8ns_8ns_16ns_16_4_1_DSP48_0_U/p_reg_reg is absorbed into DSP grp_mlp_nn_HLS_Pipeline_VITIS_LOOP_33_1_fu_315/mac_muladd_8ns_8ns_16ns_16_4_1_U23/mlp_nn_HLS_mac_muladd_8ns_8ns_16ns_16_4_1_DSP48_0_U/p_reg_reg.
DSP Report: register grp_mlp_nn_HLS_Pipeline_VITIS_LOOP_33_1_fu_315/mac_muladd_8ns_8ns_16ns_16_4_1_U23/mlp_nn_HLS_mac_muladd_8ns_8ns_16ns_16_4_1_DSP48_0_U/p_reg_reg is absorbed into DSP grp_mlp_nn_HLS_Pipeline_VITIS_LOOP_33_1_fu_315/mac_muladd_8ns_8ns_16ns_16_4_1_U23/mlp_nn_HLS_mac_muladd_8ns_8ns_16ns_16_4_1_DSP48_0_U/p_reg_reg.
DSP Report: operator grp_mlp_nn_HLS_Pipeline_VITIS_LOOP_33_1_fu_315/mac_muladd_8ns_8ns_16ns_16_4_1_U23/mlp_nn_HLS_mac_muladd_8ns_8ns_16ns_16_4_1_DSP48_0_U/p is absorbed into DSP grp_mlp_nn_HLS_Pipeline_VITIS_LOOP_33_1_fu_315/mac_muladd_8ns_8ns_16ns_16_4_1_U23/mlp_nn_HLS_mac_muladd_8ns_8ns_16ns_16_4_1_DSP48_0_U/p_reg_reg.
DSP Report: operator grp_mlp_nn_HLS_Pipeline_VITIS_LOOP_33_1_fu_315/mul_8ns_8ns_16_1_1_U20/tmp_product is absorbed into DSP grp_mlp_nn_HLS_Pipeline_VITIS_LOOP_33_1_fu_315/mac_muladd_8ns_8ns_16ns_16_4_1_U23/mlp_nn_HLS_mac_muladd_8ns_8ns_16ns_16_4_1_DSP48_0_U/p_reg_reg.
INFO: [Synth 8-6904] The RAM "inst/A_7_U/ram_reg" of size (depth=64 x width=8) is automatically implemented using LUTRAM. BRAM implementation would be inefficient 
DSP Report: Generating DSP grp_mlp_nn_HLS_Pipeline_VITIS_LOOP_33_1_fu_315/mac_muladd_8ns_8ns_16ns_16_4_1_U25/mlp_nn_HLS_mac_muladd_8ns_8ns_16ns_16_4_1_DSP48_0_U/m_reg_reg, operation Mode is: (A''*B'')'.
DSP Report: register grp_mlp_nn_HLS_Pipeline_VITIS_LOOP_33_1_fu_315/mac_muladd_8ns_8ns_16ns_16_4_1_U25/mlp_nn_HLS_mac_muladd_8ns_8ns_16ns_16_4_1_DSP48_0_U/m_reg_reg is absorbed into DSP grp_mlp_nn_HLS_Pipeline_VITIS_LOOP_33_1_fu_315/mac_muladd_8ns_8ns_16ns_16_4_1_U25/mlp_nn_HLS_mac_muladd_8ns_8ns_16ns_16_4_1_DSP48_0_U/m_reg_reg.
DSP Report: register grp_mlp_nn_HLS_Pipeline_VITIS_LOOP_33_1_fu_315/mac_muladd_8ns_8ns_16ns_16_4_1_U25/mlp_nn_HLS_mac_muladd_8ns_8ns_16ns_16_4_1_DSP48_0_U/m_reg_reg is absorbed into DSP grp_mlp_nn_HLS_Pipeline_VITIS_LOOP_33_1_fu_315/mac_muladd_8ns_8ns_16ns_16_4_1_U25/mlp_nn_HLS_mac_muladd_8ns_8ns_16ns_16_4_1_DSP48_0_U/m_reg_reg.
DSP Report: register grp_mlp_nn_HLS_Pipeline_VITIS_LOOP_33_1_fu_315/mac_muladd_8ns_8ns_16ns_16_4_1_U25/mlp_nn_HLS_mac_muladd_8ns_8ns_16ns_16_4_1_DSP48_0_U/m_reg_reg is absorbed into DSP grp_mlp_nn_HLS_Pipeline_VITIS_LOOP_33_1_fu_315/mac_muladd_8ns_8ns_16ns_16_4_1_U25/mlp_nn_HLS_mac_muladd_8ns_8ns_16ns_16_4_1_DSP48_0_U/m_reg_reg.
DSP Report: register grp_mlp_nn_HLS_Pipeline_VITIS_LOOP_33_1_fu_315/mac_muladd_8ns_8ns_16ns_16_4_1_U25/mlp_nn_HLS_mac_muladd_8ns_8ns_16ns_16_4_1_DSP48_0_U/m_reg_reg is absorbed into DSP grp_mlp_nn_HLS_Pipeline_VITIS_LOOP_33_1_fu_315/mac_muladd_8ns_8ns_16ns_16_4_1_U25/mlp_nn_HLS_mac_muladd_8ns_8ns_16ns_16_4_1_DSP48_0_U/m_reg_reg.
DSP Report: register grp_mlp_nn_HLS_Pipeline_VITIS_LOOP_33_1_fu_315/mac_muladd_8ns_8ns_16ns_16_4_1_U25/mlp_nn_HLS_mac_muladd_8ns_8ns_16ns_16_4_1_DSP48_0_U/m_reg_reg is absorbed into DSP grp_mlp_nn_HLS_Pipeline_VITIS_LOOP_33_1_fu_315/mac_muladd_8ns_8ns_16ns_16_4_1_U25/mlp_nn_HLS_mac_muladd_8ns_8ns_16ns_16_4_1_DSP48_0_U/m_reg_reg.
DSP Report: operator grp_mlp_nn_HLS_Pipeline_VITIS_LOOP_33_1_fu_315/mac_muladd_8ns_8ns_16ns_16_4_1_U25/mlp_nn_HLS_mac_muladd_8ns_8ns_16ns_16_4_1_DSP48_0_U/m is absorbed into DSP grp_mlp_nn_HLS_Pipeline_VITIS_LOOP_33_1_fu_315/mac_muladd_8ns_8ns_16ns_16_4_1_U25/mlp_nn_HLS_mac_muladd_8ns_8ns_16ns_16_4_1_DSP48_0_U/m_reg_reg.
INFO: [Synth 8-6904] The RAM "inst/A_U/ram_reg" of size (depth=64 x width=8) is automatically implemented using LUTRAM. BRAM implementation would be inefficient 
DSP Report: Generating DSP grp_mlp_nn_HLS_Pipeline_VITIS_LOOP_33_1_fu_315/mac_muladd_8ns_8ns_16ns_16_4_1_U25/mlp_nn_HLS_mac_muladd_8ns_8ns_16ns_16_4_1_DSP48_0_U/p_reg_reg, operation Mode is: (PCIN+A2*B'')'.
DSP Report: register grp_mlp_nn_HLS_Pipeline_VITIS_LOOP_33_1_fu_315/mac_muladd_8ns_8ns_16ns_16_4_1_U25/mlp_nn_HLS_mac_muladd_8ns_8ns_16ns_16_4_1_DSP48_0_U/p_reg_reg is absorbed into DSP grp_mlp_nn_HLS_Pipeline_VITIS_LOOP_33_1_fu_315/mac_muladd_8ns_8ns_16ns_16_4_1_U25/mlp_nn_HLS_mac_muladd_8ns_8ns_16ns_16_4_1_DSP48_0_U/p_reg_reg.
DSP Report: register grp_mlp_nn_HLS_Pipeline_VITIS_LOOP_33_1_fu_315/mac_muladd_8ns_8ns_16ns_16_4_1_U25/mlp_nn_HLS_mac_muladd_8ns_8ns_16ns_16_4_1_DSP48_0_U/p_reg_reg is absorbed into DSP grp_mlp_nn_HLS_Pipeline_VITIS_LOOP_33_1_fu_315/mac_muladd_8ns_8ns_16ns_16_4_1_U25/mlp_nn_HLS_mac_muladd_8ns_8ns_16ns_16_4_1_DSP48_0_U/p_reg_reg.
DSP Report: register grp_mlp_nn_HLS_Pipeline_VITIS_LOOP_33_1_fu_315/mac_muladd_8ns_8ns_16ns_16_4_1_U25/mlp_nn_HLS_mac_muladd_8ns_8ns_16ns_16_4_1_DSP48_0_U/p_reg_reg is absorbed into DSP grp_mlp_nn_HLS_Pipeline_VITIS_LOOP_33_1_fu_315/mac_muladd_8ns_8ns_16ns_16_4_1_U25/mlp_nn_HLS_mac_muladd_8ns_8ns_16ns_16_4_1_DSP48_0_U/p_reg_reg.
DSP Report: register grp_mlp_nn_HLS_Pipeline_VITIS_LOOP_33_1_fu_315/mac_muladd_8ns_8ns_16ns_16_4_1_U25/mlp_nn_HLS_mac_muladd_8ns_8ns_16ns_16_4_1_DSP48_0_U/p_reg_reg is absorbed into DSP grp_mlp_nn_HLS_Pipeline_VITIS_LOOP_33_1_fu_315/mac_muladd_8ns_8ns_16ns_16_4_1_U25/mlp_nn_HLS_mac_muladd_8ns_8ns_16ns_16_4_1_DSP48_0_U/p_reg_reg.
DSP Report: operator grp_mlp_nn_HLS_Pipeline_VITIS_LOOP_33_1_fu_315/mac_muladd_8ns_8ns_16ns_16_4_1_U25/mlp_nn_HLS_mac_muladd_8ns_8ns_16ns_16_4_1_DSP48_0_U/p is absorbed into DSP grp_mlp_nn_HLS_Pipeline_VITIS_LOOP_33_1_fu_315/mac_muladd_8ns_8ns_16ns_16_4_1_U25/mlp_nn_HLS_mac_muladd_8ns_8ns_16ns_16_4_1_DSP48_0_U/p_reg_reg.
DSP Report: operator grp_mlp_nn_HLS_Pipeline_VITIS_LOOP_33_1_fu_315/mul_8ns_8ns_16_1_1_U18/tmp_product is absorbed into DSP grp_mlp_nn_HLS_Pipeline_VITIS_LOOP_33_1_fu_315/mac_muladd_8ns_8ns_16ns_16_4_1_U25/mlp_nn_HLS_mac_muladd_8ns_8ns_16ns_16_4_1_DSP48_0_U/p_reg_reg.
INFO: [Synth 8-6904] The RAM "inst/WEIGHTS_N2_VEC_HIDDEN_U/ram_reg" of size (depth=8 x width=8) is automatically implemented using LUTRAM. BRAM implementation would be inefficient 
DSP Report: Generating DSP grp_mlp_nn_HLS_Pipeline_VITIS_LOOP_33_11_fu_340/mac_muladd_8ns_8ns_16ns_16_4_1_U52/mlp_nn_HLS_mac_muladd_8ns_8ns_16ns_16_4_1_DSP48_0_U/m_reg_reg, operation Mode is: (A''*B'')'.
DSP Report: register grp_mlp_nn_HLS_Pipeline_VITIS_LOOP_33_11_fu_340/mac_muladd_8ns_8ns_16ns_16_4_1_U52/mlp_nn_HLS_mac_muladd_8ns_8ns_16ns_16_4_1_DSP48_0_U/m_reg_reg is absorbed into DSP grp_mlp_nn_HLS_Pipeline_VITIS_LOOP_33_11_fu_340/mac_muladd_8ns_8ns_16ns_16_4_1_U52/mlp_nn_HLS_mac_muladd_8ns_8ns_16ns_16_4_1_DSP48_0_U/m_reg_reg.
DSP Report: register grp_mlp_nn_HLS_Pipeline_VITIS_LOOP_33_11_fu_340/mac_muladd_8ns_8ns_16ns_16_4_1_U52/mlp_nn_HLS_mac_muladd_8ns_8ns_16ns_16_4_1_DSP48_0_U/m_reg_reg is absorbed into DSP grp_mlp_nn_HLS_Pipeline_VITIS_LOOP_33_11_fu_340/mac_muladd_8ns_8ns_16ns_16_4_1_U52/mlp_nn_HLS_mac_muladd_8ns_8ns_16ns_16_4_1_DSP48_0_U/m_reg_reg.
DSP Report: register grp_mlp_nn_HLS_Pipeline_VITIS_LOOP_33_11_fu_340/mac_muladd_8ns_8ns_16ns_16_4_1_U52/mlp_nn_HLS_mac_muladd_8ns_8ns_16ns_16_4_1_DSP48_0_U/m_reg_reg is absorbed into DSP grp_mlp_nn_HLS_Pipeline_VITIS_LOOP_33_11_fu_340/mac_muladd_8ns_8ns_16ns_16_4_1_U52/mlp_nn_HLS_mac_muladd_8ns_8ns_16ns_16_4_1_DSP48_0_U/m_reg_reg.
DSP Report: register grp_mlp_nn_HLS_Pipeline_VITIS_LOOP_33_11_fu_340/mac_muladd_8ns_8ns_16ns_16_4_1_U52/mlp_nn_HLS_mac_muladd_8ns_8ns_16ns_16_4_1_DSP48_0_U/m_reg_reg is absorbed into DSP grp_mlp_nn_HLS_Pipeline_VITIS_LOOP_33_11_fu_340/mac_muladd_8ns_8ns_16ns_16_4_1_U52/mlp_nn_HLS_mac_muladd_8ns_8ns_16ns_16_4_1_DSP48_0_U/m_reg_reg.
DSP Report: register grp_mlp_nn_HLS_Pipeline_VITIS_LOOP_33_11_fu_340/mac_muladd_8ns_8ns_16ns_16_4_1_U52/mlp_nn_HLS_mac_muladd_8ns_8ns_16ns_16_4_1_DSP48_0_U/m_reg_reg is absorbed into DSP grp_mlp_nn_HLS_Pipeline_VITIS_LOOP_33_11_fu_340/mac_muladd_8ns_8ns_16ns_16_4_1_U52/mlp_nn_HLS_mac_muladd_8ns_8ns_16ns_16_4_1_DSP48_0_U/m_reg_reg.
DSP Report: operator grp_mlp_nn_HLS_Pipeline_VITIS_LOOP_33_11_fu_340/mac_muladd_8ns_8ns_16ns_16_4_1_U52/mlp_nn_HLS_mac_muladd_8ns_8ns_16ns_16_4_1_DSP48_0_U/m is absorbed into DSP grp_mlp_nn_HLS_Pipeline_VITIS_LOOP_33_11_fu_340/mac_muladd_8ns_8ns_16ns_16_4_1_U52/mlp_nn_HLS_mac_muladd_8ns_8ns_16ns_16_4_1_DSP48_0_U/m_reg_reg.
DSP Report: Generating DSP grp_mlp_nn_HLS_Pipeline_VITIS_LOOP_33_11_fu_340/mac_muladd_8ns_8ns_16ns_16_4_1_U52/mlp_nn_HLS_mac_muladd_8ns_8ns_16ns_16_4_1_DSP48_0_U/p_reg_reg, operation Mode is: (PCIN+A2*B'')'.
DSP Report: register grp_mlp_nn_HLS_Pipeline_VITIS_LOOP_33_11_fu_340/mac_muladd_8ns_8ns_16ns_16_4_1_U52/mlp_nn_HLS_mac_muladd_8ns_8ns_16ns_16_4_1_DSP48_0_U/p_reg_reg is absorbed into DSP grp_mlp_nn_HLS_Pipeline_VITIS_LOOP_33_11_fu_340/mac_muladd_8ns_8ns_16ns_16_4_1_U52/mlp_nn_HLS_mac_muladd_8ns_8ns_16ns_16_4_1_DSP48_0_U/p_reg_reg.
DSP Report: register grp_mlp_nn_HLS_Pipeline_VITIS_LOOP_33_11_fu_340/mac_muladd_8ns_8ns_16ns_16_4_1_U52/mlp_nn_HLS_mac_muladd_8ns_8ns_16ns_16_4_1_DSP48_0_U/p_reg_reg is absorbed into DSP grp_mlp_nn_HLS_Pipeline_VITIS_LOOP_33_11_fu_340/mac_muladd_8ns_8ns_16ns_16_4_1_U52/mlp_nn_HLS_mac_muladd_8ns_8ns_16ns_16_4_1_DSP48_0_U/p_reg_reg.
DSP Report: register grp_mlp_nn_HLS_Pipeline_VITIS_LOOP_33_11_fu_340/mac_muladd_8ns_8ns_16ns_16_4_1_U52/mlp_nn_HLS_mac_muladd_8ns_8ns_16ns_16_4_1_DSP48_0_U/p_reg_reg is absorbed into DSP grp_mlp_nn_HLS_Pipeline_VITIS_LOOP_33_11_fu_340/mac_muladd_8ns_8ns_16ns_16_4_1_U52/mlp_nn_HLS_mac_muladd_8ns_8ns_16ns_16_4_1_DSP48_0_U/p_reg_reg.
DSP Report: register grp_mlp_nn_HLS_Pipeline_VITIS_LOOP_33_11_fu_340/mac_muladd_8ns_8ns_16ns_16_4_1_U52/mlp_nn_HLS_mac_muladd_8ns_8ns_16ns_16_4_1_DSP48_0_U/p_reg_reg is absorbed into DSP grp_mlp_nn_HLS_Pipeline_VITIS_LOOP_33_11_fu_340/mac_muladd_8ns_8ns_16ns_16_4_1_U52/mlp_nn_HLS_mac_muladd_8ns_8ns_16ns_16_4_1_DSP48_0_U/p_reg_reg.
DSP Report: operator grp_mlp_nn_HLS_Pipeline_VITIS_LOOP_33_11_fu_340/mac_muladd_8ns_8ns_16ns_16_4_1_U52/mlp_nn_HLS_mac_muladd_8ns_8ns_16ns_16_4_1_DSP48_0_U/p is absorbed into DSP grp_mlp_nn_HLS_Pipeline_VITIS_LOOP_33_11_fu_340/mac_muladd_8ns_8ns_16ns_16_4_1_U52/mlp_nn_HLS_mac_muladd_8ns_8ns_16ns_16_4_1_DSP48_0_U/p_reg_reg.
DSP Report: operator grp_mlp_nn_HLS_Pipeline_VITIS_LOOP_33_11_fu_340/mul_8ns_8ns_16_1_1_U49/tmp_product is absorbed into DSP grp_mlp_nn_HLS_Pipeline_VITIS_LOOP_33_11_fu_340/mac_muladd_8ns_8ns_16ns_16_4_1_U52/mlp_nn_HLS_mac_muladd_8ns_8ns_16ns_16_4_1_DSP48_0_U/p_reg_reg.
DSP Report: Generating DSP grp_mlp_nn_HLS_Pipeline_VITIS_LOOP_33_11_fu_340/mac_muladd_8ns_8ns_16ns_16_4_1_U50/mlp_nn_HLS_mac_muladd_8ns_8ns_16ns_16_4_1_DSP48_0_U/m_reg_reg, operation Mode is: (A''*B'')'.
DSP Report: register grp_mlp_nn_HLS_Pipeline_VITIS_LOOP_33_11_fu_340/mac_muladd_8ns_8ns_16ns_16_4_1_U50/mlp_nn_HLS_mac_muladd_8ns_8ns_16ns_16_4_1_DSP48_0_U/m_reg_reg is absorbed into DSP grp_mlp_nn_HLS_Pipeline_VITIS_LOOP_33_11_fu_340/mac_muladd_8ns_8ns_16ns_16_4_1_U50/mlp_nn_HLS_mac_muladd_8ns_8ns_16ns_16_4_1_DSP48_0_U/m_reg_reg.
DSP Report: register grp_mlp_nn_HLS_Pipeline_VITIS_LOOP_33_11_fu_340/mac_muladd_8ns_8ns_16ns_16_4_1_U50/mlp_nn_HLS_mac_muladd_8ns_8ns_16ns_16_4_1_DSP48_0_U/m_reg_reg is absorbed into DSP grp_mlp_nn_HLS_Pipeline_VITIS_LOOP_33_11_fu_340/mac_muladd_8ns_8ns_16ns_16_4_1_U50/mlp_nn_HLS_mac_muladd_8ns_8ns_16ns_16_4_1_DSP48_0_U/m_reg_reg.
DSP Report: register grp_mlp_nn_HLS_Pipeline_VITIS_LOOP_33_11_fu_340/mac_muladd_8ns_8ns_16ns_16_4_1_U50/mlp_nn_HLS_mac_muladd_8ns_8ns_16ns_16_4_1_DSP48_0_U/m_reg_reg is absorbed into DSP grp_mlp_nn_HLS_Pipeline_VITIS_LOOP_33_11_fu_340/mac_muladd_8ns_8ns_16ns_16_4_1_U50/mlp_nn_HLS_mac_muladd_8ns_8ns_16ns_16_4_1_DSP48_0_U/m_reg_reg.
DSP Report: register grp_mlp_nn_HLS_Pipeline_VITIS_LOOP_33_11_fu_340/mac_muladd_8ns_8ns_16ns_16_4_1_U50/mlp_nn_HLS_mac_muladd_8ns_8ns_16ns_16_4_1_DSP48_0_U/m_reg_reg is absorbed into DSP grp_mlp_nn_HLS_Pipeline_VITIS_LOOP_33_11_fu_340/mac_muladd_8ns_8ns_16ns_16_4_1_U50/mlp_nn_HLS_mac_muladd_8ns_8ns_16ns_16_4_1_DSP48_0_U/m_reg_reg.
DSP Report: register grp_mlp_nn_HLS_Pipeline_VITIS_LOOP_33_11_fu_340/mac_muladd_8ns_8ns_16ns_16_4_1_U50/mlp_nn_HLS_mac_muladd_8ns_8ns_16ns_16_4_1_DSP48_0_U/m_reg_reg is absorbed into DSP grp_mlp_nn_HLS_Pipeline_VITIS_LOOP_33_11_fu_340/mac_muladd_8ns_8ns_16ns_16_4_1_U50/mlp_nn_HLS_mac_muladd_8ns_8ns_16ns_16_4_1_DSP48_0_U/m_reg_reg.
DSP Report: operator grp_mlp_nn_HLS_Pipeline_VITIS_LOOP_33_11_fu_340/mac_muladd_8ns_8ns_16ns_16_4_1_U50/mlp_nn_HLS_mac_muladd_8ns_8ns_16ns_16_4_1_DSP48_0_U/m is absorbed into DSP grp_mlp_nn_HLS_Pipeline_VITIS_LOOP_33_11_fu_340/mac_muladd_8ns_8ns_16ns_16_4_1_U50/mlp_nn_HLS_mac_muladd_8ns_8ns_16ns_16_4_1_DSP48_0_U/m_reg_reg.
DSP Report: Generating DSP grp_mlp_nn_HLS_Pipeline_VITIS_LOOP_33_11_fu_340/mac_muladd_8ns_8ns_16ns_16_4_1_U50/mlp_nn_HLS_mac_muladd_8ns_8ns_16ns_16_4_1_DSP48_0_U/p_reg_reg, operation Mode is: (PCIN+A2*B'')'.
DSP Report: register grp_mlp_nn_HLS_Pipeline_VITIS_LOOP_33_11_fu_340/mac_muladd_8ns_8ns_16ns_16_4_1_U50/mlp_nn_HLS_mac_muladd_8ns_8ns_16ns_16_4_1_DSP48_0_U/p_reg_reg is absorbed into DSP grp_mlp_nn_HLS_Pipeline_VITIS_LOOP_33_11_fu_340/mac_muladd_8ns_8ns_16ns_16_4_1_U50/mlp_nn_HLS_mac_muladd_8ns_8ns_16ns_16_4_1_DSP48_0_U/p_reg_reg.
DSP Report: register grp_mlp_nn_HLS_Pipeline_VITIS_LOOP_33_11_fu_340/mac_muladd_8ns_8ns_16ns_16_4_1_U50/mlp_nn_HLS_mac_muladd_8ns_8ns_16ns_16_4_1_DSP48_0_U/p_reg_reg is absorbed into DSP grp_mlp_nn_HLS_Pipeline_VITIS_LOOP_33_11_fu_340/mac_muladd_8ns_8ns_16ns_16_4_1_U50/mlp_nn_HLS_mac_muladd_8ns_8ns_16ns_16_4_1_DSP48_0_U/p_reg_reg.
DSP Report: register grp_mlp_nn_HLS_Pipeline_VITIS_LOOP_33_11_fu_340/mac_muladd_8ns_8ns_16ns_16_4_1_U50/mlp_nn_HLS_mac_muladd_8ns_8ns_16ns_16_4_1_DSP48_0_U/p_reg_reg is absorbed into DSP grp_mlp_nn_HLS_Pipeline_VITIS_LOOP_33_11_fu_340/mac_muladd_8ns_8ns_16ns_16_4_1_U50/mlp_nn_HLS_mac_muladd_8ns_8ns_16ns_16_4_1_DSP48_0_U/p_reg_reg.
DSP Report: register grp_mlp_nn_HLS_Pipeline_VITIS_LOOP_33_11_fu_340/mac_muladd_8ns_8ns_16ns_16_4_1_U50/mlp_nn_HLS_mac_muladd_8ns_8ns_16ns_16_4_1_DSP48_0_U/p_reg_reg is absorbed into DSP grp_mlp_nn_HLS_Pipeline_VITIS_LOOP_33_11_fu_340/mac_muladd_8ns_8ns_16ns_16_4_1_U50/mlp_nn_HLS_mac_muladd_8ns_8ns_16ns_16_4_1_DSP48_0_U/p_reg_reg.
DSP Report: operator grp_mlp_nn_HLS_Pipeline_VITIS_LOOP_33_11_fu_340/mac_muladd_8ns_8ns_16ns_16_4_1_U50/mlp_nn_HLS_mac_muladd_8ns_8ns_16ns_16_4_1_DSP48_0_U/p is absorbed into DSP grp_mlp_nn_HLS_Pipeline_VITIS_LOOP_33_11_fu_340/mac_muladd_8ns_8ns_16ns_16_4_1_U50/mlp_nn_HLS_mac_muladd_8ns_8ns_16ns_16_4_1_DSP48_0_U/p_reg_reg.
DSP Report: operator grp_mlp_nn_HLS_Pipeline_VITIS_LOOP_33_11_fu_340/mul_8ns_8ns_16_1_1_U47/tmp_product is absorbed into DSP grp_mlp_nn_HLS_Pipeline_VITIS_LOOP_33_11_fu_340/mac_muladd_8ns_8ns_16ns_16_4_1_U50/mlp_nn_HLS_mac_muladd_8ns_8ns_16ns_16_4_1_DSP48_0_U/p_reg_reg.
DSP Report: Generating DSP grp_mlp_nn_HLS_Pipeline_VITIS_LOOP_33_11_fu_340/mac_muladd_8ns_8ns_16ns_16_4_1_U51/mlp_nn_HLS_mac_muladd_8ns_8ns_16ns_16_4_1_DSP48_0_U/m_reg_reg, operation Mode is: (A''*B'')'.
DSP Report: register grp_mlp_nn_HLS_Pipeline_VITIS_LOOP_33_11_fu_340/mac_muladd_8ns_8ns_16ns_16_4_1_U51/mlp_nn_HLS_mac_muladd_8ns_8ns_16ns_16_4_1_DSP48_0_U/m_reg_reg is absorbed into DSP grp_mlp_nn_HLS_Pipeline_VITIS_LOOP_33_11_fu_340/mac_muladd_8ns_8ns_16ns_16_4_1_U51/mlp_nn_HLS_mac_muladd_8ns_8ns_16ns_16_4_1_DSP48_0_U/m_reg_reg.
DSP Report: register grp_mlp_nn_HLS_Pipeline_VITIS_LOOP_33_11_fu_340/mac_muladd_8ns_8ns_16ns_16_4_1_U51/mlp_nn_HLS_mac_muladd_8ns_8ns_16ns_16_4_1_DSP48_0_U/m_reg_reg is absorbed into DSP grp_mlp_nn_HLS_Pipeline_VITIS_LOOP_33_11_fu_340/mac_muladd_8ns_8ns_16ns_16_4_1_U51/mlp_nn_HLS_mac_muladd_8ns_8ns_16ns_16_4_1_DSP48_0_U/m_reg_reg.
DSP Report: register grp_mlp_nn_HLS_Pipeline_VITIS_LOOP_33_11_fu_340/mac_muladd_8ns_8ns_16ns_16_4_1_U51/mlp_nn_HLS_mac_muladd_8ns_8ns_16ns_16_4_1_DSP48_0_U/m_reg_reg is absorbed into DSP grp_mlp_nn_HLS_Pipeline_VITIS_LOOP_33_11_fu_340/mac_muladd_8ns_8ns_16ns_16_4_1_U51/mlp_nn_HLS_mac_muladd_8ns_8ns_16ns_16_4_1_DSP48_0_U/m_reg_reg.
DSP Report: register grp_mlp_nn_HLS_Pipeline_VITIS_LOOP_33_11_fu_340/mac_muladd_8ns_8ns_16ns_16_4_1_U51/mlp_nn_HLS_mac_muladd_8ns_8ns_16ns_16_4_1_DSP48_0_U/m_reg_reg is absorbed into DSP grp_mlp_nn_HLS_Pipeline_VITIS_LOOP_33_11_fu_340/mac_muladd_8ns_8ns_16ns_16_4_1_U51/mlp_nn_HLS_mac_muladd_8ns_8ns_16ns_16_4_1_DSP48_0_U/m_reg_reg.
DSP Report: register grp_mlp_nn_HLS_Pipeline_VITIS_LOOP_33_11_fu_340/mac_muladd_8ns_8ns_16ns_16_4_1_U51/mlp_nn_HLS_mac_muladd_8ns_8ns_16ns_16_4_1_DSP48_0_U/m_reg_reg is absorbed into DSP grp_mlp_nn_HLS_Pipeline_VITIS_LOOP_33_11_fu_340/mac_muladd_8ns_8ns_16ns_16_4_1_U51/mlp_nn_HLS_mac_muladd_8ns_8ns_16ns_16_4_1_DSP48_0_U/m_reg_reg.
DSP Report: operator grp_mlp_nn_HLS_Pipeline_VITIS_LOOP_33_11_fu_340/mac_muladd_8ns_8ns_16ns_16_4_1_U51/mlp_nn_HLS_mac_muladd_8ns_8ns_16ns_16_4_1_DSP48_0_U/m is absorbed into DSP grp_mlp_nn_HLS_Pipeline_VITIS_LOOP_33_11_fu_340/mac_muladd_8ns_8ns_16ns_16_4_1_U51/mlp_nn_HLS_mac_muladd_8ns_8ns_16ns_16_4_1_DSP48_0_U/m_reg_reg.
DSP Report: Generating DSP grp_mlp_nn_HLS_Pipeline_VITIS_LOOP_33_11_fu_340/mac_muladd_8ns_8ns_16ns_16_4_1_U51/mlp_nn_HLS_mac_muladd_8ns_8ns_16ns_16_4_1_DSP48_0_U/p_reg_reg, operation Mode is: (PCIN+A2*B'')'.
DSP Report: register grp_mlp_nn_HLS_Pipeline_VITIS_LOOP_33_11_fu_340/mac_muladd_8ns_8ns_16ns_16_4_1_U51/mlp_nn_HLS_mac_muladd_8ns_8ns_16ns_16_4_1_DSP48_0_U/p_reg_reg is absorbed into DSP grp_mlp_nn_HLS_Pipeline_VITIS_LOOP_33_11_fu_340/mac_muladd_8ns_8ns_16ns_16_4_1_U51/mlp_nn_HLS_mac_muladd_8ns_8ns_16ns_16_4_1_DSP48_0_U/p_reg_reg.
DSP Report: register grp_mlp_nn_HLS_Pipeline_VITIS_LOOP_33_11_fu_340/mac_muladd_8ns_8ns_16ns_16_4_1_U51/mlp_nn_HLS_mac_muladd_8ns_8ns_16ns_16_4_1_DSP48_0_U/p_reg_reg is absorbed into DSP grp_mlp_nn_HLS_Pipeline_VITIS_LOOP_33_11_fu_340/mac_muladd_8ns_8ns_16ns_16_4_1_U51/mlp_nn_HLS_mac_muladd_8ns_8ns_16ns_16_4_1_DSP48_0_U/p_reg_reg.
DSP Report: register grp_mlp_nn_HLS_Pipeline_VITIS_LOOP_33_11_fu_340/mac_muladd_8ns_8ns_16ns_16_4_1_U51/mlp_nn_HLS_mac_muladd_8ns_8ns_16ns_16_4_1_DSP48_0_U/p_reg_reg is absorbed into DSP grp_mlp_nn_HLS_Pipeline_VITIS_LOOP_33_11_fu_340/mac_muladd_8ns_8ns_16ns_16_4_1_U51/mlp_nn_HLS_mac_muladd_8ns_8ns_16ns_16_4_1_DSP48_0_U/p_reg_reg.
DSP Report: register grp_mlp_nn_HLS_Pipeline_VITIS_LOOP_33_11_fu_340/mac_muladd_8ns_8ns_16ns_16_4_1_U51/mlp_nn_HLS_mac_muladd_8ns_8ns_16ns_16_4_1_DSP48_0_U/p_reg_reg is absorbed into DSP grp_mlp_nn_HLS_Pipeline_VITIS_LOOP_33_11_fu_340/mac_muladd_8ns_8ns_16ns_16_4_1_U51/mlp_nn_HLS_mac_muladd_8ns_8ns_16ns_16_4_1_DSP48_0_U/p_reg_reg.
DSP Report: operator grp_mlp_nn_HLS_Pipeline_VITIS_LOOP_33_11_fu_340/mac_muladd_8ns_8ns_16ns_16_4_1_U51/mlp_nn_HLS_mac_muladd_8ns_8ns_16ns_16_4_1_DSP48_0_U/p is absorbed into DSP grp_mlp_nn_HLS_Pipeline_VITIS_LOOP_33_11_fu_340/mac_muladd_8ns_8ns_16ns_16_4_1_U51/mlp_nn_HLS_mac_muladd_8ns_8ns_16ns_16_4_1_DSP48_0_U/p_reg_reg.
DSP Report: operator grp_mlp_nn_HLS_Pipeline_VITIS_LOOP_33_11_fu_340/mul_8ns_8ns_16_1_1_U48/tmp_product is absorbed into DSP grp_mlp_nn_HLS_Pipeline_VITIS_LOOP_33_11_fu_340/mac_muladd_8ns_8ns_16ns_16_4_1_U51/mlp_nn_HLS_mac_muladd_8ns_8ns_16ns_16_4_1_DSP48_0_U/p_reg_reg.
DSP Report: Generating DSP grp_mlp_nn_HLS_Pipeline_VITIS_LOOP_33_11_fu_340/mac_muladd_8ns_8ns_16ns_16_4_1_U53/mlp_nn_HLS_mac_muladd_8ns_8ns_16ns_16_4_1_DSP48_0_U/m_reg_reg, operation Mode is: (A''*B'')'.
DSP Report: register grp_mlp_nn_HLS_Pipeline_VITIS_LOOP_33_11_fu_340/mac_muladd_8ns_8ns_16ns_16_4_1_U53/mlp_nn_HLS_mac_muladd_8ns_8ns_16ns_16_4_1_DSP48_0_U/m_reg_reg is absorbed into DSP grp_mlp_nn_HLS_Pipeline_VITIS_LOOP_33_11_fu_340/mac_muladd_8ns_8ns_16ns_16_4_1_U53/mlp_nn_HLS_mac_muladd_8ns_8ns_16ns_16_4_1_DSP48_0_U/m_reg_reg.
DSP Report: register grp_mlp_nn_HLS_Pipeline_VITIS_LOOP_33_11_fu_340/mac_muladd_8ns_8ns_16ns_16_4_1_U53/mlp_nn_HLS_mac_muladd_8ns_8ns_16ns_16_4_1_DSP48_0_U/m_reg_reg is absorbed into DSP grp_mlp_nn_HLS_Pipeline_VITIS_LOOP_33_11_fu_340/mac_muladd_8ns_8ns_16ns_16_4_1_U53/mlp_nn_HLS_mac_muladd_8ns_8ns_16ns_16_4_1_DSP48_0_U/m_reg_reg.
DSP Report: register grp_mlp_nn_HLS_Pipeline_VITIS_LOOP_33_11_fu_340/mac_muladd_8ns_8ns_16ns_16_4_1_U53/mlp_nn_HLS_mac_muladd_8ns_8ns_16ns_16_4_1_DSP48_0_U/m_reg_reg is absorbed into DSP grp_mlp_nn_HLS_Pipeline_VITIS_LOOP_33_11_fu_340/mac_muladd_8ns_8ns_16ns_16_4_1_U53/mlp_nn_HLS_mac_muladd_8ns_8ns_16ns_16_4_1_DSP48_0_U/m_reg_reg.
DSP Report: register grp_mlp_nn_HLS_Pipeline_VITIS_LOOP_33_11_fu_340/mac_muladd_8ns_8ns_16ns_16_4_1_U53/mlp_nn_HLS_mac_muladd_8ns_8ns_16ns_16_4_1_DSP48_0_U/m_reg_reg is absorbed into DSP grp_mlp_nn_HLS_Pipeline_VITIS_LOOP_33_11_fu_340/mac_muladd_8ns_8ns_16ns_16_4_1_U53/mlp_nn_HLS_mac_muladd_8ns_8ns_16ns_16_4_1_DSP48_0_U/m_reg_reg.
DSP Report: register grp_mlp_nn_HLS_Pipeline_VITIS_LOOP_33_11_fu_340/mac_muladd_8ns_8ns_16ns_16_4_1_U53/mlp_nn_HLS_mac_muladd_8ns_8ns_16ns_16_4_1_DSP48_0_U/m_reg_reg is absorbed into DSP grp_mlp_nn_HLS_Pipeline_VITIS_LOOP_33_11_fu_340/mac_muladd_8ns_8ns_16ns_16_4_1_U53/mlp_nn_HLS_mac_muladd_8ns_8ns_16ns_16_4_1_DSP48_0_U/m_reg_reg.
DSP Report: operator grp_mlp_nn_HLS_Pipeline_VITIS_LOOP_33_11_fu_340/mac_muladd_8ns_8ns_16ns_16_4_1_U53/mlp_nn_HLS_mac_muladd_8ns_8ns_16ns_16_4_1_DSP48_0_U/m is absorbed into DSP grp_mlp_nn_HLS_Pipeline_VITIS_LOOP_33_11_fu_340/mac_muladd_8ns_8ns_16ns_16_4_1_U53/mlp_nn_HLS_mac_muladd_8ns_8ns_16ns_16_4_1_DSP48_0_U/m_reg_reg.
DSP Report: Generating DSP grp_mlp_nn_HLS_Pipeline_VITIS_LOOP_33_11_fu_340/mac_muladd_8ns_8ns_16ns_16_4_1_U53/mlp_nn_HLS_mac_muladd_8ns_8ns_16ns_16_4_1_DSP48_0_U/p_reg_reg, operation Mode is: (PCIN+A2*B'')'.
DSP Report: register grp_mlp_nn_HLS_Pipeline_VITIS_LOOP_33_11_fu_340/mac_muladd_8ns_8ns_16ns_16_4_1_U53/mlp_nn_HLS_mac_muladd_8ns_8ns_16ns_16_4_1_DSP48_0_U/p_reg_reg is absorbed into DSP grp_mlp_nn_HLS_Pipeline_VITIS_LOOP_33_11_fu_340/mac_muladd_8ns_8ns_16ns_16_4_1_U53/mlp_nn_HLS_mac_muladd_8ns_8ns_16ns_16_4_1_DSP48_0_U/p_reg_reg.
DSP Report: register grp_mlp_nn_HLS_Pipeline_VITIS_LOOP_33_11_fu_340/mac_muladd_8ns_8ns_16ns_16_4_1_U53/mlp_nn_HLS_mac_muladd_8ns_8ns_16ns_16_4_1_DSP48_0_U/p_reg_reg is absorbed into DSP grp_mlp_nn_HLS_Pipeline_VITIS_LOOP_33_11_fu_340/mac_muladd_8ns_8ns_16ns_16_4_1_U53/mlp_nn_HLS_mac_muladd_8ns_8ns_16ns_16_4_1_DSP48_0_U/p_reg_reg.
DSP Report: register grp_mlp_nn_HLS_Pipeline_VITIS_LOOP_33_11_fu_340/mac_muladd_8ns_8ns_16ns_16_4_1_U53/mlp_nn_HLS_mac_muladd_8ns_8ns_16ns_16_4_1_DSP48_0_U/p_reg_reg is absorbed into DSP grp_mlp_nn_HLS_Pipeline_VITIS_LOOP_33_11_fu_340/mac_muladd_8ns_8ns_16ns_16_4_1_U53/mlp_nn_HLS_mac_muladd_8ns_8ns_16ns_16_4_1_DSP48_0_U/p_reg_reg.
DSP Report: register grp_mlp_nn_HLS_Pipeline_VITIS_LOOP_33_11_fu_340/mac_muladd_8ns_8ns_16ns_16_4_1_U53/mlp_nn_HLS_mac_muladd_8ns_8ns_16ns_16_4_1_DSP48_0_U/p_reg_reg is absorbed into DSP grp_mlp_nn_HLS_Pipeline_VITIS_LOOP_33_11_fu_340/mac_muladd_8ns_8ns_16ns_16_4_1_U53/mlp_nn_HLS_mac_muladd_8ns_8ns_16ns_16_4_1_DSP48_0_U/p_reg_reg.
DSP Report: operator grp_mlp_nn_HLS_Pipeline_VITIS_LOOP_33_11_fu_340/mac_muladd_8ns_8ns_16ns_16_4_1_U53/mlp_nn_HLS_mac_muladd_8ns_8ns_16ns_16_4_1_DSP48_0_U/p is absorbed into DSP grp_mlp_nn_HLS_Pipeline_VITIS_LOOP_33_11_fu_340/mac_muladd_8ns_8ns_16ns_16_4_1_U53/mlp_nn_HLS_mac_muladd_8ns_8ns_16ns_16_4_1_DSP48_0_U/p_reg_reg.
DSP Report: operator grp_mlp_nn_HLS_Pipeline_VITIS_LOOP_33_11_fu_340/mul_8ns_8ns_16_1_1_U46/tmp_product is absorbed into DSP grp_mlp_nn_HLS_Pipeline_VITIS_LOOP_33_11_fu_340/mac_muladd_8ns_8ns_16ns_16_4_1_U53/mlp_nn_HLS_mac_muladd_8ns_8ns_16ns_16_4_1_DSP48_0_U/p_reg_reg.
INFO: [Synth 8-6904] The RAM "inst/N_2_U/ram_reg" of size (depth=64 x width=8) is automatically implemented using LUTRAM. BRAM implementation would be inefficient 
DSP Report: Generating DSP grp_mlp_nn_HLS_Pipeline_VITIS_LOOP_55_1_fu_365/mac_muladd_8ns_8ns_16ns_16_4_1_U72/mlp_nn_HLS_mac_muladd_8ns_8ns_16ns_16_4_1_DSP48_0_U/p_reg_reg, operation Mode is: (C'+(A''*B'')')'.
DSP Report: register grp_mlp_nn_HLS_Pipeline_VITIS_LOOP_55_1_fu_365/mac_muladd_8ns_8ns_16ns_16_4_1_U72/mlp_nn_HLS_mac_muladd_8ns_8ns_16ns_16_4_1_DSP48_0_U/p_reg_reg is absorbed into DSP grp_mlp_nn_HLS_Pipeline_VITIS_LOOP_55_1_fu_365/mac_muladd_8ns_8ns_16ns_16_4_1_U72/mlp_nn_HLS_mac_muladd_8ns_8ns_16ns_16_4_1_DSP48_0_U/p_reg_reg.
DSP Report: register grp_mlp_nn_HLS_Pipeline_VITIS_LOOP_55_1_fu_365/mac_muladd_8ns_8ns_16ns_16_4_1_U72/mlp_nn_HLS_mac_muladd_8ns_8ns_16ns_16_4_1_DSP48_0_U/p_reg_reg is absorbed into DSP grp_mlp_nn_HLS_Pipeline_VITIS_LOOP_55_1_fu_365/mac_muladd_8ns_8ns_16ns_16_4_1_U72/mlp_nn_HLS_mac_muladd_8ns_8ns_16ns_16_4_1_DSP48_0_U/p_reg_reg.
DSP Report: register grp_mlp_nn_HLS_Pipeline_VITIS_LOOP_55_1_fu_365/mac_muladd_8ns_8ns_16ns_16_4_1_U72/mlp_nn_HLS_mac_muladd_8ns_8ns_16ns_16_4_1_DSP48_0_U/p_reg_reg is absorbed into DSP grp_mlp_nn_HLS_Pipeline_VITIS_LOOP_55_1_fu_365/mac_muladd_8ns_8ns_16ns_16_4_1_U72/mlp_nn_HLS_mac_muladd_8ns_8ns_16ns_16_4_1_DSP48_0_U/p_reg_reg.
DSP Report: register grp_mlp_nn_HLS_Pipeline_VITIS_LOOP_55_1_fu_365/mac_muladd_8ns_8ns_16ns_16_4_1_U72/mlp_nn_HLS_mac_muladd_8ns_8ns_16ns_16_4_1_DSP48_0_U/p_reg_reg is absorbed into DSP grp_mlp_nn_HLS_Pipeline_VITIS_LOOP_55_1_fu_365/mac_muladd_8ns_8ns_16ns_16_4_1_U72/mlp_nn_HLS_mac_muladd_8ns_8ns_16ns_16_4_1_DSP48_0_U/p_reg_reg.
DSP Report: register sub_ln57_reg_602_reg is absorbed into DSP grp_mlp_nn_HLS_Pipeline_VITIS_LOOP_55_1_fu_365/mac_muladd_8ns_8ns_16ns_16_4_1_U72/mlp_nn_HLS_mac_muladd_8ns_8ns_16ns_16_4_1_DSP48_0_U/p_reg_reg.
DSP Report: register grp_mlp_nn_HLS_Pipeline_VITIS_LOOP_55_1_fu_365/mac_muladd_8ns_8ns_16ns_16_4_1_U72/mlp_nn_HLS_mac_muladd_8ns_8ns_16ns_16_4_1_DSP48_0_U/p_reg_reg is absorbed into DSP grp_mlp_nn_HLS_Pipeline_VITIS_LOOP_55_1_fu_365/mac_muladd_8ns_8ns_16ns_16_4_1_U72/mlp_nn_HLS_mac_muladd_8ns_8ns_16ns_16_4_1_DSP48_0_U/p_reg_reg.
DSP Report: register grp_mlp_nn_HLS_Pipeline_VITIS_LOOP_55_1_fu_365/mac_muladd_8ns_8ns_16ns_16_4_1_U72/mlp_nn_HLS_mac_muladd_8ns_8ns_16ns_16_4_1_DSP48_0_U/m_reg_reg is absorbed into DSP grp_mlp_nn_HLS_Pipeline_VITIS_LOOP_55_1_fu_365/mac_muladd_8ns_8ns_16ns_16_4_1_U72/mlp_nn_HLS_mac_muladd_8ns_8ns_16ns_16_4_1_DSP48_0_U/p_reg_reg.
DSP Report: operator grp_mlp_nn_HLS_Pipeline_VITIS_LOOP_55_1_fu_365/mac_muladd_8ns_8ns_16ns_16_4_1_U72/mlp_nn_HLS_mac_muladd_8ns_8ns_16ns_16_4_1_DSP48_0_U/p is absorbed into DSP grp_mlp_nn_HLS_Pipeline_VITIS_LOOP_55_1_fu_365/mac_muladd_8ns_8ns_16ns_16_4_1_U72/mlp_nn_HLS_mac_muladd_8ns_8ns_16ns_16_4_1_DSP48_0_U/p_reg_reg.
DSP Report: operator grp_mlp_nn_HLS_Pipeline_VITIS_LOOP_55_1_fu_365/mac_muladd_8ns_8ns_16ns_16_4_1_U72/mlp_nn_HLS_mac_muladd_8ns_8ns_16ns_16_4_1_DSP48_0_U/m is absorbed into DSP grp_mlp_nn_HLS_Pipeline_VITIS_LOOP_55_1_fu_365/mac_muladd_8ns_8ns_16ns_16_4_1_U72/mlp_nn_HLS_mac_muladd_8ns_8ns_16ns_16_4_1_DSP48_0_U/p_reg_reg.
INFO: [Synth 8-6904] The RAM "inst/N_1_U/ram_reg" of size (depth=64 x width=8) is automatically implemented using LUTRAM. BRAM implementation would be inefficient 
DSP Report: Generating DSP grp_mlp_nn_HLS_Pipeline_VITIS_LOOP_55_1_fu_365/mac_muladd_8ns_8ns_16ns_16_4_1_U73/mlp_nn_HLS_mac_muladd_8ns_8ns_16ns_16_4_1_DSP48_0_U/p_reg_reg, operation Mode is: (PCIN+(A''*B'')')'.
DSP Report: register grp_mlp_nn_HLS_Pipeline_VITIS_LOOP_55_1_fu_365/mac_muladd_8ns_8ns_16ns_16_4_1_U73/mlp_nn_HLS_mac_muladd_8ns_8ns_16ns_16_4_1_DSP48_0_U/p_reg_reg is absorbed into DSP grp_mlp_nn_HLS_Pipeline_VITIS_LOOP_55_1_fu_365/mac_muladd_8ns_8ns_16ns_16_4_1_U73/mlp_nn_HLS_mac_muladd_8ns_8ns_16ns_16_4_1_DSP48_0_U/p_reg_reg.
DSP Report: register grp_mlp_nn_HLS_Pipeline_VITIS_LOOP_55_1_fu_365/mac_muladd_8ns_8ns_16ns_16_4_1_U73/mlp_nn_HLS_mac_muladd_8ns_8ns_16ns_16_4_1_DSP48_0_U/p_reg_reg is absorbed into DSP grp_mlp_nn_HLS_Pipeline_VITIS_LOOP_55_1_fu_365/mac_muladd_8ns_8ns_16ns_16_4_1_U73/mlp_nn_HLS_mac_muladd_8ns_8ns_16ns_16_4_1_DSP48_0_U/p_reg_reg.
DSP Report: register grp_mlp_nn_HLS_Pipeline_VITIS_LOOP_55_1_fu_365/mac_muladd_8ns_8ns_16ns_16_4_1_U73/mlp_nn_HLS_mac_muladd_8ns_8ns_16ns_16_4_1_DSP48_0_U/p_reg_reg is absorbed into DSP grp_mlp_nn_HLS_Pipeline_VITIS_LOOP_55_1_fu_365/mac_muladd_8ns_8ns_16ns_16_4_1_U73/mlp_nn_HLS_mac_muladd_8ns_8ns_16ns_16_4_1_DSP48_0_U/p_reg_reg.
DSP Report: register grp_mlp_nn_HLS_Pipeline_VITIS_LOOP_55_1_fu_365/mac_muladd_8ns_8ns_16ns_16_4_1_U73/mlp_nn_HLS_mac_muladd_8ns_8ns_16ns_16_4_1_DSP48_0_U/p_reg_reg is absorbed into DSP grp_mlp_nn_HLS_Pipeline_VITIS_LOOP_55_1_fu_365/mac_muladd_8ns_8ns_16ns_16_4_1_U73/mlp_nn_HLS_mac_muladd_8ns_8ns_16ns_16_4_1_DSP48_0_U/p_reg_reg.
DSP Report: register grp_mlp_nn_HLS_Pipeline_VITIS_LOOP_55_1_fu_365/mac_muladd_8ns_8ns_16ns_16_4_1_U73/mlp_nn_HLS_mac_muladd_8ns_8ns_16ns_16_4_1_DSP48_0_U/p_reg_reg is absorbed into DSP grp_mlp_nn_HLS_Pipeline_VITIS_LOOP_55_1_fu_365/mac_muladd_8ns_8ns_16ns_16_4_1_U73/mlp_nn_HLS_mac_muladd_8ns_8ns_16ns_16_4_1_DSP48_0_U/p_reg_reg.
DSP Report: register grp_mlp_nn_HLS_Pipeline_VITIS_LOOP_55_1_fu_365/mac_muladd_8ns_8ns_16ns_16_4_1_U73/mlp_nn_HLS_mac_muladd_8ns_8ns_16ns_16_4_1_DSP48_0_U/m_reg_reg is absorbed into DSP grp_mlp_nn_HLS_Pipeline_VITIS_LOOP_55_1_fu_365/mac_muladd_8ns_8ns_16ns_16_4_1_U73/mlp_nn_HLS_mac_muladd_8ns_8ns_16ns_16_4_1_DSP48_0_U/p_reg_reg.
DSP Report: operator grp_mlp_nn_HLS_Pipeline_VITIS_LOOP_55_1_fu_365/mac_muladd_8ns_8ns_16ns_16_4_1_U73/mlp_nn_HLS_mac_muladd_8ns_8ns_16ns_16_4_1_DSP48_0_U/p is absorbed into DSP grp_mlp_nn_HLS_Pipeline_VITIS_LOOP_55_1_fu_365/mac_muladd_8ns_8ns_16ns_16_4_1_U73/mlp_nn_HLS_mac_muladd_8ns_8ns_16ns_16_4_1_DSP48_0_U/p_reg_reg.
DSP Report: operator grp_mlp_nn_HLS_Pipeline_VITIS_LOOP_55_1_fu_365/mac_muladd_8ns_8ns_16ns_16_4_1_U73/mlp_nn_HLS_mac_muladd_8ns_8ns_16ns_16_4_1_DSP48_0_U/m is absorbed into DSP grp_mlp_nn_HLS_Pipeline_VITIS_LOOP_55_1_fu_365/mac_muladd_8ns_8ns_16ns_16_4_1_U73/mlp_nn_HLS_mac_muladd_8ns_8ns_16ns_16_4_1_DSP48_0_U/p_reg_reg.
INFO: [Synth 8-6904] The RAM "inst/RES_U/ram_reg" of size (depth=64 x width=8) is automatically implemented using LUTRAM. BRAM implementation would be inefficient 
WARNING: [Synth 8-7129] Port S_AXIS_TDATA[31] in module mlp_nn_HLS is either unconnected or has no load
WARNING: [Synth 8-7129] Port S_AXIS_TDATA[30] in module mlp_nn_HLS is either unconnected or has no load
WARNING: [Synth 8-7129] Port S_AXIS_TDATA[29] in module mlp_nn_HLS is either unconnected or has no load
WARNING: [Synth 8-7129] Port S_AXIS_TDATA[28] in module mlp_nn_HLS is either unconnected or has no load
WARNING: [Synth 8-7129] Port S_AXIS_TDATA[27] in module mlp_nn_HLS is either unconnected or has no load
WARNING: [Synth 8-7129] Port S_AXIS_TDATA[26] in module mlp_nn_HLS is either unconnected or has no load
WARNING: [Synth 8-7129] Port S_AXIS_TDATA[25] in module mlp_nn_HLS is either unconnected or has no load
WARNING: [Synth 8-7129] Port S_AXIS_TDATA[24] in module mlp_nn_HLS is either unconnected or has no load
WARNING: [Synth 8-7129] Port S_AXIS_TDATA[23] in module mlp_nn_HLS is either unconnected or has no load
WARNING: [Synth 8-7129] Port S_AXIS_TDATA[22] in module mlp_nn_HLS is either unconnected or has no load
WARNING: [Synth 8-7129] Port S_AXIS_TDATA[21] in module mlp_nn_HLS is either unconnected or has no load
WARNING: [Synth 8-7129] Port S_AXIS_TDATA[20] in module mlp_nn_HLS is either unconnected or has no load
WARNING: [Synth 8-7129] Port S_AXIS_TDATA[19] in module mlp_nn_HLS is either unconnected or has no load
WARNING: [Synth 8-7129] Port S_AXIS_TDATA[18] in module mlp_nn_HLS is either unconnected or has no load
WARNING: [Synth 8-7129] Port S_AXIS_TDATA[17] in module mlp_nn_HLS is either unconnected or has no load
WARNING: [Synth 8-7129] Port S_AXIS_TDATA[16] in module mlp_nn_HLS is either unconnected or has no load
WARNING: [Synth 8-7129] Port S_AXIS_TDATA[15] in module mlp_nn_HLS is either unconnected or has no load
WARNING: [Synth 8-7129] Port S_AXIS_TDATA[14] in module mlp_nn_HLS is either unconnected or has no load
WARNING: [Synth 8-7129] Port S_AXIS_TDATA[13] in module mlp_nn_HLS is either unconnected or has no load
WARNING: [Synth 8-7129] Port S_AXIS_TDATA[12] in module mlp_nn_HLS is either unconnected or has no load
WARNING: [Synth 8-7129] Port S_AXIS_TDATA[11] in module mlp_nn_HLS is either unconnected or has no load
WARNING: [Synth 8-7129] Port S_AXIS_TDATA[10] in module mlp_nn_HLS is either unconnected or has no load
WARNING: [Synth 8-7129] Port S_AXIS_TDATA[9] in module mlp_nn_HLS is either unconnected or has no load
WARNING: [Synth 8-7129] Port S_AXIS_TDATA[8] in module mlp_nn_HLS is either unconnected or has no load
INFO: [Synth 8-6904] The RAM "inst/A_6_U/ram_reg" of size (depth=64 x width=8) is automatically implemented using LUTRAM. BRAM implementation would be inefficient 
INFO: [Synth 8-6904] The RAM "inst/WEIGHTS_N1_VEC_HIDDEN_U/ram_reg" of size (depth=8 x width=8) is automatically implemented using LUTRAM. BRAM implementation would be inefficient 
INFO: [Synth 8-6904] The RAM "inst/A_5_U/ram_reg" of size (depth=64 x width=8) is automatically implemented using LUTRAM. BRAM implementation would be inefficient 
INFO: [Synth 8-6904] The RAM "inst/A_2_U/ram_reg" of size (depth=64 x width=8) is automatically implemented using LUTRAM. BRAM implementation would be inefficient 
INFO: [Synth 8-6904] The RAM "inst/A_1_U/ram_reg" of size (depth=64 x width=8) is automatically implemented using LUTRAM. BRAM implementation would be inefficient 
INFO: [Synth 8-6904] The RAM "inst/A_3_U/ram_reg" of size (depth=64 x width=8) is automatically implemented using LUTRAM. BRAM implementation would be inefficient 
INFO: [Synth 8-6904] The RAM "inst/A_4_U/ram_reg" of size (depth=64 x width=8) is automatically implemented using LUTRAM. BRAM implementation would be inefficient 
INFO: [Synth 8-6904] The RAM "inst/A_7_U/ram_reg" of size (depth=64 x width=8) is automatically implemented using LUTRAM. BRAM implementation would be inefficient 
INFO: [Synth 8-6904] The RAM "inst/A_U/ram_reg" of size (depth=64 x width=8) is automatically implemented using LUTRAM. BRAM implementation would be inefficient 
INFO: [Synth 8-6904] The RAM "inst/WEIGHTS_N2_VEC_HIDDEN_U/ram_reg" of size (depth=8 x width=8) is automatically implemented using LUTRAM. BRAM implementation would be inefficient 
INFO: [Synth 8-6904] The RAM "inst/N_2_U/ram_reg" of size (depth=64 x width=8) is automatically implemented using LUTRAM. BRAM implementation would be inefficient 
INFO: [Synth 8-6904] The RAM "inst/N_1_U/ram_reg" of size (depth=64 x width=8) is automatically implemented using LUTRAM. BRAM implementation would be inefficient 
INFO: [Synth 8-6904] The RAM "inst/RES_U/ram_reg" of size (depth=64 x width=8) is automatically implemented using LUTRAM. BRAM implementation would be inefficient 
---------------------------------------------------------------------------------
Finished Cross Boundary and Area Optimization : Time (s): cpu = 00:00:26 ; elapsed = 00:00:31 . Memory (MB): peak = 2130.898 ; gain = 649.438
---------------------------------------------------------------------------------
 Sort Area is  grp_mlp_nn_HLS_Pipeline_VITIS_LOOP_55_1_fu_365/mac_muladd_8ns_8ns_16ns_16_4_1_U72/mlp_nn_HLS_mac_muladd_8ns_8ns_16ns_16_4_1_DSP48_0_U/p_reg_reg_a : 0 0 : 2096 4176 : Used 1 time 100
 Sort Area is  grp_mlp_nn_HLS_Pipeline_VITIS_LOOP_55_1_fu_365/mac_muladd_8ns_8ns_16ns_16_4_1_U72/mlp_nn_HLS_mac_muladd_8ns_8ns_16ns_16_4_1_DSP48_0_U/p_reg_reg_a : 0 1 : 2080 4176 : Used 1 time 100
 Sort Area is  grp_mlp_nn_HLS_Pipeline_VITIS_LOOP_33_11_fu_340/mac_muladd_8ns_8ns_16ns_16_4_1_U50/mlp_nn_HLS_mac_muladd_8ns_8ns_16ns_16_4_1_DSP48_0_U/m_reg_reg_4 : 0 0 : 2017 2687 : Used 1 time 100
 Sort Area is  grp_mlp_nn_HLS_Pipeline_VITIS_LOOP_33_11_fu_340/mac_muladd_8ns_8ns_16ns_16_4_1_U50/mlp_nn_HLS_mac_muladd_8ns_8ns_16ns_16_4_1_DSP48_0_U/m_reg_reg_4 : 0 1 : 670 2687 : Used 1 time 100
 Sort Area is  grp_mlp_nn_HLS_Pipeline_VITIS_LOOP_33_11_fu_340/mac_muladd_8ns_8ns_16ns_16_4_1_U51/mlp_nn_HLS_mac_muladd_8ns_8ns_16ns_16_4_1_DSP48_0_U/m_reg_reg_3 : 0 0 : 2017 2687 : Used 1 time 100
 Sort Area is  grp_mlp_nn_HLS_Pipeline_VITIS_LOOP_33_11_fu_340/mac_muladd_8ns_8ns_16ns_16_4_1_U51/mlp_nn_HLS_mac_muladd_8ns_8ns_16ns_16_4_1_DSP48_0_U/m_reg_reg_3 : 0 1 : 670 2687 : Used 1 time 100
 Sort Area is  grp_mlp_nn_HLS_Pipeline_VITIS_LOOP_33_11_fu_340/mac_muladd_8ns_8ns_16ns_16_4_1_U52/mlp_nn_HLS_mac_muladd_8ns_8ns_16ns_16_4_1_DSP48_0_U/m_reg_reg_5 : 0 0 : 2017 2687 : Used 1 time 100
 Sort Area is  grp_mlp_nn_HLS_Pipeline_VITIS_LOOP_33_11_fu_340/mac_muladd_8ns_8ns_16ns_16_4_1_U52/mlp_nn_HLS_mac_muladd_8ns_8ns_16ns_16_4_1_DSP48_0_U/m_reg_reg_5 : 0 1 : 670 2687 : Used 1 time 100
 Sort Area is  grp_mlp_nn_HLS_Pipeline_VITIS_LOOP_33_11_fu_340/mac_muladd_8ns_8ns_16ns_16_4_1_U53/mlp_nn_HLS_mac_muladd_8ns_8ns_16ns_16_4_1_DSP48_0_U/m_reg_reg_0 : 0 0 : 2017 2687 : Used 1 time 100
 Sort Area is  grp_mlp_nn_HLS_Pipeline_VITIS_LOOP_33_11_fu_340/mac_muladd_8ns_8ns_16ns_16_4_1_U53/mlp_nn_HLS_mac_muladd_8ns_8ns_16ns_16_4_1_DSP48_0_U/m_reg_reg_0 : 0 1 : 670 2687 : Used 1 time 100
 Sort Area is  grp_mlp_nn_HLS_Pipeline_VITIS_LOOP_33_1_fu_315/mac_muladd_8ns_8ns_16ns_16_4_1_U22/mlp_nn_HLS_mac_muladd_8ns_8ns_16ns_16_4_1_DSP48_0_U/m_reg_reg_8 : 0 0 : 2017 2687 : Used 1 time 100
 Sort Area is  grp_mlp_nn_HLS_Pipeline_VITIS_LOOP_33_1_fu_315/mac_muladd_8ns_8ns_16ns_16_4_1_U22/mlp_nn_HLS_mac_muladd_8ns_8ns_16ns_16_4_1_DSP48_0_U/m_reg_reg_8 : 0 1 : 670 2687 : Used 1 time 100
 Sort Area is  grp_mlp_nn_HLS_Pipeline_VITIS_LOOP_33_1_fu_315/mac_muladd_8ns_8ns_16ns_16_4_1_U23/mlp_nn_HLS_mac_muladd_8ns_8ns_16ns_16_4_1_DSP48_0_U/m_reg_reg_7 : 0 0 : 2017 2687 : Used 1 time 100
 Sort Area is  grp_mlp_nn_HLS_Pipeline_VITIS_LOOP_33_1_fu_315/mac_muladd_8ns_8ns_16ns_16_4_1_U23/mlp_nn_HLS_mac_muladd_8ns_8ns_16ns_16_4_1_DSP48_0_U/m_reg_reg_7 : 0 1 : 670 2687 : Used 1 time 100
 Sort Area is  grp_mlp_nn_HLS_Pipeline_VITIS_LOOP_33_1_fu_315/mac_muladd_8ns_8ns_16ns_16_4_1_U24/mlp_nn_HLS_mac_muladd_8ns_8ns_16ns_16_4_1_DSP48_0_U/m_reg_reg_9 : 0 0 : 2017 2687 : Used 1 time 100
 Sort Area is  grp_mlp_nn_HLS_Pipeline_VITIS_LOOP_33_1_fu_315/mac_muladd_8ns_8ns_16ns_16_4_1_U24/mlp_nn_HLS_mac_muladd_8ns_8ns_16ns_16_4_1_DSP48_0_U/m_reg_reg_9 : 0 1 : 670 2687 : Used 1 time 100
 Sort Area is  grp_mlp_nn_HLS_Pipeline_VITIS_LOOP_33_1_fu_315/mac_muladd_8ns_8ns_16ns_16_4_1_U25/mlp_nn_HLS_mac_muladd_8ns_8ns_16ns_16_4_1_DSP48_0_U/m_reg_reg_6 : 0 0 : 2017 2687 : Used 1 time 100
 Sort Area is  grp_mlp_nn_HLS_Pipeline_VITIS_LOOP_33_1_fu_315/mac_muladd_8ns_8ns_16ns_16_4_1_U25/mlp_nn_HLS_mac_muladd_8ns_8ns_16ns_16_4_1_DSP48_0_U/m_reg_reg_6 : 0 1 : 670 2687 : Used 1 time 100
---------------------------------------------------------------------------------
Start ROM, RAM, DSP, Shift Register and Retiming Reporting
---------------------------------------------------------------------------------

ROM: Preliminary Mapping Report
+------------+----------------------------------+---------------+----------------+
|Module Name | RTL Object                       | Depth x Width | Implemented As | 
+------------+----------------------------------+---------------+----------------+
|mlp_nn_HLS  | ACTIVATION_FUNC_LUT_VEC_U/q0_reg | 256x8         | Block RAM      | 
|mlp_nn_HLS  | ACTIVATION_FUNC_LUT_VEC_U/q0_reg | 256x8         | Block RAM      | 
+------------+----------------------------------+---------------+----------------+


Distributed RAM: Preliminary Mapping Report (see note below)
+------------+---------------------------------+-----------+----------------------+---------------+
|Module Name | RTL Object                      | Inference | Size (Depth x Width) | Primitives    | 
+------------+---------------------------------+-----------+----------------------+---------------+
|inst        | A_6_U/ram_reg                   | Implied   | 64 x 8               | RAM64X1S x 8  | 
|inst        | WEIGHTS_N1_VEC_HIDDEN_U/ram_reg | Implied   | 8 x 8                | RAM16X1D x 8  | 
|inst        | A_5_U/ram_reg                   | Implied   | 64 x 8               | RAM64X1S x 8  | 
|inst        | A_2_U/ram_reg                   | Implied   | 64 x 8               | RAM64X1S x 8  | 
|inst        | A_1_U/ram_reg                   | Implied   | 64 x 8               | RAM64X1S x 8  | 
|inst        | A_3_U/ram_reg                   | Implied   | 64 x 8               | RAM64X1S x 8  | 
|inst        | A_4_U/ram_reg                   | Implied   | 64 x 8               | RAM64X1S x 8  | 
|inst        | A_7_U/ram_reg                   | Implied   | 64 x 8               | RAM64X1S x 8  | 
|inst        | A_U/ram_reg                     | Implied   | 64 x 8               | RAM64X1S x 8  | 
|inst        | WEIGHTS_N2_VEC_HIDDEN_U/ram_reg | Implied   | 8 x 8                | RAM16X1D x 8  | 
|inst        | N_2_U/ram_reg                   | Implied   | 64 x 8               | RAM64X1S x 8  | 
|inst        | N_1_U/ram_reg                   | Implied   | 64 x 8               | RAM64X1S x 8  | 
|inst        | RES_U/ram_reg                   | Implied   | 64 x 8               | RAM64X1S x 8  | 
+------------+---------------------------------+-----------+----------------------+---------------+

Note: The table above is a preliminary report that shows the Distributed RAMs at the current stage of the synthesis flow. Some Distributed RAMs may be reimplemented as non Distributed RAM primitives later in the synthesis flow. Multiple instantiated RAMs are reported only once.

DSP: Preliminary Mapping Report (see note below. The ' indicates corresponding REG is set)
+------------+--------------------+--------+--------+--------+--------+--------+------+------+------+------+-------+------+------+
|Module Name | DSP Mapping        | A Size | B Size | C Size | D Size | P Size | AREG | BREG | CREG | DREG | ADREG | MREG | PREG | 
+------------+--------------------+--------+--------+--------+--------+--------+------+------+------+------+-------+------+------+
|mlp_nn_HLS  | (A''*B'')'         | 16     | 16     | -      | -      | 32     | 2    | 2    | -    | -    | -     | 1    | 0    | 
|mlp_nn_HLS  | (PCIN+A2*B'')'     | 9      | 9      | -      | -      | 16     | 1    | 2    | -    | -    | -     | 0    | 1    | 
|mlp_nn_HLS  | (A''*B'')'         | 16     | 16     | -      | -      | 32     | 2    | 2    | -    | -    | -     | 1    | 0    | 
|mlp_nn_HLS  | (PCIN+A2*B'')'     | 9      | 9      | -      | -      | 16     | 1    | 2    | -    | -    | -     | 0    | 1    | 
|mlp_nn_HLS  | (A''*B'')'         | 16     | 16     | -      | -      | 32     | 2    | 2    | -    | -    | -     | 1    | 0    | 
|mlp_nn_HLS  | (PCIN+A2*B'')'     | 9      | 9      | -      | -      | 16     | 1    | 2    | -    | -    | -     | 0    | 1    | 
|mlp_nn_HLS  | (A''*B'')'         | 16     | 16     | -      | -      | 32     | 2    | 2    | -    | -    | -     | 1    | 0    | 
|mlp_nn_HLS  | (PCIN+A2*B'')'     | 9      | 9      | -      | -      | 16     | 1    | 2    | -    | -    | -     | 0    | 1    | 
|mlp_nn_HLS  | (A''*B'')'         | 16     | 16     | -      | -      | 32     | 2    | 2    | -    | -    | -     | 1    | 0    | 
|mlp_nn_HLS  | (PCIN+A2*B'')'     | 9      | 9      | -      | -      | 16     | 1    | 2    | -    | -    | -     | 0    | 1    | 
|mlp_nn_HLS  | (A''*B'')'         | 16     | 16     | -      | -      | 32     | 2    | 2    | -    | -    | -     | 1    | 0    | 
|mlp_nn_HLS  | (PCIN+A2*B'')'     | 9      | 9      | -      | -      | 16     | 1    | 2    | -    | -    | -     | 0    | 1    | 
|mlp_nn_HLS  | (A''*B'')'         | 16     | 16     | -      | -      | 32     | 2    | 2    | -    | -    | -     | 1    | 0    | 
|mlp_nn_HLS  | (PCIN+A2*B'')'     | 9      | 9      | -      | -      | 16     | 1    | 2    | -    | -    | -     | 0    | 1    | 
|mlp_nn_HLS  | (A''*B'')'         | 16     | 16     | -      | -      | 32     | 2    | 2    | -    | -    | -     | 1    | 0    | 
|mlp_nn_HLS  | (PCIN+A2*B'')'     | 9      | 9      | -      | -      | 16     | 1    | 2    | -    | -    | -     | 0    | 1    | 
|mlp_nn_HLS  | (C'+(A''*B'')')'   | 16     | 16     | 16     | -      | 16     | 2    | 2    | 1    | -    | -     | 1    | 1    | 
|mlp_nn_HLS  | (PCIN+(A''*B'')')' | 16     | 16     | -      | -      | 16     | 2    | 2    | -    | -    | -     | 1    | 1    | 
+------------+--------------------+--------+--------+--------+--------+--------+------+------+------+------+-------+------+------+

Note: The table above is a preliminary report that shows the DSPs inferred at the current stage of the synthesis flow. Some DSP may be reimplemented as non DSP primitives later in the synthesis flow. Multiple instantiated DSPs are reported only once.
---------------------------------------------------------------------------------
Finished ROM, RAM, DSP, Shift Register and Retiming Reporting
---------------------------------------------------------------------------------
---------------------------------------------------------------------------------
Start Applying XDC Timing Constraints
---------------------------------------------------------------------------------
---------------------------------------------------------------------------------
Finished Applying XDC Timing Constraints : Time (s): cpu = 00:00:41 ; elapsed = 00:00:47 . Memory (MB): peak = 2552.141 ; gain = 1070.680
---------------------------------------------------------------------------------
---------------------------------------------------------------------------------
Start Timing Optimization
---------------------------------------------------------------------------------
---------------------------------------------------------------------------------
Finished Timing Optimization : Time (s): cpu = 00:00:44 ; elapsed = 00:00:51 . Memory (MB): peak = 2599.078 ; gain = 1117.617
---------------------------------------------------------------------------------
---------------------------------------------------------------------------------
Start ROM, RAM, DSP, Shift Register and Retiming Reporting
---------------------------------------------------------------------------------

Distributed RAM: Final Mapping Report
+------------+---------------------------------+-----------+----------------------+---------------+
|Module Name | RTL Object                      | Inference | Size (Depth x Width) | Primitives    | 
+------------+---------------------------------+-----------+----------------------+---------------+
|inst        | A_6_U/ram_reg                   | Implied   | 64 x 8               | RAM64X1S x 8  | 
|inst        | WEIGHTS_N1_VEC_HIDDEN_U/ram_reg | Implied   | 8 x 8                | RAM16X1D x 8  | 
|inst        | A_5_U/ram_reg                   | Implied   | 64 x 8               | RAM64X1S x 8  | 
|inst        | A_2_U/ram_reg                   | Implied   | 64 x 8               | RAM64X1S x 8  | 
|inst        | A_1_U/ram_reg                   | Implied   | 64 x 8               | RAM64X1S x 8  | 
|inst        | A_3_U/ram_reg                   | Implied   | 64 x 8               | RAM64X1S x 8  | 
|inst        | A_4_U/ram_reg                   | Implied   | 64 x 8               | RAM64X1S x 8  | 
|inst        | A_7_U/ram_reg                   | Implied   | 64 x 8               | RAM64X1S x 8  | 
|inst        | A_U/ram_reg                     | Implied   | 64 x 8               | RAM64X1S x 8  | 
|inst        | WEIGHTS_N2_VEC_HIDDEN_U/ram_reg | Implied   | 8 x 8                | RAM16X1D x 8  | 
|inst        | N_2_U/ram_reg                   | Implied   | 64 x 8               | RAM64X1S x 8  | 
|inst        | N_1_U/ram_reg                   | Implied   | 64 x 8               | RAM64X1S x 8  | 
|inst        | RES_U/ram_reg                   | Implied   | 64 x 8               | RAM64X1S x 8  | 
+------------+---------------------------------+-----------+----------------------+---------------+

---------------------------------------------------------------------------------
Finished ROM, RAM, DSP, Shift Register and Retiming Reporting
---------------------------------------------------------------------------------
---------------------------------------------------------------------------------
Start Technology Mapping
---------------------------------------------------------------------------------
INFO: [Synth 8-7052] The timing for the instance inst/ACTIVATION_FUNC_LUT_VEC_U/q0_reg (implemented as a Block RAM) might be sub-optimal as no optional output register could be merged into the ram block. Providing additional output register may help in improving timing.
---------------------------------------------------------------------------------
Finished Technology Mapping : Time (s): cpu = 00:00:45 ; elapsed = 00:00:51 . Memory (MB): peak = 2605.914 ; gain = 1124.453
---------------------------------------------------------------------------------
---------------------------------------------------------------------------------
Start IO Insertion
---------------------------------------------------------------------------------
---------------------------------------------------------------------------------
Start Flattening Before IO Insertion
---------------------------------------------------------------------------------
---------------------------------------------------------------------------------
Finished Flattening Before IO Insertion
---------------------------------------------------------------------------------
---------------------------------------------------------------------------------
Start Final Netlist Cleanup
---------------------------------------------------------------------------------
---------------------------------------------------------------------------------
Finished Final Netlist Cleanup
---------------------------------------------------------------------------------
---------------------------------------------------------------------------------
Finished IO Insertion : Time (s): cpu = 00:00:51 ; elapsed = 00:00:57 . Memory (MB): peak = 2605.914 ; gain = 1124.453
---------------------------------------------------------------------------------
---------------------------------------------------------------------------------
Start Renaming Generated Instances
---------------------------------------------------------------------------------
---------------------------------------------------------------------------------
Finished Renaming Generated Instances : Time (s): cpu = 00:00:51 ; elapsed = 00:00:57 . Memory (MB): peak = 2605.914 ; gain = 1124.453
---------------------------------------------------------------------------------
---------------------------------------------------------------------------------
Start Rebuilding User Hierarchy
---------------------------------------------------------------------------------
---------------------------------------------------------------------------------
Finished Rebuilding User Hierarchy : Time (s): cpu = 00:00:51 ; elapsed = 00:00:58 . Memory (MB): peak = 2605.914 ; gain = 1124.453
---------------------------------------------------------------------------------
---------------------------------------------------------------------------------
Start Renaming Generated Ports
---------------------------------------------------------------------------------
---------------------------------------------------------------------------------
Finished Renaming Generated Ports : Time (s): cpu = 00:00:51 ; elapsed = 00:00:58 . Memory (MB): peak = 2605.914 ; gain = 1124.453
---------------------------------------------------------------------------------
---------------------------------------------------------------------------------
Start Handling Custom Attributes
---------------------------------------------------------------------------------
---------------------------------------------------------------------------------
Finished Handling Custom Attributes : Time (s): cpu = 00:00:51 ; elapsed = 00:00:58 . Memory (MB): peak = 2605.914 ; gain = 1124.453
---------------------------------------------------------------------------------
---------------------------------------------------------------------------------
Start Renaming Generated Nets
---------------------------------------------------------------------------------
---------------------------------------------------------------------------------
Finished Renaming Generated Nets : Time (s): cpu = 00:00:51 ; elapsed = 00:00:58 . Memory (MB): peak = 2605.914 ; gain = 1124.453
---------------------------------------------------------------------------------
---------------------------------------------------------------------------------
Start ROM, RAM, DSP, Shift Register and Retiming Reporting
---------------------------------------------------------------------------------

Static Shift Register Report:
+------------+----------------------------------------------------------------------------------------+--------+-------+--------------+--------------------+-------------------+--------+---------+
|Module Name | RTL Name                                                                               | Length | Width | Reset Signal | Pull out first Reg | Pull out last Reg | SRL16E | SRLC32E | 
+------------+----------------------------------------------------------------------------------------+--------+-------+--------------+--------------------+-------------------+--------+---------+
|mlp_nn_HLS  | grp_mlp_nn_HLS_Pipeline_VITIS_LOOP_33_1_fu_315/zext_ln33_reg_520_pp0_iter4_reg_reg[5]  | 3      | 6     | NO           | NO                 | YES               | 6      | 0       | 
|mlp_nn_HLS  | grp_mlp_nn_HLS_Pipeline_VITIS_LOOP_33_1_fu_315/ap_loop_exit_ready_pp0_iter4_reg_reg    | 4      | 1     | NO           | NO                 | YES               | 1      | 0       | 
|mlp_nn_HLS  | grp_mlp_nn_HLS_Pipeline_VITIS_LOOP_33_11_fu_340/zext_ln33_reg_520_pp0_iter4_reg_reg[5] | 3      | 6     | NO           | NO                 | YES               | 6      | 0       | 
|mlp_nn_HLS  | grp_mlp_nn_HLS_Pipeline_VITIS_LOOP_33_11_fu_340/ap_loop_exit_ready_pp0_iter4_reg_reg   | 4      | 1     | NO           | NO                 | YES               | 1      | 0       | 
|mlp_nn_HLS  | grp_mlp_nn_HLS_Pipeline_VITIS_LOOP_55_1_fu_365/zext_ln55_reg_227_pp0_iter4_reg_reg[5]  | 4      | 6     | NO           | NO                 | YES               | 6      | 0       | 
|mlp_nn_HLS  | grp_mlp_nn_HLS_Pipeline_VITIS_LOOP_55_1_fu_365/ap_loop_exit_ready_pp0_iter4_reg_reg    | 4      | 1     | NO           | NO                 | YES               | 1      | 0       | 
+------------+----------------------------------------------------------------------------------------+--------+-------+--------------+--------------------+-------------------+--------+---------+

---------------------------------------------------------------------------------
Finished ROM, RAM, DSP, Shift Register and Retiming Reporting
---------------------------------------------------------------------------------
---------------------------------------------------------------------------------
Start Writing Synthesis Report
---------------------------------------------------------------------------------

DSP Final Report (the ' indicates corresponding REG is set)
+------------+--------------------+--------+--------+--------+--------+--------+------+------+------+------+-------+------+------+
|Module Name | DSP Mapping        | A Size | B Size | C Size | D Size | P Size | AREG | BREG | CREG | DREG | ADREG | MREG | PREG | 
+------------+--------------------+--------+--------+--------+--------+--------+------+------+------+------+-------+------+------+
|mlp_nn_HLS  | (A''*B'')'         | 8      | 8      | -      | -      | 0      | 2    | 2    | -    | -    | -     | 0    | 1    | 
|mlp_nn_HLS  | (PCIN+A'*B'')'     | 8      | 8      | -      | -      | 16     | 1    | 2    | -    | -    | -     | 0    | 1    | 
|mlp_nn_HLS  | (A''*B'')'         | 8      | 8      | -      | -      | 0      | 2    | 2    | -    | -    | -     | 0    | 1    | 
|mlp_nn_HLS  | (PCIN+A'*B'')'     | 8      | 8      | -      | -      | 16     | 1    | 2    | -    | -    | -     | 0    | 1    | 
|mlp_nn_HLS  | (A''*B'')'         | 8      | 8      | -      | -      | 0      | 2    | 2    | -    | -    | -     | 0    | 1    | 
|mlp_nn_HLS  | (PCIN+A'*B'')'     | 8      | 8      | -      | -      | 16     | 1    | 2    | -    | -    | -     | 0    | 1    | 
|mlp_nn_HLS  | (A''*B'')'         | 8      | 8      | -      | -      | 0      | 2    | 2    | -    | -    | -     | 0    | 1    | 
|mlp_nn_HLS  | (PCIN+A'*B'')'     | 8      | 8      | -      | -      | 16     | 1    | 2    | -    | -    | -     | 0    | 1    | 
|mlp_nn_HLS  | (A''*B'')'         | 8      | 8      | -      | -      | 0      | 2    | 2    | -    | -    | -     | 0    | 1    | 
|mlp_nn_HLS  | (PCIN+A'*B'')'     | 8      | 8      | -      | -      | 16     | 1    | 2    | -    | -    | -     | 0    | 1    | 
|mlp_nn_HLS  | (A''*B'')'         | 8      | 8      | -      | -      | 0      | 2    | 2    | -    | -    | -     | 0    | 1    | 
|mlp_nn_HLS  | (PCIN+A'*B'')'     | 8      | 8      | -      | -      | 16     | 1    | 2    | -    | -    | -     | 0    | 1    | 
|mlp_nn_HLS  | (A''*B'')'         | 8      | 8      | -      | -      | 0      | 2    | 2    | -    | -    | -     | 0    | 1    | 
|mlp_nn_HLS  | (PCIN+A'*B'')'     | 8      | 8      | -      | -      | 16     | 1    | 2    | -    | -    | -     | 0    | 1    | 
|mlp_nn_HLS  | (A''*B'')'         | 8      | 8      | -      | -      | 0      | 2    | 2    | -    | -    | -     | 0    | 1    | 
|mlp_nn_HLS  | (PCIN+A'*B'')'     | 8      | 8      | -      | -      | 16     | 1    | 2    | -    | -    | -     | 0    | 1    | 
|mlp_nn_HLS  | (C'+(A''*B'')')'   | 8      | 8      | 16     | -      | 0      | 2    | 2    | 2    | -    | -     | 1    | 1    | 
|mlp_nn_HLS  | (PCIN+(A''*B'')')' | 8      | 8      | -      | -      | 16     | 2    | 2    | -    | -    | -     | 1    | 1    | 
+------------+--------------------+--------+--------+--------+--------+--------+------+------+------+------+-------+------+------+


Report BlackBoxes: 
+-+--------------+----------+
| |BlackBox name |Instances |
+-+--------------+----------+
+-+--------------+----------+

Report Cell Usage: 
+------+----------------+------+
|      |Cell            |Count |
+------+----------------+------+
|1     |CARRY8          |     6|
|2     |DSP_ALU         |    18|
|4     |DSP_A_B_DATA    |    18|
|6     |DSP_C_DATA      |    18|
|8     |DSP_MULTIPLIER  |    18|
|9     |DSP_M_DATA      |    18|
|11    |DSP_OUTPUT      |    18|
|12    |DSP_PREADD      |    18|
|13    |DSP_PREADD_DATA |    18|
|14    |LUT1            |    17|
|15    |LUT2            |    23|
|16    |LUT3            |    96|
|17    |LUT4            |    53|
|18    |LUT5            |    82|
|19    |LUT6            |   101|
|20    |MUXF7           |     2|
|21    |RAM16X1D        |    16|
|22    |RAM64X1S        |    88|
|23    |RAMB18E2        |     1|
|24    |SRL16E          |    21|
|25    |FDRE            |   310|
+------+----------------+------+
---------------------------------------------------------------------------------
Finished Writing Synthesis Report : Time (s): cpu = 00:00:51 ; elapsed = 00:00:58 . Memory (MB): peak = 2605.914 ; gain = 1124.453
---------------------------------------------------------------------------------
Synthesis finished with 0 errors, 0 critical warnings and 78 warnings.
Synthesis Optimization Runtime : Time (s): cpu = 00:00:36 ; elapsed = 00:00:50 . Memory (MB): peak = 2605.914 ; gain = 1003.137
Synthesis Optimization Complete : Time (s): cpu = 00:00:51 ; elapsed = 00:00:58 . Memory (MB): peak = 2605.914 ; gain = 1124.453
INFO: [Project 1-571] Translating synthesized netlist
Netlist sorting complete. Time (s): cpu = 00:00:00 ; elapsed = 00:00:00.028 . Memory (MB): peak = 2615.734 ; gain = 0.000
INFO: [Netlist 29-17] Analyzing 130 Unisim elements for replacement
INFO: [Netlist 29-28] Unisim Transformation completed in 0 CPU seconds
INFO: [Project 1-570] Preparing netlist for logic optimization
INFO: [Opt 31-138] Pushed 0 inverter(s) to 0 load pin(s).
Netlist sorting complete. Time (s): cpu = 00:00:00 ; elapsed = 00:00:00.001 . Memory (MB): peak = 2641.703 ; gain = 0.000
INFO: [Project 1-111] Unisim Transformation Summary:
  A total of 122 instances were transformed.
  DSP48E2 => DSP48E2 (DSP_ALU, DSP_A_B_DATA, DSP_C_DATA, DSP_MULTIPLIER, DSP_M_DATA, DSP_OUTPUT, DSP_PREADD, DSP_PREADD_DATA): 18 instances
  RAM16X1D => RAM32X1D (RAMD32(x2)): 16 instances
  RAM64X1S => RAM64X1S (RAMS64E): 88 instances

The system cannot find the path specified.
Synth Design complete | Checksum: 87c1116f
INFO: [Common 17-83] Releasing license: Synthesis
85 Infos, 120 Warnings, 0 Critical Warnings and 0 Errors encountered.
synth_design completed successfully
synth_design: Time (s): cpu = 00:01:01 ; elapsed = 00:01:11 . Memory (MB): peak = 2641.703 ; gain = 2135.500
Write ShapeDB Complete: Time (s): cpu = 00:00:00 ; elapsed = 00:00:00.004 . Memory (MB): peak = 2641.703 ; gain = 0.000
INFO: [Common 17-1381] The checkpoint 'C:/Users/sunil/VivadoProjects/EE4218Labs/Project/MLP_NN_Project/MLP_NN_Project.runs/design_1_myip_mlp_nn_HLS_0_0_synth_1/design_1_myip_mlp_nn_HLS_0_0.dcp' has been generated.
INFO: [Coretcl 2-1648] Added synthesis output to IP cache for IP design_1_myip_mlp_nn_HLS_0_0, cache-ID = 9eb293e6eb78a25a
INFO: [Coretcl 2-1174] Renamed 48 cell refs.
Write ShapeDB Complete: Time (s): cpu = 00:00:00 ; elapsed = 00:00:00.004 . Memory (MB): peak = 2641.703 ; gain = 0.000
INFO: [Common 17-1381] The checkpoint 'C:/Users/sunil/VivadoProjects/EE4218Labs/Project/MLP_NN_Project/MLP_NN_Project.runs/design_1_myip_mlp_nn_HLS_0_0_synth_1/design_1_myip_mlp_nn_HLS_0_0.dcp' has been generated.
INFO: [runtcl-4] Executing : report_utilization -file design_1_myip_mlp_nn_HLS_0_0_utilization_synth.rpt -pb design_1_myip_mlp_nn_HLS_0_0_utilization_synth.pb
INFO: [Common 17-206] Exiting Vivado at Tue Apr  8 18:38:25 2025...
